handle,sku,titulo,cat,price,cost_net,fuente,gross_pct,net_pct,net_eur,carrier,fee,esc,alerta,notas,compare_ok
sillon-exterior-aluminio-estilo-envolvente-9890-cm,557-010881,Sillón exterior aluminio · estilo envolvente | 98×90 cm,m,1189.0,618.0,shopify,37.1,34.5,339.38,0.0,25.27,envio_gratis,OK,,OK
sofa-terraza-aluminio-2-plazas-estilo-contemporaneo-16690-cm,557-010882,Sofá terraza aluminio 2 plazas · estilo contemporáneo |,l,1779.0,927.0,shopify,36.9,34.4,505.59,0.0,37.66,envio_gratis,OK,,OK
sofa-terraza-aluminio-3-plazas-estilo-contemporaneo-22090-cm,557-010879,Sofá terraza aluminio 3 plazas · estilo contemporáneo |,l,2349.0,1223.0,shopify,37.0,34.4,668.69,0.0,49.63,envio_gratis,OK,,OK
set-jardin-contemporaneo-sofa-2-plazas-2-sillones-mesa,557-010884,Set jardín · contemporáneo | sofá 2 plazas + 2 sillones,l,349.9,240.0,shopify,17.0,34.4,99.48,0,7.65,cliente_paga,OK,,OK
set-jardin-aluminio-2-plazas-contemporaneo-sofa-2-plazas-2-sillones-mesa,557-010884,Set jardín aluminio 2 plazas · contemporáneo | sofá 2 p,l,4679.0,2435.0,shopify,37.0,33.2,1283.38,50.0,98.56,envio_gratis,OK,,OK
set-jardin-aluminio-3-plazas-contemporaneo-sofa-3-plazas-2-sillones-mesa,557-010885,Set jardín aluminio 3 plazas · contemporáneo | sofá 3 p,l,5249.0,2732.0,shopify,37.0,34.5,1495.49,0.0,110.53,envio_gratis,OK,,OK
sillon-exterior-estilo-elegante-7275-cm,557-010935,Sillón exterior · estilo elegante | 72×75 cm,m,795.0,413.0,shopify,37.1,26.9,177.03,50.0,17.0,envio_gratis,OK,,OK
sofa-terraza-2-plazas-estilo-envolvente-13575-cm,557-010936,Sofá terraza 2 plazas · estilo envolvente | 135×75 cm,l,1169.0,608.0,shopify,37.1,34.5,333.27,0.0,24.85,envio_gratis,OK,,OK
sofa-terraza-3-plazas-estilo-sofisticado-19475-cm,557-010937,Sofá terraza 3 plazas · estilo sofisticado | 194×75 cm,l,1485.0,772.0,shopify,37.1,34.5,423.79,0.0,31.49,envio_gratis,OK,,OK
mesa-de-centro-exterior-90-cm-altura-40-cm,557-1071,Mesa de centro exterior 90 cm · altura 40 cm,m,338.95,177.0,shopify,36.8,44.9,125.66,0.0,7.42,cliente_paga,OK,,OK
mesa-de-centro-exterior-120-cm-altura-40-cm,557-1563,Mesa de centro exterior 120 cm · altura 40 cm,m,322.95,215.0,shopify,19.4,28.0,74.77,0,7.08,cliente_paga,OK,,OK
set-jardin-2-plazas-elegante-sofa-2-plazas-2-sillones-mesa,557-010938,Set jardín 2 plazas · elegante | sofá 2 plazas + 2 sill,l,3095.0,1610.0,shopify,37.1,34.5,882.56,0.0,65.3,envio_gratis,OK,,OK
set-jardin-3-plazas-sofisticado-sofa-3-plazas-2-sillones-mesa,557-010939,Set jardín 3 plazas · sofisticado | sofá 3 plazas + 2 s,l,3540.0,1843.0,shopify,37.0,34.5,1007.98,0.0,74.64,envio_gratis,OK,,OK
sillon-exterior-estilo-versatil-7783-cm,600-010021,Sillón exterior · estilo versátil | 77×83 cm,m,959.0,498.0,shopify,37.2,28.3,224.12,50.0,20.44,envio_gratis,OK,,OK
sofa-terraza-2-plazas-estilo-estilizado-14383-cm,600-010022,Sofá terraza 2 plazas · estilo estilizado | 143×83 cm,l,1399.0,728.0,shopify,37.0,34.5,398.52,0.0,29.68,envio_gratis,OK,,OK
sofa-terraza-3-plazas-estilo-contemporaneo-18583-cm,600-010023,Sofá terraza 3 plazas · estilo contemporáneo | 185×83 c,l,1775.0,923.0,shopify,37.1,34.5,506.37,0.0,37.58,envio_gratis,OK,,OK
mesa-de-centro-exterior-hpl-70-cm-altura-45-cm,600-010024,Mesa de centro exterior HPL 70 cm · altura 45 cm,m,505.0,262.0,shopify,37.2,22.6,94.45,50.0,10.91,envio_gratis,OK,,OK
reposapies-exterior-734640-cm,600-010025,Reposapiés exterior · 73×46×40 cm,m,387.95,202.0,shopify,37.0,28.1,90.12,50.0,8.45,cliente_paga,OK,carrier(50)>rate(29.95),OK
set-jardin-2-plazas-moderno-sofa-2-plazas-2-sillones-mesa,600-010026,Set jardín 2 plazas · moderno | sofá 2 plazas + 2 sillo,l,3819.0,1988.0,shopify,37.0,34.5,1087.7,0.0,80.5,envio_gratis,OK,,OK
set-jardin-3-plazas-contemporaneo-sofa-3-plazas-2-sillones-mesa,600-010027,Set jardín 3 plazas · contemporáneo | sofá 3 plazas + 2,l,4195.0,2183.0,shopify,37.0,34.5,1195.55,0.0,88.39,envio_gratis,OK,,OK
sillon-exterior-estilo-elegante-6590-cm,557-010813,Sillón exterior · estilo elegante | 65×90 cm,m,1019.0,530.0,shopify,37.1,28.6,240.45,50.0,21.7,envio_gratis,OK,,OK
sofa-terraza-2-plazas-estilo-contemporaneo-13090-cm,557-010814,Sofá terraza 2 plazas · estilo contemporáneo | 130×90 c,l,1455.0,756.0,shopify,37.1,34.6,415.62,0.0,30.86,envio_gratis,OK,,OK
sofa-terraza-3-plazas-estilo-contemporaneo-18590-cm,557-010815,Sofá terraza 3 plazas · estilo contemporáneo | 185×90 c,l,1840.0,958.0,shopify,37.0,34.4,523.72,0.0,38.94,envio_gratis,OK,,OK
reposapies-exterior-605040-cm,557-010785,Reposapiés exterior · 60×50×40 cm,m,326.95,171.0,shopify,36.7,45.1,121.99,0.0,7.17,cliente_paga,OK,,OK
set-jardin-2-plazas-elegante-sofa-2-plazas-2-sillones-mesa-2,557-010816,Set jardín 2 plazas · elegante | sofá 2 plazas + 2 sill,l,3825.0,1991.0,shopify,37.0,34.5,1089.53,0.0,80.62,envio_gratis,OK,,OK
set-jardin-3-plazas-sofisticado-sofa-3-plazas-2-sillones-mesa-2,557-010817,Set jardín 3 plazas · sofisticado | sofá 3 plazas + 2 s,l,4345.0,2262.0,shopify,37.0,34.5,1237.36,0.0,91.55,envio_gratis,OK,,OK
sillon-exterior-estilo-envolvente-7582-cm,557-1089,Sillón exterior · estilo envolvente | 75×82 cm,m,795.0,413.0,shopify,37.1,26.9,177.03,50.0,17.0,envio_gratis,OK,,OK
sofa-terraza-3-plazas-estilo-contemporaneo-19882-cm,557-1090,Sofá terraza 3 plazas · estilo contemporáneo | 198×82 c,l,1489.0,775.0,shopify,37.0,34.5,424.01,0.0,31.57,envio_gratis,OK,,OK
sofa-terraza-2-plazas-estilo-contemporaneo-15082-cm,557-1091,Sofá terraza 2 plazas · estilo contemporáneo | 150×82 c,l,1055.0,549.0,shopify,37.0,28.7,250.45,50.0,22.46,envio_gratis,OK,,OK
mesa-de-centro-exterior-125-cm-altura-38-cm,557-1092,Mesa de centro exterior 125 cm · altura 38 cm,m,375.95,196.0,shopify,36.9,27.8,86.46,50.0,8.19,cliente_paga,OK,carrier(50)>rate(29.95),OK
set-jardin-2-plazas-elegante-sofa-2-plazas-2-sillones-mesa-3,557-1094,Set jardín 2 plazas · elegante | sofá 2 plazas + 2 sill,l,3015.0,1569.0,shopify,37.0,34.5,859.12,0.0,63.62,envio_gratis,OK,,OK
set-jardin-3-plazas-sofisticado-sofa-3-plazas-2-sillones-mesa-3,557-1095,Set jardín 3 plazas · sofisticado | sofá 3 plazas + 2 s,l,3449.0,1796.0,shopify,37.0,34.4,981.68,0.0,72.73,envio_gratis,OK,,OK
sillon-exterior-estilo-estilizado-7069-cm,600-010090,Sillón exterior · estilo estilizado | 70×69 cm,m,975.0,508.0,shopify,37.0,28.2,227.01,50.0,20.78,envio_gratis,OK,,OK
sofa-terraza-2-plazas-estilo-contemporaneo-16269-cm,600-010091,Sofá terraza 2 plazas · estilo contemporáneo | 162×69 c,l,1389.0,722.0,shopify,37.1,34.5,396.46,0.0,29.47,envio_gratis,OK,,OK
sofa-terraza-3-plazas-estilo-elegante-22069-cm,600-010092,Sofá terraza 3 plazas · estilo elegante | 220×69 cm,l,1919.0,999.0,shopify,37.0,34.4,546.35,0.0,40.6,envio_gratis,OK,,OK
reposapies-exterior-504540-cm,600-010093,Reposapiés exterior · 50×45×40 cm,m,187.95,98.0,shopify,36.9,53.5,83.03,0.0,4.25,cliente_paga,OK,,OK
sillon-exterior-estilo-elegante-6578-cm,557-011090,Sillón exterior · estilo elegante | 65×78 cm,m,515.0,268.0,shopify,37.0,22.7,96.5,50.0,11.12,envio_gratis,OK,,OK
sofa-terraza-2-plazas-estilo-contemporaneo-12078-cm,557-011091,Sofá terraza 2 plazas · estilo contemporáneo | 120×78 c,l,875.0,454.0,shopify,37.2,27.7,200.47,50.0,18.68,envio_gratis,OK,,OK
sofa-terraza-3-plazas-estilo-sofisticado-17578-cm,557-011092,Sofá terraza 3 plazas · estilo sofisticado | 175×78 cm,l,1145.0,596.0,shopify,37.0,34.4,325.94,0.0,24.35,envio_gratis,OK,,OK
mesa-de-centro-exterior-90-cm-altura-41-cm,557-011075,Mesa de centro exterior 90 cm · altura 41 cm,m,338.95,177.0,shopify,36.8,44.9,125.66,0.0,7.42,cliente_paga,OK,,OK
mesa-de-centro-exterior-120-cm-altura-41-cm,557-011076,Mesa de centro exterior 120 cm · altura 41 cm,m,449.9,246.0,shopify,33.8,25.8,96.02,50.0,9.75,cliente_paga,OK,carrier(50)>rate(29.95),OK
set-jardin-2-plazas-moderno-sofa-2-plazas-2-sillones-mesa-2,557-011094,Set jardín 2 plazas · moderno | sofá 2 plazas + 2 sillo,l,2239.0,1166.0,shopify,37.0,34.4,637.09,0.0,47.32,envio_gratis,OK,,OK
set-jardin-3-plazas-elegante-sofa-3-plazas-2-sillones-mesa,557-011095,Set jardín 3 plazas · elegante | sofá 3 plazas + 2 sill,l,2645.0,1377.0,shopify,37.0,34.5,753.11,0.0,55.84,envio_gratis,OK,,OK
sillon-exterior-estilo-versatil-76100-cm,557-010726,Sillón exterior · estilo versátil | 76×100 cm,m,599.0,312.0,shopify,37.0,24.3,120.16,50.0,12.88,envio_gratis,OK,,OK
sofa-terraza-2-plazas-estilo-contemporaneo-145100-cm,557-010727,Sofá terraza 2 plazas · estilo contemporáneo | 145×100 ,l,950.0,495.0,shopify,37.0,28.0,219.87,50.0,20.25,envio_gratis,OK,,OK
sofa-terraza-3-plazas-estilo-sofisticado-212100-cm,557-010728,Sofá terraza 3 plazas · estilo sofisticado | 212×100 cm,l,1205.0,627.0,shopify,37.0,34.5,343.26,0.0,25.61,envio_gratis,OK,,OK
set-jardin-2-plazas-elegante-sofa-2-plazas-2-sillones-mesa-4,557-010729,Set jardín 2 plazas · elegante | sofá 2 plazas + 2 sill,l,2815.0,1465.0,shopify,37.0,34.5,802.03,0.0,59.41,envio_gratis,OK,,OK
set-jardin-3-plazas-sofisticado-sofa-3-plazas-2-sillones-mesa-4,557-010730,Set jardín 3 plazas · sofisticado | sofá 3 plazas + 2 s,l,3140.0,1635.0,shopify,37.0,34.4,893.8,0.0,66.24,envio_gratis,OK,,OK
reposapies-exterior-855043-cm,557-0185,Reposapiés exterior · 85×50×43 cm,m,349.9,186.0,shopify,35.7,43.4,125.48,0.0,7.65,cliente_paga,OK,,OK
sillon-exterior-estilo-elegante-80104-cm,557-010478,Sillón exterior · estilo elegante | 80×104 cm,m,1019.0,530.0,shopify,37.1,28.6,240.45,50.0,21.7,envio_gratis,OK,,OK
sofa-terraza-2-plazas-estilo-contemporaneo-164104-cm,557-010479,Sofá terraza 2 plazas · estilo contemporáneo | 164×104 ,l,1580.0,823.0,shopify,37.0,34.4,449.31,0.0,33.48,envio_gratis,OK,,OK
sofa-terraza-3-plazas-estilo-contemporaneo-215104-cm,557-010480,Sofá terraza 3 plazas · estilo contemporáneo | 215×104 ,l,2109.0,1097.0,shopify,37.1,34.5,601.39,0.0,44.59,envio_gratis,OK,,OK
mesa-de-centro-exterior-125-cm-altura-42-cm,557-0008,Mesa de centro exterior 125 cm · altura 42 cm,m,569.0,297.0,shopify,36.8,23.6,111.0,50.0,12.25,envio_gratis,OK,,OK
reposapies-exterior-855043-cm-2,557-010482,Reposapiés exterior · 85×50×43 cm,m,399.9,215.0,shopify,34.9,26.2,86.75,50.0,8.7,cliente_paga,OK,carrier(50)>rate(29.95),OK
set-jardin-2-plazas-elegante-sofa-2-plazas-2-sillones-mesa-5,557-0793,Set jardín 2 plazas · elegante | sofá 2 plazas + 2 sill,l,4175.0,2174.0,shopify,37.0,34.4,1188.44,0.0,87.98,envio_gratis,OK,,OK
set-jardin-3-plazas-contemporaneo-sofa-3-plazas-2-sillones-mesa-2,557-010483,Set jardín 3 plazas · contemporáneo | sofá 3 plazas + 2,l,4709.0,2451.0,shopify,37.0,34.5,1341.55,0.0,99.19,envio_gratis,OK,,OK
sillon-exterior-bicolor-estilo-bicolor-7376-cm,558-0051,Sillón exterior bicolor · estilo bicolor | 73×76 cm,m,945.0,492.0,shopify,37.0,28.0,218.85,50.0,20.15,envio_gratis,OK,,OK
sofa-terraza-bicolor-2-plazas-estilo-bicolor-14076-cm,558-0070,Sofá terraza bicolor 2 plazas · estilo bicolor | 140×76,l,1365.0,709.0,shopify,37.2,34.6,390.13,0.0,28.97,envio_gratis,OK,,OK
sofa-terraza-bicolor-3-plazas-estilo-bicolor-20076-cm,558-0052,Sofá terraza bicolor 3 plazas · estilo bicolor | 200×76,l,1685.0,876.0,shopify,37.1,34.5,480.88,0.0,35.69,envio_gratis,OK,,OK
mesa-de-centro-exterior-hpl-120-cm-altura-40-cm,558-0033,Mesa de centro exterior HPL 120 cm · altura 40 cm,m,715.0,372.0,shopify,37.0,26.0,153.59,50.0,15.32,envio_gratis,OK,,OK
mesa-de-centro-exterior-hpl-135-cm-altura-40-cm,558-0039,Mesa de centro exterior HPL 135 cm · altura 40 cm,m,835.0,435.0,shopify,37.0,27.1,187.25,50.0,17.84,envio_gratis,OK,,OK
reposapies-exterior-bicolor-704544-cm,558-0049,Reposapiés exterior bicolor · 70×45×44 cm,m,509.0,265.0,shopify,37.0,22.5,94.67,50.0,10.99,envio_gratis,OK,,OK
set-jardin-bicolor-2-plazas-bicolor-sofa-2-plazas-2-sillones-mesa,558-0066,Set jardín bicolor 2 plazas · bicolor | sofá 2 plazas +,l,3965.0,2064.0,shopify,37.0,34.5,1129.29,0.0,83.56,envio_gratis,OK,,OK
set-jardin-bicolor-3-plazas-bicolor-sofa-3-plazas-2-sillones-mesa,558-0050,Set jardín bicolor 3 plazas · bicolor | sofá 3 plazas +,l,4405.0,2294.0,shopify,37.0,34.4,1253.69,0.0,92.81,envio_gratis,OK,,OK
sillon-exterior-estilo-versatil-7685-cm,557-010716,Sillón exterior · estilo versátil | 76×85 cm,m,645.0,334.0,shopify,37.3,25.4,135.21,50.0,13.85,envio_gratis,OK,,OK
sofa-terraza-2-plazas-estilo-contemporaneo-13785-cm,557-010717,Sofá terraza 2 plazas · estilo contemporáneo | 137×85 c,l,909.0,473.0,shopify,37.0,27.8,208.85,50.0,19.39,envio_gratis,OK,,OK
sofa-terraza-3-plazas-estilo-contemporaneo-19685-cm,557-010718,Sofá terraza 3 plazas · estilo contemporáneo | 196×85 c,l,1175.0,612.0,shopify,37.0,34.4,334.1,0.0,24.98,envio_gratis,OK,,OK
set-jardin-2-plazas-contemporaneo-sofa-2-plazas-2-sillones-mesa,557-010719,Set jardín 2 plazas · contemporáneo | sofá 2 plazas + 2,l,2535.0,1320.0,shopify,37.0,34.4,721.51,0.0,53.54,envio_gratis,OK,,OK
set-jardin-3-plazas-contemporaneo-sofa-3-plazas-2-sillones-mesa-3,557-010720,Set jardín 3 plazas · contemporáneo | sofá 3 plazas + 2,l,2899.0,1509.0,shopify,37.0,34.5,825.69,0.0,61.18,envio_gratis,OK,,OK
sillon-exterior-estilo-moderno-7085-cm,557-010103,Sillón exterior · estilo moderno | 70×85 cm,m,585.0,303.0,shopify,37.3,24.4,117.89,50.0,12.59,envio_gratis,OK,,OK
sofa-terraza-2-plazas-estilo-elegante-15085-cm,557-010104,Sofá terraza 2 plazas · estilo elegante | 150×85 cm,l,909.0,473.0,shopify,37.0,27.8,208.85,50.0,19.39,envio_gratis,OK,,OK
sofa-terraza-3-plazas-estilo-contemporaneo-19085-cm,557-010105,Sofá terraza 3 plazas · estilo contemporáneo | 190×85 c,l,1175.0,612.0,shopify,37.0,34.4,334.1,0.0,24.98,envio_gratis,OK,,OK
set-jardin-2-plazas-contemporaneo-sofa-2-plazas-2-sillones-mesa-2,557-010106,Set jardín 2 plazas · contemporáneo | sofá 2 plazas + 2,l,2405.0,1251.0,shopify,37.1,34.5,685.8,0.0,50.8,envio_gratis,OK,,OK
set-jardin-3-plazas-elegante-sofa-3-plazas-2-sillones-mesa-2,557-010107,Set jardín 3 plazas · elegante | sofá 3 plazas + 2 sill,l,2779.0,1446.0,shopify,37.0,34.5,792.04,0.0,58.66,envio_gratis,OK,,OK
mesa-de-centro-exterior-90-cm-altura-40-cm-2,557-1070,Mesa de centro exterior 90 cm · altura 40 cm 2,m,332.95,174.0,shopify,36.8,45.0,123.82,0.0,7.29,cliente_paga,OK,,OK
mesa-de-centro-exterior-120-cm-altura-40-cm-2,557-1563,Mesa de centro exterior 120 cm · altura 40 cm 2,m,441.95,230.0,shopify,37.0,28.9,105.62,50.0,9.58,cliente_paga,OK,carrier(50)>rate(29.95),OK
sillon-exterior-estilo-contemporaneo-68115-cm,557-0794,Sillón exterior · estilo contemporáneo | 68×115 cm,m,559.0,290.0,shopify,37.2,23.8,109.94,50.0,12.04,envio_gratis,OK,,OK
sofa-terraza-2-plazas-estilo-moderno-128115-cm,557-0795,Sofá terraza 2 plazas · estilo moderno | 128×115 cm,l,909.0,473.0,shopify,37.0,27.8,208.85,50.0,19.39,envio_gratis,OK,,OK
sofa-terraza-3-plazas-estilo-contemporaneo-188115-cm,557-0796,Sofá terraza 3 plazas · estilo contemporáneo | 188×115 ,l,1199.0,624.0,shopify,37.0,34.5,341.43,0.0,25.48,envio_gratis,OK,,OK
set-jardin-2-plazas-moderno-sofa-2-plazas-2-sillones-mesa-3,557-0798,Set jardín 2 plazas · moderno | sofá 2 plazas + 2 sillo,l,2355.0,1226.0,shopify,37.0,34.5,670.53,0.0,49.76,envio_gratis,OK,,OK
set-jardin-3-plazas-contemporaneo-sofa-3-plazas-2-sillones-mesa-4,557-0799,Set jardín 3 plazas · contemporáneo | sofá 3 plazas + 2,l,2755.0,1434.0,shopify,37.0,34.5,784.7,0.0,58.16,envio_gratis,OK,,OK
sillon-exterior-estilo-versatil-6470-cm,557-010146,Sillón exterior · estilo versátil | 64×70 cm,m,589.0,306.0,shopify,37.1,24.3,118.11,50.0,12.67,envio_gratis,OK,,OK
sofa-terraza-2-plazas-estilo-elegante-13170-cm,557-010148,Sofá terraza 2 plazas · estilo elegante | 131×70 cm,l,845.0,438.0,shopify,37.3,27.5,192.3,50.0,18.05,envio_gratis,OK,,OK
sofa-terraza-3-plazas-estilo-moderno-18570-cm,557-010147,Sofá terraza 3 plazas · estilo moderno | 185×70 cm,l,789.0,523.0,shopify,19.8,17.2,112.2,0,16.87,envio_gratis,AVISO,,OK
mesa-de-centro-exterior-hpl-90-cm-altura-40-cm,557-010153,Mesa de centro exterior HPL 90 cm · altura 40 cm,m,332.95,174.0,shopify,36.8,45.0,123.82,0.0,7.29,cliente_paga,OK,,OK
mesa-de-centro-exterior-hpl-120-cm-altura-40-cm-2,557-010154,Mesa de centro exterior HPL 120 cm · altura 40 cm 2,m,441.95,230.0,shopify,37.0,28.9,105.62,50.0,9.58,cliente_paga,OK,carrier(50)>rate(29.95),OK
set-jardin-2-plazas-moderno-sofa-2-plazas-2-sillones-mesa-4,557-010149,Set jardín 2 plazas · moderno | sofá 2 plazas + 2 sillo,l,2349.0,1223.0,shopify,37.0,34.4,668.69,0.0,49.63,envio_gratis,OK,,OK
set-jardin-3-plazas-contemporaneo-sofa-3-plazas-2-sillones-mesa-5,557-010147,Set jardín 3 plazas · contemporáneo | sofá 3 plazas + 2,l,2765.0,1440.0,shopify,37.0,34.4,786.76,0.0,58.37,envio_gratis,OK,,OK
pergola-aluminio-para-jardin-300300250-cm,557-0919,Pérgola aluminio para jardín · 300×300×250 cm,l,2045.0,1065.0,shopify,37.0,34.4,581.84,0.0,43.24,envio_gratis,OK,,OK
sillon-exterior-estilo-urbano-6670-cm,557-01951,Sillón exterior · estilo urbano | 66×70 cm,m,449.9,243.0,shopify,34.6,26.6,99.02,50.0,9.75,cliente_paga,OK,carrier(50)>rate(29.95),OK
sofa-terraza-2-plazas-estilo-contemporaneo-13370-cm,557-01952,Sofá terraza 2 plazas · estilo contemporáneo | 133×70 c,l,715.0,372.0,shopify,37.0,26.0,153.59,50.0,15.32,envio_gratis,OK,,OK
sofa-terraza-3-plazas-estilo-moderno-18770-cm,557-01953,Sofá terraza 3 plazas · estilo moderno | 187×70 cm,l,1029.0,536.0,shopify,37.0,28.5,242.5,50.0,21.91,envio_gratis,OK,,OK
set-jardin-2-plazas-contemporaneo-sofa-2-plazas-2-sillones-mesa-3,557-01954,Set jardín 2 plazas · contemporáneo | sofá 2 plazas + 2,l,1995.0,1037.0,shopify,37.1,34.5,569.57,0.0,42.2,envio_gratis,OK,,OK
set-jardin-3-plazas-urbano-sofa-3-plazas-2-sillones-mesa,557-01955,Set jardín 3 plazas · urbano | sofá 3 plazas + 2 sillon,l,2405.0,1251.0,shopify,37.1,34.5,685.8,0.0,50.8,envio_gratis,OK,,OK
set-rinconera-exterior-hpl-sofisticado-sofa-de-esquina-mesa-de-centro,557-010705,Set rinconera exterior HPL · sofisticado | sofá de esqu,l,2899.0,1509.0,shopify,37.0,34.5,825.69,0.0,61.18,envio_gratis,OK,,OK
set-rinconera-exterior-hpl-elegante-sofa-de-esquina-mesa-de-centro,557-010026,Set rinconera exterior HPL · elegante | sofá de esquina,l,3795.0,1976.0,shopify,37.0,34.4,1080.37,0.0,80.0,envio_gratis,OK,,OK
set-rinconera-exterior-hpl-moderno-sofa-de-esquina-mesa-de-centro,557-010123,Set rinconera exterior HPL · moderno | sofá de esquina ,l,4225.0,2199.0,shopify,37.0,34.5,1203.71,0.0,89.03,envio_gratis,OK,,OK
set-rinconera-exterior-contemporaneo-sofa-de-esquina-mesa-de-centro,557-1164,Set rinconera exterior · contemporáneo | sofá de esquin,l,2579.0,1342.0,shopify,37.0,34.5,734.95,0.0,54.46,envio_gratis,OK,,OK
set-rinconera-exterior-sofisticado-sofa-de-esquina-mesa-de-centro,557-010048,Set rinconera exterior · sofisticado | sofá de esquina ,l,3819.0,1988.0,shopify,37.0,34.5,1087.7,0.0,80.5,envio_gratis,OK,,OK
mesa-comedor-exterior-hpl-13590-cm,557-010177,Mesa comedor exterior HPL,l,660.0,344.0,shopify,36.9,25.2,137.29,50.0,14.16,envio_gratis,OK,,OK
mesa-comedor-exterior-hpl-13590-cm,123-0017,Mesa comedor exterior HPL,l,720.0,375.0,shopify,37.0,26.0,154.62,50.0,15.42,envio_gratis,OK,,OK
silla-exterior-estilo-estilizado,123-0002,Silla exterior · estilo estilizado,m,199.95,104.0,shopify,37.1,52.5,86.7,0.0,4.5,cliente_paga,OK,,OK
silla-exterior-estilo-contemporaneo,123-0001,Silla exterior · estilo contemporáneo,m,175.95,92.0,shopify,36.7,54.6,79.37,0.0,3.99,cliente_paga,OK,,OK
mesa-comedor-exterior-hpl-10090-cm,123-0013,Mesa comedor exterior HPL 100×90 cm,l,585.0,303.0,shopify,37.3,24.4,117.89,50.0,12.59,envio_gratis,OK,,OK
mesa-comedor-exterior-hpl-15090-cm,557-011019,Mesa comedor exterior HPL 150×90 cm,l,669.0,347.0,shopify,37.2,25.6,141.54,50.0,14.35,envio_gratis,OK,,OK
sillon-exterior-estilo-versatil-58100-cm,123-0011,Sillón exterior · estilo versátil | 58×100 cm,m,114.95,60.0,shopify,36.8,65.5,62.24,0.0,2.71,cliente_paga,OK,,OK
base-de-parasol-25-kg,921-0026,Base de parasol 25 kg,l,78.95,41.0,shopify,37.2,123.0,80.24,0.0,1.96,cliente_paga,OK,,OK
set-losas-cemento-para-base-de-parasol,921-0009,Set losas cemento para base de parasol,l,217.95,114.0,shopify,36.7,66.2,119.2,0.0,4.88,cliente_paga,OK,,OK
balancin-jardin-exterior-148194-cm,557-010143,Balancín jardín exterior · 148×194 cm,l,1805.0,939.0,shopify,37.1,34.5,514.53,0.0,38.2,envio_gratis,OK,,OK
banco-jardin-con-mesa-integrada-220-cm,557-010947,Banco jardín con mesa integrada · 220 cm,l,2899.0,1509.0,shopify,37.0,34.5,825.69,0.0,61.18,envio_gratis,OK,,OK
banco-de-exterior-150-cm,557-010016,Banco de exterior 150 cm,l,423.95,221.0,shopify,36.9,36.6,128.12,50.0,9.2,cliente_paga,OK,,OK
banco-de-exterior-108-cm,557-011350,Banco de exterior 108 cm,l,381.95,199.0,shopify,37.0,36.8,116.29,50.0,8.32,cliente_paga,OK,,OK
balliu-tumbona-de-exterior-resina-923110d9,SV-EVAPRO-T-BLANCO,Tumbona exterior resina · Ø73 cm tablillas · Eva Pro T,l,219.95,112.55,excel_handle_est,38.1,67.3,122.26,0.0,4.92,cliente_paga,OK,,OK
balliu-tumbona-de-exterior-resina-923110d9,SV-EVAPRO-T-ARENA,Tumbona exterior resina · Ø73 cm tablillas · Eva Pro T,l,242.95,112.55,excel_handle_est,43.9,70.1,140.78,0.0,5.4,cliente_paga,OK,,OK
balliu-tumbona-de-exterior-resina-923110d9,SV-EVAPRO-T-BRONCE,Tumbona exterior resina · Ø73 cm tablillas · Eva Pro T,l,242.95,112.55,excel_handle_est,43.9,70.1,140.78,0.0,5.4,cliente_paga,OK,,OK
balliu-tumbona-de-exterior-resina-923110d9,SV-EVAPRO-T-GRIS-OSC,Tumbona exterior resina · Ø73 cm tablillas · Eva Pro T,l,242.95,112.55,excel_handle_est,43.9,70.1,140.78,0.0,5.4,cliente_paga,OK,,OK
balliu-tumbona-de-exterior-resina-923110d9,SV-EVAPRO-T-TORTOLA,Tumbona exterior resina · Ø73 cm tablillas · Eva Pro T,l,242.95,112.55,excel_handle_est,43.9,70.1,140.78,0.0,5.4,cliente_paga,OK,,OK
balliu-tumbona-de-exterior-resina-b19af1ea,SV-EVAPRO-BLANCO-AZUL,Tumbona exterior resina · Ø73 cm tela · Eva Pro,l,228.95,,SIN_COSTE,,,,,,,SIN_COSTE,sin coste en ninguna fuente,OK
balliu-tumbona-de-exterior-resina-b19af1ea,SV-EVAPRO-BLANCO-AMARILLO,Tumbona exterior resina · Ø73 cm tela · Eva Pro,l,228.95,,SIN_COSTE,,,,,,,SIN_COSTE,sin coste en ninguna fuente,OK
balliu-tumbona-de-exterior-resina-b19af1ea,SV-EVAPRO-BLANCO-NARANJA,Tumbona exterior resina · Ø73 cm tela · Eva Pro,l,228.95,,SIN_COSTE,,,,,,,SIN_COSTE,sin coste en ninguna fuente,OK
balliu-tumbona-de-exterior-resina-b19af1ea,SV-EVAPRO-BLANCO-VERDE-CLARO,Tumbona exterior resina · Ø73 cm tela · Eva Pro,l,228.95,,SIN_COSTE,,,,,,,SIN_COSTE,sin coste en ninguna fuente,OK
balliu-tumbona-de-exterior-resina-b19af1ea,SV-EVAPRO-BLANCO-BLANCO,Tumbona exterior resina · Ø73 cm tela · Eva Pro,l,228.95,,SIN_COSTE,,,,,,,SIN_COSTE,sin coste en ninguna fuente,OK
balliu-tumbona-de-exterior-resina-b19af1ea,SV-EVAPRO-BLANCO-NATURAL,Tumbona exterior resina · Ø73 cm tela · Eva Pro,l,228.95,,SIN_COSTE,,,,,,,SIN_COSTE,sin coste en ninguna fuente,OK
balliu-tumbona-de-exterior-resina-b19af1ea,SV-EVAPRO-BLANCO-CAPUCHINO,Tumbona exterior resina · Ø73 cm tela · Eva Pro,l,228.95,,SIN_COSTE,,,,,,,SIN_COSTE,sin coste en ninguna fuente,OK
balliu-tumbona-de-exterior-resina-b19af1ea,SV-EVAPRO-BLANCO-CAQUI,Tumbona exterior resina · Ø73 cm tela · Eva Pro,l,228.95,,SIN_COSTE,,,,,,,SIN_COSTE,sin coste en ninguna fuente,OK
balliu-tumbona-de-exterior-resina-b19af1ea,SV-EVAPRO-BLANCO-MARRON-OSC,Tumbona exterior resina · Ø73 cm tela · Eva Pro,l,228.95,,SIN_COSTE,,,,,,,SIN_COSTE,sin coste en ninguna fuente,OK
balliu-tumbona-de-exterior-resina-b19af1ea,SV-EVAPRO-BLANCO-ARENA,Tumbona exterior resina · Ø73 cm tela · Eva Pro,l,228.95,,SIN_COSTE,,,,,,,SIN_COSTE,sin coste en ninguna fuente,OK
balliu-tumbona-de-exterior-resina-b19af1ea,SV-EVAPRO-BLANCO-VERDE-OSC,Tumbona exterior resina · Ø73 cm tela · Eva Pro,l,228.95,,SIN_COSTE,,,,,,,SIN_COSTE,sin coste en ninguna fuente,OK
balliu-tumbona-de-exterior-resina-b19af1ea,SV-EVAPRO-BLANCO-AZUL-CEL,Tumbona exterior resina · Ø73 cm tela · Eva Pro,l,228.95,,SIN_COSTE,,,,,,,SIN_COSTE,sin coste en ninguna fuente,OK
balliu-tumbona-de-exterior-resina-b19af1ea,SV-EVAPRO-BLANCO-CENIZA,Tumbona exterior resina · Ø73 cm tela · Eva Pro,l,228.95,,SIN_COSTE,,,,,,,SIN_COSTE,sin coste en ninguna fuente,OK
balliu-tumbona-de-exterior-resina-b19af1ea,SV-EVAPRO-BLANCO-AZUL-MAR,Tumbona exterior resina · Ø73 cm tela · Eva Pro,l,228.95,,SIN_COSTE,,,,,,,SIN_COSTE,sin coste en ninguna fuente,OK
balliu-tumbona-de-exterior-resina-b19af1ea,SV-EVAPRO-BLANCO-GRIS-OSC,Tumbona exterior resina · Ø73 cm tela · Eva Pro,l,228.95,,SIN_COSTE,,,,,,,SIN_COSTE,sin coste en ninguna fuente,OK
balliu-tumbona-de-exterior-resina-b19af1ea,SV-EVAPRO-BLANCO-AZUL-ACERO,Tumbona exterior resina · Ø73 cm tela · Eva Pro,l,228.95,,SIN_COSTE,,,,,,,SIN_COSTE,sin coste en ninguna fuente,OK
balliu-tumbona-de-exterior-resina-b19af1ea,SV-EVAPRO-ARENA-AZUL,Tumbona exterior resina · Ø73 cm tela · Eva Pro,l,242.95,,SIN_COSTE,,,,,,,SIN_COSTE,sin coste en ninguna fuente,OK
balliu-tumbona-de-exterior-resina-b19af1ea,SV-EVAPRO-ARENA-AMARILLO,Tumbona exterior resina · Ø73 cm tela · Eva Pro,l,242.95,,SIN_COSTE,,,,,,,SIN_COSTE,sin coste en ninguna fuente,OK
balliu-tumbona-de-exterior-resina-b19af1ea,SV-EVAPRO-ARENA-NARANJA,Tumbona exterior resina · Ø73 cm tela · Eva Pro,l,242.95,,SIN_COSTE,,,,,,,SIN_COSTE,sin coste en ninguna fuente,OK
balliu-tumbona-de-exterior-resina-b19af1ea,SV-EVAPRO-ARENA-VERDE-CLARO,Tumbona exterior resina · Ø73 cm tela · Eva Pro,l,242.95,,SIN_COSTE,,,,,,,SIN_COSTE,sin coste en ninguna fuente,OK
balliu-tumbona-de-exterior-resina-b19af1ea,SV-EVAPRO-ARENA-BLANCO,Tumbona exterior resina · Ø73 cm tela · Eva Pro,l,242.95,,SIN_COSTE,,,,,,,SIN_COSTE,sin coste en ninguna fuente,OK
balliu-tumbona-de-exterior-resina-b19af1ea,SV-EVAPRO-ARENA-NATURAL,Tumbona exterior resina · Ø73 cm tela · Eva Pro,l,242.95,,SIN_COSTE,,,,,,,SIN_COSTE,sin coste en ninguna fuente,OK
balliu-tumbona-de-exterior-resina-b19af1ea,SV-EVAPRO-ARENA-CAPUCHINO,Tumbona exterior resina · Ø73 cm tela · Eva Pro,l,242.95,,SIN_COSTE,,,,,,,SIN_COSTE,sin coste en ninguna fuente,OK
balliu-tumbona-de-exterior-resina-b19af1ea,SV-EVAPRO-ARENA-CAQUI,Tumbona exterior resina · Ø73 cm tela · Eva Pro,l,242.95,,SIN_COSTE,,,,,,,SIN_COSTE,sin coste en ninguna fuente,OK
balliu-tumbona-de-exterior-resina-b19af1ea,SV-EVAPRO-ARENA-MARRON-OSC,Tumbona exterior resina · Ø73 cm tela · Eva Pro,l,242.95,,SIN_COSTE,,,,,,,SIN_COSTE,sin coste en ninguna fuente,OK
balliu-tumbona-de-exterior-resina-b19af1ea,SV-EVAPRO-ARENA-ARENA,Tumbona exterior resina · Ø73 cm tela · Eva Pro,l,242.95,,SIN_COSTE,,,,,,,SIN_COSTE,sin coste en ninguna fuente,OK
balliu-tumbona-de-exterior-resina-b19af1ea,SV-EVAPRO-ARENA-VERDE-OSC,Tumbona exterior resina · Ø73 cm tela · Eva Pro,l,242.95,,SIN_COSTE,,,,,,,SIN_COSTE,sin coste en ninguna fuente,OK
balliu-tumbona-de-exterior-resina-b19af1ea,SV-EVAPRO-ARENA-AZUL-CEL,Tumbona exterior resina · Ø73 cm tela · Eva Pro,l,242.95,,SIN_COSTE,,,,,,,SIN_COSTE,sin coste en ninguna fuente,OK
balliu-tumbona-de-exterior-resina-b19af1ea,SV-EVAPRO-ARENA-CENIZA,Tumbona exterior resina · Ø73 cm tela · Eva Pro,l,242.95,,SIN_COSTE,,,,,,,SIN_COSTE,sin coste en ninguna fuente,OK
balliu-tumbona-de-exterior-resina-b19af1ea,SV-EVAPRO-ARENA-AZUL-MAR,Tumbona exterior resina · Ø73 cm tela · Eva Pro,l,242.95,,SIN_COSTE,,,,,,,SIN_COSTE,sin coste en ninguna fuente,OK
balliu-tumbona-de-exterior-resina-b19af1ea,SV-EVAPRO-ARENA-GRIS-OSC,Tumbona exterior resina · Ø73 cm tela · Eva Pro,l,242.95,,SIN_COSTE,,,,,,,SIN_COSTE,sin coste en ninguna fuente,OK
balliu-tumbona-de-exterior-resina-b19af1ea,SV-EVAPRO-ARENA-AZUL-ACERO,Tumbona exterior resina · Ø73 cm tela · Eva Pro,l,242.95,,SIN_COSTE,,,,,,,SIN_COSTE,sin coste en ninguna fuente,OK
balliu-tumbona-de-exterior-resina-b19af1ea,SV-EVAPRO-BRONCE-AZUL,Tumbona exterior resina · Ø73 cm tela · Eva Pro,l,242.95,,SIN_COSTE,,,,,,,SIN_COSTE,sin coste en ninguna fuente,OK
balliu-tumbona-de-exterior-resina-b19af1ea,SV-EVAPRO-BRONCE-AMARILLO,Tumbona exterior resina · Ø73 cm tela · Eva Pro,l,242.95,,SIN_COSTE,,,,,,,SIN_COSTE,sin coste en ninguna fuente,OK
balliu-tumbona-de-exterior-resina-b19af1ea,SV-EVAPRO-BRONCE-NARANJA,Tumbona exterior resina · Ø73 cm tela · Eva Pro,l,242.95,,SIN_COSTE,,,,,,,SIN_COSTE,sin coste en ninguna fuente,OK
balliu-tumbona-de-exterior-resina-b19af1ea,SV-EVAPRO-BRONCE-VERDE-CLARO,Tumbona exterior resina · Ø73 cm tela · Eva Pro,l,242.95,,SIN_COSTE,,,,,,,SIN_COSTE,sin coste en ninguna fuente,OK
balliu-tumbona-de-exterior-resina-b19af1ea,SV-EVAPRO-BRONCE-BLANCO,Tumbona exterior resina · Ø73 cm tela · Eva Pro,l,242.95,,SIN_COSTE,,,,,,,SIN_COSTE,sin coste en ninguna fuente,OK
balliu-tumbona-de-exterior-resina-b19af1ea,SV-EVAPRO-BRONCE-NATURAL,Tumbona exterior resina · Ø73 cm tela · Eva Pro,l,242.95,,SIN_COSTE,,,,,,,SIN_COSTE,sin coste en ninguna fuente,OK
balliu-tumbona-de-exterior-resina-b19af1ea,SV-EVAPRO-BRONCE-CAPUCHINO,Tumbona exterior resina · Ø73 cm tela · Eva Pro,l,242.95,,SIN_COSTE,,,,,,,SIN_COSTE,sin coste en ninguna fuente,OK
balliu-tumbona-de-exterior-resina-b19af1ea,SV-EVAPRO-BRONCE-CAQUI,Tumbona exterior resina · Ø73 cm tela · Eva Pro,l,242.95,,SIN_COSTE,,,,,,,SIN_COSTE,sin coste en ninguna fuente,OK
balliu-tumbona-de-exterior-resina-b19af1ea,SV-EVAPRO-BRONCE-MARRON-OSC,Tumbona exterior resina · Ø73 cm tela · Eva Pro,l,242.95,,SIN_COSTE,,,,,,,SIN_COSTE,sin coste en ninguna fuente,OK
balliu-tumbona-de-exterior-resina-b19af1ea,SV-EVAPRO-BRONCE-ARENA,Tumbona exterior resina · Ø73 cm tela · Eva Pro,l,242.95,,SIN_COSTE,,,,,,,SIN_COSTE,sin coste en ninguna fuente,OK
balliu-tumbona-de-exterior-resina-b19af1ea,SV-EVAPRO-BRONCE-VERDE-OSC,Tumbona exterior resina · Ø73 cm tela · Eva Pro,l,242.95,,SIN_COSTE,,,,,,,SIN_COSTE,sin coste en ninguna fuente,OK
balliu-tumbona-de-exterior-resina-b19af1ea,SV-EVAPRO-BRONCE-AZUL-CEL,Tumbona exterior resina · Ø73 cm tela · Eva Pro,l,242.95,,SIN_COSTE,,,,,,,SIN_COSTE,sin coste en ninguna fuente,OK
balliu-tumbona-de-exterior-resina-b19af1ea,SV-EVAPRO-BRONCE-CENIZA,Tumbona exterior resina · Ø73 cm tela · Eva Pro,l,242.95,,SIN_COSTE,,,,,,,SIN_COSTE,sin coste en ninguna fuente,OK
balliu-tumbona-de-exterior-resina-b19af1ea,SV-EVAPRO-BRONCE-AZUL-MAR,Tumbona exterior resina · Ø73 cm tela · Eva Pro,l,242.95,,SIN_COSTE,,,,,,,SIN_COSTE,sin coste en ninguna fuente,OK
balliu-tumbona-de-exterior-resina-b19af1ea,SV-EVAPRO-BRONCE-GRIS-OSC,Tumbona exterior resina · Ø73 cm tela · Eva Pro,l,242.95,,SIN_COSTE,,,,,,,SIN_COSTE,sin coste en ninguna fuente,OK
balliu-tumbona-de-exterior-resina-b19af1ea,SV-EVAPRO-BRONCE-AZUL-ACERO,Tumbona exterior resina · Ø73 cm tela · Eva Pro,l,242.95,,SIN_COSTE,,,,,,,SIN_COSTE,sin coste en ninguna fuente,OK
balliu-tumbona-de-exterior-resina-b19af1ea,SV-EVAPRO-GRIS-OSC-AZUL,Tumbona exterior resina · Ø73 cm tela · Eva Pro,l,242.95,,SIN_COSTE,,,,,,,SIN_COSTE,sin coste en ninguna fuente,OK
balliu-tumbona-de-exterior-resina-b19af1ea,SV-EVAPRO-GRIS-OSC-AMARILLO,Tumbona exterior resina · Ø73 cm tela · Eva Pro,l,242.95,,SIN_COSTE,,,,,,,SIN_COSTE,sin coste en ninguna fuente,OK
balliu-tumbona-de-exterior-resina-b19af1ea,SV-EVAPRO-GRIS-OSC-NARANJA,Tumbona exterior resina · Ø73 cm tela · Eva Pro,l,242.95,,SIN_COSTE,,,,,,,SIN_COSTE,sin coste en ninguna fuente,OK
balliu-tumbona-de-exterior-resina-b19af1ea,SV-EVAPRO-GRIS-OSC-VERDE-CLARO,Tumbona exterior resina · Ø73 cm tela · Eva Pro,l,242.95,,SIN_COSTE,,,,,,,SIN_COSTE,sin coste en ninguna fuente,OK
balliu-tumbona-de-exterior-resina-b19af1ea,SV-EVAPRO-GRIS-OSC-BLANCO,Tumbona exterior resina · Ø73 cm tela · Eva Pro,l,242.95,,SIN_COSTE,,,,,,,SIN_COSTE,sin coste en ninguna fuente,OK
balliu-tumbona-de-exterior-resina-b19af1ea,SV-EVAPRO-GRIS-OSC-NATURAL,Tumbona exterior resina · Ø73 cm tela · Eva Pro,l,242.95,,SIN_COSTE,,,,,,,SIN_COSTE,sin coste en ninguna fuente,OK
balliu-tumbona-de-exterior-resina-b19af1ea,SV-EVAPRO-GRIS-OSC-CAPUCHINO,Tumbona exterior resina · Ø73 cm tela · Eva Pro,l,242.95,,SIN_COSTE,,,,,,,SIN_COSTE,sin coste en ninguna fuente,OK
balliu-tumbona-de-exterior-resina-b19af1ea,SV-EVAPRO-GRIS-OSC-CAQUI,Tumbona exterior resina · Ø73 cm tela · Eva Pro,l,242.95,,SIN_COSTE,,,,,,,SIN_COSTE,sin coste en ninguna fuente,OK
balliu-tumbona-de-exterior-resina-b19af1ea,SV-EVAPRO-GRIS-OSC-MARRON-OSC,Tumbona exterior resina · Ø73 cm tela · Eva Pro,l,242.95,,SIN_COSTE,,,,,,,SIN_COSTE,sin coste en ninguna fuente,OK
balliu-tumbona-de-exterior-resina-b19af1ea,SV-EVAPRO-GRIS-OSC-ARENA,Tumbona exterior resina · Ø73 cm tela · Eva Pro,l,242.95,,SIN_COSTE,,,,,,,SIN_COSTE,sin coste en ninguna fuente,OK
balliu-tumbona-de-exterior-resina-b19af1ea,SV-EVAPRO-GRIS-OSC-VERDE-OSC,Tumbona exterior resina · Ø73 cm tela · Eva Pro,l,242.95,,SIN_COSTE,,,,,,,SIN_COSTE,sin coste en ninguna fuente,OK
balliu-tumbona-de-exterior-resina-b19af1ea,SV-EVAPRO-GRIS-OSC-AZUL-CEL,Tumbona exterior resina · Ø73 cm tela · Eva Pro,l,242.95,,SIN_COSTE,,,,,,,SIN_COSTE,sin coste en ninguna fuente,OK
balliu-tumbona-de-exterior-resina-b19af1ea,SV-EVAPRO-GRIS-OSC-CENIZA,Tumbona exterior resina · Ø73 cm tela · Eva Pro,l,242.95,,SIN_COSTE,,,,,,,SIN_COSTE,sin coste en ninguna fuente,OK
balliu-tumbona-de-exterior-resina-b19af1ea,SV-EVAPRO-GRIS-OSC-AZUL-MAR,Tumbona exterior resina · Ø73 cm tela · Eva Pro,l,242.95,,SIN_COSTE,,,,,,,SIN_COSTE,sin coste en ninguna fuente,OK
balliu-tumbona-de-exterior-resina-b19af1ea,SV-EVAPRO-GRIS-OSC-GRIS-OSC,Tumbona exterior resina · Ø73 cm tela · Eva Pro,l,242.95,,SIN_COSTE,,,,,,,SIN_COSTE,sin coste en ninguna fuente,OK
balliu-tumbona-de-exterior-resina-b19af1ea,SV-EVAPRO-GRIS-OSC-AZUL-ACERO,Tumbona exterior resina · Ø73 cm tela · Eva Pro,l,242.95,,SIN_COSTE,,,,,,,SIN_COSTE,sin coste en ninguna fuente,OK
balliu-tumbona-de-exterior-resina-b19af1ea,SV-EVAPRO-TORTOLA-AZUL,Tumbona exterior resina · Ø73 cm tela · Eva Pro,l,242.95,,SIN_COSTE,,,,,,,SIN_COSTE,sin coste en ninguna fuente,OK
balliu-tumbona-de-exterior-resina-b19af1ea,SV-EVAPRO-TORTOLA-AMARILLO,Tumbona exterior resina · Ø73 cm tela · Eva Pro,l,242.95,,SIN_COSTE,,,,,,,SIN_COSTE,sin coste en ninguna fuente,OK
balliu-tumbona-de-exterior-resina-b19af1ea,SV-EVAPRO-TORTOLA-NARANJA,Tumbona exterior resina · Ø73 cm tela · Eva Pro,l,242.95,,SIN_COSTE,,,,,,,SIN_COSTE,sin coste en ninguna fuente,OK
balliu-tumbona-de-exterior-resina-b19af1ea,SV-EVAPRO-TORTOLA-VERDE-CLARO,Tumbona exterior resina · Ø73 cm tela · Eva Pro,l,242.95,,SIN_COSTE,,,,,,,SIN_COSTE,sin coste en ninguna fuente,OK
balliu-tumbona-de-exterior-resina-b19af1ea,SV-EVAPRO-TORTOLA-BLANCO,Tumbona exterior resina · Ø73 cm tela · Eva Pro,l,242.95,,SIN_COSTE,,,,,,,SIN_COSTE,sin coste en ninguna fuente,OK
balliu-tumbona-de-exterior-resina-b19af1ea,SV-EVAPRO-TORTOLA-NATURAL,Tumbona exterior resina · Ø73 cm tela · Eva Pro,l,242.95,,SIN_COSTE,,,,,,,SIN_COSTE,sin coste en ninguna fuente,OK
balliu-tumbona-de-exterior-resina-b19af1ea,SV-EVAPRO-TORTOLA-CAPUCHINO,Tumbona exterior resina · Ø73 cm tela · Eva Pro,l,242.95,,SIN_COSTE,,,,,,,SIN_COSTE,sin coste en ninguna fuente,OK
balliu-tumbona-de-exterior-resina-b19af1ea,SV-EVAPRO-TORTOLA-CAQUI,Tumbona exterior resina · Ø73 cm tela · Eva Pro,l,242.95,,SIN_COSTE,,,,,,,SIN_COSTE,sin coste en ninguna fuente,OK
balliu-tumbona-de-exterior-resina-b19af1ea,SV-EVAPRO-TORTOLA-MARRON-OSC,Tumbona exterior resina · Ø73 cm tela · Eva Pro,l,242.95,,SIN_COSTE,,,,,,,SIN_COSTE,sin coste en ninguna fuente,OK
balliu-tumbona-de-exterior-resina-b19af1ea,SV-EVAPRO-TORTOLA-ARENA,Tumbona exterior resina · Ø73 cm tela · Eva Pro,l,242.95,,SIN_COSTE,,,,,,,SIN_COSTE,sin coste en ninguna fuente,OK
balliu-tumbona-de-exterior-resina-b19af1ea,SV-EVAPRO-TORTOLA-VERDE-OSC,Tumbona exterior resina · Ø73 cm tela · Eva Pro,l,242.95,,SIN_COSTE,,,,,,,SIN_COSTE,sin coste en ninguna fuente,OK
balliu-tumbona-de-exterior-resina-b19af1ea,SV-EVAPRO-TORTOLA-AZUL-CEL,Tumbona exterior resina · Ø73 cm tela · Eva Pro,l,242.95,,SIN_COSTE,,,,,,,SIN_COSTE,sin coste en ninguna fuente,OK
balliu-tumbona-de-exterior-resina-b19af1ea,SV-EVAPRO-TORTOLA-CENIZA,Tumbona exterior resina · Ø73 cm tela · Eva Pro,l,242.95,,SIN_COSTE,,,,,,,SIN_COSTE,sin coste en ninguna fuente,OK
balliu-tumbona-de-exterior-resina-b19af1ea,SV-EVAPRO-TORTOLA-AZUL-MAR,Tumbona exterior resina · Ø73 cm tela · Eva Pro,l,242.95,,SIN_COSTE,,,,,,,SIN_COSTE,sin coste en ninguna fuente,OK
balliu-tumbona-de-exterior-resina-b19af1ea,SV-EVAPRO-TORTOLA-GRIS-OSC,Tumbona exterior resina · Ø73 cm tela · Eva Pro,l,242.95,,SIN_COSTE,,,,,,,SIN_COSTE,sin coste en ninguna fuente,OK
balliu-tumbona-de-exterior-resina-b19af1ea,SV-EVAPRO-TORTOLA-AZUL-ACERO,Tumbona exterior resina · Ø73 cm tela · Eva Pro,l,242.95,,SIN_COSTE,,,,,,,SIN_COSTE,sin coste en ninguna fuente,OK
balliu-tumbona-de-exterior-resina-75-cm-009e68e4,SV-CARMEN-BLANCO-AZUL,Tumbona exterior resina · 75 cm tela · Carmen,l,183.95,102.5,excel_handle_est,32.6,68.0,103.31,0.0,4.16,cliente_paga,OK,coste_estimado,OK
balliu-tumbona-de-exterior-resina-75-cm-009e68e4,SV-CARMEN-BLANCO-AMARILLO,Tumbona exterior resina · 75 cm tela · Carmen,l,183.95,102.5,excel_handle_est,32.6,68.0,103.31,0.0,4.16,cliente_paga,OK,coste_estimado,OK
balliu-tumbona-de-exterior-resina-75-cm-009e68e4,SV-CARMEN-BLANCO-NARANJA,Tumbona exterior resina · 75 cm tela · Carmen,l,183.95,102.5,excel_handle_est,32.6,68.0,103.31,0.0,4.16,cliente_paga,OK,coste_estimado,OK
balliu-tumbona-de-exterior-resina-75-cm-009e68e4,SV-CARMEN-BLANCO-VERDE-CLARO,Tumbona exterior resina · 75 cm tela · Carmen,l,183.95,102.5,excel_handle_est,32.6,68.0,103.31,0.0,4.16,cliente_paga,OK,coste_estimado,OK
balliu-tumbona-de-exterior-resina-75-cm-009e68e4,SV-CARMEN-BLANCO-BLANCO,Tumbona exterior resina · 75 cm tela · Carmen,l,183.95,102.5,excel_handle_est,32.6,68.0,103.31,0.0,4.16,cliente_paga,OK,coste_estimado,OK
balliu-tumbona-de-exterior-resina-75-cm-009e68e4,SV-CARMEN-BLANCO-NATURAL,Tumbona exterior resina · 75 cm tela · Carmen,l,183.95,102.5,excel_handle_est,32.6,68.0,103.31,0.0,4.16,cliente_paga,OK,coste_estimado,OK
balliu-tumbona-de-exterior-resina-75-cm-009e68e4,SV-CARMEN-BLANCO-CAPUCHINO,Tumbona exterior resina · 75 cm tela · Carmen,l,183.95,102.5,excel_handle_est,32.6,68.0,103.31,0.0,4.16,cliente_paga,OK,coste_estimado,OK
balliu-tumbona-de-exterior-resina-75-cm-009e68e4,SV-CARMEN-BLANCO-CAQUI,Tumbona exterior resina · 75 cm tela · Carmen,l,183.95,102.5,excel_handle_est,32.6,68.0,103.31,0.0,4.16,cliente_paga,OK,coste_estimado,OK
balliu-tumbona-de-exterior-resina-75-cm-009e68e4,SV-CARMEN-BLANCO-MARRON-OSC,Tumbona exterior resina · 75 cm tela · Carmen,l,183.95,102.5,excel_handle_est,32.6,68.0,103.31,0.0,4.16,cliente_paga,OK,coste_estimado,OK
balliu-tumbona-de-exterior-resina-75-cm-009e68e4,SV-CARMEN-BLANCO-ARENA,Tumbona exterior resina · 75 cm tela · Carmen,l,183.95,102.5,excel_handle_est,32.6,68.0,103.31,0.0,4.16,cliente_paga,OK,coste_estimado,OK
balliu-tumbona-de-exterior-resina-75-cm-009e68e4,SV-CARMEN-BLANCO-VERDE-OSC,Tumbona exterior resina · 75 cm tela · Carmen,l,183.95,102.5,excel_handle_est,32.6,68.0,103.31,0.0,4.16,cliente_paga,OK,coste_estimado,OK
balliu-tumbona-de-exterior-resina-75-cm-009e68e4,SV-CARMEN-BLANCO-AZUL-CEL,Tumbona exterior resina · 75 cm tela · Carmen,l,183.95,102.5,excel_handle_est,32.6,68.0,103.31,0.0,4.16,cliente_paga,OK,coste_estimado,OK
balliu-tumbona-de-exterior-resina-75-cm-009e68e4,SV-CARMEN-BLANCO-CENIZA,Tumbona exterior resina · 75 cm tela · Carmen,l,183.95,102.5,excel_handle_est,32.6,68.0,103.31,0.0,4.16,cliente_paga,OK,coste_estimado,OK
balliu-tumbona-de-exterior-resina-75-cm-009e68e4,SV-CARMEN-BLANCO-AZUL-MAR,Tumbona exterior resina · 75 cm tela · Carmen,l,183.95,102.5,excel_handle_est,32.6,68.0,103.31,0.0,4.16,cliente_paga,OK,coste_estimado,OK
balliu-tumbona-de-exterior-resina-75-cm-009e68e4,SV-CARMEN-BLANCO-GRIS-OSC,Tumbona exterior resina · 75 cm tela · Carmen,l,183.95,102.5,excel_handle_est,32.6,68.0,103.31,0.0,4.16,cliente_paga,OK,coste_estimado,OK
balliu-tumbona-de-exterior-resina-75-cm-009e68e4,SV-CARMEN-BLANCO-AZUL-ACERO,Tumbona exterior resina · 75 cm tela · Carmen,l,183.95,102.5,excel_handle_est,32.6,68.0,103.31,0.0,4.16,cliente_paga,OK,coste_estimado,OK
balliu-tumbona-de-exterior-resina-75-cm-009e68e4,SV-CARMEN-ARENA-AZUL,Tumbona exterior resina · 75 cm tela · Carmen,l,188.95,102.5,excel_handle_est,34.4,68.7,107.34,0.0,4.27,cliente_paga,OK,coste_estimado,OK
balliu-tumbona-de-exterior-resina-75-cm-009e68e4,SV-CARMEN-ARENA-AMARILLO,Tumbona exterior resina · 75 cm tela · Carmen,l,188.95,102.5,excel_handle_est,34.4,68.7,107.34,0.0,4.27,cliente_paga,OK,coste_estimado,OK
balliu-tumbona-de-exterior-resina-75-cm-009e68e4,SV-CARMEN-ARENA-NARANJA,Tumbona exterior resina · 75 cm tela · Carmen,l,188.95,102.5,excel_handle_est,34.4,68.7,107.34,0.0,4.27,cliente_paga,OK,coste_estimado,OK
balliu-tumbona-de-exterior-resina-75-cm-009e68e4,SV-CARMEN-ARENA-VERDE-CLARO,Tumbona exterior resina · 75 cm tela · Carmen,l,188.95,102.5,excel_handle_est,34.4,68.7,107.34,0.0,4.27,cliente_paga,OK,coste_estimado,OK
balliu-tumbona-de-exterior-resina-75-cm-009e68e4,SV-CARMEN-ARENA-BLANCO,Tumbona exterior resina · 75 cm tela · Carmen,l,188.95,102.5,excel_handle_est,34.4,68.7,107.34,0.0,4.27,cliente_paga,OK,coste_estimado,OK
balliu-tumbona-de-exterior-resina-75-cm-009e68e4,SV-CARMEN-ARENA-NATURAL,Tumbona exterior resina · 75 cm tela · Carmen,l,188.95,102.5,excel_handle_est,34.4,68.7,107.34,0.0,4.27,cliente_paga,OK,coste_estimado,OK
balliu-tumbona-de-exterior-resina-75-cm-009e68e4,SV-CARMEN-ARENA-CAPUCHINO,Tumbona exterior resina · 75 cm tela · Carmen,l,188.95,102.5,excel_handle_est,34.4,68.7,107.34,0.0,4.27,cliente_paga,OK,coste_estimado,OK
balliu-tumbona-de-exterior-resina-75-cm-009e68e4,SV-CARMEN-ARENA-CAQUI,Tumbona exterior resina · 75 cm tela · Carmen,l,188.95,102.5,excel_handle_est,34.4,68.7,107.34,0.0,4.27,cliente_paga,OK,coste_estimado,OK
balliu-tumbona-de-exterior-resina-75-cm-009e68e4,SV-CARMEN-ARENA-MARRON-OSC,Tumbona exterior resina · 75 cm tela · Carmen,l,188.95,102.5,excel_handle_est,34.4,68.7,107.34,0.0,4.27,cliente_paga,OK,coste_estimado,OK
balliu-tumbona-de-exterior-resina-75-cm-009e68e4,SV-CARMEN-ARENA-ARENA,Tumbona exterior resina · 75 cm tela · Carmen,l,188.95,102.5,excel_handle_est,34.4,68.7,107.34,0.0,4.27,cliente_paga,OK,coste_estimado,OK
balliu-tumbona-de-exterior-resina-75-cm-009e68e4,SV-CARMEN-ARENA-VERDE-OSC,Tumbona exterior resina · 75 cm tela · Carmen,l,188.95,102.5,excel_handle_est,34.4,68.7,107.34,0.0,4.27,cliente_paga,OK,coste_estimado,OK
balliu-tumbona-de-exterior-resina-75-cm-009e68e4,SV-CARMEN-ARENA-AZUL-CEL,Tumbona exterior resina · 75 cm tela · Carmen,l,188.95,102.5,excel_handle_est,34.4,68.7,107.34,0.0,4.27,cliente_paga,OK,coste_estimado,OK
balliu-tumbona-de-exterior-resina-75-cm-009e68e4,SV-CARMEN-ARENA-CENIZA,Tumbona exterior resina · 75 cm tela · Carmen,l,188.95,102.5,excel_handle_est,34.4,68.7,107.34,0.0,4.27,cliente_paga,OK,coste_estimado,OK
balliu-tumbona-de-exterior-resina-75-cm-009e68e4,SV-CARMEN-ARENA-AZUL-MAR,Tumbona exterior resina · 75 cm tela · Carmen,l,188.95,102.5,excel_handle_est,34.4,68.7,107.34,0.0,4.27,cliente_paga,OK,coste_estimado,OK
balliu-tumbona-de-exterior-resina-75-cm-009e68e4,SV-CARMEN-ARENA-GRIS-OSC,Tumbona exterior resina · 75 cm tela · Carmen,l,188.95,102.5,excel_handle_est,34.4,68.7,107.34,0.0,4.27,cliente_paga,OK,coste_estimado,OK
balliu-tumbona-de-exterior-resina-75-cm-009e68e4,SV-CARMEN-ARENA-AZUL-ACERO,Tumbona exterior resina · 75 cm tela · Carmen,l,188.95,102.5,excel_handle_est,34.4,68.7,107.34,0.0,4.27,cliente_paga,OK,coste_estimado,OK
balliu-tumbona-de-exterior-resina-75-cm-009e68e4,SV-CARMEN-BRONCE-AZUL,Tumbona exterior resina · 75 cm tela · Carmen,l,188.95,102.5,excel_handle_est,34.4,68.7,107.34,0.0,4.27,cliente_paga,OK,coste_estimado,OK
balliu-tumbona-de-exterior-resina-75-cm-009e68e4,SV-CARMEN-BRONCE-AMARILLO,Tumbona exterior resina · 75 cm tela · Carmen,l,188.95,102.5,excel_handle_est,34.4,68.7,107.34,0.0,4.27,cliente_paga,OK,coste_estimado,OK
balliu-tumbona-de-exterior-resina-75-cm-009e68e4,SV-CARMEN-BRONCE-NARANJA,Tumbona exterior resina · 75 cm tela · Carmen,l,188.95,102.5,excel_handle_est,34.4,68.7,107.34,0.0,4.27,cliente_paga,OK,coste_estimado,OK
balliu-tumbona-de-exterior-resina-75-cm-009e68e4,SV-CARMEN-BRONCE-VERDE-CLARO,Tumbona exterior resina · 75 cm tela · Carmen,l,188.95,102.5,excel_handle_est,34.4,68.7,107.34,0.0,4.27,cliente_paga,OK,coste_estimado,OK
balliu-tumbona-de-exterior-resina-75-cm-009e68e4,SV-CARMEN-BRONCE-BLANCO,Tumbona exterior resina · 75 cm tela · Carmen,l,188.95,102.5,excel_handle_est,34.4,68.7,107.34,0.0,4.27,cliente_paga,OK,coste_estimado,OK
balliu-tumbona-de-exterior-resina-75-cm-009e68e4,SV-CARMEN-BRONCE-NATURAL,Tumbona exterior resina · 75 cm tela · Carmen,l,188.95,102.5,excel_handle_est,34.4,68.7,107.34,0.0,4.27,cliente_paga,OK,coste_estimado,OK
balliu-tumbona-de-exterior-resina-75-cm-009e68e4,SV-CARMEN-BRONCE-CAPUCHINO,Tumbona exterior resina · 75 cm tela · Carmen,l,188.95,102.5,excel_handle_est,34.4,68.7,107.34,0.0,4.27,cliente_paga,OK,coste_estimado,OK
balliu-tumbona-de-exterior-resina-75-cm-009e68e4,SV-CARMEN-BRONCE-CAQUI,Tumbona exterior resina · 75 cm tela · Carmen,l,188.95,102.5,excel_handle_est,34.4,68.7,107.34,0.0,4.27,cliente_paga,OK,coste_estimado,OK
balliu-tumbona-de-exterior-resina-75-cm-009e68e4,SV-CARMEN-BRONCE-MARRON-OSC,Tumbona exterior resina · 75 cm tela · Carmen,l,188.95,102.5,excel_handle_est,34.4,68.7,107.34,0.0,4.27,cliente_paga,OK,coste_estimado,OK
balliu-tumbona-de-exterior-resina-75-cm-009e68e4,SV-CARMEN-BRONCE-ARENA,Tumbona exterior resina · 75 cm tela · Carmen,l,188.95,102.5,excel_handle_est,34.4,68.7,107.34,0.0,4.27,cliente_paga,OK,coste_estimado,OK
balliu-tumbona-de-exterior-resina-75-cm-009e68e4,SV-CARMEN-BRONCE-VERDE-OSC,Tumbona exterior resina · 75 cm tela · Carmen,l,188.95,102.5,excel_handle_est,34.4,68.7,107.34,0.0,4.27,cliente_paga,OK,coste_estimado,OK
balliu-tumbona-de-exterior-resina-75-cm-009e68e4,SV-CARMEN-BRONCE-AZUL-CEL,Tumbona exterior resina · 75 cm tela · Carmen,l,188.95,102.5,excel_handle_est,34.4,68.7,107.34,0.0,4.27,cliente_paga,OK,coste_estimado,OK
balliu-tumbona-de-exterior-resina-75-cm-009e68e4,SV-CARMEN-BRONCE-CENIZA,Tumbona exterior resina · 75 cm tela · Carmen,l,188.95,102.5,excel_handle_est,34.4,68.7,107.34,0.0,4.27,cliente_paga,OK,coste_estimado,OK
balliu-tumbona-de-exterior-resina-75-cm-009e68e4,SV-CARMEN-BRONCE-AZUL-MAR,Tumbona exterior resina · 75 cm tela · Carmen,l,188.95,102.5,excel_handle_est,34.4,68.7,107.34,0.0,4.27,cliente_paga,OK,coste_estimado,OK
balliu-tumbona-de-exterior-resina-75-cm-009e68e4,SV-CARMEN-BRONCE-GRIS-OSC,Tumbona exterior resina · 75 cm tela · Carmen,l,188.95,102.5,excel_handle_est,34.4,68.7,107.34,0.0,4.27,cliente_paga,OK,coste_estimado,OK
balliu-tumbona-de-exterior-resina-75-cm-009e68e4,SV-CARMEN-BRONCE-AZUL-ACERO,Tumbona exterior resina · 75 cm tela · Carmen,l,188.95,102.5,excel_handle_est,34.4,68.7,107.34,0.0,4.27,cliente_paga,OK,coste_estimado,OK
balliu-tumbona-de-exterior-resina-75-cm-009e68e4,SV-CARMEN-GRIS-OSC-AZUL,Tumbona exterior resina · 75 cm tela · Carmen,l,188.95,102.5,excel_handle_est,34.4,68.7,107.34,0.0,4.27,cliente_paga,OK,coste_estimado,OK
balliu-tumbona-de-exterior-resina-75-cm-009e68e4,SV-CARMEN-GRIS-OSC-AMARILLO,Tumbona exterior resina · 75 cm tela · Carmen,l,188.95,102.5,excel_handle_est,34.4,68.7,107.34,0.0,4.27,cliente_paga,OK,coste_estimado,OK
balliu-tumbona-de-exterior-resina-75-cm-009e68e4,SV-CARMEN-GRIS-OSC-NARANJA,Tumbona exterior resina · 75 cm tela · Carmen,l,188.95,102.5,excel_handle_est,34.4,68.7,107.34,0.0,4.27,cliente_paga,OK,coste_estimado,OK
balliu-tumbona-de-exterior-resina-75-cm-009e68e4,SV-CARMEN-GRIS-OSC-VERDE-CLARO,Tumbona exterior resina · 75 cm tela · Carmen,l,188.95,102.5,excel_handle_est,34.4,68.7,107.34,0.0,4.27,cliente_paga,OK,coste_estimado,OK
balliu-tumbona-de-exterior-resina-75-cm-009e68e4,SV-CARMEN-GRIS-OSC-BLANCO,Tumbona exterior resina · 75 cm tela · Carmen,l,188.95,102.5,excel_handle_est,34.4,68.7,107.34,0.0,4.27,cliente_paga,OK,coste_estimado,OK
balliu-tumbona-de-exterior-resina-75-cm-009e68e4,SV-CARMEN-GRIS-OSC-NATURAL,Tumbona exterior resina · 75 cm tela · Carmen,l,188.95,102.5,excel_handle_est,34.4,68.7,107.34,0.0,4.27,cliente_paga,OK,coste_estimado,OK
balliu-tumbona-de-exterior-resina-75-cm-009e68e4,SV-CARMEN-GRIS-OSC-CAPUCHINO,Tumbona exterior resina · 75 cm tela · Carmen,l,188.95,102.5,excel_handle_est,34.4,68.7,107.34,0.0,4.27,cliente_paga,OK,coste_estimado,OK
balliu-tumbona-de-exterior-resina-75-cm-009e68e4,SV-CARMEN-GRIS-OSC-CAQUI,Tumbona exterior resina · 75 cm tela · Carmen,l,188.95,102.5,excel_handle_est,34.4,68.7,107.34,0.0,4.27,cliente_paga,OK,coste_estimado,OK
balliu-tumbona-de-exterior-resina-75-cm-009e68e4,SV-CARMEN-GRIS-OSC-MARRON-OSC,Tumbona exterior resina · 75 cm tela · Carmen,l,188.95,102.5,excel_handle_est,34.4,68.7,107.34,0.0,4.27,cliente_paga,OK,coste_estimado,OK
balliu-tumbona-de-exterior-resina-75-cm-009e68e4,SV-CARMEN-GRIS-OSC-ARENA,Tumbona exterior resina · 75 cm tela · Carmen,l,188.95,102.5,excel_handle_est,34.4,68.7,107.34,0.0,4.27,cliente_paga,OK,coste_estimado,OK
balliu-tumbona-de-exterior-resina-75-cm-009e68e4,SV-CARMEN-GRIS-OSC-VERDE-OSC,Tumbona exterior resina · 75 cm tela · Carmen,l,188.95,102.5,excel_handle_est,34.4,68.7,107.34,0.0,4.27,cliente_paga,OK,coste_estimado,OK
balliu-tumbona-de-exterior-resina-75-cm-009e68e4,SV-CARMEN-GRIS-OSC-AZUL-CEL,Tumbona exterior resina · 75 cm tela · Carmen,l,188.95,102.5,excel_handle_est,34.4,68.7,107.34,0.0,4.27,cliente_paga,OK,coste_estimado,OK
balliu-tumbona-de-exterior-resina-75-cm-009e68e4,SV-CARMEN-GRIS-OSC-CENIZA,Tumbona exterior resina · 75 cm tela · Carmen,l,188.95,102.5,excel_handle_est,34.4,68.7,107.34,0.0,4.27,cliente_paga,OK,coste_estimado,OK
balliu-tumbona-de-exterior-resina-75-cm-009e68e4,SV-CARMEN-GRIS-OSC-AZUL-MAR,Tumbona exterior resina · 75 cm tela · Carmen,l,188.95,102.5,excel_handle_est,34.4,68.7,107.34,0.0,4.27,cliente_paga,OK,coste_estimado,OK
balliu-tumbona-de-exterior-resina-75-cm-009e68e4,SV-CARMEN-GRIS-OSC-GRIS-OSC,Tumbona exterior resina · 75 cm tela · Carmen,l,188.95,102.5,excel_handle_est,34.4,68.7,107.34,0.0,4.27,cliente_paga,OK,coste_estimado,OK
balliu-tumbona-de-exterior-resina-75-cm-009e68e4,SV-CARMEN-GRIS-OSC-AZUL-ACERO,Tumbona exterior resina · 75 cm tela · Carmen,l,188.95,102.5,excel_handle_est,34.4,68.7,107.34,0.0,4.27,cliente_paga,OK,coste_estimado,OK
balliu-tumbona-de-exterior-resina-75-cm-009e68e4,SV-CARMEN-MADERA-AZUL,Tumbona exterior resina · 75 cm tela · Carmen,l,188.95,102.5,excel_handle_est,34.4,68.7,107.34,0.0,4.27,cliente_paga,OK,coste_estimado,OK
balliu-tumbona-de-exterior-resina-75-cm-009e68e4,SV-CARMEN-MADERA-AMARILLO,Tumbona exterior resina · 75 cm tela · Carmen,l,188.95,102.5,excel_handle_est,34.4,68.7,107.34,0.0,4.27,cliente_paga,OK,coste_estimado,OK
balliu-tumbona-de-exterior-resina-75-cm-009e68e4,SV-CARMEN-MADERA-NARANJA,Tumbona exterior resina · 75 cm tela · Carmen,l,188.95,102.5,excel_handle_est,34.4,68.7,107.34,0.0,4.27,cliente_paga,OK,coste_estimado,OK
balliu-tumbona-de-exterior-resina-75-cm-009e68e4,SV-CARMEN-MADERA-VERDE-CLARO,Tumbona exterior resina · 75 cm tela · Carmen,l,188.95,102.5,excel_handle_est,34.4,68.7,107.34,0.0,4.27,cliente_paga,OK,coste_estimado,OK
balliu-tumbona-de-exterior-resina-75-cm-009e68e4,SV-CARMEN-MADERA-BLANCO,Tumbona exterior resina · 75 cm tela · Carmen,l,188.95,102.5,excel_handle_est,34.4,68.7,107.34,0.0,4.27,cliente_paga,OK,coste_estimado,OK
balliu-tumbona-de-exterior-resina-75-cm-009e68e4,SV-CARMEN-MADERA-NATURAL,Tumbona exterior resina · 75 cm tela · Carmen,l,188.95,102.5,excel_handle_est,34.4,68.7,107.34,0.0,4.27,cliente_paga,OK,coste_estimado,OK
balliu-tumbona-de-exterior-resina-75-cm-009e68e4,SV-CARMEN-MADERA-CAPUCHINO,Tumbona exterior resina · 75 cm tela · Carmen,l,188.95,102.5,excel_handle_est,34.4,68.7,107.34,0.0,4.27,cliente_paga,OK,coste_estimado,OK
balliu-tumbona-de-exterior-resina-75-cm-009e68e4,SV-CARMEN-MADERA-CAQUI,Tumbona exterior resina · 75 cm tela · Carmen,l,188.95,102.5,excel_handle_est,34.4,68.7,107.34,0.0,4.27,cliente_paga,OK,coste_estimado,OK
balliu-tumbona-de-exterior-resina-75-cm-009e68e4,SV-CARMEN-MADERA-MARRON-OSC,Tumbona exterior resina · 75 cm tela · Carmen,l,188.95,102.5,excel_handle_est,34.4,68.7,107.34,0.0,4.27,cliente_paga,OK,coste_estimado,OK
balliu-tumbona-de-exterior-resina-75-cm-009e68e4,SV-CARMEN-MADERA-ARENA,Tumbona exterior resina · 75 cm tela · Carmen,l,188.95,102.5,excel_handle_est,34.4,68.7,107.34,0.0,4.27,cliente_paga,OK,coste_estimado,OK
balliu-tumbona-de-exterior-resina-75-cm-009e68e4,SV-CARMEN-MADERA-VERDE-OSC,Tumbona exterior resina · 75 cm tela · Carmen,l,188.95,102.5,excel_handle_est,34.4,68.7,107.34,0.0,4.27,cliente_paga,OK,coste_estimado,OK
balliu-tumbona-de-exterior-resina-75-cm-009e68e4,SV-CARMEN-MADERA-AZUL-CEL,Tumbona exterior resina · 75 cm tela · Carmen,l,188.95,102.5,excel_handle_est,34.4,68.7,107.34,0.0,4.27,cliente_paga,OK,coste_estimado,OK
balliu-tumbona-de-exterior-resina-75-cm-009e68e4,SV-CARMEN-MADERA-CENIZA,Tumbona exterior resina · 75 cm tela · Carmen,l,188.95,102.5,excel_handle_est,34.4,68.7,107.34,0.0,4.27,cliente_paga,OK,coste_estimado,OK
balliu-tumbona-de-exterior-resina-75-cm-009e68e4,SV-CARMEN-MADERA-AZUL-MAR,Tumbona exterior resina · 75 cm tela · Carmen,l,188.95,102.5,excel_handle_est,34.4,68.7,107.34,0.0,4.27,cliente_paga,OK,coste_estimado,OK
balliu-tumbona-de-exterior-resina-75-cm-009e68e4,SV-CARMEN-MADERA-GRIS-OSC,Tumbona exterior resina · 75 cm tela · Carmen,l,188.95,102.5,excel_handle_est,34.4,68.7,107.34,0.0,4.27,cliente_paga,OK,coste_estimado,OK
balliu-tumbona-de-exterior-resina-75-cm-009e68e4,SV-CARMEN-MADERA-AZUL-ACERO,Tumbona exterior resina · 75 cm tela · Carmen,l,188.95,102.5,excel_handle_est,34.4,68.7,107.34,0.0,4.27,cliente_paga,OK,coste_estimado,OK
balliu-tumbona-de-exterior-resina-75-cm-aca076ae,SV-LOLA-BLANCO-AZUL,Tumbona exterior resina playa · 75 cm tela · Lola,l,182.95,101.33,excel_handle_est,33.0,68.6,103.68,0.0,4.14,cliente_paga,OK,coste_estimado,OK
balliu-tumbona-de-exterior-resina-75-cm-aca076ae,SV-LOLA-BLANCO-AMARILLO,Tumbona exterior resina playa · 75 cm tela · Lola,l,182.95,101.33,excel_handle_est,33.0,68.6,103.68,0.0,4.14,cliente_paga,OK,coste_estimado,OK
balliu-tumbona-de-exterior-resina-75-cm-aca076ae,SV-LOLA-BLANCO-NARANJA,Tumbona exterior resina playa · 75 cm tela · Lola,l,182.95,101.33,excel_handle_est,33.0,68.6,103.68,0.0,4.14,cliente_paga,OK,coste_estimado,OK
balliu-tumbona-de-exterior-resina-75-cm-aca076ae,SV-LOLA-BLANCO-VERDE-CLARO,Tumbona exterior resina playa · 75 cm tela · Lola,l,182.95,101.33,excel_handle_est,33.0,68.6,103.68,0.0,4.14,cliente_paga,OK,coste_estimado,OK
balliu-tumbona-de-exterior-resina-75-cm-aca076ae,SV-LOLA-BLANCO-BLANCO,Tumbona exterior resina playa · 75 cm tela · Lola,l,182.95,101.33,excel_handle_est,33.0,68.6,103.68,0.0,4.14,cliente_paga,OK,coste_estimado,OK
balliu-tumbona-de-exterior-resina-75-cm-aca076ae,SV-LOLA-BLANCO-NATURAL,Tumbona exterior resina playa · 75 cm tela · Lola,l,182.95,101.33,excel_handle_est,33.0,68.6,103.68,0.0,4.14,cliente_paga,OK,coste_estimado,OK
balliu-tumbona-de-exterior-resina-75-cm-aca076ae,SV-LOLA-BLANCO-CAPUCHINO,Tumbona exterior resina playa · 75 cm tela · Lola,l,182.95,101.33,excel_handle_est,33.0,68.6,103.68,0.0,4.14,cliente_paga,OK,coste_estimado,OK
balliu-tumbona-de-exterior-resina-75-cm-aca076ae,SV-LOLA-BLANCO-CAQUI,Tumbona exterior resina playa · 75 cm tela · Lola,l,182.95,101.33,excel_handle_est,33.0,68.6,103.68,0.0,4.14,cliente_paga,OK,coste_estimado,OK
balliu-tumbona-de-exterior-resina-75-cm-aca076ae,SV-LOLA-BLANCO-MARRON-OSC,Tumbona exterior resina playa · 75 cm tela · Lola,l,182.95,101.33,excel_handle_est,33.0,68.6,103.68,0.0,4.14,cliente_paga,OK,coste_estimado,OK
balliu-tumbona-de-exterior-resina-75-cm-aca076ae,SV-LOLA-BLANCO-ARENA,Tumbona exterior resina playa · 75 cm tela · Lola,l,182.95,101.33,excel_handle_est,33.0,68.6,103.68,0.0,4.14,cliente_paga,OK,coste_estimado,OK
balliu-tumbona-de-exterior-resina-75-cm-aca076ae,SV-LOLA-BLANCO-VERDE-OSC,Tumbona exterior resina playa · 75 cm tela · Lola,l,182.95,101.33,excel_handle_est,33.0,68.6,103.68,0.0,4.14,cliente_paga,OK,coste_estimado,OK
balliu-tumbona-de-exterior-resina-75-cm-aca076ae,SV-LOLA-BLANCO-AZUL-CEL,Tumbona exterior resina playa · 75 cm tela · Lola,l,182.95,101.33,excel_handle_est,33.0,68.6,103.68,0.0,4.14,cliente_paga,OK,coste_estimado,OK
balliu-tumbona-de-exterior-resina-75-cm-aca076ae,SV-LOLA-BLANCO-CENIZA,Tumbona exterior resina playa · 75 cm tela · Lola,l,182.95,101.33,excel_handle_est,33.0,68.6,103.68,0.0,4.14,cliente_paga,OK,coste_estimado,OK
balliu-tumbona-de-exterior-resina-75-cm-aca076ae,SV-LOLA-BLANCO-AZUL-MAR,Tumbona exterior resina playa · 75 cm tela · Lola,l,182.95,101.33,excel_handle_est,33.0,68.6,103.68,0.0,4.14,cliente_paga,OK,coste_estimado,OK
balliu-tumbona-de-exterior-resina-75-cm-aca076ae,SV-LOLA-BLANCO-GRIS-OSC,Tumbona exterior resina playa · 75 cm tela · Lola,l,182.95,101.33,excel_handle_est,33.0,68.6,103.68,0.0,4.14,cliente_paga,OK,coste_estimado,OK
balliu-tumbona-de-exterior-resina-75-cm-aca076ae,SV-LOLA-BLANCO-AZUL-ACERO,Tumbona exterior resina playa · 75 cm tela · Lola,l,182.95,101.33,excel_handle_est,33.0,68.6,103.68,0.0,4.14,cliente_paga,OK,coste_estimado,OK
balliu-tumbona-de-exterior-resina-75-cm-aca076ae,SV-LOLA-ARENA-AZUL,Tumbona exterior resina playa · 75 cm tela · Lola,l,187.95,101.33,excel_handle_est,34.8,69.3,107.7,0.0,4.25,cliente_paga,OK,coste_estimado,OK
balliu-tumbona-de-exterior-resina-75-cm-aca076ae,SV-LOLA-ARENA-AMARILLO,Tumbona exterior resina playa · 75 cm tela · Lola,l,187.95,101.33,excel_handle_est,34.8,69.3,107.7,0.0,4.25,cliente_paga,OK,coste_estimado,OK
balliu-tumbona-de-exterior-resina-75-cm-aca076ae,SV-LOLA-ARENA-NARANJA,Tumbona exterior resina playa · 75 cm tela · Lola,l,187.95,101.33,excel_handle_est,34.8,69.3,107.7,0.0,4.25,cliente_paga,OK,coste_estimado,OK
balliu-tumbona-de-exterior-resina-75-cm-aca076ae,SV-LOLA-ARENA-VERDE-CLARO,Tumbona exterior resina playa · 75 cm tela · Lola,l,187.95,101.33,excel_handle_est,34.8,69.3,107.7,0.0,4.25,cliente_paga,OK,coste_estimado,OK
balliu-tumbona-de-exterior-resina-75-cm-aca076ae,SV-LOLA-ARENA-BLANCO,Tumbona exterior resina playa · 75 cm tela · Lola,l,187.95,101.33,excel_handle_est,34.8,69.3,107.7,0.0,4.25,cliente_paga,OK,coste_estimado,OK
balliu-tumbona-de-exterior-resina-75-cm-aca076ae,SV-LOLA-ARENA-NATURAL,Tumbona exterior resina playa · 75 cm tela · Lola,l,187.95,101.33,excel_handle_est,34.8,69.3,107.7,0.0,4.25,cliente_paga,OK,coste_estimado,OK
balliu-tumbona-de-exterior-resina-75-cm-aca076ae,SV-LOLA-ARENA-CAPUCHINO,Tumbona exterior resina playa · 75 cm tela · Lola,l,187.95,101.33,excel_handle_est,34.8,69.3,107.7,0.0,4.25,cliente_paga,OK,coste_estimado,OK
balliu-tumbona-de-exterior-resina-75-cm-aca076ae,SV-LOLA-ARENA-CAQUI,Tumbona exterior resina playa · 75 cm tela · Lola,l,187.95,101.33,excel_handle_est,34.8,69.3,107.7,0.0,4.25,cliente_paga,OK,coste_estimado,OK
balliu-tumbona-de-exterior-resina-75-cm-aca076ae,SV-LOLA-ARENA-MARRON-OSC,Tumbona exterior resina playa · 75 cm tela · Lola,l,187.95,101.33,excel_handle_est,34.8,69.3,107.7,0.0,4.25,cliente_paga,OK,coste_estimado,OK
balliu-tumbona-de-exterior-resina-75-cm-aca076ae,SV-LOLA-ARENA-ARENA,Tumbona exterior resina playa · 75 cm tela · Lola,l,187.95,101.33,excel_handle_est,34.8,69.3,107.7,0.0,4.25,cliente_paga,OK,coste_estimado,OK
balliu-tumbona-de-exterior-resina-75-cm-aca076ae,SV-LOLA-ARENA-VERDE-OSC,Tumbona exterior resina playa · 75 cm tela · Lola,l,187.95,101.33,excel_handle_est,34.8,69.3,107.7,0.0,4.25,cliente_paga,OK,coste_estimado,OK
balliu-tumbona-de-exterior-resina-75-cm-aca076ae,SV-LOLA-ARENA-AZUL-CEL,Tumbona exterior resina playa · 75 cm tela · Lola,l,187.95,101.33,excel_handle_est,34.8,69.3,107.7,0.0,4.25,cliente_paga,OK,coste_estimado,OK
balliu-tumbona-de-exterior-resina-75-cm-aca076ae,SV-LOLA-ARENA-CENIZA,Tumbona exterior resina playa · 75 cm tela · Lola,l,187.95,101.33,excel_handle_est,34.8,69.3,107.7,0.0,4.25,cliente_paga,OK,coste_estimado,OK
balliu-tumbona-de-exterior-resina-75-cm-aca076ae,SV-LOLA-ARENA-AZUL-MAR,Tumbona exterior resina playa · 75 cm tela · Lola,l,187.95,101.33,excel_handle_est,34.8,69.3,107.7,0.0,4.25,cliente_paga,OK,coste_estimado,OK
balliu-tumbona-de-exterior-resina-75-cm-aca076ae,SV-LOLA-ARENA-GRIS-OSC,Tumbona exterior resina playa · 75 cm tela · Lola,l,187.95,101.33,excel_handle_est,34.8,69.3,107.7,0.0,4.25,cliente_paga,OK,coste_estimado,OK
balliu-tumbona-de-exterior-resina-75-cm-aca076ae,SV-LOLA-ARENA-AZUL-ACERO,Tumbona exterior resina playa · 75 cm tela · Lola,l,187.95,101.33,excel_handle_est,34.8,69.3,107.7,0.0,4.25,cliente_paga,OK,coste_estimado,OK
balliu-tumbona-de-exterior-resina-75-cm-aca076ae,SV-LOLA-BRONCE-AZUL,Tumbona exterior resina playa · 75 cm tela · Lola,l,187.95,101.33,excel_handle_est,34.8,69.3,107.7,0.0,4.25,cliente_paga,OK,coste_estimado,OK
balliu-tumbona-de-exterior-resina-75-cm-aca076ae,SV-LOLA-BRONCE-AMARILLO,Tumbona exterior resina playa · 75 cm tela · Lola,l,187.95,101.33,excel_handle_est,34.8,69.3,107.7,0.0,4.25,cliente_paga,OK,coste_estimado,OK
balliu-tumbona-de-exterior-resina-75-cm-aca076ae,SV-LOLA-BRONCE-NARANJA,Tumbona exterior resina playa · 75 cm tela · Lola,l,187.95,101.33,excel_handle_est,34.8,69.3,107.7,0.0,4.25,cliente_paga,OK,coste_estimado,OK
balliu-tumbona-de-exterior-resina-75-cm-aca076ae,SV-LOLA-BRONCE-VERDE-CLARO,Tumbona exterior resina playa · 75 cm tela · Lola,l,187.95,101.33,excel_handle_est,34.8,69.3,107.7,0.0,4.25,cliente_paga,OK,coste_estimado,OK
balliu-tumbona-de-exterior-resina-75-cm-aca076ae,SV-LOLA-BRONCE-BLANCO,Tumbona exterior resina playa · 75 cm tela · Lola,l,187.95,101.33,excel_handle_est,34.8,69.3,107.7,0.0,4.25,cliente_paga,OK,coste_estimado,OK
balliu-tumbona-de-exterior-resina-75-cm-aca076ae,SV-LOLA-BRONCE-NATURAL,Tumbona exterior resina playa · 75 cm tela · Lola,l,187.95,101.33,excel_handle_est,34.8,69.3,107.7,0.0,4.25,cliente_paga,OK,coste_estimado,OK
balliu-tumbona-de-exterior-resina-75-cm-aca076ae,SV-LOLA-BRONCE-CAPUCHINO,Tumbona exterior resina playa · 75 cm tela · Lola,l,187.95,101.33,excel_handle_est,34.8,69.3,107.7,0.0,4.25,cliente_paga,OK,coste_estimado,OK
balliu-tumbona-de-exterior-resina-75-cm-aca076ae,SV-LOLA-BRONCE-CAQUI,Tumbona exterior resina playa · 75 cm tela · Lola,l,187.95,101.33,excel_handle_est,34.8,69.3,107.7,0.0,4.25,cliente_paga,OK,coste_estimado,OK
balliu-tumbona-de-exterior-resina-75-cm-aca076ae,SV-LOLA-BRONCE-MARRON-OSC,Tumbona exterior resina playa · 75 cm tela · Lola,l,187.95,101.33,excel_handle_est,34.8,69.3,107.7,0.0,4.25,cliente_paga,OK,coste_estimado,OK
balliu-tumbona-de-exterior-resina-75-cm-aca076ae,SV-LOLA-BRONCE-ARENA,Tumbona exterior resina playa · 75 cm tela · Lola,l,187.95,101.33,excel_handle_est,34.8,69.3,107.7,0.0,4.25,cliente_paga,OK,coste_estimado,OK
balliu-tumbona-de-exterior-resina-75-cm-aca076ae,SV-LOLA-BRONCE-VERDE-OSC,Tumbona exterior resina playa · 75 cm tela · Lola,l,187.95,101.33,excel_handle_est,34.8,69.3,107.7,0.0,4.25,cliente_paga,OK,coste_estimado,OK
balliu-tumbona-de-exterior-resina-75-cm-aca076ae,SV-LOLA-BRONCE-AZUL-CEL,Tumbona exterior resina playa · 75 cm tela · Lola,l,187.95,101.33,excel_handle_est,34.8,69.3,107.7,0.0,4.25,cliente_paga,OK,coste_estimado,OK
balliu-tumbona-de-exterior-resina-75-cm-aca076ae,SV-LOLA-BRONCE-CENIZA,Tumbona exterior resina playa · 75 cm tela · Lola,l,187.95,101.33,excel_handle_est,34.8,69.3,107.7,0.0,4.25,cliente_paga,OK,coste_estimado,OK
balliu-tumbona-de-exterior-resina-75-cm-aca076ae,SV-LOLA-BRONCE-AZUL-MAR,Tumbona exterior resina playa · 75 cm tela · Lola,l,187.95,101.33,excel_handle_est,34.8,69.3,107.7,0.0,4.25,cliente_paga,OK,coste_estimado,OK
balliu-tumbona-de-exterior-resina-75-cm-aca076ae,SV-LOLA-BRONCE-GRIS-OSC,Tumbona exterior resina playa · 75 cm tela · Lola,l,187.95,101.33,excel_handle_est,34.8,69.3,107.7,0.0,4.25,cliente_paga,OK,coste_estimado,OK
balliu-tumbona-de-exterior-resina-75-cm-aca076ae,SV-LOLA-BRONCE-AZUL-ACERO,Tumbona exterior resina playa · 75 cm tela · Lola,l,187.95,101.33,excel_handle_est,34.8,69.3,107.7,0.0,4.25,cliente_paga,OK,coste_estimado,OK
balliu-tumbona-de-exterior-resina-75-cm-aca076ae,SV-LOLA-GRIS-OSC-AZUL,Tumbona exterior resina playa · 75 cm tela · Lola,l,187.95,101.33,excel_handle_est,34.8,69.3,107.7,0.0,4.25,cliente_paga,OK,coste_estimado,OK
balliu-tumbona-de-exterior-resina-75-cm-aca076ae,SV-LOLA-GRIS-OSC-AMARILLO,Tumbona exterior resina playa · 75 cm tela · Lola,l,187.95,101.33,excel_handle_est,34.8,69.3,107.7,0.0,4.25,cliente_paga,OK,coste_estimado,OK
balliu-tumbona-de-exterior-resina-75-cm-aca076ae,SV-LOLA-GRIS-OSC-NARANJA,Tumbona exterior resina playa · 75 cm tela · Lola,l,187.95,101.33,excel_handle_est,34.8,69.3,107.7,0.0,4.25,cliente_paga,OK,coste_estimado,OK
balliu-tumbona-de-exterior-resina-75-cm-aca076ae,SV-LOLA-GRIS-OSC-VERDE-CLARO,Tumbona exterior resina playa · 75 cm tela · Lola,l,187.95,101.33,excel_handle_est,34.8,69.3,107.7,0.0,4.25,cliente_paga,OK,coste_estimado,OK
balliu-tumbona-de-exterior-resina-75-cm-aca076ae,SV-LOLA-GRIS-OSC-BLANCO,Tumbona exterior resina playa · 75 cm tela · Lola,l,187.95,101.33,excel_handle_est,34.8,69.3,107.7,0.0,4.25,cliente_paga,OK,coste_estimado,OK
balliu-tumbona-de-exterior-resina-75-cm-aca076ae,SV-LOLA-GRIS-OSC-NATURAL,Tumbona exterior resina playa · 75 cm tela · Lola,l,187.95,101.33,excel_handle_est,34.8,69.3,107.7,0.0,4.25,cliente_paga,OK,coste_estimado,OK
balliu-tumbona-de-exterior-resina-75-cm-aca076ae,SV-LOLA-GRIS-OSC-CAPUCHINO,Tumbona exterior resina playa · 75 cm tela · Lola,l,187.95,101.33,excel_handle_est,34.8,69.3,107.7,0.0,4.25,cliente_paga,OK,coste_estimado,OK
balliu-tumbona-de-exterior-resina-75-cm-aca076ae,SV-LOLA-GRIS-OSC-CAQUI,Tumbona exterior resina playa · 75 cm tela · Lola,l,187.95,101.33,excel_handle_est,34.8,69.3,107.7,0.0,4.25,cliente_paga,OK,coste_estimado,OK
balliu-tumbona-de-exterior-resina-75-cm-aca076ae,SV-LOLA-GRIS-OSC-MARRON-OSC,Tumbona exterior resina playa · 75 cm tela · Lola,l,187.95,101.33,excel_handle_est,34.8,69.3,107.7,0.0,4.25,cliente_paga,OK,coste_estimado,OK
balliu-tumbona-de-exterior-resina-75-cm-aca076ae,SV-LOLA-GRIS-OSC-ARENA,Tumbona exterior resina playa · 75 cm tela · Lola,l,187.95,101.33,excel_handle_est,34.8,69.3,107.7,0.0,4.25,cliente_paga,OK,coste_estimado,OK
balliu-tumbona-de-exterior-resina-75-cm-aca076ae,SV-LOLA-GRIS-OSC-VERDE-OSC,Tumbona exterior resina playa · 75 cm tela · Lola,l,187.95,101.33,excel_handle_est,34.8,69.3,107.7,0.0,4.25,cliente_paga,OK,coste_estimado,OK
balliu-tumbona-de-exterior-resina-75-cm-aca076ae,SV-LOLA-GRIS-OSC-AZUL-CEL,Tumbona exterior resina playa · 75 cm tela · Lola,l,187.95,101.33,excel_handle_est,34.8,69.3,107.7,0.0,4.25,cliente_paga,OK,coste_estimado,OK
balliu-tumbona-de-exterior-resina-75-cm-aca076ae,SV-LOLA-GRIS-OSC-CENIZA,Tumbona exterior resina playa · 75 cm tela · Lola,l,187.95,101.33,excel_handle_est,34.8,69.3,107.7,0.0,4.25,cliente_paga,OK,coste_estimado,OK
balliu-tumbona-de-exterior-resina-75-cm-aca076ae,SV-LOLA-GRIS-OSC-AZUL-MAR,Tumbona exterior resina playa · 75 cm tela · Lola,l,187.95,101.33,excel_handle_est,34.8,69.3,107.7,0.0,4.25,cliente_paga,OK,coste_estimado,OK
balliu-tumbona-de-exterior-resina-75-cm-aca076ae,SV-LOLA-GRIS-OSC-GRIS-OSC,Tumbona exterior resina playa · 75 cm tela · Lola,l,187.95,101.33,excel_handle_est,34.8,69.3,107.7,0.0,4.25,cliente_paga,OK,coste_estimado,OK
balliu-tumbona-de-exterior-resina-75-cm-aca076ae,SV-LOLA-GRIS-OSC-AZUL-ACERO,Tumbona exterior resina playa · 75 cm tela · Lola,l,187.95,101.33,excel_handle_est,34.8,69.3,107.7,0.0,4.25,cliente_paga,OK,coste_estimado,OK
balliu-tumbona-de-exterior-resina-75-cm-aca076ae,SV-LOLA-MADERA-AZUL,Tumbona exterior resina playa · 75 cm tela · Lola,l,187.95,101.33,excel_handle_est,34.8,69.3,107.7,0.0,4.25,cliente_paga,OK,coste_estimado,OK
balliu-tumbona-de-exterior-resina-75-cm-aca076ae,SV-LOLA-MADERA-AMARILLO,Tumbona exterior resina playa · 75 cm tela · Lola,l,187.95,101.33,excel_handle_est,34.8,69.3,107.7,0.0,4.25,cliente_paga,OK,coste_estimado,OK
balliu-tumbona-de-exterior-resina-75-cm-aca076ae,SV-LOLA-MADERA-NARANJA,Tumbona exterior resina playa · 75 cm tela · Lola,l,187.95,101.33,excel_handle_est,34.8,69.3,107.7,0.0,4.25,cliente_paga,OK,coste_estimado,OK
balliu-tumbona-de-exterior-resina-75-cm-aca076ae,SV-LOLA-MADERA-VERDE-CLARO,Tumbona exterior resina playa · 75 cm tela · Lola,l,187.95,101.33,excel_handle_est,34.8,69.3,107.7,0.0,4.25,cliente_paga,OK,coste_estimado,OK
balliu-tumbona-de-exterior-resina-75-cm-aca076ae,SV-LOLA-MADERA-BLANCO,Tumbona exterior resina playa · 75 cm tela · Lola,l,187.95,101.33,excel_handle_est,34.8,69.3,107.7,0.0,4.25,cliente_paga,OK,coste_estimado,OK
balliu-tumbona-de-exterior-resina-75-cm-aca076ae,SV-LOLA-MADERA-NATURAL,Tumbona exterior resina playa · 75 cm tela · Lola,l,187.95,101.33,excel_handle_est,34.8,69.3,107.7,0.0,4.25,cliente_paga,OK,coste_estimado,OK
balliu-tumbona-de-exterior-resina-75-cm-aca076ae,SV-LOLA-MADERA-CAPUCHINO,Tumbona exterior resina playa · 75 cm tela · Lola,l,187.95,101.33,excel_handle_est,34.8,69.3,107.7,0.0,4.25,cliente_paga,OK,coste_estimado,OK
balliu-tumbona-de-exterior-resina-75-cm-aca076ae,SV-LOLA-MADERA-CAQUI,Tumbona exterior resina playa · 75 cm tela · Lola,l,187.95,101.33,excel_handle_est,34.8,69.3,107.7,0.0,4.25,cliente_paga,OK,coste_estimado,OK
balliu-tumbona-de-exterior-resina-75-cm-aca076ae,SV-LOLA-MADERA-MARRON-OSC,Tumbona exterior resina playa · 75 cm tela · Lola,l,187.95,101.33,excel_handle_est,34.8,69.3,107.7,0.0,4.25,cliente_paga,OK,coste_estimado,OK
balliu-tumbona-de-exterior-resina-75-cm-aca076ae,SV-LOLA-MADERA-ARENA,Tumbona exterior resina playa · 75 cm tela · Lola,l,187.95,101.33,excel_handle_est,34.8,69.3,107.7,0.0,4.25,cliente_paga,OK,coste_estimado,OK
balliu-tumbona-de-exterior-resina-75-cm-aca076ae,SV-LOLA-MADERA-VERDE-OSC,Tumbona exterior resina playa · 75 cm tela · Lola,l,187.95,101.33,excel_handle_est,34.8,69.3,107.7,0.0,4.25,cliente_paga,OK,coste_estimado,OK
balliu-tumbona-de-exterior-resina-75-cm-aca076ae,SV-LOLA-MADERA-AZUL-CEL,Tumbona exterior resina playa · 75 cm tela · Lola,l,187.95,101.33,excel_handle_est,34.8,69.3,107.7,0.0,4.25,cliente_paga,OK,coste_estimado,OK
balliu-tumbona-de-exterior-resina-75-cm-aca076ae,SV-LOLA-MADERA-CENIZA,Tumbona exterior resina playa · 75 cm tela · Lola,l,187.95,101.33,excel_handle_est,34.8,69.3,107.7,0.0,4.25,cliente_paga,OK,coste_estimado,OK
balliu-tumbona-de-exterior-resina-75-cm-aca076ae,SV-LOLA-MADERA-AZUL-MAR,Tumbona exterior resina playa · 75 cm tela · Lola,l,187.95,101.33,excel_handle_est,34.8,69.3,107.7,0.0,4.25,cliente_paga,OK,coste_estimado,OK
balliu-tumbona-de-exterior-resina-75-cm-aca076ae,SV-LOLA-MADERA-GRIS-OSC,Tumbona exterior resina playa · 75 cm tela · Lola,l,187.95,101.33,excel_handle_est,34.8,69.3,107.7,0.0,4.25,cliente_paga,OK,coste_estimado,OK
balliu-tumbona-de-exterior-resina-75-cm-aca076ae,SV-LOLA-MADERA-AZUL-ACERO,Tumbona exterior resina playa · 75 cm tela · Lola,l,187.95,101.33,excel_handle_est,34.8,69.3,107.7,0.0,4.25,cliente_paga,OK,coste_estimado,OK
balliu-tumbona-de-exterior-resina-73-cm-d369d964,SV-EVARG-BLANCO-AZUL,Tumbona exterior resina playa · 73 cm tela · Eva RG,l,184.95,96.61,excel_handle_est,36.8,72.0,110.01,0.0,4.18,cliente_paga,OK,coste_estimado,OK
balliu-tumbona-de-exterior-resina-73-cm-d369d964,SV-EVARG-BLANCO-AMARILLO,Tumbona exterior resina playa · 73 cm tela · Eva RG,l,184.95,96.61,excel_handle_est,36.8,72.0,110.01,0.0,4.18,cliente_paga,OK,coste_estimado,OK
balliu-tumbona-de-exterior-resina-73-cm-d369d964,SV-EVARG-BLANCO-NARANJA,Tumbona exterior resina playa · 73 cm tela · Eva RG,l,184.95,96.61,excel_handle_est,36.8,72.0,110.01,0.0,4.18,cliente_paga,OK,coste_estimado,OK
balliu-tumbona-de-exterior-resina-73-cm-d369d964,SV-EVARG-BLANCO-VERDE-CLARO,Tumbona exterior resina playa · 73 cm tela · Eva RG,l,184.95,96.61,excel_handle_est,36.8,72.0,110.01,0.0,4.18,cliente_paga,OK,coste_estimado,OK
balliu-tumbona-de-exterior-resina-73-cm-d369d964,SV-EVARG-BLANCO-BLANCO,Tumbona exterior resina playa · 73 cm tela · Eva RG,l,184.95,96.61,excel_handle_est,36.8,72.0,110.01,0.0,4.18,cliente_paga,OK,coste_estimado,OK
balliu-tumbona-de-exterior-resina-73-cm-d369d964,SV-EVARG-BLANCO-NATURAL,Tumbona exterior resina playa · 73 cm tela · Eva RG,l,184.95,96.61,excel_handle_est,36.8,72.0,110.01,0.0,4.18,cliente_paga,OK,coste_estimado,OK
balliu-tumbona-de-exterior-resina-73-cm-d369d964,SV-EVARG-BLANCO-CAPUCHINO,Tumbona exterior resina playa · 73 cm tela · Eva RG,l,184.95,96.61,excel_handle_est,36.8,72.0,110.01,0.0,4.18,cliente_paga,OK,coste_estimado,OK
balliu-tumbona-de-exterior-resina-73-cm-d369d964,SV-EVARG-BLANCO-CAQUI,Tumbona exterior resina playa · 73 cm tela · Eva RG,l,184.95,96.61,excel_handle_est,36.8,72.0,110.01,0.0,4.18,cliente_paga,OK,coste_estimado,OK
balliu-tumbona-de-exterior-resina-73-cm-d369d964,SV-EVARG-BLANCO-MARRON-OSC,Tumbona exterior resina playa · 73 cm tela · Eva RG,l,184.95,96.61,excel_handle_est,36.8,72.0,110.01,0.0,4.18,cliente_paga,OK,coste_estimado,OK
balliu-tumbona-de-exterior-resina-73-cm-d369d964,SV-EVARG-BLANCO-ARENA,Tumbona exterior resina playa · 73 cm tela · Eva RG,l,184.95,96.61,excel_handle_est,36.8,72.0,110.01,0.0,4.18,cliente_paga,OK,coste_estimado,OK
balliu-tumbona-de-exterior-resina-73-cm-d369d964,SV-EVARG-BLANCO-VERDE-OSC,Tumbona exterior resina playa · 73 cm tela · Eva RG,l,184.95,96.61,excel_handle_est,36.8,72.0,110.01,0.0,4.18,cliente_paga,OK,coste_estimado,OK
balliu-tumbona-de-exterior-resina-73-cm-d369d964,SV-EVARG-BLANCO-AZUL-CEL,Tumbona exterior resina playa · 73 cm tela · Eva RG,l,184.95,96.61,excel_handle_est,36.8,72.0,110.01,0.0,4.18,cliente_paga,OK,coste_estimado,OK
balliu-tumbona-de-exterior-resina-73-cm-d369d964,SV-EVARG-BLANCO-CENIZA,Tumbona exterior resina playa · 73 cm tela · Eva RG,l,184.95,96.61,excel_handle_est,36.8,72.0,110.01,0.0,4.18,cliente_paga,OK,coste_estimado,OK
balliu-tumbona-de-exterior-resina-73-cm-d369d964,SV-EVARG-BLANCO-AZUL-MAR,Tumbona exterior resina playa · 73 cm tela · Eva RG,l,184.95,96.61,excel_handle_est,36.8,72.0,110.01,0.0,4.18,cliente_paga,OK,coste_estimado,OK
balliu-tumbona-de-exterior-resina-73-cm-d369d964,SV-EVARG-BLANCO-GRIS-OSC,Tumbona exterior resina playa · 73 cm tela · Eva RG,l,184.95,96.61,excel_handle_est,36.8,72.0,110.01,0.0,4.18,cliente_paga,OK,coste_estimado,OK
balliu-tumbona-de-exterior-resina-73-cm-d369d964,SV-EVARG-BLANCO-AZUL-ACERO,Tumbona exterior resina playa · 73 cm tela · Eva RG,l,184.95,96.61,excel_handle_est,36.8,72.0,110.01,0.0,4.18,cliente_paga,OK,coste_estimado,OK
balliu-tumbona-de-exterior-resina-73-cm-d369d964,SV-EVARG-ARENA-AZUL,Tumbona exterior resina playa · 73 cm tela · Eva RG,l,192.95,96.61,excel_handle_est,39.4,73.0,116.45,0.0,4.35,cliente_paga,OK,coste_estimado,OK
balliu-tumbona-de-exterior-resina-73-cm-d369d964,SV-EVARG-ARENA-AMARILLO,Tumbona exterior resina playa · 73 cm tela · Eva RG,l,192.95,96.61,excel_handle_est,39.4,73.0,116.45,0.0,4.35,cliente_paga,OK,coste_estimado,OK
balliu-tumbona-de-exterior-resina-73-cm-d369d964,SV-EVARG-ARENA-NARANJA,Tumbona exterior resina playa · 73 cm tela · Eva RG,l,192.95,96.61,excel_handle_est,39.4,73.0,116.45,0.0,4.35,cliente_paga,OK,coste_estimado,OK
balliu-tumbona-de-exterior-resina-73-cm-d369d964,SV-EVARG-ARENA-VERDE-CLARO,Tumbona exterior resina playa · 73 cm tela · Eva RG,l,192.95,96.61,excel_handle_est,39.4,73.0,116.45,0.0,4.35,cliente_paga,OK,coste_estimado,OK
balliu-tumbona-de-exterior-resina-73-cm-d369d964,SV-EVARG-ARENA-BLANCO,Tumbona exterior resina playa · 73 cm tela · Eva RG,l,192.95,96.61,excel_handle_est,39.4,73.0,116.45,0.0,4.35,cliente_paga,OK,coste_estimado,OK
balliu-tumbona-de-exterior-resina-73-cm-d369d964,SV-EVARG-ARENA-NATURAL,Tumbona exterior resina playa · 73 cm tela · Eva RG,l,192.95,96.61,excel_handle_est,39.4,73.0,116.45,0.0,4.35,cliente_paga,OK,coste_estimado,OK
balliu-tumbona-de-exterior-resina-73-cm-d369d964,SV-EVARG-ARENA-CAPUCHINO,Tumbona exterior resina playa · 73 cm tela · Eva RG,l,192.95,96.61,excel_handle_est,39.4,73.0,116.45,0.0,4.35,cliente_paga,OK,coste_estimado,OK
balliu-tumbona-de-exterior-resina-73-cm-d369d964,SV-EVARG-ARENA-CAQUI,Tumbona exterior resina playa · 73 cm tela · Eva RG,l,192.95,96.61,excel_handle_est,39.4,73.0,116.45,0.0,4.35,cliente_paga,OK,coste_estimado,OK
balliu-tumbona-de-exterior-resina-73-cm-d369d964,SV-EVARG-ARENA-MARRON-OSC,Tumbona exterior resina playa · 73 cm tela · Eva RG,l,192.95,96.61,excel_handle_est,39.4,73.0,116.45,0.0,4.35,cliente_paga,OK,coste_estimado,OK
balliu-tumbona-de-exterior-resina-73-cm-d369d964,SV-EVARG-ARENA-ARENA,Tumbona exterior resina playa · 73 cm tela · Eva RG,l,192.95,96.61,excel_handle_est,39.4,73.0,116.45,0.0,4.35,cliente_paga,OK,coste_estimado,OK
balliu-tumbona-de-exterior-resina-73-cm-d369d964,SV-EVARG-ARENA-VERDE-OSC,Tumbona exterior resina playa · 73 cm tela · Eva RG,l,192.95,96.61,excel_handle_est,39.4,73.0,116.45,0.0,4.35,cliente_paga,OK,coste_estimado,OK
balliu-tumbona-de-exterior-resina-73-cm-d369d964,SV-EVARG-ARENA-AZUL-CEL,Tumbona exterior resina playa · 73 cm tela · Eva RG,l,192.95,96.61,excel_handle_est,39.4,73.0,116.45,0.0,4.35,cliente_paga,OK,coste_estimado,OK
balliu-tumbona-de-exterior-resina-73-cm-d369d964,SV-EVARG-ARENA-CENIZA,Tumbona exterior resina playa · 73 cm tela · Eva RG,l,192.95,96.61,excel_handle_est,39.4,73.0,116.45,0.0,4.35,cliente_paga,OK,coste_estimado,OK
balliu-tumbona-de-exterior-resina-73-cm-d369d964,SV-EVARG-ARENA-AZUL-MAR,Tumbona exterior resina playa · 73 cm tela · Eva RG,l,192.95,96.61,excel_handle_est,39.4,73.0,116.45,0.0,4.35,cliente_paga,OK,coste_estimado,OK
balliu-tumbona-de-exterior-resina-73-cm-d369d964,SV-EVARG-ARENA-GRIS-OSC,Tumbona exterior resina playa · 73 cm tela · Eva RG,l,192.95,96.61,excel_handle_est,39.4,73.0,116.45,0.0,4.35,cliente_paga,OK,coste_estimado,OK
balliu-tumbona-de-exterior-resina-73-cm-d369d964,SV-EVARG-ARENA-AZUL-ACERO,Tumbona exterior resina playa · 73 cm tela · Eva RG,l,192.95,96.61,excel_handle_est,39.4,73.0,116.45,0.0,4.35,cliente_paga,OK,coste_estimado,OK
balliu-tumbona-de-exterior-resina-73-cm-0648657b,SV-EVARTG-BLANCO,Tumbona exterior resina jardín · 73 cm tablillas · Eva ,l,190.95,97.43,excel_handle_est,38.3,72.3,114.02,0.0,4.31,cliente_paga,OK,,OK
balliu-tumbona-de-exterior-resina-28ff014d,SV-NOA-ANTRACITA-AZUL,Tumbona exterior resina · Noa,l,399.9,220.25,excel_handle_est,33.4,48.3,159.5,0.0,8.7,cliente_paga,OK,coste_estimado,OK
balliu-tumbona-de-exterior-resina-28ff014d,SV-NOA-ANTRACITA-AMARILLO,Tumbona exterior resina · Noa,l,399.9,220.25,excel_handle_est,33.4,48.3,159.5,0.0,8.7,cliente_paga,OK,coste_estimado,OK
balliu-tumbona-de-exterior-resina-28ff014d,SV-NOA-ANTRACITA-NARANJA,Tumbona exterior resina · Noa,l,399.9,220.25,excel_handle_est,33.4,48.3,159.5,0.0,8.7,cliente_paga,OK,coste_estimado,OK
balliu-tumbona-de-exterior-resina-28ff014d,SV-NOA-ANTRACITA-VERDE-CLARO,Tumbona exterior resina · Noa,l,399.9,220.25,excel_handle_est,33.4,48.3,159.5,0.0,8.7,cliente_paga,OK,coste_estimado,OK
balliu-tumbona-de-exterior-resina-28ff014d,SV-NOA-ANTRACITA-BLANCO,Tumbona exterior resina · Noa,l,399.9,220.25,excel_handle_est,33.4,48.3,159.5,0.0,8.7,cliente_paga,OK,coste_estimado,OK
balliu-tumbona-de-exterior-resina-28ff014d,SV-NOA-ANTRACITA-NATURAL,Tumbona exterior resina · Noa,l,399.9,220.25,excel_handle_est,33.4,48.3,159.5,0.0,8.7,cliente_paga,OK,coste_estimado,OK
balliu-tumbona-de-exterior-resina-28ff014d,SV-NOA-ANTRACITA-CAPUCHINO,Tumbona exterior resina · Noa,l,399.9,220.25,excel_handle_est,33.4,48.3,159.5,0.0,8.7,cliente_paga,OK,coste_estimado,OK
balliu-tumbona-de-exterior-resina-28ff014d,SV-NOA-ANTRACITA-CAQUI,Tumbona exterior resina · Noa,l,399.9,220.25,excel_handle_est,33.4,48.3,159.5,0.0,8.7,cliente_paga,OK,coste_estimado,OK
balliu-tumbona-de-exterior-resina-28ff014d,SV-NOA-ANTRACITA-MARRON-OSC,Tumbona exterior resina · Noa,l,399.9,220.25,excel_handle_est,33.4,48.3,159.5,0.0,8.7,cliente_paga,OK,coste_estimado,OK
balliu-tumbona-de-exterior-resina-28ff014d,SV-NOA-ANTRACITA-ARENA,Tumbona exterior resina · Noa,l,399.9,220.25,excel_handle_est,33.4,48.3,159.5,0.0,8.7,cliente_paga,OK,coste_estimado,OK
balliu-tumbona-de-exterior-resina-28ff014d,SV-NOA-ANTRACITA-VERDE-OSC,Tumbona exterior resina · Noa,l,399.9,220.25,excel_handle_est,33.4,48.3,159.5,0.0,8.7,cliente_paga,OK,coste_estimado,OK
balliu-tumbona-de-exterior-resina-28ff014d,SV-NOA-ANTRACITA-AZUL-CEL,Tumbona exterior resina · Noa,l,399.9,220.25,excel_handle_est,33.4,48.3,159.5,0.0,8.7,cliente_paga,OK,coste_estimado,OK
balliu-tumbona-de-exterior-resina-28ff014d,SV-NOA-ANTRACITA-CENIZA,Tumbona exterior resina · Noa,l,399.9,220.25,excel_handle_est,33.4,48.3,159.5,0.0,8.7,cliente_paga,OK,coste_estimado,OK
balliu-tumbona-de-exterior-resina-28ff014d,SV-NOA-ANTRACITA-AZUL-MAR,Tumbona exterior resina · Noa,l,399.9,220.25,excel_handle_est,33.4,48.3,159.5,0.0,8.7,cliente_paga,OK,coste_estimado,OK
balliu-tumbona-de-exterior-resina-28ff014d,SV-NOA-ANTRACITA-GRIS-OSC,Tumbona exterior resina · Noa,l,399.9,220.25,excel_handle_est,33.4,48.3,159.5,0.0,8.7,cliente_paga,OK,coste_estimado,OK
balliu-tumbona-de-exterior-resina-28ff014d,SV-NOA-ANTRACITA-AZUL-ACERO,Tumbona exterior resina · Noa,l,399.9,220.25,excel_handle_est,33.4,48.3,159.5,0.0,8.7,cliente_paga,OK,coste_estimado,OK
balliu-tumbona-de-exterior-resina-28ff014d,SV-NOA-ARENA-AZUL,Tumbona exterior resina · Noa,l,399.9,220.25,excel_handle_est,33.4,48.3,159.5,0.0,8.7,cliente_paga,OK,coste_estimado,OK
balliu-tumbona-de-exterior-resina-28ff014d,SV-NOA-ARENA-AMARILLO,Tumbona exterior resina · Noa,l,399.9,220.25,excel_handle_est,33.4,48.3,159.5,0.0,8.7,cliente_paga,OK,coste_estimado,OK
balliu-tumbona-de-exterior-resina-28ff014d,SV-NOA-ARENA-NARANJA,Tumbona exterior resina · Noa,l,399.9,220.25,excel_handle_est,33.4,48.3,159.5,0.0,8.7,cliente_paga,OK,coste_estimado,OK
balliu-tumbona-de-exterior-resina-28ff014d,SV-NOA-ARENA-VERDE-CLARO,Tumbona exterior resina · Noa,l,399.9,220.25,excel_handle_est,33.4,48.3,159.5,0.0,8.7,cliente_paga,OK,coste_estimado,OK
balliu-tumbona-de-exterior-resina-28ff014d,SV-NOA-ARENA-BLANCO,Tumbona exterior resina · Noa,l,399.9,220.25,excel_handle_est,33.4,48.3,159.5,0.0,8.7,cliente_paga,OK,coste_estimado,OK
balliu-tumbona-de-exterior-resina-28ff014d,SV-NOA-ARENA-NATURAL,Tumbona exterior resina · Noa,l,399.9,220.25,excel_handle_est,33.4,48.3,159.5,0.0,8.7,cliente_paga,OK,coste_estimado,OK
balliu-tumbona-de-exterior-resina-28ff014d,SV-NOA-ARENA-CAPUCHINO,Tumbona exterior resina · Noa,l,399.9,220.25,excel_handle_est,33.4,48.3,159.5,0.0,8.7,cliente_paga,OK,coste_estimado,OK
balliu-tumbona-de-exterior-resina-28ff014d,SV-NOA-ARENA-CAQUI,Tumbona exterior resina · Noa,l,399.9,220.25,excel_handle_est,33.4,48.3,159.5,0.0,8.7,cliente_paga,OK,coste_estimado,OK
balliu-tumbona-de-exterior-resina-28ff014d,SV-NOA-ARENA-MARRON-OSC,Tumbona exterior resina · Noa,l,399.9,220.25,excel_handle_est,33.4,48.3,159.5,0.0,8.7,cliente_paga,OK,coste_estimado,OK
balliu-tumbona-de-exterior-resina-28ff014d,SV-NOA-ARENA-ARENA,Tumbona exterior resina · Noa,l,399.9,220.25,excel_handle_est,33.4,48.3,159.5,0.0,8.7,cliente_paga,OK,coste_estimado,OK
balliu-tumbona-de-exterior-resina-28ff014d,SV-NOA-ARENA-VERDE-OSC,Tumbona exterior resina · Noa,l,399.9,220.25,excel_handle_est,33.4,48.3,159.5,0.0,8.7,cliente_paga,OK,coste_estimado,OK
balliu-tumbona-de-exterior-resina-28ff014d,SV-NOA-ARENA-AZUL-CEL,Tumbona exterior resina · Noa,l,399.9,220.25,excel_handle_est,33.4,48.3,159.5,0.0,8.7,cliente_paga,OK,coste_estimado,OK
balliu-tumbona-de-exterior-resina-28ff014d,SV-NOA-ARENA-CENIZA,Tumbona exterior resina · Noa,l,399.9,220.25,excel_handle_est,33.4,48.3,159.5,0.0,8.7,cliente_paga,OK,coste_estimado,OK
balliu-tumbona-de-exterior-resina-28ff014d,SV-NOA-ARENA-AZUL-MAR,Tumbona exterior resina · Noa,l,399.9,220.25,excel_handle_est,33.4,48.3,159.5,0.0,8.7,cliente_paga,OK,coste_estimado,OK
balliu-tumbona-de-exterior-resina-28ff014d,SV-NOA-ARENA-GRIS-OSC,Tumbona exterior resina · Noa,l,399.9,220.25,excel_handle_est,33.4,48.3,159.5,0.0,8.7,cliente_paga,OK,coste_estimado,OK
balliu-tumbona-de-exterior-resina-28ff014d,SV-NOA-ARENA-AZUL-ACERO,Tumbona exterior resina · Noa,l,399.9,220.25,excel_handle_est,33.4,48.3,159.5,0.0,8.7,cliente_paga,OK,coste_estimado,OK
balliu-tumbona-de-exterior-resina-28ff014d,SV-NOA-BLANCO-AZUL,Tumbona exterior resina · Noa,l,399.9,220.25,excel_handle_est,33.4,48.3,159.5,0.0,8.7,cliente_paga,OK,coste_estimado,OK
balliu-tumbona-de-exterior-resina-28ff014d,SV-NOA-BLANCO-AMARILLO,Tumbona exterior resina · Noa,l,399.9,220.25,excel_handle_est,33.4,48.3,159.5,0.0,8.7,cliente_paga,OK,coste_estimado,OK
balliu-tumbona-de-exterior-resina-28ff014d,SV-NOA-BLANCO-NARANJA,Tumbona exterior resina · Noa,l,399.9,220.25,excel_handle_est,33.4,48.3,159.5,0.0,8.7,cliente_paga,OK,coste_estimado,OK
balliu-tumbona-de-exterior-resina-28ff014d,SV-NOA-BLANCO-VERDE-CLARO,Tumbona exterior resina · Noa,l,399.9,220.25,excel_handle_est,33.4,48.3,159.5,0.0,8.7,cliente_paga,OK,coste_estimado,OK
balliu-tumbona-de-exterior-resina-28ff014d,SV-NOA-BLANCO-BLANCO,Tumbona exterior resina · Noa,l,399.9,220.25,excel_handle_est,33.4,48.3,159.5,0.0,8.7,cliente_paga,OK,coste_estimado,OK
balliu-tumbona-de-exterior-resina-28ff014d,SV-NOA-BLANCO-NATURAL,Tumbona exterior resina · Noa,l,399.9,220.25,excel_handle_est,33.4,48.3,159.5,0.0,8.7,cliente_paga,OK,coste_estimado,OK
balliu-tumbona-de-exterior-resina-28ff014d,SV-NOA-BLANCO-CAPUCHINO,Tumbona exterior resina · Noa,l,399.9,220.25,excel_handle_est,33.4,48.3,159.5,0.0,8.7,cliente_paga,OK,coste_estimado,OK
balliu-tumbona-de-exterior-resina-28ff014d,SV-NOA-BLANCO-CAQUI,Tumbona exterior resina · Noa,l,399.9,220.25,excel_handle_est,33.4,48.3,159.5,0.0,8.7,cliente_paga,OK,coste_estimado,OK
balliu-tumbona-de-exterior-resina-28ff014d,SV-NOA-BLANCO-MARRON-OSC,Tumbona exterior resina · Noa,l,399.9,220.25,excel_handle_est,33.4,48.3,159.5,0.0,8.7,cliente_paga,OK,coste_estimado,OK
balliu-tumbona-de-exterior-resina-28ff014d,SV-NOA-BLANCO-ARENA,Tumbona exterior resina · Noa,l,399.9,220.25,excel_handle_est,33.4,48.3,159.5,0.0,8.7,cliente_paga,OK,coste_estimado,OK
balliu-tumbona-de-exterior-resina-28ff014d,SV-NOA-BLANCO-VERDE-OSC,Tumbona exterior resina · Noa,l,399.9,220.25,excel_handle_est,33.4,48.3,159.5,0.0,8.7,cliente_paga,OK,coste_estimado,OK
balliu-tumbona-de-exterior-resina-28ff014d,SV-NOA-BLANCO-AZUL-CEL,Tumbona exterior resina · Noa,l,399.9,220.25,excel_handle_est,33.4,48.3,159.5,0.0,8.7,cliente_paga,OK,coste_estimado,OK
balliu-tumbona-de-exterior-resina-28ff014d,SV-NOA-BLANCO-CENIZA,Tumbona exterior resina · Noa,l,399.9,220.25,excel_handle_est,33.4,48.3,159.5,0.0,8.7,cliente_paga,OK,coste_estimado,OK
balliu-tumbona-de-exterior-resina-28ff014d,SV-NOA-BLANCO-AZUL-MAR,Tumbona exterior resina · Noa,l,399.9,220.25,excel_handle_est,33.4,48.3,159.5,0.0,8.7,cliente_paga,OK,coste_estimado,OK
balliu-tumbona-de-exterior-resina-28ff014d,SV-NOA-BLANCO-GRIS-OSC,Tumbona exterior resina · Noa,l,399.9,220.25,excel_handle_est,33.4,48.3,159.5,0.0,8.7,cliente_paga,OK,coste_estimado,OK
balliu-tumbona-de-exterior-resina-28ff014d,SV-NOA-BLANCO-AZUL-ACERO,Tumbona exterior resina · Noa,l,399.9,220.25,excel_handle_est,33.4,48.3,159.5,0.0,8.7,cliente_paga,OK,coste_estimado,OK
balliu-tumbona-de-exterior-resina-28ff014d,SV-NOA-MADERA-AZUL,Tumbona exterior resina · Noa,l,399.9,220.25,excel_handle_est,33.4,48.3,159.5,0.0,8.7,cliente_paga,OK,coste_estimado,OK
balliu-tumbona-de-exterior-resina-28ff014d,SV-NOA-MADERA-AMARILLO,Tumbona exterior resina · Noa,l,399.9,220.25,excel_handle_est,33.4,48.3,159.5,0.0,8.7,cliente_paga,OK,coste_estimado,OK
balliu-tumbona-de-exterior-resina-28ff014d,SV-NOA-MADERA-NARANJA,Tumbona exterior resina · Noa,l,399.9,220.25,excel_handle_est,33.4,48.3,159.5,0.0,8.7,cliente_paga,OK,coste_estimado,OK
balliu-tumbona-de-exterior-resina-28ff014d,SV-NOA-MADERA-VERDE-CLARO,Tumbona exterior resina · Noa,l,399.9,220.25,excel_handle_est,33.4,48.3,159.5,0.0,8.7,cliente_paga,OK,coste_estimado,OK
balliu-tumbona-de-exterior-resina-28ff014d,SV-NOA-MADERA-BLANCO,Tumbona exterior resina · Noa,l,399.9,220.25,excel_handle_est,33.4,48.3,159.5,0.0,8.7,cliente_paga,OK,coste_estimado,OK
balliu-tumbona-de-exterior-resina-28ff014d,SV-NOA-MADERA-NATURAL,Tumbona exterior resina · Noa,l,399.9,220.25,excel_handle_est,33.4,48.3,159.5,0.0,8.7,cliente_paga,OK,coste_estimado,OK
balliu-tumbona-de-exterior-resina-28ff014d,SV-NOA-MADERA-CAPUCHINO,Tumbona exterior resina · Noa,l,399.9,220.25,excel_handle_est,33.4,48.3,159.5,0.0,8.7,cliente_paga,OK,coste_estimado,OK
balliu-tumbona-de-exterior-resina-28ff014d,SV-NOA-MADERA-CAQUI,Tumbona exterior resina · Noa,l,399.9,220.25,excel_handle_est,33.4,48.3,159.5,0.0,8.7,cliente_paga,OK,coste_estimado,OK
balliu-tumbona-de-exterior-resina-28ff014d,SV-NOA-MADERA-MARRON-OSC,Tumbona exterior resina · Noa,l,399.9,220.25,excel_handle_est,33.4,48.3,159.5,0.0,8.7,cliente_paga,OK,coste_estimado,OK
balliu-tumbona-de-exterior-resina-28ff014d,SV-NOA-MADERA-ARENA,Tumbona exterior resina · Noa,l,399.9,220.25,excel_handle_est,33.4,48.3,159.5,0.0,8.7,cliente_paga,OK,coste_estimado,OK
balliu-tumbona-de-exterior-resina-28ff014d,SV-NOA-MADERA-VERDE-OSC,Tumbona exterior resina · Noa,l,399.9,220.25,excel_handle_est,33.4,48.3,159.5,0.0,8.7,cliente_paga,OK,coste_estimado,OK
balliu-tumbona-de-exterior-resina-28ff014d,SV-NOA-MADERA-AZUL-CEL,Tumbona exterior resina · Noa,l,399.9,220.25,excel_handle_est,33.4,48.3,159.5,0.0,8.7,cliente_paga,OK,coste_estimado,OK
balliu-tumbona-de-exterior-resina-28ff014d,SV-NOA-MADERA-CENIZA,Tumbona exterior resina · Noa,l,399.9,220.25,excel_handle_est,33.4,48.3,159.5,0.0,8.7,cliente_paga,OK,coste_estimado,OK
balliu-tumbona-de-exterior-resina-28ff014d,SV-NOA-MADERA-AZUL-MAR,Tumbona exterior resina · Noa,l,399.9,220.25,excel_handle_est,33.4,48.3,159.5,0.0,8.7,cliente_paga,OK,coste_estimado,OK
balliu-tumbona-de-exterior-resina-28ff014d,SV-NOA-MADERA-GRIS-OSC,Tumbona exterior resina · Noa,l,399.9,220.25,excel_handle_est,33.4,48.3,159.5,0.0,8.7,cliente_paga,OK,coste_estimado,OK
balliu-tumbona-de-exterior-resina-28ff014d,SV-NOA-MADERA-AZUL-ACERO,Tumbona exterior resina · Noa,l,399.9,220.25,excel_handle_est,33.4,48.3,159.5,0.0,8.7,cliente_paga,OK,coste_estimado,OK
balliu-tumbona-de-exterior-resina-28ff014d,SV-NOA-TORTOLA-AZUL,Tumbona exterior resina · Noa,l,399.9,220.25,excel_handle_est,33.4,48.3,159.5,0.0,8.7,cliente_paga,OK,coste_estimado,OK
balliu-tumbona-de-exterior-resina-28ff014d,SV-NOA-TORTOLA-AMARILLO,Tumbona exterior resina · Noa,l,399.9,220.25,excel_handle_est,33.4,48.3,159.5,0.0,8.7,cliente_paga,OK,coste_estimado,OK
balliu-tumbona-de-exterior-resina-28ff014d,SV-NOA-TORTOLA-NARANJA,Tumbona exterior resina · Noa,l,399.9,220.25,excel_handle_est,33.4,48.3,159.5,0.0,8.7,cliente_paga,OK,coste_estimado,OK
balliu-tumbona-de-exterior-resina-28ff014d,SV-NOA-TORTOLA-VERDE-CLARO,Tumbona exterior resina · Noa,l,399.9,220.25,excel_handle_est,33.4,48.3,159.5,0.0,8.7,cliente_paga,OK,coste_estimado,OK
balliu-tumbona-de-exterior-resina-28ff014d,SV-NOA-TORTOLA-BLANCO,Tumbona exterior resina · Noa,l,399.9,220.25,excel_handle_est,33.4,48.3,159.5,0.0,8.7,cliente_paga,OK,coste_estimado,OK
balliu-tumbona-de-exterior-resina-28ff014d,SV-NOA-TORTOLA-NATURAL,Tumbona exterior resina · Noa,l,399.9,220.25,excel_handle_est,33.4,48.3,159.5,0.0,8.7,cliente_paga,OK,coste_estimado,OK
balliu-tumbona-de-exterior-resina-28ff014d,SV-NOA-TORTOLA-CAPUCHINO,Tumbona exterior resina · Noa,l,399.9,220.25,excel_handle_est,33.4,48.3,159.5,0.0,8.7,cliente_paga,OK,coste_estimado,OK
balliu-tumbona-de-exterior-resina-28ff014d,SV-NOA-TORTOLA-CAQUI,Tumbona exterior resina · Noa,l,399.9,220.25,excel_handle_est,33.4,48.3,159.5,0.0,8.7,cliente_paga,OK,coste_estimado,OK
balliu-tumbona-de-exterior-resina-28ff014d,SV-NOA-TORTOLA-MARRON-OSC,Tumbona exterior resina · Noa,l,399.9,220.25,excel_handle_est,33.4,48.3,159.5,0.0,8.7,cliente_paga,OK,coste_estimado,OK
balliu-tumbona-de-exterior-resina-28ff014d,SV-NOA-TORTOLA-ARENA,Tumbona exterior resina · Noa,l,399.9,220.25,excel_handle_est,33.4,48.3,159.5,0.0,8.7,cliente_paga,OK,coste_estimado,OK
balliu-tumbona-de-exterior-resina-28ff014d,SV-NOA-TORTOLA-VERDE-OSC,Tumbona exterior resina · Noa,l,399.9,220.25,excel_handle_est,33.4,48.3,159.5,0.0,8.7,cliente_paga,OK,coste_estimado,OK
balliu-tumbona-de-exterior-resina-28ff014d,SV-NOA-TORTOLA-AZUL-CEL,Tumbona exterior resina · Noa,l,399.9,220.25,excel_handle_est,33.4,48.3,159.5,0.0,8.7,cliente_paga,OK,coste_estimado,OK
balliu-tumbona-de-exterior-resina-28ff014d,SV-NOA-TORTOLA-CENIZA,Tumbona exterior resina · Noa,l,399.9,220.25,excel_handle_est,33.4,48.3,159.5,0.0,8.7,cliente_paga,OK,coste_estimado,OK
balliu-tumbona-de-exterior-resina-28ff014d,SV-NOA-TORTOLA-AZUL-MAR,Tumbona exterior resina · Noa,l,399.9,220.25,excel_handle_est,33.4,48.3,159.5,0.0,8.7,cliente_paga,OK,coste_estimado,OK
balliu-tumbona-de-exterior-resina-28ff014d,SV-NOA-TORTOLA-GRIS-OSC,Tumbona exterior resina · Noa,l,399.9,220.25,excel_handle_est,33.4,48.3,159.5,0.0,8.7,cliente_paga,OK,coste_estimado,OK
balliu-tumbona-de-exterior-resina-28ff014d,SV-NOA-TORTOLA-AZUL-ACERO,Tumbona exterior resina · Noa,l,399.9,220.25,excel_handle_est,33.4,48.3,159.5,0.0,8.7,cliente_paga,OK,coste_estimado,OK
balliu-tumbona-de-exterior-sin-ruedas-aluminio-da3f5c24,SV-OLIMPIA-SR-BLANCO-AZUL,Tumbona exterior aluminio · con/sin ruedas · Olimpia,l,539.0,301.63,excel_handle_est,32.3,29.7,132.2,0.0,11.62,envio_gratis,OK,coste_estimado,OK
balliu-tumbona-de-exterior-sin-ruedas-aluminio-da3f5c24,SV-OLIMPIA-SR-BLANCO-AMARILLO,Tumbona exterior aluminio · con/sin ruedas · Olimpia,l,539.0,301.63,excel_handle_est,32.3,29.7,132.2,0.0,11.62,envio_gratis,OK,coste_estimado,OK
balliu-tumbona-de-exterior-sin-ruedas-aluminio-da3f5c24,SV-OLIMPIA-SR-BLANCO-NARANJA,Tumbona exterior aluminio · con/sin ruedas · Olimpia,l,539.0,301.63,excel_handle_est,32.3,29.7,132.2,0.0,11.62,envio_gratis,OK,coste_estimado,OK
balliu-tumbona-de-exterior-sin-ruedas-aluminio-da3f5c24,SV-OLIMPIA-SR-BLANCO-VERDE-CLARO,Tumbona exterior aluminio · con/sin ruedas · Olimpia,l,539.0,301.63,excel_handle_est,32.3,29.7,132.2,0.0,11.62,envio_gratis,OK,coste_estimado,OK
balliu-tumbona-de-exterior-sin-ruedas-aluminio-da3f5c24,SV-OLIMPIA-SR-BLANCO-BLANCO,Tumbona exterior aluminio · con/sin ruedas · Olimpia,l,539.0,301.63,excel_handle_est,32.3,29.7,132.2,0.0,11.62,envio_gratis,OK,coste_estimado,OK
balliu-tumbona-de-exterior-sin-ruedas-aluminio-da3f5c24,SV-OLIMPIA-SR-BLANCO-NATURAL,Tumbona exterior aluminio · con/sin ruedas · Olimpia,l,539.0,301.63,excel_handle_est,32.3,29.7,132.2,0.0,11.62,envio_gratis,OK,coste_estimado,OK
balliu-tumbona-de-exterior-sin-ruedas-aluminio-da3f5c24,SV-OLIMPIA-SR-BLANCO-CAPUCHINO,Tumbona exterior aluminio · con/sin ruedas · Olimpia,l,539.0,301.63,excel_handle_est,32.3,29.7,132.2,0.0,11.62,envio_gratis,OK,coste_estimado,OK
balliu-tumbona-de-exterior-sin-ruedas-aluminio-da3f5c24,SV-OLIMPIA-SR-BLANCO-CAQUI,Tumbona exterior aluminio · con/sin ruedas · Olimpia,l,539.0,301.63,excel_handle_est,32.3,29.7,132.2,0.0,11.62,envio_gratis,OK,coste_estimado,OK
balliu-tumbona-de-exterior-sin-ruedas-aluminio-da3f5c24,SV-OLIMPIA-SR-BLANCO-MARRON-OSC,Tumbona exterior aluminio · con/sin ruedas · Olimpia,l,539.0,301.63,excel_handle_est,32.3,29.7,132.2,0.0,11.62,envio_gratis,OK,coste_estimado,OK
balliu-tumbona-de-exterior-sin-ruedas-aluminio-da3f5c24,SV-OLIMPIA-SR-BLANCO-ARENA,Tumbona exterior aluminio · con/sin ruedas · Olimpia,l,539.0,301.63,excel_handle_est,32.3,29.7,132.2,0.0,11.62,envio_gratis,OK,coste_estimado,OK
balliu-tumbona-de-exterior-sin-ruedas-aluminio-da3f5c24,SV-OLIMPIA-SR-BLANCO-VERDE-OSC,Tumbona exterior aluminio · con/sin ruedas · Olimpia,l,539.0,301.63,excel_handle_est,32.3,29.7,132.2,0.0,11.62,envio_gratis,OK,coste_estimado,OK
balliu-tumbona-de-exterior-sin-ruedas-aluminio-da3f5c24,SV-OLIMPIA-SR-BLANCO-AZUL-CEL,Tumbona exterior aluminio · con/sin ruedas · Olimpia,l,539.0,301.63,excel_handle_est,32.3,29.7,132.2,0.0,11.62,envio_gratis,OK,coste_estimado,OK
balliu-tumbona-de-exterior-sin-ruedas-aluminio-da3f5c24,SV-OLIMPIA-SR-BLANCO-CENIZA,Tumbona exterior aluminio · con/sin ruedas · Olimpia,l,539.0,301.63,excel_handle_est,32.3,29.7,132.2,0.0,11.62,envio_gratis,OK,coste_estimado,OK
balliu-tumbona-de-exterior-sin-ruedas-aluminio-da3f5c24,SV-OLIMPIA-SR-BLANCO-AZUL-MAR,Tumbona exterior aluminio · con/sin ruedas · Olimpia,l,539.0,301.63,excel_handle_est,32.3,29.7,132.2,0.0,11.62,envio_gratis,OK,coste_estimado,OK
balliu-tumbona-de-exterior-sin-ruedas-aluminio-da3f5c24,SV-OLIMPIA-SR-BLANCO-GRIS-OSC,Tumbona exterior aluminio · con/sin ruedas · Olimpia,l,539.0,301.63,excel_handle_est,32.3,29.7,132.2,0.0,11.62,envio_gratis,OK,coste_estimado,OK
balliu-tumbona-de-exterior-sin-ruedas-aluminio-da3f5c24,SV-OLIMPIA-SR-BLANCO-AZUL-ACERO,Tumbona exterior aluminio · con/sin ruedas · Olimpia,l,539.0,301.63,excel_handle_est,32.3,29.7,132.2,0.0,11.62,envio_gratis,OK,coste_estimado,OK
balliu-tumbona-de-exterior-sin-ruedas-aluminio-da3f5c24,SV-OLIMPIA-SR-TORTOLA-AZUL,Tumbona exterior aluminio · con/sin ruedas · Olimpia,l,539.0,301.63,excel_handle_est,32.3,29.7,132.2,0.0,11.62,envio_gratis,OK,coste_estimado,OK
balliu-tumbona-de-exterior-sin-ruedas-aluminio-da3f5c24,SV-OLIMPIA-SR-TORTOLA-AMARILLO,Tumbona exterior aluminio · con/sin ruedas · Olimpia,l,539.0,301.63,excel_handle_est,32.3,29.7,132.2,0.0,11.62,envio_gratis,OK,coste_estimado,OK
balliu-tumbona-de-exterior-sin-ruedas-aluminio-da3f5c24,SV-OLIMPIA-SR-TORTOLA-NARANJA,Tumbona exterior aluminio · con/sin ruedas · Olimpia,l,539.0,301.63,excel_handle_est,32.3,29.7,132.2,0.0,11.62,envio_gratis,OK,coste_estimado,OK
balliu-tumbona-de-exterior-sin-ruedas-aluminio-da3f5c24,SV-OLIMPIA-SR-TORTOLA-VERDE-CLARO,Tumbona exterior aluminio · con/sin ruedas · Olimpia,l,539.0,301.63,excel_handle_est,32.3,29.7,132.2,0.0,11.62,envio_gratis,OK,coste_estimado,OK
balliu-tumbona-de-exterior-sin-ruedas-aluminio-da3f5c24,SV-OLIMPIA-SR-TORTOLA-BLANCO,Tumbona exterior aluminio · con/sin ruedas · Olimpia,l,539.0,301.63,excel_handle_est,32.3,29.7,132.2,0.0,11.62,envio_gratis,OK,coste_estimado,OK
balliu-tumbona-de-exterior-sin-ruedas-aluminio-da3f5c24,SV-OLIMPIA-SR-TORTOLA-NATURAL,Tumbona exterior aluminio · con/sin ruedas · Olimpia,l,539.0,301.63,excel_handle_est,32.3,29.7,132.2,0.0,11.62,envio_gratis,OK,coste_estimado,OK
balliu-tumbona-de-exterior-sin-ruedas-aluminio-da3f5c24,SV-OLIMPIA-SR-TORTOLA-CAPUCHINO,Tumbona exterior aluminio · con/sin ruedas · Olimpia,l,539.0,301.63,excel_handle_est,32.3,29.7,132.2,0.0,11.62,envio_gratis,OK,coste_estimado,OK
balliu-tumbona-de-exterior-sin-ruedas-aluminio-da3f5c24,SV-OLIMPIA-SR-TORTOLA-CAQUI,Tumbona exterior aluminio · con/sin ruedas · Olimpia,l,539.0,301.63,excel_handle_est,32.3,29.7,132.2,0.0,11.62,envio_gratis,OK,coste_estimado,OK
balliu-tumbona-de-exterior-sin-ruedas-aluminio-da3f5c24,SV-OLIMPIA-SR-TORTOLA-MARRON-OSC,Tumbona exterior aluminio · con/sin ruedas · Olimpia,l,539.0,301.63,excel_handle_est,32.3,29.7,132.2,0.0,11.62,envio_gratis,OK,coste_estimado,OK
balliu-tumbona-de-exterior-sin-ruedas-aluminio-da3f5c24,SV-OLIMPIA-SR-TORTOLA-ARENA,Tumbona exterior aluminio · con/sin ruedas · Olimpia,l,539.0,301.63,excel_handle_est,32.3,29.7,132.2,0.0,11.62,envio_gratis,OK,coste_estimado,OK
balliu-tumbona-de-exterior-sin-ruedas-aluminio-da3f5c24,SV-OLIMPIA-SR-TORTOLA-VERDE-OSC,Tumbona exterior aluminio · con/sin ruedas · Olimpia,l,539.0,301.63,excel_handle_est,32.3,29.7,132.2,0.0,11.62,envio_gratis,OK,coste_estimado,OK
balliu-tumbona-de-exterior-sin-ruedas-aluminio-da3f5c24,SV-OLIMPIA-SR-TORTOLA-AZUL-CEL,Tumbona exterior aluminio · con/sin ruedas · Olimpia,l,539.0,301.63,excel_handle_est,32.3,29.7,132.2,0.0,11.62,envio_gratis,OK,coste_estimado,OK
balliu-tumbona-de-exterior-sin-ruedas-aluminio-da3f5c24,SV-OLIMPIA-SR-TORTOLA-CENIZA,Tumbona exterior aluminio · con/sin ruedas · Olimpia,l,539.0,301.63,excel_handle_est,32.3,29.7,132.2,0.0,11.62,envio_gratis,OK,coste_estimado,OK
balliu-tumbona-de-exterior-sin-ruedas-aluminio-da3f5c24,SV-OLIMPIA-SR-TORTOLA-AZUL-MAR,Tumbona exterior aluminio · con/sin ruedas · Olimpia,l,539.0,301.63,excel_handle_est,32.3,29.7,132.2,0.0,11.62,envio_gratis,OK,coste_estimado,OK
balliu-tumbona-de-exterior-sin-ruedas-aluminio-da3f5c24,SV-OLIMPIA-SR-TORTOLA-GRIS-OSC,Tumbona exterior aluminio · con/sin ruedas · Olimpia,l,539.0,301.63,excel_handle_est,32.3,29.7,132.2,0.0,11.62,envio_gratis,OK,coste_estimado,OK
balliu-tumbona-de-exterior-sin-ruedas-aluminio-da3f5c24,SV-OLIMPIA-SR-TORTOLA-AZUL-ACERO,Tumbona exterior aluminio · con/sin ruedas · Olimpia,l,539.0,301.63,excel_handle_est,32.3,29.7,132.2,0.0,11.62,envio_gratis,OK,coste_estimado,OK
balliu-tumbona-de-exterior-sin-ruedas-aluminio-da3f5c24,SV-OLIMPIA-SR-ALUMINIO-AZUL,Tumbona exterior aluminio · con/sin ruedas · Olimpia,l,539.0,301.63,excel_handle_est,32.3,29.7,132.2,0.0,11.62,envio_gratis,OK,coste_estimado,OK
balliu-tumbona-de-exterior-sin-ruedas-aluminio-da3f5c24,SV-OLIMPIA-SR-ALUMINIO-AMARILLO,Tumbona exterior aluminio · con/sin ruedas · Olimpia,l,539.0,301.63,excel_handle_est,32.3,29.7,132.2,0.0,11.62,envio_gratis,OK,coste_estimado,OK
balliu-tumbona-de-exterior-sin-ruedas-aluminio-da3f5c24,SV-OLIMPIA-SR-ALUMINIO-NARANJA,Tumbona exterior aluminio · con/sin ruedas · Olimpia,l,539.0,301.63,excel_handle_est,32.3,29.7,132.2,0.0,11.62,envio_gratis,OK,coste_estimado,OK
balliu-tumbona-de-exterior-sin-ruedas-aluminio-da3f5c24,SV-OLIMPIA-SR-ALUMINIO-VERDE-CLARO,Tumbona exterior aluminio · con/sin ruedas · Olimpia,l,539.0,301.63,excel_handle_est,32.3,29.7,132.2,0.0,11.62,envio_gratis,OK,coste_estimado,OK
balliu-tumbona-de-exterior-sin-ruedas-aluminio-da3f5c24,SV-OLIMPIA-SR-ALUMINIO-BLANCO,Tumbona exterior aluminio · con/sin ruedas · Olimpia,l,539.0,301.63,excel_handle_est,32.3,29.7,132.2,0.0,11.62,envio_gratis,OK,coste_estimado,OK
balliu-tumbona-de-exterior-sin-ruedas-aluminio-da3f5c24,SV-OLIMPIA-SR-ALUMINIO-NATURAL,Tumbona exterior aluminio · con/sin ruedas · Olimpia,l,539.0,301.63,excel_handle_est,32.3,29.7,132.2,0.0,11.62,envio_gratis,OK,coste_estimado,OK
balliu-tumbona-de-exterior-sin-ruedas-aluminio-da3f5c24,SV-OLIMPIA-SR-ALUMINIO-CAPUCHINO,Tumbona exterior aluminio · con/sin ruedas · Olimpia,l,539.0,301.63,excel_handle_est,32.3,29.7,132.2,0.0,11.62,envio_gratis,OK,coste_estimado,OK
balliu-tumbona-de-exterior-sin-ruedas-aluminio-da3f5c24,SV-OLIMPIA-SR-ALUMINIO-CAQUI,Tumbona exterior aluminio · con/sin ruedas · Olimpia,l,539.0,301.63,excel_handle_est,32.3,29.7,132.2,0.0,11.62,envio_gratis,OK,coste_estimado,OK
balliu-tumbona-de-exterior-sin-ruedas-aluminio-da3f5c24,SV-OLIMPIA-SR-ALUMINIO-MARRON-OSC,Tumbona exterior aluminio · con/sin ruedas · Olimpia,l,539.0,301.63,excel_handle_est,32.3,29.7,132.2,0.0,11.62,envio_gratis,OK,coste_estimado,OK
balliu-tumbona-de-exterior-sin-ruedas-aluminio-da3f5c24,SV-OLIMPIA-SR-ALUMINIO-ARENA,Tumbona exterior aluminio · con/sin ruedas · Olimpia,l,539.0,301.63,excel_handle_est,32.3,29.7,132.2,0.0,11.62,envio_gratis,OK,coste_estimado,OK
balliu-tumbona-de-exterior-sin-ruedas-aluminio-da3f5c24,SV-OLIMPIA-SR-ALUMINIO-VERDE-OSC,Tumbona exterior aluminio · con/sin ruedas · Olimpia,l,539.0,301.63,excel_handle_est,32.3,29.7,132.2,0.0,11.62,envio_gratis,OK,coste_estimado,OK
balliu-tumbona-de-exterior-sin-ruedas-aluminio-da3f5c24,SV-OLIMPIA-SR-ALUMINIO-AZUL-CEL,Tumbona exterior aluminio · con/sin ruedas · Olimpia,l,539.0,301.63,excel_handle_est,32.3,29.7,132.2,0.0,11.62,envio_gratis,OK,coste_estimado,OK
balliu-tumbona-de-exterior-sin-ruedas-aluminio-da3f5c24,SV-OLIMPIA-SR-ALUMINIO-CENIZA,Tumbona exterior aluminio · con/sin ruedas · Olimpia,l,539.0,301.63,excel_handle_est,32.3,29.7,132.2,0.0,11.62,envio_gratis,OK,coste_estimado,OK
balliu-tumbona-de-exterior-sin-ruedas-aluminio-da3f5c24,SV-OLIMPIA-SR-ALUMINIO-AZUL-MAR,Tumbona exterior aluminio · con/sin ruedas · Olimpia,l,539.0,301.63,excel_handle_est,32.3,29.7,132.2,0.0,11.62,envio_gratis,OK,coste_estimado,OK
balliu-tumbona-de-exterior-sin-ruedas-aluminio-da3f5c24,SV-OLIMPIA-SR-ALUMINIO-GRIS-OSC,Tumbona exterior aluminio · con/sin ruedas · Olimpia,l,539.0,301.63,excel_handle_est,32.3,29.7,132.2,0.0,11.62,envio_gratis,OK,coste_estimado,OK
balliu-tumbona-de-exterior-sin-ruedas-aluminio-da3f5c24,SV-OLIMPIA-SR-ALUMINIO-AZUL-ACERO,Tumbona exterior aluminio · con/sin ruedas · Olimpia,l,539.0,301.63,excel_handle_est,32.3,29.7,132.2,0.0,11.62,envio_gratis,OK,coste_estimado,OK
balliu-tumbona-de-exterior-sin-ruedas-aluminio-da3f5c24,SV-OLIMPIA-R-BLANCO-AZUL,Tumbona exterior aluminio · con/sin ruedas · Olimpia,l,589.0,301.63,excel_handle_est,38.0,35.4,172.47,0.0,12.67,envio_gratis,OK,coste_estimado,OK
balliu-tumbona-de-exterior-sin-ruedas-aluminio-da3f5c24,SV-OLIMPIA-R-BLANCO-AMARILLO,Tumbona exterior aluminio · con/sin ruedas · Olimpia,l,589.0,301.63,excel_handle_est,38.0,35.4,172.47,0.0,12.67,envio_gratis,OK,coste_estimado,OK
balliu-tumbona-de-exterior-sin-ruedas-aluminio-da3f5c24,SV-OLIMPIA-R-BLANCO-NARANJA,Tumbona exterior aluminio · con/sin ruedas · Olimpia,l,589.0,301.63,excel_handle_est,38.0,35.4,172.47,0.0,12.67,envio_gratis,OK,coste_estimado,OK
balliu-tumbona-de-exterior-sin-ruedas-aluminio-da3f5c24,SV-OLIMPIA-R-BLANCO-VERDE-CLARO,Tumbona exterior aluminio · con/sin ruedas · Olimpia,l,589.0,301.63,excel_handle_est,38.0,35.4,172.47,0.0,12.67,envio_gratis,OK,coste_estimado,OK
balliu-tumbona-de-exterior-sin-ruedas-aluminio-da3f5c24,SV-OLIMPIA-R-BLANCO-BLANCO,Tumbona exterior aluminio · con/sin ruedas · Olimpia,l,589.0,301.63,excel_handle_est,38.0,35.4,172.47,0.0,12.67,envio_gratis,OK,coste_estimado,OK
balliu-tumbona-de-exterior-sin-ruedas-aluminio-da3f5c24,SV-OLIMPIA-R-BLANCO-NATURAL,Tumbona exterior aluminio · con/sin ruedas · Olimpia,l,589.0,301.63,excel_handle_est,38.0,35.4,172.47,0.0,12.67,envio_gratis,OK,coste_estimado,OK
balliu-tumbona-de-exterior-sin-ruedas-aluminio-da3f5c24,SV-OLIMPIA-R-BLANCO-CAPUCHINO,Tumbona exterior aluminio · con/sin ruedas · Olimpia,l,589.0,301.63,excel_handle_est,38.0,35.4,172.47,0.0,12.67,envio_gratis,OK,coste_estimado,OK
balliu-tumbona-de-exterior-sin-ruedas-aluminio-da3f5c24,SV-OLIMPIA-R-BLANCO-CAQUI,Tumbona exterior aluminio · con/sin ruedas · Olimpia,l,589.0,301.63,excel_handle_est,38.0,35.4,172.47,0.0,12.67,envio_gratis,OK,coste_estimado,OK
balliu-tumbona-de-exterior-sin-ruedas-aluminio-da3f5c24,SV-OLIMPIA-R-BLANCO-MARRON-OSC,Tumbona exterior aluminio · con/sin ruedas · Olimpia,l,589.0,301.63,excel_handle_est,38.0,35.4,172.47,0.0,12.67,envio_gratis,OK,coste_estimado,OK
balliu-tumbona-de-exterior-sin-ruedas-aluminio-da3f5c24,SV-OLIMPIA-R-BLANCO-ARENA,Tumbona exterior aluminio · con/sin ruedas · Olimpia,l,589.0,301.63,excel_handle_est,38.0,35.4,172.47,0.0,12.67,envio_gratis,OK,coste_estimado,OK
balliu-tumbona-de-exterior-sin-ruedas-aluminio-da3f5c24,SV-OLIMPIA-R-BLANCO-VERDE-OSC,Tumbona exterior aluminio · con/sin ruedas · Olimpia,l,589.0,301.63,excel_handle_est,38.0,35.4,172.47,0.0,12.67,envio_gratis,OK,coste_estimado,OK
balliu-tumbona-de-exterior-sin-ruedas-aluminio-da3f5c24,SV-OLIMPIA-R-BLANCO-AZUL-CEL,Tumbona exterior aluminio · con/sin ruedas · Olimpia,l,589.0,301.63,excel_handle_est,38.0,35.4,172.47,0.0,12.67,envio_gratis,OK,coste_estimado,OK
balliu-tumbona-de-exterior-sin-ruedas-aluminio-da3f5c24,SV-OLIMPIA-R-BLANCO-CENIZA,Tumbona exterior aluminio · con/sin ruedas · Olimpia,l,589.0,301.63,excel_handle_est,38.0,35.4,172.47,0.0,12.67,envio_gratis,OK,coste_estimado,OK
balliu-tumbona-de-exterior-sin-ruedas-aluminio-da3f5c24,SV-OLIMPIA-R-BLANCO-AZUL-MAR,Tumbona exterior aluminio · con/sin ruedas · Olimpia,l,589.0,301.63,excel_handle_est,38.0,35.4,172.47,0.0,12.67,envio_gratis,OK,coste_estimado,OK
balliu-tumbona-de-exterior-sin-ruedas-aluminio-da3f5c24,SV-OLIMPIA-R-BLANCO-GRIS-OSC,Tumbona exterior aluminio · con/sin ruedas · Olimpia,l,589.0,301.63,excel_handle_est,38.0,35.4,172.47,0.0,12.67,envio_gratis,OK,coste_estimado,OK
balliu-tumbona-de-exterior-sin-ruedas-aluminio-da3f5c24,SV-OLIMPIA-R-BLANCO-AZUL-ACERO,Tumbona exterior aluminio · con/sin ruedas · Olimpia,l,589.0,301.63,excel_handle_est,38.0,35.4,172.47,0.0,12.67,envio_gratis,OK,coste_estimado,OK
balliu-tumbona-de-exterior-sin-ruedas-aluminio-da3f5c24,SV-OLIMPIA-R-TORTOLA-AZUL,Tumbona exterior aluminio · con/sin ruedas · Olimpia,l,589.0,301.63,excel_handle_est,38.0,35.4,172.47,0.0,12.67,envio_gratis,OK,coste_estimado,OK
balliu-tumbona-de-exterior-sin-ruedas-aluminio-da3f5c24,SV-OLIMPIA-R-TORTOLA-AMARILLO,Tumbona exterior aluminio · con/sin ruedas · Olimpia,l,589.0,301.63,excel_handle_est,38.0,35.4,172.47,0.0,12.67,envio_gratis,OK,coste_estimado,OK
balliu-tumbona-de-exterior-sin-ruedas-aluminio-da3f5c24,SV-OLIMPIA-R-TORTOLA-NARANJA,Tumbona exterior aluminio · con/sin ruedas · Olimpia,l,589.0,301.63,excel_handle_est,38.0,35.4,172.47,0.0,12.67,envio_gratis,OK,coste_estimado,OK
balliu-tumbona-de-exterior-sin-ruedas-aluminio-da3f5c24,SV-OLIMPIA-R-TORTOLA-VERDE-CLARO,Tumbona exterior aluminio · con/sin ruedas · Olimpia,l,589.0,301.63,excel_handle_est,38.0,35.4,172.47,0.0,12.67,envio_gratis,OK,coste_estimado,OK
balliu-tumbona-de-exterior-sin-ruedas-aluminio-da3f5c24,SV-OLIMPIA-R-TORTOLA-BLANCO,Tumbona exterior aluminio · con/sin ruedas · Olimpia,l,589.0,301.63,excel_handle_est,38.0,35.4,172.47,0.0,12.67,envio_gratis,OK,coste_estimado,OK
balliu-tumbona-de-exterior-sin-ruedas-aluminio-da3f5c24,SV-OLIMPIA-R-TORTOLA-NATURAL,Tumbona exterior aluminio · con/sin ruedas · Olimpia,l,589.0,301.63,excel_handle_est,38.0,35.4,172.47,0.0,12.67,envio_gratis,OK,coste_estimado,OK
balliu-tumbona-de-exterior-sin-ruedas-aluminio-da3f5c24,SV-OLIMPIA-R-TORTOLA-CAPUCHINO,Tumbona exterior aluminio · con/sin ruedas · Olimpia,l,589.0,301.63,excel_handle_est,38.0,35.4,172.47,0.0,12.67,envio_gratis,OK,coste_estimado,OK
balliu-tumbona-de-exterior-sin-ruedas-aluminio-da3f5c24,SV-OLIMPIA-R-TORTOLA-CAQUI,Tumbona exterior aluminio · con/sin ruedas · Olimpia,l,589.0,301.63,excel_handle_est,38.0,35.4,172.47,0.0,12.67,envio_gratis,OK,coste_estimado,OK
balliu-tumbona-de-exterior-sin-ruedas-aluminio-da3f5c24,SV-OLIMPIA-R-TORTOLA-MARRON-OSC,Tumbona exterior aluminio · con/sin ruedas · Olimpia,l,589.0,301.63,excel_handle_est,38.0,35.4,172.47,0.0,12.67,envio_gratis,OK,coste_estimado,OK
balliu-tumbona-de-exterior-sin-ruedas-aluminio-da3f5c24,SV-OLIMPIA-R-TORTOLA-ARENA,Tumbona exterior aluminio · con/sin ruedas · Olimpia,l,589.0,301.63,excel_handle_est,38.0,35.4,172.47,0.0,12.67,envio_gratis,OK,coste_estimado,OK
balliu-tumbona-de-exterior-sin-ruedas-aluminio-da3f5c24,SV-OLIMPIA-R-TORTOLA-VERDE-OSC,Tumbona exterior aluminio · con/sin ruedas · Olimpia,l,589.0,301.63,excel_handle_est,38.0,35.4,172.47,0.0,12.67,envio_gratis,OK,coste_estimado,OK
balliu-tumbona-de-exterior-sin-ruedas-aluminio-da3f5c24,SV-OLIMPIA-R-TORTOLA-AZUL-CEL,Tumbona exterior aluminio · con/sin ruedas · Olimpia,l,589.0,301.63,excel_handle_est,38.0,35.4,172.47,0.0,12.67,envio_gratis,OK,coste_estimado,OK
balliu-tumbona-de-exterior-sin-ruedas-aluminio-da3f5c24,SV-OLIMPIA-R-TORTOLA-CENIZA,Tumbona exterior aluminio · con/sin ruedas · Olimpia,l,589.0,301.63,excel_handle_est,38.0,35.4,172.47,0.0,12.67,envio_gratis,OK,coste_estimado,OK
balliu-tumbona-de-exterior-sin-ruedas-aluminio-da3f5c24,SV-OLIMPIA-R-TORTOLA-AZUL-MAR,Tumbona exterior aluminio · con/sin ruedas · Olimpia,l,589.0,301.63,excel_handle_est,38.0,35.4,172.47,0.0,12.67,envio_gratis,OK,coste_estimado,OK
balliu-tumbona-de-exterior-sin-ruedas-aluminio-da3f5c24,SV-OLIMPIA-R-TORTOLA-GRIS-OSC,Tumbona exterior aluminio · con/sin ruedas · Olimpia,l,589.0,301.63,excel_handle_est,38.0,35.4,172.47,0.0,12.67,envio_gratis,OK,coste_estimado,OK
balliu-tumbona-de-exterior-sin-ruedas-aluminio-da3f5c24,SV-OLIMPIA-R-TORTOLA-AZUL-ACERO,Tumbona exterior aluminio · con/sin ruedas · Olimpia,l,589.0,301.63,excel_handle_est,38.0,35.4,172.47,0.0,12.67,envio_gratis,OK,coste_estimado,OK
balliu-tumbona-de-exterior-sin-ruedas-aluminio-da3f5c24,SV-OLIMPIA-R-ALUMINIO-AZUL,Tumbona exterior aluminio · con/sin ruedas · Olimpia,l,589.0,301.63,excel_handle_est,38.0,35.4,172.47,0.0,12.67,envio_gratis,OK,coste_estimado,OK
balliu-tumbona-de-exterior-sin-ruedas-aluminio-da3f5c24,SV-OLIMPIA-R-ALUMINIO-AMARILLO,Tumbona exterior aluminio · con/sin ruedas · Olimpia,l,589.0,301.63,excel_handle_est,38.0,35.4,172.47,0.0,12.67,envio_gratis,OK,coste_estimado,OK
balliu-tumbona-de-exterior-sin-ruedas-aluminio-da3f5c24,SV-OLIMPIA-R-ALUMINIO-NARANJA,Tumbona exterior aluminio · con/sin ruedas · Olimpia,l,589.0,301.63,excel_handle_est,38.0,35.4,172.47,0.0,12.67,envio_gratis,OK,coste_estimado,OK
balliu-tumbona-de-exterior-sin-ruedas-aluminio-da3f5c24,SV-OLIMPIA-R-ALUMINIO-VERDE-CLARO,Tumbona exterior aluminio · con/sin ruedas · Olimpia,l,589.0,301.63,excel_handle_est,38.0,35.4,172.47,0.0,12.67,envio_gratis,OK,coste_estimado,OK
balliu-tumbona-de-exterior-sin-ruedas-aluminio-da3f5c24,SV-OLIMPIA-R-ALUMINIO-BLANCO,Tumbona exterior aluminio · con/sin ruedas · Olimpia,l,589.0,301.63,excel_handle_est,38.0,35.4,172.47,0.0,12.67,envio_gratis,OK,coste_estimado,OK
balliu-tumbona-de-exterior-sin-ruedas-aluminio-da3f5c24,SV-OLIMPIA-R-ALUMINIO-NATURAL,Tumbona exterior aluminio · con/sin ruedas · Olimpia,l,589.0,301.63,excel_handle_est,38.0,35.4,172.47,0.0,12.67,envio_gratis,OK,coste_estimado,OK
balliu-tumbona-de-exterior-sin-ruedas-aluminio-da3f5c24,SV-OLIMPIA-R-ALUMINIO-CAPUCHINO,Tumbona exterior aluminio · con/sin ruedas · Olimpia,l,589.0,301.63,excel_handle_est,38.0,35.4,172.47,0.0,12.67,envio_gratis,OK,coste_estimado,OK
balliu-tumbona-de-exterior-sin-ruedas-aluminio-da3f5c24,SV-OLIMPIA-R-ALUMINIO-CAQUI,Tumbona exterior aluminio · con/sin ruedas · Olimpia,l,589.0,301.63,excel_handle_est,38.0,35.4,172.47,0.0,12.67,envio_gratis,OK,coste_estimado,OK
balliu-tumbona-de-exterior-sin-ruedas-aluminio-da3f5c24,SV-OLIMPIA-R-ALUMINIO-MARRON-OSC,Tumbona exterior aluminio · con/sin ruedas · Olimpia,l,589.0,301.63,excel_handle_est,38.0,35.4,172.47,0.0,12.67,envio_gratis,OK,coste_estimado,OK
balliu-tumbona-de-exterior-sin-ruedas-aluminio-da3f5c24,SV-OLIMPIA-R-ALUMINIO-ARENA,Tumbona exterior aluminio · con/sin ruedas · Olimpia,l,589.0,301.63,excel_handle_est,38.0,35.4,172.47,0.0,12.67,envio_gratis,OK,coste_estimado,OK
balliu-tumbona-de-exterior-sin-ruedas-aluminio-da3f5c24,SV-OLIMPIA-R-ALUMINIO-VERDE-OSC,Tumbona exterior aluminio · con/sin ruedas · Olimpia,l,589.0,301.63,excel_handle_est,38.0,35.4,172.47,0.0,12.67,envio_gratis,OK,coste_estimado,OK
balliu-tumbona-de-exterior-sin-ruedas-aluminio-da3f5c24,SV-OLIMPIA-R-ALUMINIO-AZUL-CEL,Tumbona exterior aluminio · con/sin ruedas · Olimpia,l,589.0,301.63,excel_handle_est,38.0,35.4,172.47,0.0,12.67,envio_gratis,OK,coste_estimado,OK
balliu-tumbona-de-exterior-sin-ruedas-aluminio-da3f5c24,SV-OLIMPIA-R-ALUMINIO-CENIZA,Tumbona exterior aluminio · con/sin ruedas · Olimpia,l,589.0,301.63,excel_handle_est,38.0,35.4,172.47,0.0,12.67,envio_gratis,OK,coste_estimado,OK
balliu-tumbona-de-exterior-sin-ruedas-aluminio-da3f5c24,SV-OLIMPIA-R-ALUMINIO-AZUL-MAR,Tumbona exterior aluminio · con/sin ruedas · Olimpia,l,589.0,301.63,excel_handle_est,38.0,35.4,172.47,0.0,12.67,envio_gratis,OK,coste_estimado,OK
balliu-tumbona-de-exterior-sin-ruedas-aluminio-da3f5c24,SV-OLIMPIA-R-ALUMINIO-GRIS-OSC,Tumbona exterior aluminio · con/sin ruedas · Olimpia,l,589.0,301.63,excel_handle_est,38.0,35.4,172.47,0.0,12.67,envio_gratis,OK,coste_estimado,OK
balliu-tumbona-de-exterior-sin-ruedas-aluminio-da3f5c24,SV-OLIMPIA-R-ALUMINIO-AZUL-ACERO,Tumbona exterior aluminio · con/sin ruedas · Olimpia,l,589.0,301.63,excel_handle_est,38.0,35.4,172.47,0.0,12.67,envio_gratis,OK,coste_estimado,OK
balliu-tumbona-de-exterior-aluminio-36870d09,SV-ETNA-SR-BLANCO-AZUL,Tumbona exterior aluminio · Etna,l,426.95,240.91,excel_handle_est,31.7,45.5,160.63,0.0,9.27,cliente_paga,OK,coste_estimado,OK
balliu-tumbona-de-exterior-aluminio-36870d09,SV-ETNA-SR-BLANCO-AMARILLO,Tumbona exterior aluminio · Etna,l,426.95,240.91,excel_handle_est,31.7,45.5,160.63,0.0,9.27,cliente_paga,OK,coste_estimado,OK
balliu-tumbona-de-exterior-aluminio-36870d09,SV-ETNA-SR-BLANCO-NARANJA,Tumbona exterior aluminio · Etna,l,426.95,240.91,excel_handle_est,31.7,45.5,160.63,0.0,9.27,cliente_paga,OK,coste_estimado,OK
balliu-tumbona-de-exterior-aluminio-36870d09,SV-ETNA-SR-BLANCO-VERDE-CLARO,Tumbona exterior aluminio · Etna,l,426.95,240.91,excel_handle_est,31.7,45.5,160.63,0.0,9.27,cliente_paga,OK,coste_estimado,OK
balliu-tumbona-de-exterior-aluminio-36870d09,SV-ETNA-SR-BLANCO-BLANCO,Tumbona exterior aluminio · Etna,l,426.95,240.91,excel_handle_est,31.7,45.5,160.63,0.0,9.27,cliente_paga,OK,coste_estimado,OK
balliu-tumbona-de-exterior-aluminio-36870d09,SV-ETNA-SR-BLANCO-NATURAL,Tumbona exterior aluminio · Etna,l,426.95,240.91,excel_handle_est,31.7,45.5,160.63,0.0,9.27,cliente_paga,OK,coste_estimado,OK
balliu-tumbona-de-exterior-aluminio-36870d09,SV-ETNA-SR-BLANCO-CAPUCHINO,Tumbona exterior aluminio · Etna,l,426.95,240.91,excel_handle_est,31.7,45.5,160.63,0.0,9.27,cliente_paga,OK,coste_estimado,OK
balliu-tumbona-de-exterior-aluminio-36870d09,SV-ETNA-SR-BLANCO-CAQUI,Tumbona exterior aluminio · Etna,l,426.95,240.91,excel_handle_est,31.7,45.5,160.63,0.0,9.27,cliente_paga,OK,coste_estimado,OK
balliu-tumbona-de-exterior-aluminio-36870d09,SV-ETNA-SR-BLANCO-MARRON-OSC,Tumbona exterior aluminio · Etna,l,426.95,240.91,excel_handle_est,31.7,45.5,160.63,0.0,9.27,cliente_paga,OK,coste_estimado,OK
balliu-tumbona-de-exterior-aluminio-36870d09,SV-ETNA-SR-BLANCO-ARENA,Tumbona exterior aluminio · Etna,l,426.95,240.91,excel_handle_est,31.7,45.5,160.63,0.0,9.27,cliente_paga,OK,coste_estimado,OK
balliu-tumbona-de-exterior-aluminio-36870d09,SV-ETNA-SR-BLANCO-VERDE-OSC,Tumbona exterior aluminio · Etna,l,426.95,240.91,excel_handle_est,31.7,45.5,160.63,0.0,9.27,cliente_paga,OK,coste_estimado,OK
balliu-tumbona-de-exterior-aluminio-36870d09,SV-ETNA-SR-BLANCO-AZUL-CEL,Tumbona exterior aluminio · Etna,l,426.95,240.91,excel_handle_est,31.7,45.5,160.63,0.0,9.27,cliente_paga,OK,coste_estimado,OK
balliu-tumbona-de-exterior-aluminio-36870d09,SV-ETNA-SR-BLANCO-CENIZA,Tumbona exterior aluminio · Etna,l,426.95,240.91,excel_handle_est,31.7,45.5,160.63,0.0,9.27,cliente_paga,OK,coste_estimado,OK
balliu-tumbona-de-exterior-aluminio-36870d09,SV-ETNA-SR-BLANCO-AZUL-MAR,Tumbona exterior aluminio · Etna,l,426.95,240.91,excel_handle_est,31.7,45.5,160.63,0.0,9.27,cliente_paga,OK,coste_estimado,OK
balliu-tumbona-de-exterior-aluminio-36870d09,SV-ETNA-SR-BLANCO-GRIS-OSC,Tumbona exterior aluminio · Etna,l,426.95,240.91,excel_handle_est,31.7,45.5,160.63,0.0,9.27,cliente_paga,OK,coste_estimado,OK
balliu-tumbona-de-exterior-aluminio-36870d09,SV-ETNA-SR-BLANCO-AZUL-ACERO,Tumbona exterior aluminio · Etna,l,426.95,240.91,excel_handle_est,31.7,45.5,160.63,0.0,9.27,cliente_paga,OK,coste_estimado,OK
balliu-tumbona-de-exterior-aluminio-36870d09,SV-ETNA-SR-TORTOLA-AZUL,Tumbona exterior aluminio · Etna,l,426.95,240.91,excel_handle_est,31.7,45.5,160.63,0.0,9.27,cliente_paga,OK,coste_estimado,OK
balliu-tumbona-de-exterior-aluminio-36870d09,SV-ETNA-SR-TORTOLA-AMARILLO,Tumbona exterior aluminio · Etna,l,426.95,240.91,excel_handle_est,31.7,45.5,160.63,0.0,9.27,cliente_paga,OK,coste_estimado,OK
balliu-tumbona-de-exterior-aluminio-36870d09,SV-ETNA-SR-TORTOLA-NARANJA,Tumbona exterior aluminio · Etna,l,426.95,240.91,excel_handle_est,31.7,45.5,160.63,0.0,9.27,cliente_paga,OK,coste_estimado,OK
balliu-tumbona-de-exterior-aluminio-36870d09,SV-ETNA-SR-TORTOLA-VERDE-CLARO,Tumbona exterior aluminio · Etna,l,426.95,240.91,excel_handle_est,31.7,45.5,160.63,0.0,9.27,cliente_paga,OK,coste_estimado,OK
balliu-tumbona-de-exterior-aluminio-36870d09,SV-ETNA-SR-TORTOLA-BLANCO,Tumbona exterior aluminio · Etna,l,426.95,240.91,excel_handle_est,31.7,45.5,160.63,0.0,9.27,cliente_paga,OK,coste_estimado,OK
balliu-tumbona-de-exterior-aluminio-36870d09,SV-ETNA-SR-TORTOLA-NATURAL,Tumbona exterior aluminio · Etna,l,426.95,240.91,excel_handle_est,31.7,45.5,160.63,0.0,9.27,cliente_paga,OK,coste_estimado,OK
balliu-tumbona-de-exterior-aluminio-36870d09,SV-ETNA-SR-TORTOLA-CAPUCHINO,Tumbona exterior aluminio · Etna,l,426.95,240.91,excel_handle_est,31.7,45.5,160.63,0.0,9.27,cliente_paga,OK,coste_estimado,OK
balliu-tumbona-de-exterior-aluminio-36870d09,SV-ETNA-SR-TORTOLA-CAQUI,Tumbona exterior aluminio · Etna,l,426.95,240.91,excel_handle_est,31.7,45.5,160.63,0.0,9.27,cliente_paga,OK,coste_estimado,OK
balliu-tumbona-de-exterior-aluminio-36870d09,SV-ETNA-SR-TORTOLA-MARRON-OSC,Tumbona exterior aluminio · Etna,l,426.95,240.91,excel_handle_est,31.7,45.5,160.63,0.0,9.27,cliente_paga,OK,coste_estimado,OK
balliu-tumbona-de-exterior-aluminio-36870d09,SV-ETNA-SR-TORTOLA-ARENA,Tumbona exterior aluminio · Etna,l,426.95,240.91,excel_handle_est,31.7,45.5,160.63,0.0,9.27,cliente_paga,OK,coste_estimado,OK
balliu-tumbona-de-exterior-aluminio-36870d09,SV-ETNA-SR-TORTOLA-VERDE-OSC,Tumbona exterior aluminio · Etna,l,426.95,240.91,excel_handle_est,31.7,45.5,160.63,0.0,9.27,cliente_paga,OK,coste_estimado,OK
balliu-tumbona-de-exterior-aluminio-36870d09,SV-ETNA-SR-TORTOLA-AZUL-CEL,Tumbona exterior aluminio · Etna,l,426.95,240.91,excel_handle_est,31.7,45.5,160.63,0.0,9.27,cliente_paga,OK,coste_estimado,OK
balliu-tumbona-de-exterior-aluminio-36870d09,SV-ETNA-SR-TORTOLA-CENIZA,Tumbona exterior aluminio · Etna,l,426.95,240.91,excel_handle_est,31.7,45.5,160.63,0.0,9.27,cliente_paga,OK,coste_estimado,OK
balliu-tumbona-de-exterior-aluminio-36870d09,SV-ETNA-SR-TORTOLA-AZUL-MAR,Tumbona exterior aluminio · Etna,l,426.95,240.91,excel_handle_est,31.7,45.5,160.63,0.0,9.27,cliente_paga,OK,coste_estimado,OK
balliu-tumbona-de-exterior-aluminio-36870d09,SV-ETNA-SR-TORTOLA-GRIS-OSC,Tumbona exterior aluminio · Etna,l,426.95,240.91,excel_handle_est,31.7,45.5,160.63,0.0,9.27,cliente_paga,OK,coste_estimado,OK
balliu-tumbona-de-exterior-aluminio-36870d09,SV-ETNA-SR-TORTOLA-AZUL-ACERO,Tumbona exterior aluminio · Etna,l,426.95,240.91,excel_handle_est,31.7,45.5,160.63,0.0,9.27,cliente_paga,OK,coste_estimado,OK
balliu-tumbona-de-exterior-aluminio-36870d09,SV-ETNA-SR-ALUMINIO-AZUL,Tumbona exterior aluminio · Etna,l,426.95,240.91,excel_handle_est,31.7,45.5,160.63,0.0,9.27,cliente_paga,OK,coste_estimado,OK
balliu-tumbona-de-exterior-aluminio-36870d09,SV-ETNA-SR-ALUMINIO-AMARILLO,Tumbona exterior aluminio · Etna,l,426.95,240.91,excel_handle_est,31.7,45.5,160.63,0.0,9.27,cliente_paga,OK,coste_estimado,OK
balliu-tumbona-de-exterior-aluminio-36870d09,SV-ETNA-SR-ALUMINIO-NARANJA,Tumbona exterior aluminio · Etna,l,426.95,240.91,excel_handle_est,31.7,45.5,160.63,0.0,9.27,cliente_paga,OK,coste_estimado,OK
balliu-tumbona-de-exterior-aluminio-36870d09,SV-ETNA-SR-ALUMINIO-VERDE-CLARO,Tumbona exterior aluminio · Etna,l,426.95,240.91,excel_handle_est,31.7,45.5,160.63,0.0,9.27,cliente_paga,OK,coste_estimado,OK
balliu-tumbona-de-exterior-aluminio-36870d09,SV-ETNA-SR-ALUMINIO-BLANCO,Tumbona exterior aluminio · Etna,l,426.95,240.91,excel_handle_est,31.7,45.5,160.63,0.0,9.27,cliente_paga,OK,coste_estimado,OK
balliu-tumbona-de-exterior-aluminio-36870d09,SV-ETNA-SR-ALUMINIO-NATURAL,Tumbona exterior aluminio · Etna,l,426.95,240.91,excel_handle_est,31.7,45.5,160.63,0.0,9.27,cliente_paga,OK,coste_estimado,OK
balliu-tumbona-de-exterior-aluminio-36870d09,SV-ETNA-SR-ALUMINIO-CAPUCHINO,Tumbona exterior aluminio · Etna,l,426.95,240.91,excel_handle_est,31.7,45.5,160.63,0.0,9.27,cliente_paga,OK,coste_estimado,OK
balliu-tumbona-de-exterior-aluminio-36870d09,SV-ETNA-SR-ALUMINIO-CAQUI,Tumbona exterior aluminio · Etna,l,426.95,240.91,excel_handle_est,31.7,45.5,160.63,0.0,9.27,cliente_paga,OK,coste_estimado,OK
balliu-tumbona-de-exterior-aluminio-36870d09,SV-ETNA-SR-ALUMINIO-MARRON-OSC,Tumbona exterior aluminio · Etna,l,426.95,240.91,excel_handle_est,31.7,45.5,160.63,0.0,9.27,cliente_paga,OK,coste_estimado,OK
balliu-tumbona-de-exterior-aluminio-36870d09,SV-ETNA-SR-ALUMINIO-ARENA,Tumbona exterior aluminio · Etna,l,426.95,240.91,excel_handle_est,31.7,45.5,160.63,0.0,9.27,cliente_paga,OK,coste_estimado,OK
balliu-tumbona-de-exterior-aluminio-36870d09,SV-ETNA-SR-ALUMINIO-VERDE-OSC,Tumbona exterior aluminio · Etna,l,426.95,240.91,excel_handle_est,31.7,45.5,160.63,0.0,9.27,cliente_paga,OK,coste_estimado,OK
balliu-tumbona-de-exterior-aluminio-36870d09,SV-ETNA-SR-ALUMINIO-AZUL-CEL,Tumbona exterior aluminio · Etna,l,426.95,240.91,excel_handle_est,31.7,45.5,160.63,0.0,9.27,cliente_paga,OK,coste_estimado,OK
balliu-tumbona-de-exterior-aluminio-36870d09,SV-ETNA-SR-ALUMINIO-CENIZA,Tumbona exterior aluminio · Etna,l,426.95,240.91,excel_handle_est,31.7,45.5,160.63,0.0,9.27,cliente_paga,OK,coste_estimado,OK
balliu-tumbona-de-exterior-aluminio-36870d09,SV-ETNA-SR-ALUMINIO-AZUL-MAR,Tumbona exterior aluminio · Etna,l,426.95,240.91,excel_handle_est,31.7,45.5,160.63,0.0,9.27,cliente_paga,OK,coste_estimado,OK
balliu-tumbona-de-exterior-aluminio-36870d09,SV-ETNA-SR-ALUMINIO-GRIS-OSC,Tumbona exterior aluminio · Etna,l,426.95,240.91,excel_handle_est,31.7,45.5,160.63,0.0,9.27,cliente_paga,OK,coste_estimado,OK
balliu-tumbona-de-exterior-aluminio-36870d09,SV-ETNA-SR-ALUMINIO-AZUL-ACERO,Tumbona exterior aluminio · Etna,l,426.95,240.91,excel_handle_est,31.7,45.5,160.63,0.0,9.27,cliente_paga,OK,coste_estimado,OK
balliu-tumbona-de-exterior-aluminio-36870d09,SV-ETNA-R-BLANCO-AZUL,Tumbona exterior aluminio · Etna,l,449.9,240.91,excel_handle_est,35.2,48.2,179.11,0.0,9.75,cliente_paga,OK,coste_estimado,OK
balliu-tumbona-de-exterior-aluminio-36870d09,SV-ETNA-R-BLANCO-AMARILLO,Tumbona exterior aluminio · Etna,l,449.9,240.91,excel_handle_est,35.2,48.2,179.11,0.0,9.75,cliente_paga,OK,coste_estimado,OK
balliu-tumbona-de-exterior-aluminio-36870d09,SV-ETNA-R-BLANCO-NARANJA,Tumbona exterior aluminio · Etna,l,449.9,240.91,excel_handle_est,35.2,48.2,179.11,0.0,9.75,cliente_paga,OK,coste_estimado,OK
balliu-tumbona-de-exterior-aluminio-36870d09,SV-ETNA-R-BLANCO-VERDE-CLARO,Tumbona exterior aluminio · Etna,l,449.9,240.91,excel_handle_est,35.2,48.2,179.11,0.0,9.75,cliente_paga,OK,coste_estimado,OK
balliu-tumbona-de-exterior-aluminio-36870d09,SV-ETNA-R-BLANCO-BLANCO,Tumbona exterior aluminio · Etna,l,449.9,240.91,excel_handle_est,35.2,48.2,179.11,0.0,9.75,cliente_paga,OK,coste_estimado,OK
balliu-tumbona-de-exterior-aluminio-36870d09,SV-ETNA-R-BLANCO-NATURAL,Tumbona exterior aluminio · Etna,l,449.9,240.91,excel_handle_est,35.2,48.2,179.11,0.0,9.75,cliente_paga,OK,coste_estimado,OK
balliu-tumbona-de-exterior-aluminio-36870d09,SV-ETNA-R-BLANCO-CAPUCHINO,Tumbona exterior aluminio · Etna,l,449.9,240.91,excel_handle_est,35.2,48.2,179.11,0.0,9.75,cliente_paga,OK,coste_estimado,OK
balliu-tumbona-de-exterior-aluminio-36870d09,SV-ETNA-R-BLANCO-CAQUI,Tumbona exterior aluminio · Etna,l,449.9,240.91,excel_handle_est,35.2,48.2,179.11,0.0,9.75,cliente_paga,OK,coste_estimado,OK
balliu-tumbona-de-exterior-aluminio-36870d09,SV-ETNA-R-BLANCO-MARRON-OSC,Tumbona exterior aluminio · Etna,l,449.9,240.91,excel_handle_est,35.2,48.2,179.11,0.0,9.75,cliente_paga,OK,coste_estimado,OK
balliu-tumbona-de-exterior-aluminio-36870d09,SV-ETNA-R-BLANCO-ARENA,Tumbona exterior aluminio · Etna,l,449.9,240.91,excel_handle_est,35.2,48.2,179.11,0.0,9.75,cliente_paga,OK,coste_estimado,OK
balliu-tumbona-de-exterior-aluminio-36870d09,SV-ETNA-R-BLANCO-VERDE-OSC,Tumbona exterior aluminio · Etna,l,449.9,240.91,excel_handle_est,35.2,48.2,179.11,0.0,9.75,cliente_paga,OK,coste_estimado,OK
balliu-tumbona-de-exterior-aluminio-36870d09,SV-ETNA-R-BLANCO-AZUL-CEL,Tumbona exterior aluminio · Etna,l,449.9,240.91,excel_handle_est,35.2,48.2,179.11,0.0,9.75,cliente_paga,OK,coste_estimado,OK
balliu-tumbona-de-exterior-aluminio-36870d09,SV-ETNA-R-BLANCO-CENIZA,Tumbona exterior aluminio · Etna,l,449.9,240.91,excel_handle_est,35.2,48.2,179.11,0.0,9.75,cliente_paga,OK,coste_estimado,OK
balliu-tumbona-de-exterior-aluminio-36870d09,SV-ETNA-R-BLANCO-AZUL-MAR,Tumbona exterior aluminio · Etna,l,449.9,240.91,excel_handle_est,35.2,48.2,179.11,0.0,9.75,cliente_paga,OK,coste_estimado,OK
balliu-tumbona-de-exterior-aluminio-36870d09,SV-ETNA-R-BLANCO-GRIS-OSC,Tumbona exterior aluminio · Etna,l,449.9,240.91,excel_handle_est,35.2,48.2,179.11,0.0,9.75,cliente_paga,OK,coste_estimado,OK
balliu-tumbona-de-exterior-aluminio-36870d09,SV-ETNA-R-BLANCO-AZUL-ACERO,Tumbona exterior aluminio · Etna,l,449.9,240.91,excel_handle_est,35.2,48.2,179.11,0.0,9.75,cliente_paga,OK,coste_estimado,OK
balliu-tumbona-de-exterior-aluminio-36870d09,SV-ETNA-R-TORTOLA-AZUL,Tumbona exterior aluminio · Etna,l,449.9,240.91,excel_handle_est,35.2,48.2,179.11,0.0,9.75,cliente_paga,OK,coste_estimado,OK
balliu-tumbona-de-exterior-aluminio-36870d09,SV-ETNA-R-TORTOLA-AMARILLO,Tumbona exterior aluminio · Etna,l,449.9,240.91,excel_handle_est,35.2,48.2,179.11,0.0,9.75,cliente_paga,OK,coste_estimado,OK
balliu-tumbona-de-exterior-aluminio-36870d09,SV-ETNA-R-TORTOLA-NARANJA,Tumbona exterior aluminio · Etna,l,449.9,240.91,excel_handle_est,35.2,48.2,179.11,0.0,9.75,cliente_paga,OK,coste_estimado,OK
balliu-tumbona-de-exterior-aluminio-36870d09,SV-ETNA-R-TORTOLA-VERDE-CLARO,Tumbona exterior aluminio · Etna,l,449.9,240.91,excel_handle_est,35.2,48.2,179.11,0.0,9.75,cliente_paga,OK,coste_estimado,OK
balliu-tumbona-de-exterior-aluminio-36870d09,SV-ETNA-R-TORTOLA-BLANCO,Tumbona exterior aluminio · Etna,l,449.9,240.91,excel_handle_est,35.2,48.2,179.11,0.0,9.75,cliente_paga,OK,coste_estimado,OK
balliu-tumbona-de-exterior-aluminio-36870d09,SV-ETNA-R-TORTOLA-NATURAL,Tumbona exterior aluminio · Etna,l,449.9,240.91,excel_handle_est,35.2,48.2,179.11,0.0,9.75,cliente_paga,OK,coste_estimado,OK
balliu-tumbona-de-exterior-aluminio-36870d09,SV-ETNA-R-TORTOLA-CAPUCHINO,Tumbona exterior aluminio · Etna,l,449.9,240.91,excel_handle_est,35.2,48.2,179.11,0.0,9.75,cliente_paga,OK,coste_estimado,OK
balliu-tumbona-de-exterior-aluminio-36870d09,SV-ETNA-R-TORTOLA-CAQUI,Tumbona exterior aluminio · Etna,l,449.9,240.91,excel_handle_est,35.2,48.2,179.11,0.0,9.75,cliente_paga,OK,coste_estimado,OK
balliu-tumbona-de-exterior-aluminio-36870d09,SV-ETNA-R-TORTOLA-MARRON-OSC,Tumbona exterior aluminio · Etna,l,449.9,240.91,excel_handle_est,35.2,48.2,179.11,0.0,9.75,cliente_paga,OK,coste_estimado,OK
balliu-tumbona-de-exterior-aluminio-36870d09,SV-ETNA-R-TORTOLA-ARENA,Tumbona exterior aluminio · Etna,l,449.9,240.91,excel_handle_est,35.2,48.2,179.11,0.0,9.75,cliente_paga,OK,coste_estimado,OK
balliu-tumbona-de-exterior-aluminio-36870d09,SV-ETNA-R-TORTOLA-VERDE-OSC,Tumbona exterior aluminio · Etna,l,449.9,240.91,excel_handle_est,35.2,48.2,179.11,0.0,9.75,cliente_paga,OK,coste_estimado,OK
balliu-tumbona-de-exterior-aluminio-36870d09,SV-ETNA-R-TORTOLA-AZUL-CEL,Tumbona exterior aluminio · Etna,l,449.9,240.91,excel_handle_est,35.2,48.2,179.11,0.0,9.75,cliente_paga,OK,coste_estimado,OK
balliu-tumbona-de-exterior-aluminio-36870d09,SV-ETNA-R-TORTOLA-CENIZA,Tumbona exterior aluminio · Etna,l,449.9,240.91,excel_handle_est,35.2,48.2,179.11,0.0,9.75,cliente_paga,OK,coste_estimado,OK
balliu-tumbona-de-exterior-aluminio-36870d09,SV-ETNA-R-TORTOLA-AZUL-MAR,Tumbona exterior aluminio · Etna,l,449.9,240.91,excel_handle_est,35.2,48.2,179.11,0.0,9.75,cliente_paga,OK,coste_estimado,OK
balliu-tumbona-de-exterior-aluminio-36870d09,SV-ETNA-R-TORTOLA-GRIS-OSC,Tumbona exterior aluminio · Etna,l,449.9,240.91,excel_handle_est,35.2,48.2,179.11,0.0,9.75,cliente_paga,OK,coste_estimado,OK
balliu-tumbona-de-exterior-aluminio-36870d09,SV-ETNA-R-TORTOLA-AZUL-ACERO,Tumbona exterior aluminio · Etna,l,449.9,240.91,excel_handle_est,35.2,48.2,179.11,0.0,9.75,cliente_paga,OK,coste_estimado,OK
balliu-tumbona-de-exterior-aluminio-36870d09,SV-ETNA-R-ALUMINIO-AZUL,Tumbona exterior aluminio · Etna,l,449.9,240.91,excel_handle_est,35.2,48.2,179.11,0.0,9.75,cliente_paga,OK,coste_estimado,OK
balliu-tumbona-de-exterior-aluminio-36870d09,SV-ETNA-R-ALUMINIO-AMARILLO,Tumbona exterior aluminio · Etna,l,449.9,240.91,excel_handle_est,35.2,48.2,179.11,0.0,9.75,cliente_paga,OK,coste_estimado,OK
balliu-tumbona-de-exterior-aluminio-36870d09,SV-ETNA-R-ALUMINIO-NARANJA,Tumbona exterior aluminio · Etna,l,449.9,240.91,excel_handle_est,35.2,48.2,179.11,0.0,9.75,cliente_paga,OK,coste_estimado,OK
balliu-tumbona-de-exterior-aluminio-36870d09,SV-ETNA-R-ALUMINIO-VERDE-CLARO,Tumbona exterior aluminio · Etna,l,449.9,240.91,excel_handle_est,35.2,48.2,179.11,0.0,9.75,cliente_paga,OK,coste_estimado,OK
balliu-tumbona-de-exterior-aluminio-36870d09,SV-ETNA-R-ALUMINIO-BLANCO,Tumbona exterior aluminio · Etna,l,449.9,240.91,excel_handle_est,35.2,48.2,179.11,0.0,9.75,cliente_paga,OK,coste_estimado,OK
balliu-tumbona-de-exterior-aluminio-36870d09,SV-ETNA-R-ALUMINIO-NATURAL,Tumbona exterior aluminio · Etna,l,449.9,240.91,excel_handle_est,35.2,48.2,179.11,0.0,9.75,cliente_paga,OK,coste_estimado,OK
balliu-tumbona-de-exterior-aluminio-36870d09,SV-ETNA-R-ALUMINIO-CAPUCHINO,Tumbona exterior aluminio · Etna,l,449.9,240.91,excel_handle_est,35.2,48.2,179.11,0.0,9.75,cliente_paga,OK,coste_estimado,OK
balliu-tumbona-de-exterior-aluminio-36870d09,SV-ETNA-R-ALUMINIO-CAQUI,Tumbona exterior aluminio · Etna,l,449.9,240.91,excel_handle_est,35.2,48.2,179.11,0.0,9.75,cliente_paga,OK,coste_estimado,OK
balliu-tumbona-de-exterior-aluminio-36870d09,SV-ETNA-R-ALUMINIO-MARRON-OSC,Tumbona exterior aluminio · Etna,l,449.9,240.91,excel_handle_est,35.2,48.2,179.11,0.0,9.75,cliente_paga,OK,coste_estimado,OK
balliu-tumbona-de-exterior-aluminio-36870d09,SV-ETNA-R-ALUMINIO-ARENA,Tumbona exterior aluminio · Etna,l,449.9,240.91,excel_handle_est,35.2,48.2,179.11,0.0,9.75,cliente_paga,OK,coste_estimado,OK
balliu-tumbona-de-exterior-aluminio-36870d09,SV-ETNA-R-ALUMINIO-VERDE-OSC,Tumbona exterior aluminio · Etna,l,449.9,240.91,excel_handle_est,35.2,48.2,179.11,0.0,9.75,cliente_paga,OK,coste_estimado,OK
balliu-tumbona-de-exterior-aluminio-36870d09,SV-ETNA-R-ALUMINIO-AZUL-CEL,Tumbona exterior aluminio · Etna,l,449.9,240.91,excel_handle_est,35.2,48.2,179.11,0.0,9.75,cliente_paga,OK,coste_estimado,OK
balliu-tumbona-de-exterior-aluminio-36870d09,SV-ETNA-R-ALUMINIO-CENIZA,Tumbona exterior aluminio · Etna,l,449.9,240.91,excel_handle_est,35.2,48.2,179.11,0.0,9.75,cliente_paga,OK,coste_estimado,OK
balliu-tumbona-de-exterior-aluminio-36870d09,SV-ETNA-R-ALUMINIO-AZUL-MAR,Tumbona exterior aluminio · Etna,l,449.9,240.91,excel_handle_est,35.2,48.2,179.11,0.0,9.75,cliente_paga,OK,coste_estimado,OK
balliu-tumbona-de-exterior-aluminio-36870d09,SV-ETNA-R-ALUMINIO-GRIS-OSC,Tumbona exterior aluminio · Etna,l,449.9,240.91,excel_handle_est,35.2,48.2,179.11,0.0,9.75,cliente_paga,OK,coste_estimado,OK
balliu-tumbona-de-exterior-aluminio-36870d09,SV-ETNA-R-ALUMINIO-AZUL-ACERO,Tumbona exterior aluminio · Etna,l,449.9,240.91,excel_handle_est,35.2,48.2,179.11,0.0,9.75,cliente_paga,OK,coste_estimado,OK
balliu-tumbona-de-exterior-aluminio-d08586c1,SV-ETNAALTA-SR-BLANCO-AZUL,Tumbona exterior aluminio alta · acceso fácil · Etna Al,l,449.9,257.66,excel_handle_est,30.7,43.7,162.36,0.0,9.75,cliente_paga,OK,coste_estimado,OK
balliu-tumbona-de-exterior-aluminio-d08586c1,SV-ETNAALTA-SR-BLANCO-AMARILLO,Tumbona exterior aluminio alta · acceso fácil · Etna Al,l,449.9,257.66,excel_handle_est,30.7,43.7,162.36,0.0,9.75,cliente_paga,OK,coste_estimado,OK
balliu-tumbona-de-exterior-aluminio-d08586c1,SV-ETNAALTA-SR-BLANCO-NARANJA,Tumbona exterior aluminio alta · acceso fácil · Etna Al,l,449.9,257.66,excel_handle_est,30.7,43.7,162.36,0.0,9.75,cliente_paga,OK,coste_estimado,OK
balliu-tumbona-de-exterior-aluminio-d08586c1,SV-ETNAALTA-SR-BLANCO-VERDE-CLARO,Tumbona exterior aluminio alta · acceso fácil · Etna Al,l,449.9,257.66,excel_handle_est,30.7,43.7,162.36,0.0,9.75,cliente_paga,OK,coste_estimado,OK
balliu-tumbona-de-exterior-aluminio-d08586c1,SV-ETNAALTA-SR-BLANCO-BLANCO,Tumbona exterior aluminio alta · acceso fácil · Etna Al,l,449.9,257.66,excel_handle_est,30.7,43.7,162.36,0.0,9.75,cliente_paga,OK,coste_estimado,OK
balliu-tumbona-de-exterior-aluminio-d08586c1,SV-ETNAALTA-SR-BLANCO-NATURAL,Tumbona exterior aluminio alta · acceso fácil · Etna Al,l,449.9,257.66,excel_handle_est,30.7,43.7,162.36,0.0,9.75,cliente_paga,OK,coste_estimado,OK
balliu-tumbona-de-exterior-aluminio-d08586c1,SV-ETNAALTA-SR-BLANCO-CAPUCHINO,Tumbona exterior aluminio alta · acceso fácil · Etna Al,l,449.9,257.66,excel_handle_est,30.7,43.7,162.36,0.0,9.75,cliente_paga,OK,coste_estimado,OK
balliu-tumbona-de-exterior-aluminio-d08586c1,SV-ETNAALTA-SR-BLANCO-CAQUI,Tumbona exterior aluminio alta · acceso fácil · Etna Al,l,449.9,257.66,excel_handle_est,30.7,43.7,162.36,0.0,9.75,cliente_paga,OK,coste_estimado,OK
balliu-tumbona-de-exterior-aluminio-d08586c1,SV-ETNAALTA-SR-BLANCO-MARRON-OSC,Tumbona exterior aluminio alta · acceso fácil · Etna Al,l,449.9,257.66,excel_handle_est,30.7,43.7,162.36,0.0,9.75,cliente_paga,OK,coste_estimado,OK
balliu-tumbona-de-exterior-aluminio-d08586c1,SV-ETNAALTA-SR-BLANCO-ARENA,Tumbona exterior aluminio alta · acceso fácil · Etna Al,l,449.9,257.66,excel_handle_est,30.7,43.7,162.36,0.0,9.75,cliente_paga,OK,coste_estimado,OK
balliu-tumbona-de-exterior-aluminio-d08586c1,SV-ETNAALTA-SR-BLANCO-VERDE-OSC,Tumbona exterior aluminio alta · acceso fácil · Etna Al,l,449.9,257.66,excel_handle_est,30.7,43.7,162.36,0.0,9.75,cliente_paga,OK,coste_estimado,OK
balliu-tumbona-de-exterior-aluminio-d08586c1,SV-ETNAALTA-SR-BLANCO-AZUL-CEL,Tumbona exterior aluminio alta · acceso fácil · Etna Al,l,449.9,257.66,excel_handle_est,30.7,43.7,162.36,0.0,9.75,cliente_paga,OK,coste_estimado,OK
balliu-tumbona-de-exterior-aluminio-d08586c1,SV-ETNAALTA-SR-BLANCO-CENIZA,Tumbona exterior aluminio alta · acceso fácil · Etna Al,l,449.9,257.66,excel_handle_est,30.7,43.7,162.36,0.0,9.75,cliente_paga,OK,coste_estimado,OK
balliu-tumbona-de-exterior-aluminio-d08586c1,SV-ETNAALTA-SR-BLANCO-AZUL-MAR,Tumbona exterior aluminio alta · acceso fácil · Etna Al,l,449.9,257.66,excel_handle_est,30.7,43.7,162.36,0.0,9.75,cliente_paga,OK,coste_estimado,OK
balliu-tumbona-de-exterior-aluminio-d08586c1,SV-ETNAALTA-SR-BLANCO-GRIS-OSC,Tumbona exterior aluminio alta · acceso fácil · Etna Al,l,449.9,257.66,excel_handle_est,30.7,43.7,162.36,0.0,9.75,cliente_paga,OK,coste_estimado,OK
balliu-tumbona-de-exterior-aluminio-d08586c1,SV-ETNAALTA-SR-BLANCO-AZUL-ACERO,Tumbona exterior aluminio alta · acceso fácil · Etna Al,l,449.9,257.66,excel_handle_est,30.7,43.7,162.36,0.0,9.75,cliente_paga,OK,coste_estimado,OK
balliu-tumbona-de-exterior-aluminio-d08586c1,SV-ETNAALTA-SR-TORTOLA-AZUL,Tumbona exterior aluminio alta · acceso fácil · Etna Al,l,449.9,257.66,excel_handle_est,30.7,43.7,162.36,0.0,9.75,cliente_paga,OK,coste_estimado,OK
balliu-tumbona-de-exterior-aluminio-d08586c1,SV-ETNAALTA-SR-TORTOLA-AMARILLO,Tumbona exterior aluminio alta · acceso fácil · Etna Al,l,449.9,257.66,excel_handle_est,30.7,43.7,162.36,0.0,9.75,cliente_paga,OK,coste_estimado,OK
balliu-tumbona-de-exterior-aluminio-d08586c1,SV-ETNAALTA-SR-TORTOLA-NARANJA,Tumbona exterior aluminio alta · acceso fácil · Etna Al,l,449.9,257.66,excel_handle_est,30.7,43.7,162.36,0.0,9.75,cliente_paga,OK,coste_estimado,OK
balliu-tumbona-de-exterior-aluminio-d08586c1,SV-ETNAALTA-SR-TORTOLA-VERDE-CLARO,Tumbona exterior aluminio alta · acceso fácil · Etna Al,l,449.9,257.66,excel_handle_est,30.7,43.7,162.36,0.0,9.75,cliente_paga,OK,coste_estimado,OK
balliu-tumbona-de-exterior-aluminio-d08586c1,SV-ETNAALTA-SR-TORTOLA-BLANCO,Tumbona exterior aluminio alta · acceso fácil · Etna Al,l,449.9,257.66,excel_handle_est,30.7,43.7,162.36,0.0,9.75,cliente_paga,OK,coste_estimado,OK
balliu-tumbona-de-exterior-aluminio-d08586c1,SV-ETNAALTA-SR-TORTOLA-NATURAL,Tumbona exterior aluminio alta · acceso fácil · Etna Al,l,449.9,257.66,excel_handle_est,30.7,43.7,162.36,0.0,9.75,cliente_paga,OK,coste_estimado,OK
balliu-tumbona-de-exterior-aluminio-d08586c1,SV-ETNAALTA-SR-TORTOLA-CAPUCHINO,Tumbona exterior aluminio alta · acceso fácil · Etna Al,l,449.9,257.66,excel_handle_est,30.7,43.7,162.36,0.0,9.75,cliente_paga,OK,coste_estimado,OK
balliu-tumbona-de-exterior-aluminio-d08586c1,SV-ETNAALTA-SR-TORTOLA-CAQUI,Tumbona exterior aluminio alta · acceso fácil · Etna Al,l,449.9,257.66,excel_handle_est,30.7,43.7,162.36,0.0,9.75,cliente_paga,OK,coste_estimado,OK
balliu-tumbona-de-exterior-aluminio-d08586c1,SV-ETNAALTA-SR-TORTOLA-MARRON-OSC,Tumbona exterior aluminio alta · acceso fácil · Etna Al,l,449.9,257.66,excel_handle_est,30.7,43.7,162.36,0.0,9.75,cliente_paga,OK,coste_estimado,OK
balliu-tumbona-de-exterior-aluminio-d08586c1,SV-ETNAALTA-SR-TORTOLA-ARENA,Tumbona exterior aluminio alta · acceso fácil · Etna Al,l,449.9,257.66,excel_handle_est,30.7,43.7,162.36,0.0,9.75,cliente_paga,OK,coste_estimado,OK
balliu-tumbona-de-exterior-aluminio-d08586c1,SV-ETNAALTA-SR-TORTOLA-VERDE-OSC,Tumbona exterior aluminio alta · acceso fácil · Etna Al,l,449.9,257.66,excel_handle_est,30.7,43.7,162.36,0.0,9.75,cliente_paga,OK,coste_estimado,OK
balliu-tumbona-de-exterior-aluminio-d08586c1,SV-ETNAALTA-SR-TORTOLA-AZUL-CEL,Tumbona exterior aluminio alta · acceso fácil · Etna Al,l,449.9,257.66,excel_handle_est,30.7,43.7,162.36,0.0,9.75,cliente_paga,OK,coste_estimado,OK
balliu-tumbona-de-exterior-aluminio-d08586c1,SV-ETNAALTA-SR-TORTOLA-CENIZA,Tumbona exterior aluminio alta · acceso fácil · Etna Al,l,449.9,257.66,excel_handle_est,30.7,43.7,162.36,0.0,9.75,cliente_paga,OK,coste_estimado,OK
balliu-tumbona-de-exterior-aluminio-d08586c1,SV-ETNAALTA-SR-TORTOLA-AZUL-MAR,Tumbona exterior aluminio alta · acceso fácil · Etna Al,l,449.9,257.66,excel_handle_est,30.7,43.7,162.36,0.0,9.75,cliente_paga,OK,coste_estimado,OK
balliu-tumbona-de-exterior-aluminio-d08586c1,SV-ETNAALTA-SR-TORTOLA-GRIS-OSC,Tumbona exterior aluminio alta · acceso fácil · Etna Al,l,449.9,257.66,excel_handle_est,30.7,43.7,162.36,0.0,9.75,cliente_paga,OK,coste_estimado,OK
balliu-tumbona-de-exterior-aluminio-d08586c1,SV-ETNAALTA-SR-TORTOLA-AZUL-ACERO,Tumbona exterior aluminio alta · acceso fácil · Etna Al,l,449.9,257.66,excel_handle_est,30.7,43.7,162.36,0.0,9.75,cliente_paga,OK,coste_estimado,OK
balliu-tumbona-de-exterior-aluminio-d08586c1,SV-ETNAALTA-SR-ALUMINIO-AZUL,Tumbona exterior aluminio alta · acceso fácil · Etna Al,l,449.9,257.66,excel_handle_est,30.7,43.7,162.36,0.0,9.75,cliente_paga,OK,coste_estimado,OK
balliu-tumbona-de-exterior-aluminio-d08586c1,SV-ETNAALTA-SR-ALUMINIO-AMARILLO,Tumbona exterior aluminio alta · acceso fácil · Etna Al,l,449.9,257.66,excel_handle_est,30.7,43.7,162.36,0.0,9.75,cliente_paga,OK,coste_estimado,OK
balliu-tumbona-de-exterior-aluminio-d08586c1,SV-ETNAALTA-SR-ALUMINIO-NARANJA,Tumbona exterior aluminio alta · acceso fácil · Etna Al,l,449.9,257.66,excel_handle_est,30.7,43.7,162.36,0.0,9.75,cliente_paga,OK,coste_estimado,OK
balliu-tumbona-de-exterior-aluminio-d08586c1,SV-ETNAALTA-SR-ALUMINIO-VERDE-CLARO,Tumbona exterior aluminio alta · acceso fácil · Etna Al,l,449.9,257.66,excel_handle_est,30.7,43.7,162.36,0.0,9.75,cliente_paga,OK,coste_estimado,OK
balliu-tumbona-de-exterior-aluminio-d08586c1,SV-ETNAALTA-SR-ALUMINIO-BLANCO,Tumbona exterior aluminio alta · acceso fácil · Etna Al,l,449.9,257.66,excel_handle_est,30.7,43.7,162.36,0.0,9.75,cliente_paga,OK,coste_estimado,OK
balliu-tumbona-de-exterior-aluminio-d08586c1,SV-ETNAALTA-SR-ALUMINIO-NATURAL,Tumbona exterior aluminio alta · acceso fácil · Etna Al,l,449.9,257.66,excel_handle_est,30.7,43.7,162.36,0.0,9.75,cliente_paga,OK,coste_estimado,OK
balliu-tumbona-de-exterior-aluminio-d08586c1,SV-ETNAALTA-SR-ALUMINIO-CAPUCHINO,Tumbona exterior aluminio alta · acceso fácil · Etna Al,l,449.9,257.66,excel_handle_est,30.7,43.7,162.36,0.0,9.75,cliente_paga,OK,coste_estimado,OK
balliu-tumbona-de-exterior-aluminio-d08586c1,SV-ETNAALTA-SR-ALUMINIO-CAQUI,Tumbona exterior aluminio alta · acceso fácil · Etna Al,l,449.9,257.66,excel_handle_est,30.7,43.7,162.36,0.0,9.75,cliente_paga,OK,coste_estimado,OK
balliu-tumbona-de-exterior-aluminio-d08586c1,SV-ETNAALTA-SR-ALUMINIO-MARRON-OSC,Tumbona exterior aluminio alta · acceso fácil · Etna Al,l,449.9,257.66,excel_handle_est,30.7,43.7,162.36,0.0,9.75,cliente_paga,OK,coste_estimado,OK
balliu-tumbona-de-exterior-aluminio-d08586c1,SV-ETNAALTA-SR-ALUMINIO-ARENA,Tumbona exterior aluminio alta · acceso fácil · Etna Al,l,449.9,257.66,excel_handle_est,30.7,43.7,162.36,0.0,9.75,cliente_paga,OK,coste_estimado,OK
balliu-tumbona-de-exterior-aluminio-d08586c1,SV-ETNAALTA-SR-ALUMINIO-VERDE-OSC,Tumbona exterior aluminio alta · acceso fácil · Etna Al,l,449.9,257.66,excel_handle_est,30.7,43.7,162.36,0.0,9.75,cliente_paga,OK,coste_estimado,OK
balliu-tumbona-de-exterior-aluminio-d08586c1,SV-ETNAALTA-SR-ALUMINIO-AZUL-CEL,Tumbona exterior aluminio alta · acceso fácil · Etna Al,l,449.9,257.66,excel_handle_est,30.7,43.7,162.36,0.0,9.75,cliente_paga,OK,coste_estimado,OK
balliu-tumbona-de-exterior-aluminio-d08586c1,SV-ETNAALTA-SR-ALUMINIO-CENIZA,Tumbona exterior aluminio alta · acceso fácil · Etna Al,l,449.9,257.66,excel_handle_est,30.7,43.7,162.36,0.0,9.75,cliente_paga,OK,coste_estimado,OK
balliu-tumbona-de-exterior-aluminio-d08586c1,SV-ETNAALTA-SR-ALUMINIO-AZUL-MAR,Tumbona exterior aluminio alta · acceso fácil · Etna Al,l,449.9,257.66,excel_handle_est,30.7,43.7,162.36,0.0,9.75,cliente_paga,OK,coste_estimado,OK
balliu-tumbona-de-exterior-aluminio-d08586c1,SV-ETNAALTA-SR-ALUMINIO-GRIS-OSC,Tumbona exterior aluminio alta · acceso fácil · Etna Al,l,449.9,257.66,excel_handle_est,30.7,43.7,162.36,0.0,9.75,cliente_paga,OK,coste_estimado,OK
balliu-tumbona-de-exterior-aluminio-d08586c1,SV-ETNAALTA-SR-ALUMINIO-AZUL-ACERO,Tumbona exterior aluminio alta · acceso fácil · Etna Al,l,449.9,257.66,excel_handle_est,30.7,43.7,162.36,0.0,9.75,cliente_paga,OK,coste_estimado,OK
balliu-tumbona-de-exterior-aluminio-d08586c1,SV-ETNAALTA-R-BLANCO-AZUL,Tumbona exterior aluminio alta · acceso fácil · Etna Al,l,496.95,257.66,excel_handle_est,37.3,48.8,200.26,0.0,10.74,cliente_paga,OK,coste_estimado,OK
balliu-tumbona-de-exterior-aluminio-d08586c1,SV-ETNAALTA-R-BLANCO-AMARILLO,Tumbona exterior aluminio alta · acceso fácil · Etna Al,l,496.95,257.66,excel_handle_est,37.3,48.8,200.26,0.0,10.74,cliente_paga,OK,coste_estimado,OK
balliu-tumbona-de-exterior-aluminio-d08586c1,SV-ETNAALTA-R-BLANCO-NARANJA,Tumbona exterior aluminio alta · acceso fácil · Etna Al,l,496.95,257.66,excel_handle_est,37.3,48.8,200.26,0.0,10.74,cliente_paga,OK,coste_estimado,OK
balliu-tumbona-de-exterior-aluminio-d08586c1,SV-ETNAALTA-R-BLANCO-VERDE-CLARO,Tumbona exterior aluminio alta · acceso fácil · Etna Al,l,496.95,257.66,excel_handle_est,37.3,48.8,200.26,0.0,10.74,cliente_paga,OK,coste_estimado,OK
balliu-tumbona-de-exterior-aluminio-d08586c1,SV-ETNAALTA-R-BLANCO-BLANCO,Tumbona exterior aluminio alta · acceso fácil · Etna Al,l,496.95,257.66,excel_handle_est,37.3,48.8,200.26,0.0,10.74,cliente_paga,OK,coste_estimado,OK
balliu-tumbona-de-exterior-aluminio-d08586c1,SV-ETNAALTA-R-BLANCO-NATURAL,Tumbona exterior aluminio alta · acceso fácil · Etna Al,l,496.95,257.66,excel_handle_est,37.3,48.8,200.26,0.0,10.74,cliente_paga,OK,coste_estimado,OK
balliu-tumbona-de-exterior-aluminio-d08586c1,SV-ETNAALTA-R-BLANCO-CAPUCHINO,Tumbona exterior aluminio alta · acceso fácil · Etna Al,l,496.95,257.66,excel_handle_est,37.3,48.8,200.26,0.0,10.74,cliente_paga,OK,coste_estimado,OK
balliu-tumbona-de-exterior-aluminio-d08586c1,SV-ETNAALTA-R-BLANCO-CAQUI,Tumbona exterior aluminio alta · acceso fácil · Etna Al,l,496.95,257.66,excel_handle_est,37.3,48.8,200.26,0.0,10.74,cliente_paga,OK,coste_estimado,OK
balliu-tumbona-de-exterior-aluminio-d08586c1,SV-ETNAALTA-R-BLANCO-MARRON-OSC,Tumbona exterior aluminio alta · acceso fácil · Etna Al,l,496.95,257.66,excel_handle_est,37.3,48.8,200.26,0.0,10.74,cliente_paga,OK,coste_estimado,OK
balliu-tumbona-de-exterior-aluminio-d08586c1,SV-ETNAALTA-R-BLANCO-ARENA,Tumbona exterior aluminio alta · acceso fácil · Etna Al,l,496.95,257.66,excel_handle_est,37.3,48.8,200.26,0.0,10.74,cliente_paga,OK,coste_estimado,OK
balliu-tumbona-de-exterior-aluminio-d08586c1,SV-ETNAALTA-R-BLANCO-VERDE-OSC,Tumbona exterior aluminio alta · acceso fácil · Etna Al,l,496.95,257.66,excel_handle_est,37.3,48.8,200.26,0.0,10.74,cliente_paga,OK,coste_estimado,OK
balliu-tumbona-de-exterior-aluminio-d08586c1,SV-ETNAALTA-R-BLANCO-AZUL-CEL,Tumbona exterior aluminio alta · acceso fácil · Etna Al,l,496.95,257.66,excel_handle_est,37.3,48.8,200.26,0.0,10.74,cliente_paga,OK,coste_estimado,OK
balliu-tumbona-de-exterior-aluminio-d08586c1,SV-ETNAALTA-R-BLANCO-CENIZA,Tumbona exterior aluminio alta · acceso fácil · Etna Al,l,496.95,257.66,excel_handle_est,37.3,48.8,200.26,0.0,10.74,cliente_paga,OK,coste_estimado,OK
balliu-tumbona-de-exterior-aluminio-d08586c1,SV-ETNAALTA-R-BLANCO-AZUL-MAR,Tumbona exterior aluminio alta · acceso fácil · Etna Al,l,496.95,257.66,excel_handle_est,37.3,48.8,200.26,0.0,10.74,cliente_paga,OK,coste_estimado,OK
balliu-tumbona-de-exterior-aluminio-d08586c1,SV-ETNAALTA-R-BLANCO-GRIS-OSC,Tumbona exterior aluminio alta · acceso fácil · Etna Al,l,496.95,257.66,excel_handle_est,37.3,48.8,200.26,0.0,10.74,cliente_paga,OK,coste_estimado,OK
balliu-tumbona-de-exterior-aluminio-d08586c1,SV-ETNAALTA-R-BLANCO-AZUL-ACERO,Tumbona exterior aluminio alta · acceso fácil · Etna Al,l,496.95,257.66,excel_handle_est,37.3,48.8,200.26,0.0,10.74,cliente_paga,OK,coste_estimado,OK
balliu-tumbona-de-exterior-aluminio-d08586c1,SV-ETNAALTA-R-TORTOLA-AZUL,Tumbona exterior aluminio alta · acceso fácil · Etna Al,l,496.95,257.66,excel_handle_est,37.3,48.8,200.26,0.0,10.74,cliente_paga,OK,coste_estimado,OK
balliu-tumbona-de-exterior-aluminio-d08586c1,SV-ETNAALTA-R-TORTOLA-AMARILLO,Tumbona exterior aluminio alta · acceso fácil · Etna Al,l,496.95,257.66,excel_handle_est,37.3,48.8,200.26,0.0,10.74,cliente_paga,OK,coste_estimado,OK
balliu-tumbona-de-exterior-aluminio-d08586c1,SV-ETNAALTA-R-TORTOLA-NARANJA,Tumbona exterior aluminio alta · acceso fácil · Etna Al,l,496.95,257.66,excel_handle_est,37.3,48.8,200.26,0.0,10.74,cliente_paga,OK,coste_estimado,OK
balliu-tumbona-de-exterior-aluminio-d08586c1,SV-ETNAALTA-R-TORTOLA-VERDE-CLARO,Tumbona exterior aluminio alta · acceso fácil · Etna Al,l,496.95,257.66,excel_handle_est,37.3,48.8,200.26,0.0,10.74,cliente_paga,OK,coste_estimado,OK
balliu-tumbona-de-exterior-aluminio-d08586c1,SV-ETNAALTA-R-TORTOLA-BLANCO,Tumbona exterior aluminio alta · acceso fácil · Etna Al,l,496.95,257.66,excel_handle_est,37.3,48.8,200.26,0.0,10.74,cliente_paga,OK,coste_estimado,OK
balliu-tumbona-de-exterior-aluminio-d08586c1,SV-ETNAALTA-R-TORTOLA-NATURAL,Tumbona exterior aluminio alta · acceso fácil · Etna Al,l,496.95,257.66,excel_handle_est,37.3,48.8,200.26,0.0,10.74,cliente_paga,OK,coste_estimado,OK
balliu-tumbona-de-exterior-aluminio-d08586c1,SV-ETNAALTA-R-TORTOLA-CAPUCHINO,Tumbona exterior aluminio alta · acceso fácil · Etna Al,l,496.95,257.66,excel_handle_est,37.3,48.8,200.26,0.0,10.74,cliente_paga,OK,coste_estimado,OK
balliu-tumbona-de-exterior-aluminio-d08586c1,SV-ETNAALTA-R-TORTOLA-CAQUI,Tumbona exterior aluminio alta · acceso fácil · Etna Al,l,496.95,257.66,excel_handle_est,37.3,48.8,200.26,0.0,10.74,cliente_paga,OK,coste_estimado,OK
balliu-tumbona-de-exterior-aluminio-d08586c1,SV-ETNAALTA-R-TORTOLA-MARRON-OSC,Tumbona exterior aluminio alta · acceso fácil · Etna Al,l,496.95,257.66,excel_handle_est,37.3,48.8,200.26,0.0,10.74,cliente_paga,OK,coste_estimado,OK
balliu-tumbona-de-exterior-aluminio-d08586c1,SV-ETNAALTA-R-TORTOLA-ARENA,Tumbona exterior aluminio alta · acceso fácil · Etna Al,l,496.95,257.66,excel_handle_est,37.3,48.8,200.26,0.0,10.74,cliente_paga,OK,coste_estimado,OK
balliu-tumbona-de-exterior-aluminio-d08586c1,SV-ETNAALTA-R-TORTOLA-VERDE-OSC,Tumbona exterior aluminio alta · acceso fácil · Etna Al,l,496.95,257.66,excel_handle_est,37.3,48.8,200.26,0.0,10.74,cliente_paga,OK,coste_estimado,OK
balliu-tumbona-de-exterior-aluminio-d08586c1,SV-ETNAALTA-R-TORTOLA-AZUL-CEL,Tumbona exterior aluminio alta · acceso fácil · Etna Al,l,496.95,257.66,excel_handle_est,37.3,48.8,200.26,0.0,10.74,cliente_paga,OK,coste_estimado,OK
balliu-tumbona-de-exterior-aluminio-d08586c1,SV-ETNAALTA-R-TORTOLA-CENIZA,Tumbona exterior aluminio alta · acceso fácil · Etna Al,l,496.95,257.66,excel_handle_est,37.3,48.8,200.26,0.0,10.74,cliente_paga,OK,coste_estimado,OK
balliu-tumbona-de-exterior-aluminio-d08586c1,SV-ETNAALTA-R-TORTOLA-AZUL-MAR,Tumbona exterior aluminio alta · acceso fácil · Etna Al,l,496.95,257.66,excel_handle_est,37.3,48.8,200.26,0.0,10.74,cliente_paga,OK,coste_estimado,OK
balliu-tumbona-de-exterior-aluminio-d08586c1,SV-ETNAALTA-R-TORTOLA-GRIS-OSC,Tumbona exterior aluminio alta · acceso fácil · Etna Al,l,496.95,257.66,excel_handle_est,37.3,48.8,200.26,0.0,10.74,cliente_paga,OK,coste_estimado,OK
balliu-tumbona-de-exterior-aluminio-d08586c1,SV-ETNAALTA-R-TORTOLA-AZUL-ACERO,Tumbona exterior aluminio alta · acceso fácil · Etna Al,l,496.95,257.66,excel_handle_est,37.3,48.8,200.26,0.0,10.74,cliente_paga,OK,coste_estimado,OK
balliu-tumbona-de-exterior-aluminio-d08586c1,SV-ETNAALTA-R-ALUMINIO-AZUL,Tumbona exterior aluminio alta · acceso fácil · Etna Al,l,496.95,257.66,excel_handle_est,37.3,48.8,200.26,0.0,10.74,cliente_paga,OK,coste_estimado,OK
balliu-tumbona-de-exterior-aluminio-d08586c1,SV-ETNAALTA-R-ALUMINIO-AMARILLO,Tumbona exterior aluminio alta · acceso fácil · Etna Al,l,496.95,257.66,excel_handle_est,37.3,48.8,200.26,0.0,10.74,cliente_paga,OK,coste_estimado,OK
balliu-tumbona-de-exterior-aluminio-d08586c1,SV-ETNAALTA-R-ALUMINIO-NARANJA,Tumbona exterior aluminio alta · acceso fácil · Etna Al,l,496.95,257.66,excel_handle_est,37.3,48.8,200.26,0.0,10.74,cliente_paga,OK,coste_estimado,OK
balliu-tumbona-de-exterior-aluminio-d08586c1,SV-ETNAALTA-R-ALUMINIO-VERDE-CLARO,Tumbona exterior aluminio alta · acceso fácil · Etna Al,l,496.95,257.66,excel_handle_est,37.3,48.8,200.26,0.0,10.74,cliente_paga,OK,coste_estimado,OK
balliu-tumbona-de-exterior-aluminio-d08586c1,SV-ETNAALTA-R-ALUMINIO-BLANCO,Tumbona exterior aluminio alta · acceso fácil · Etna Al,l,496.95,257.66,excel_handle_est,37.3,48.8,200.26,0.0,10.74,cliente_paga,OK,coste_estimado,OK
balliu-tumbona-de-exterior-aluminio-d08586c1,SV-ETNAALTA-R-ALUMINIO-NATURAL,Tumbona exterior aluminio alta · acceso fácil · Etna Al,l,496.95,257.66,excel_handle_est,37.3,48.8,200.26,0.0,10.74,cliente_paga,OK,coste_estimado,OK
balliu-tumbona-de-exterior-aluminio-d08586c1,SV-ETNAALTA-R-ALUMINIO-CAPUCHINO,Tumbona exterior aluminio alta · acceso fácil · Etna Al,l,496.95,257.66,excel_handle_est,37.3,48.8,200.26,0.0,10.74,cliente_paga,OK,coste_estimado,OK
balliu-tumbona-de-exterior-aluminio-d08586c1,SV-ETNAALTA-R-ALUMINIO-CAQUI,Tumbona exterior aluminio alta · acceso fácil · Etna Al,l,496.95,257.66,excel_handle_est,37.3,48.8,200.26,0.0,10.74,cliente_paga,OK,coste_estimado,OK
balliu-tumbona-de-exterior-aluminio-d08586c1,SV-ETNAALTA-R-ALUMINIO-MARRON-OSC,Tumbona exterior aluminio alta · acceso fácil · Etna Al,l,496.95,257.66,excel_handle_est,37.3,48.8,200.26,0.0,10.74,cliente_paga,OK,coste_estimado,OK
balliu-tumbona-de-exterior-aluminio-d08586c1,SV-ETNAALTA-R-ALUMINIO-ARENA,Tumbona exterior aluminio alta · acceso fácil · Etna Al,l,496.95,257.66,excel_handle_est,37.3,48.8,200.26,0.0,10.74,cliente_paga,OK,coste_estimado,OK
balliu-tumbona-de-exterior-aluminio-d08586c1,SV-ETNAALTA-R-ALUMINIO-VERDE-OSC,Tumbona exterior aluminio alta · acceso fácil · Etna Al,l,496.95,257.66,excel_handle_est,37.3,48.8,200.26,0.0,10.74,cliente_paga,OK,coste_estimado,OK
balliu-tumbona-de-exterior-aluminio-d08586c1,SV-ETNAALTA-R-ALUMINIO-AZUL-CEL,Tumbona exterior aluminio alta · acceso fácil · Etna Al,l,496.95,257.66,excel_handle_est,37.3,48.8,200.26,0.0,10.74,cliente_paga,OK,coste_estimado,OK
balliu-tumbona-de-exterior-aluminio-d08586c1,SV-ETNAALTA-R-ALUMINIO-CENIZA,Tumbona exterior aluminio alta · acceso fácil · Etna Al,l,496.95,257.66,excel_handle_est,37.3,48.8,200.26,0.0,10.74,cliente_paga,OK,coste_estimado,OK
balliu-tumbona-de-exterior-aluminio-d08586c1,SV-ETNAALTA-R-ALUMINIO-AZUL-MAR,Tumbona exterior aluminio alta · acceso fácil · Etna Al,l,496.95,257.66,excel_handle_est,37.3,48.8,200.26,0.0,10.74,cliente_paga,OK,coste_estimado,OK
balliu-tumbona-de-exterior-aluminio-d08586c1,SV-ETNAALTA-R-ALUMINIO-GRIS-OSC,Tumbona exterior aluminio alta · acceso fácil · Etna Al,l,496.95,257.66,excel_handle_est,37.3,48.8,200.26,0.0,10.74,cliente_paga,OK,coste_estimado,OK
balliu-tumbona-de-exterior-aluminio-d08586c1,SV-ETNAALTA-R-ALUMINIO-AZUL-ACERO,Tumbona exterior aluminio alta · acceso fácil · Etna Al,l,496.95,257.66,excel_handle_est,37.3,48.8,200.26,0.0,10.74,cliente_paga,OK,coste_estimado,OK
balliu-tumbona-de-exterior-con-ruedas-aluminio-58-cm-9064b7b9,SV-IRIS-AZUL,Tumbona exterior aluminio · con ruedas 58 cm · Iris,l,629.0,337.77,excel_handle_est,35.0,32.4,168.56,0.0,13.51,envio_gratis,OK,,OK
balliu-tumbona-de-exterior-con-ruedas-aluminio-58-cm-9064b7b9,SV-IRIS-AMARILLO,Tumbona exterior aluminio · con ruedas 58 cm · Iris,l,629.0,337.77,excel_handle_est,35.0,32.4,168.56,0.0,13.51,envio_gratis,OK,,OK
balliu-tumbona-de-exterior-con-ruedas-aluminio-58-cm-9064b7b9,SV-IRIS-NARANJA,Tumbona exterior aluminio · con ruedas 58 cm · Iris,l,629.0,337.77,excel_handle_est,35.0,32.4,168.56,0.0,13.51,envio_gratis,OK,,OK
balliu-tumbona-de-exterior-con-ruedas-aluminio-58-cm-9064b7b9,SV-IRIS-VERDE-CLARO,Tumbona exterior aluminio · con ruedas 58 cm · Iris,l,629.0,337.77,excel_handle_est,35.0,32.4,168.56,0.0,13.51,envio_gratis,OK,,OK
balliu-tumbona-de-exterior-con-ruedas-aluminio-58-cm-9064b7b9,SV-IRIS-BLANCO,Tumbona exterior aluminio · con ruedas 58 cm · Iris,l,629.0,337.77,excel_handle_est,35.0,32.4,168.56,0.0,13.51,envio_gratis,OK,,OK
balliu-tumbona-de-exterior-con-ruedas-aluminio-58-cm-9064b7b9,SV-IRIS-NATURAL,Tumbona exterior aluminio · con ruedas 58 cm · Iris,l,629.0,337.77,excel_handle_est,35.0,32.4,168.56,0.0,13.51,envio_gratis,OK,,OK
balliu-tumbona-de-exterior-con-ruedas-aluminio-58-cm-9064b7b9,SV-IRIS-CAPUCHINO,Tumbona exterior aluminio · con ruedas 58 cm · Iris,l,629.0,337.77,excel_handle_est,35.0,32.4,168.56,0.0,13.51,envio_gratis,OK,,OK
balliu-tumbona-de-exterior-con-ruedas-aluminio-58-cm-9064b7b9,SV-IRIS-CAQUI,Tumbona exterior aluminio · con ruedas 58 cm · Iris,l,629.0,337.77,excel_handle_est,35.0,32.4,168.56,0.0,13.51,envio_gratis,OK,,OK
balliu-tumbona-de-exterior-con-ruedas-aluminio-58-cm-9064b7b9,SV-IRIS-MARRON-OSC,Tumbona exterior aluminio · con ruedas 58 cm · Iris,l,629.0,337.77,excel_handle_est,35.0,32.4,168.56,0.0,13.51,envio_gratis,OK,,OK
balliu-tumbona-de-exterior-con-ruedas-aluminio-58-cm-9064b7b9,SV-IRIS-ARENA,Tumbona exterior aluminio · con ruedas 58 cm · Iris,l,629.0,337.77,excel_handle_est,35.0,32.4,168.56,0.0,13.51,envio_gratis,OK,,OK
balliu-tumbona-de-exterior-con-ruedas-aluminio-58-cm-9064b7b9,SV-IRIS-VERDE-OSC,Tumbona exterior aluminio · con ruedas 58 cm · Iris,l,629.0,337.77,excel_handle_est,35.0,32.4,168.56,0.0,13.51,envio_gratis,OK,,OK
balliu-tumbona-de-exterior-con-ruedas-aluminio-58-cm-9064b7b9,SV-IRIS-AZUL-CEL,Tumbona exterior aluminio · con ruedas 58 cm · Iris,l,629.0,337.77,excel_handle_est,35.0,32.4,168.56,0.0,13.51,envio_gratis,OK,,OK
balliu-tumbona-de-exterior-con-ruedas-aluminio-58-cm-9064b7b9,SV-IRIS-CENIZA,Tumbona exterior aluminio · con ruedas 58 cm · Iris,l,629.0,337.77,excel_handle_est,35.0,32.4,168.56,0.0,13.51,envio_gratis,OK,,OK
balliu-tumbona-de-exterior-con-ruedas-aluminio-58-cm-9064b7b9,SV-IRIS-AZUL-MAR,Tumbona exterior aluminio · con ruedas 58 cm · Iris,l,629.0,337.77,excel_handle_est,35.0,32.4,168.56,0.0,13.51,envio_gratis,OK,,OK
balliu-tumbona-de-exterior-con-ruedas-aluminio-58-cm-9064b7b9,SV-IRIS-GRIS-OSC,Tumbona exterior aluminio · con ruedas 58 cm · Iris,l,629.0,337.77,excel_handle_est,35.0,32.4,168.56,0.0,13.51,envio_gratis,OK,,OK
balliu-tumbona-de-exterior-con-ruedas-aluminio-58-cm-9064b7b9,SV-IRIS-AZUL-ACERO,Tumbona exterior aluminio · con ruedas 58 cm · Iris,l,629.0,337.77,excel_handle_est,35.0,32.4,168.56,0.0,13.51,envio_gratis,OK,,OK
balliu-tumbona-de-exterior-aluminio-68-cm-f7ab4da8,SV-MARINA-AZUL,Tumbona exterior aluminio apilable · 68 cm · Marina,l,323.95,173.92,excel_handle_est,35.0,54.0,144.65,0.0,7.1,cliente_paga,OK,,OK
balliu-tumbona-de-exterior-aluminio-68-cm-f7ab4da8,SV-MARINA-AMARILLO,Tumbona exterior aluminio apilable · 68 cm · Marina,l,323.95,173.92,excel_handle_est,35.0,54.0,144.65,0.0,7.1,cliente_paga,OK,,OK
balliu-tumbona-de-exterior-aluminio-68-cm-f7ab4da8,SV-MARINA-NARANJA,Tumbona exterior aluminio apilable · 68 cm · Marina,l,323.95,173.92,excel_handle_est,35.0,54.0,144.65,0.0,7.1,cliente_paga,OK,,OK
balliu-tumbona-de-exterior-aluminio-68-cm-f7ab4da8,SV-MARINA-VERDE-CLARO,Tumbona exterior aluminio apilable · 68 cm · Marina,l,323.95,173.92,excel_handle_est,35.0,54.0,144.65,0.0,7.1,cliente_paga,OK,,OK
balliu-tumbona-de-exterior-aluminio-68-cm-f7ab4da8,SV-MARINA-BLANCO,Tumbona exterior aluminio apilable · 68 cm · Marina,l,323.95,173.92,excel_handle_est,35.0,54.0,144.65,0.0,7.1,cliente_paga,OK,,OK
balliu-tumbona-de-exterior-aluminio-68-cm-f7ab4da8,SV-MARINA-NATURAL,Tumbona exterior aluminio apilable · 68 cm · Marina,l,323.95,173.92,excel_handle_est,35.0,54.0,144.65,0.0,7.1,cliente_paga,OK,,OK
balliu-tumbona-de-exterior-aluminio-68-cm-f7ab4da8,SV-MARINA-CAPUCHINO,Tumbona exterior aluminio apilable · 68 cm · Marina,l,323.95,173.92,excel_handle_est,35.0,54.0,144.65,0.0,7.1,cliente_paga,OK,,OK
balliu-tumbona-de-exterior-aluminio-68-cm-f7ab4da8,SV-MARINA-CAQUI,Tumbona exterior aluminio apilable · 68 cm · Marina,l,323.95,173.92,excel_handle_est,35.0,54.0,144.65,0.0,7.1,cliente_paga,OK,,OK
balliu-tumbona-de-exterior-aluminio-68-cm-f7ab4da8,SV-MARINA-MARRON-OSC,Tumbona exterior aluminio apilable · 68 cm · Marina,l,323.95,173.92,excel_handle_est,35.0,54.0,144.65,0.0,7.1,cliente_paga,OK,,OK
balliu-tumbona-de-exterior-aluminio-68-cm-f7ab4da8,SV-MARINA-ARENA,Tumbona exterior aluminio apilable · 68 cm · Marina,l,323.95,173.92,excel_handle_est,35.0,54.0,144.65,0.0,7.1,cliente_paga,OK,,OK
balliu-tumbona-de-exterior-aluminio-68-cm-f7ab4da8,SV-MARINA-VERDE-OSC,Tumbona exterior aluminio apilable · 68 cm · Marina,l,323.95,173.92,excel_handle_est,35.0,54.0,144.65,0.0,7.1,cliente_paga,OK,,OK
balliu-tumbona-de-exterior-aluminio-68-cm-f7ab4da8,SV-MARINA-AZUL-CEL,Tumbona exterior aluminio apilable · 68 cm · Marina,l,323.95,173.92,excel_handle_est,35.0,54.0,144.65,0.0,7.1,cliente_paga,OK,,OK
balliu-tumbona-de-exterior-aluminio-68-cm-f7ab4da8,SV-MARINA-CENIZA,Tumbona exterior aluminio apilable · 68 cm · Marina,l,323.95,173.92,excel_handle_est,35.0,54.0,144.65,0.0,7.1,cliente_paga,OK,,OK
balliu-tumbona-de-exterior-aluminio-68-cm-f7ab4da8,SV-MARINA-AZUL-MAR,Tumbona exterior aluminio apilable · 68 cm · Marina,l,323.95,173.92,excel_handle_est,35.0,54.0,144.65,0.0,7.1,cliente_paga,OK,,OK
balliu-tumbona-de-exterior-aluminio-68-cm-f7ab4da8,SV-MARINA-GRIS-OSC,Tumbona exterior aluminio apilable · 68 cm · Marina,l,323.95,173.92,excel_handle_est,35.0,54.0,144.65,0.0,7.1,cliente_paga,OK,,OK
balliu-tumbona-de-exterior-aluminio-68-cm-f7ab4da8,SV-MARINA-AZUL-ACERO,Tumbona exterior aluminio apilable · 68 cm · Marina,l,323.95,173.92,excel_handle_est,35.0,54.0,144.65,0.0,7.1,cliente_paga,OK,,OK
balliu-mini-tumbona-de-exterior-aluminio-62-cm-5a6f53eb,SV-CANNES-BLANCO-AZUL,Mini tumbona exterior aluminio plegable · 62 cm · Canne,l,249.9,140.89,excel_handle_est,31.8,57.2,118.04,0.0,5.55,cliente_paga,OK,,OK
balliu-mini-tumbona-de-exterior-aluminio-62-cm-5a6f53eb,SV-CANNES-BLANCO-AMARILLO,Mini tumbona exterior aluminio plegable · 62 cm · Canne,l,249.9,140.89,excel_handle_est,31.8,57.2,118.04,0.0,5.55,cliente_paga,OK,,OK
balliu-mini-tumbona-de-exterior-aluminio-62-cm-5a6f53eb,SV-CANNES-BLANCO-NARANJA,Mini tumbona exterior aluminio plegable · 62 cm · Canne,l,249.9,140.89,excel_handle_est,31.8,57.2,118.04,0.0,5.55,cliente_paga,OK,,OK
balliu-mini-tumbona-de-exterior-aluminio-62-cm-5a6f53eb,SV-CANNES-BLANCO-VERDE-CLARO,Mini tumbona exterior aluminio plegable · 62 cm · Canne,l,249.9,140.89,excel_handle_est,31.8,57.2,118.04,0.0,5.55,cliente_paga,OK,,OK
balliu-mini-tumbona-de-exterior-aluminio-62-cm-5a6f53eb,SV-CANNES-BLANCO-BLANCO,Mini tumbona exterior aluminio plegable · 62 cm · Canne,l,249.9,140.89,excel_handle_est,31.8,57.2,118.04,0.0,5.55,cliente_paga,OK,,OK
balliu-mini-tumbona-de-exterior-aluminio-62-cm-5a6f53eb,SV-CANNES-BLANCO-NATURAL,Mini tumbona exterior aluminio plegable · 62 cm · Canne,l,249.9,140.89,excel_handle_est,31.8,57.2,118.04,0.0,5.55,cliente_paga,OK,,OK
balliu-mini-tumbona-de-exterior-aluminio-62-cm-5a6f53eb,SV-CANNES-BLANCO-CAPUCHINO,Mini tumbona exterior aluminio plegable · 62 cm · Canne,l,249.9,140.89,excel_handle_est,31.8,57.2,118.04,0.0,5.55,cliente_paga,OK,,OK
balliu-mini-tumbona-de-exterior-aluminio-62-cm-5a6f53eb,SV-CANNES-BLANCO-CAQUI,Mini tumbona exterior aluminio plegable · 62 cm · Canne,l,249.9,140.89,excel_handle_est,31.8,57.2,118.04,0.0,5.55,cliente_paga,OK,,OK
balliu-mini-tumbona-de-exterior-aluminio-62-cm-5a6f53eb,SV-CANNES-BLANCO-MARRON-OSC,Mini tumbona exterior aluminio plegable · 62 cm · Canne,l,249.9,140.89,excel_handle_est,31.8,57.2,118.04,0.0,5.55,cliente_paga,OK,,OK
balliu-mini-tumbona-de-exterior-aluminio-62-cm-5a6f53eb,SV-CANNES-BLANCO-ARENA,Mini tumbona exterior aluminio plegable · 62 cm · Canne,l,249.9,140.89,excel_handle_est,31.8,57.2,118.04,0.0,5.55,cliente_paga,OK,,OK
balliu-mini-tumbona-de-exterior-aluminio-62-cm-5a6f53eb,SV-CANNES-BLANCO-VERDE-OSC,Mini tumbona exterior aluminio plegable · 62 cm · Canne,l,249.9,140.89,excel_handle_est,31.8,57.2,118.04,0.0,5.55,cliente_paga,OK,,OK
balliu-mini-tumbona-de-exterior-aluminio-62-cm-5a6f53eb,SV-CANNES-BLANCO-AZUL-CEL,Mini tumbona exterior aluminio plegable · 62 cm · Canne,l,249.9,140.89,excel_handle_est,31.8,57.2,118.04,0.0,5.55,cliente_paga,OK,,OK
balliu-mini-tumbona-de-exterior-aluminio-62-cm-5a6f53eb,SV-CANNES-BLANCO-CENIZA,Mini tumbona exterior aluminio plegable · 62 cm · Canne,l,249.9,140.89,excel_handle_est,31.8,57.2,118.04,0.0,5.55,cliente_paga,OK,,OK
balliu-mini-tumbona-de-exterior-aluminio-62-cm-5a6f53eb,SV-CANNES-BLANCO-AZUL-MAR,Mini tumbona exterior aluminio plegable · 62 cm · Canne,l,249.9,140.89,excel_handle_est,31.8,57.2,118.04,0.0,5.55,cliente_paga,OK,,OK
balliu-mini-tumbona-de-exterior-aluminio-62-cm-5a6f53eb,SV-CANNES-BLANCO-GRIS-OSC,Mini tumbona exterior aluminio plegable · 62 cm · Canne,l,249.9,140.89,excel_handle_est,31.8,57.2,118.04,0.0,5.55,cliente_paga,OK,,OK
balliu-mini-tumbona-de-exterior-aluminio-62-cm-5a6f53eb,SV-CANNES-BLANCO-AZUL-ACERO,Mini tumbona exterior aluminio plegable · 62 cm · Canne,l,249.9,140.89,excel_handle_est,31.8,57.2,118.04,0.0,5.55,cliente_paga,OK,,OK
balliu-mini-tumbona-de-exterior-aluminio-62-cm-5a6f53eb,SV-CANNES-TORTOLA-AZUL,Mini tumbona exterior aluminio plegable · 62 cm · Canne,l,249.9,140.89,excel_handle_est,31.8,57.2,118.04,0.0,5.55,cliente_paga,OK,,OK
balliu-mini-tumbona-de-exterior-aluminio-62-cm-5a6f53eb,SV-CANNES-TORTOLA-AMARILLO,Mini tumbona exterior aluminio plegable · 62 cm · Canne,l,249.9,140.89,excel_handle_est,31.8,57.2,118.04,0.0,5.55,cliente_paga,OK,,OK
balliu-mini-tumbona-de-exterior-aluminio-62-cm-5a6f53eb,SV-CANNES-TORTOLA-NARANJA,Mini tumbona exterior aluminio plegable · 62 cm · Canne,l,249.9,140.89,excel_handle_est,31.8,57.2,118.04,0.0,5.55,cliente_paga,OK,,OK
balliu-mini-tumbona-de-exterior-aluminio-62-cm-5a6f53eb,SV-CANNES-TORTOLA-VERDE-CLARO,Mini tumbona exterior aluminio plegable · 62 cm · Canne,l,249.9,140.89,excel_handle_est,31.8,57.2,118.04,0.0,5.55,cliente_paga,OK,,OK
balliu-mini-tumbona-de-exterior-aluminio-62-cm-5a6f53eb,SV-CANNES-TORTOLA-BLANCO,Mini tumbona exterior aluminio plegable · 62 cm · Canne,l,249.9,140.89,excel_handle_est,31.8,57.2,118.04,0.0,5.55,cliente_paga,OK,,OK
balliu-mini-tumbona-de-exterior-aluminio-62-cm-5a6f53eb,SV-CANNES-TORTOLA-NATURAL,Mini tumbona exterior aluminio plegable · 62 cm · Canne,l,249.9,140.89,excel_handle_est,31.8,57.2,118.04,0.0,5.55,cliente_paga,OK,,OK
balliu-mini-tumbona-de-exterior-aluminio-62-cm-5a6f53eb,SV-CANNES-TORTOLA-CAPUCHINO,Mini tumbona exterior aluminio plegable · 62 cm · Canne,l,249.9,140.89,excel_handle_est,31.8,57.2,118.04,0.0,5.55,cliente_paga,OK,,OK
balliu-mini-tumbona-de-exterior-aluminio-62-cm-5a6f53eb,SV-CANNES-TORTOLA-CAQUI,Mini tumbona exterior aluminio plegable · 62 cm · Canne,l,249.9,140.89,excel_handle_est,31.8,57.2,118.04,0.0,5.55,cliente_paga,OK,,OK
balliu-mini-tumbona-de-exterior-aluminio-62-cm-5a6f53eb,SV-CANNES-TORTOLA-MARRON-OSC,Mini tumbona exterior aluminio plegable · 62 cm · Canne,l,249.9,140.89,excel_handle_est,31.8,57.2,118.04,0.0,5.55,cliente_paga,OK,,OK
balliu-mini-tumbona-de-exterior-aluminio-62-cm-5a6f53eb,SV-CANNES-TORTOLA-ARENA,Mini tumbona exterior aluminio plegable · 62 cm · Canne,l,249.9,140.89,excel_handle_est,31.8,57.2,118.04,0.0,5.55,cliente_paga,OK,,OK
balliu-mini-tumbona-de-exterior-aluminio-62-cm-5a6f53eb,SV-CANNES-TORTOLA-VERDE-OSC,Mini tumbona exterior aluminio plegable · 62 cm · Canne,l,249.9,140.89,excel_handle_est,31.8,57.2,118.04,0.0,5.55,cliente_paga,OK,,OK
balliu-mini-tumbona-de-exterior-aluminio-62-cm-5a6f53eb,SV-CANNES-TORTOLA-AZUL-CEL,Mini tumbona exterior aluminio plegable · 62 cm · Canne,l,249.9,140.89,excel_handle_est,31.8,57.2,118.04,0.0,5.55,cliente_paga,OK,,OK
balliu-mini-tumbona-de-exterior-aluminio-62-cm-5a6f53eb,SV-CANNES-TORTOLA-CENIZA,Mini tumbona exterior aluminio plegable · 62 cm · Canne,l,249.9,140.89,excel_handle_est,31.8,57.2,118.04,0.0,5.55,cliente_paga,OK,,OK
balliu-mini-tumbona-de-exterior-aluminio-62-cm-5a6f53eb,SV-CANNES-TORTOLA-AZUL-MAR,Mini tumbona exterior aluminio plegable · 62 cm · Canne,l,249.9,140.89,excel_handle_est,31.8,57.2,118.04,0.0,5.55,cliente_paga,OK,,OK
balliu-mini-tumbona-de-exterior-aluminio-62-cm-5a6f53eb,SV-CANNES-TORTOLA-GRIS-OSC,Mini tumbona exterior aluminio plegable · 62 cm · Canne,l,249.9,140.89,excel_handle_est,31.8,57.2,118.04,0.0,5.55,cliente_paga,OK,,OK
balliu-mini-tumbona-de-exterior-aluminio-62-cm-5a6f53eb,SV-CANNES-TORTOLA-AZUL-ACERO,Mini tumbona exterior aluminio plegable · 62 cm · Canne,l,249.9,140.89,excel_handle_est,31.8,57.2,118.04,0.0,5.55,cliente_paga,OK,,OK
balliu-mini-tumbona-de-exterior-aluminio-62-cm-5a6f53eb,SV-CANNES-ALUMINIO-AZUL,Mini tumbona exterior aluminio plegable · 62 cm · Canne,l,249.9,140.89,excel_handle_est,31.8,57.2,118.04,0.0,5.55,cliente_paga,OK,,OK
balliu-mini-tumbona-de-exterior-aluminio-62-cm-5a6f53eb,SV-CANNES-ALUMINIO-AMARILLO,Mini tumbona exterior aluminio plegable · 62 cm · Canne,l,249.9,140.89,excel_handle_est,31.8,57.2,118.04,0.0,5.55,cliente_paga,OK,,OK
balliu-mini-tumbona-de-exterior-aluminio-62-cm-5a6f53eb,SV-CANNES-ALUMINIO-NARANJA,Mini tumbona exterior aluminio plegable · 62 cm · Canne,l,249.9,140.89,excel_handle_est,31.8,57.2,118.04,0.0,5.55,cliente_paga,OK,,OK
balliu-mini-tumbona-de-exterior-aluminio-62-cm-5a6f53eb,SV-CANNES-ALUMINIO-VERDE-CLARO,Mini tumbona exterior aluminio plegable · 62 cm · Canne,l,249.9,140.89,excel_handle_est,31.8,57.2,118.04,0.0,5.55,cliente_paga,OK,,OK
balliu-mini-tumbona-de-exterior-aluminio-62-cm-5a6f53eb,SV-CANNES-ALUMINIO-BLANCO,Mini tumbona exterior aluminio plegable · 62 cm · Canne,l,249.9,140.89,excel_handle_est,31.8,57.2,118.04,0.0,5.55,cliente_paga,OK,,OK
balliu-mini-tumbona-de-exterior-aluminio-62-cm-5a6f53eb,SV-CANNES-ALUMINIO-NATURAL,Mini tumbona exterior aluminio plegable · 62 cm · Canne,l,249.9,140.89,excel_handle_est,31.8,57.2,118.04,0.0,5.55,cliente_paga,OK,,OK
balliu-mini-tumbona-de-exterior-aluminio-62-cm-5a6f53eb,SV-CANNES-ALUMINIO-CAPUCHINO,Mini tumbona exterior aluminio plegable · 62 cm · Canne,l,249.9,140.89,excel_handle_est,31.8,57.2,118.04,0.0,5.55,cliente_paga,OK,,OK
balliu-mini-tumbona-de-exterior-aluminio-62-cm-5a6f53eb,SV-CANNES-ALUMINIO-CAQUI,Mini tumbona exterior aluminio plegable · 62 cm · Canne,l,249.9,140.89,excel_handle_est,31.8,57.2,118.04,0.0,5.55,cliente_paga,OK,,OK
balliu-mini-tumbona-de-exterior-aluminio-62-cm-5a6f53eb,SV-CANNES-ALUMINIO-MARRON-OSC,Mini tumbona exterior aluminio plegable · 62 cm · Canne,l,249.9,140.89,excel_handle_est,31.8,57.2,118.04,0.0,5.55,cliente_paga,OK,,OK
balliu-mini-tumbona-de-exterior-aluminio-62-cm-5a6f53eb,SV-CANNES-ALUMINIO-ARENA,Mini tumbona exterior aluminio plegable · 62 cm · Canne,l,249.9,140.89,excel_handle_est,31.8,57.2,118.04,0.0,5.55,cliente_paga,OK,,OK
balliu-mini-tumbona-de-exterior-aluminio-62-cm-5a6f53eb,SV-CANNES-ALUMINIO-VERDE-OSC,Mini tumbona exterior aluminio plegable · 62 cm · Canne,l,249.9,140.89,excel_handle_est,31.8,57.2,118.04,0.0,5.55,cliente_paga,OK,,OK
balliu-mini-tumbona-de-exterior-aluminio-62-cm-5a6f53eb,SV-CANNES-ALUMINIO-AZUL-CEL,Mini tumbona exterior aluminio plegable · 62 cm · Canne,l,249.9,140.89,excel_handle_est,31.8,57.2,118.04,0.0,5.55,cliente_paga,OK,,OK
balliu-mini-tumbona-de-exterior-aluminio-62-cm-5a6f53eb,SV-CANNES-ALUMINIO-CENIZA,Mini tumbona exterior aluminio plegable · 62 cm · Canne,l,249.9,140.89,excel_handle_est,31.8,57.2,118.04,0.0,5.55,cliente_paga,OK,,OK
balliu-mini-tumbona-de-exterior-aluminio-62-cm-5a6f53eb,SV-CANNES-ALUMINIO-AZUL-MAR,Mini tumbona exterior aluminio plegable · 62 cm · Canne,l,249.9,140.89,excel_handle_est,31.8,57.2,118.04,0.0,5.55,cliente_paga,OK,,OK
balliu-mini-tumbona-de-exterior-aluminio-62-cm-5a6f53eb,SV-CANNES-ALUMINIO-GRIS-OSC,Mini tumbona exterior aluminio plegable · 62 cm · Canne,l,249.9,140.89,excel_handle_est,31.8,57.2,118.04,0.0,5.55,cliente_paga,OK,,OK
balliu-mini-tumbona-de-exterior-aluminio-62-cm-5a6f53eb,SV-CANNES-ALUMINIO-AZUL-ACERO,Mini tumbona exterior aluminio plegable · 62 cm · Canne,l,249.9,140.89,excel_handle_est,31.8,57.2,118.04,0.0,5.55,cliente_paga,OK,,OK
balliu-mini-tumbona-de-exterior-madera-59-cm-fa211c70,SV-BRISTOL-AZUL,Mini tumbona exterior madera teca plegable · 59 cm · Br,l,299.9,139.67,excel_handle_est,43.6,64.4,159.53,0.0,6.6,cliente_paga,OK,,OK
balliu-mini-tumbona-de-exterior-madera-59-cm-fa211c70,SV-BRISTOL-AMARILLO,Mini tumbona exterior madera teca plegable · 59 cm · Br,l,299.9,139.67,excel_handle_est,43.6,64.4,159.53,0.0,6.6,cliente_paga,OK,,OK
balliu-mini-tumbona-de-exterior-madera-59-cm-fa211c70,SV-BRISTOL-NARANJA,Mini tumbona exterior madera teca plegable · 59 cm · Br,l,299.9,139.67,excel_handle_est,43.6,64.4,159.53,0.0,6.6,cliente_paga,OK,,OK
balliu-mini-tumbona-de-exterior-madera-59-cm-fa211c70,SV-BRISTOL-VERDE-CLARO,Mini tumbona exterior madera teca plegable · 59 cm · Br,l,299.9,139.67,excel_handle_est,43.6,64.4,159.53,0.0,6.6,cliente_paga,OK,,OK
balliu-mini-tumbona-de-exterior-madera-59-cm-fa211c70,SV-BRISTOL-BLANCO,Mini tumbona exterior madera teca plegable · 59 cm · Br,l,299.9,139.67,excel_handle_est,43.6,64.4,159.53,0.0,6.6,cliente_paga,OK,,OK
balliu-mini-tumbona-de-exterior-madera-59-cm-fa211c70,SV-BRISTOL-NATURAL,Mini tumbona exterior madera teca plegable · 59 cm · Br,l,299.9,139.67,excel_handle_est,43.6,64.4,159.53,0.0,6.6,cliente_paga,OK,,OK
balliu-mini-tumbona-de-exterior-madera-59-cm-fa211c70,SV-BRISTOL-CAPUCHINO,Mini tumbona exterior madera teca plegable · 59 cm · Br,l,299.9,139.67,excel_handle_est,43.6,64.4,159.53,0.0,6.6,cliente_paga,OK,,OK
balliu-mini-tumbona-de-exterior-madera-59-cm-fa211c70,SV-BRISTOL-CAQUI,Mini tumbona exterior madera teca plegable · 59 cm · Br,l,299.9,139.67,excel_handle_est,43.6,64.4,159.53,0.0,6.6,cliente_paga,OK,,OK
balliu-mini-tumbona-de-exterior-madera-59-cm-fa211c70,SV-BRISTOL-MARRON-OSC,Mini tumbona exterior madera teca plegable · 59 cm · Br,l,299.9,139.67,excel_handle_est,43.6,64.4,159.53,0.0,6.6,cliente_paga,OK,,OK
balliu-mini-tumbona-de-exterior-madera-59-cm-fa211c70,SV-BRISTOL-ARENA,Mini tumbona exterior madera teca plegable · 59 cm · Br,l,299.9,139.67,excel_handle_est,43.6,64.4,159.53,0.0,6.6,cliente_paga,OK,,OK
balliu-mini-tumbona-de-exterior-madera-59-cm-fa211c70,SV-BRISTOL-VERDE-OSC,Mini tumbona exterior madera teca plegable · 59 cm · Br,l,299.9,139.67,excel_handle_est,43.6,64.4,159.53,0.0,6.6,cliente_paga,OK,,OK
balliu-mini-tumbona-de-exterior-madera-59-cm-fa211c70,SV-BRISTOL-AZUL-CEL,Mini tumbona exterior madera teca plegable · 59 cm · Br,l,299.9,139.67,excel_handle_est,43.6,64.4,159.53,0.0,6.6,cliente_paga,OK,,OK
balliu-mini-tumbona-de-exterior-madera-59-cm-fa211c70,SV-BRISTOL-CENIZA,Mini tumbona exterior madera teca plegable · 59 cm · Br,l,299.9,139.67,excel_handle_est,43.6,64.4,159.53,0.0,6.6,cliente_paga,OK,,OK
balliu-mini-tumbona-de-exterior-madera-59-cm-fa211c70,SV-BRISTOL-AZUL-MAR,Mini tumbona exterior madera teca plegable · 59 cm · Br,l,299.9,139.67,excel_handle_est,43.6,64.4,159.53,0.0,6.6,cliente_paga,OK,,OK
balliu-mini-tumbona-de-exterior-madera-59-cm-fa211c70,SV-BRISTOL-GRIS-OSC,Mini tumbona exterior madera teca plegable · 59 cm · Br,l,299.9,139.67,excel_handle_est,43.6,64.4,159.53,0.0,6.6,cliente_paga,OK,,OK
balliu-mini-tumbona-de-exterior-madera-59-cm-fa211c70,SV-BRISTOL-AZUL-ACERO,Mini tumbona exterior madera teca plegable · 59 cm · Br,l,299.9,139.67,excel_handle_est,43.6,64.4,159.53,0.0,6.6,cliente_paga,OK,,OK
balliu-mini-tumbona-de-exterior-aluminio-57-cm-98ab84ce,SV-MINIMARINA-BLANCO-AZUL,Mini tumbona exterior aluminio apilable · 57 cm · Marin,l,213.95,114.6,excel_handle_est,35.2,65.3,115.38,0.0,4.79,cliente_paga,OK,,OK
balliu-mini-tumbona-de-exterior-aluminio-57-cm-98ab84ce,SV-MINIMARINA-BLANCO-AMARILLO,Mini tumbona exterior aluminio apilable · 57 cm · Marin,l,213.95,114.6,excel_handle_est,35.2,65.3,115.38,0.0,4.79,cliente_paga,OK,,OK
balliu-mini-tumbona-de-exterior-aluminio-57-cm-98ab84ce,SV-MINIMARINA-BLANCO-NARANJA,Mini tumbona exterior aluminio apilable · 57 cm · Marin,l,213.95,114.6,excel_handle_est,35.2,65.3,115.38,0.0,4.79,cliente_paga,OK,,OK
balliu-mini-tumbona-de-exterior-aluminio-57-cm-98ab84ce,SV-MINIMARINA-BLANCO-VERDE-CLARO,Mini tumbona exterior aluminio apilable · 57 cm · Marin,l,213.95,114.6,excel_handle_est,35.2,65.3,115.38,0.0,4.79,cliente_paga,OK,,OK
balliu-mini-tumbona-de-exterior-aluminio-57-cm-98ab84ce,SV-MINIMARINA-BLANCO-BLANCO,Mini tumbona exterior aluminio apilable · 57 cm · Marin,l,213.95,114.6,excel_handle_est,35.2,65.3,115.38,0.0,4.79,cliente_paga,OK,,OK
balliu-mini-tumbona-de-exterior-aluminio-57-cm-98ab84ce,SV-MINIMARINA-BLANCO-NATURAL,Mini tumbona exterior aluminio apilable · 57 cm · Marin,l,213.95,114.6,excel_handle_est,35.2,65.3,115.38,0.0,4.79,cliente_paga,OK,,OK
balliu-mini-tumbona-de-exterior-aluminio-57-cm-98ab84ce,SV-MINIMARINA-BLANCO-CAPUCHINO,Mini tumbona exterior aluminio apilable · 57 cm · Marin,l,213.95,114.6,excel_handle_est,35.2,65.3,115.38,0.0,4.79,cliente_paga,OK,,OK
balliu-mini-tumbona-de-exterior-aluminio-57-cm-98ab84ce,SV-MINIMARINA-BLANCO-CAQUI,Mini tumbona exterior aluminio apilable · 57 cm · Marin,l,213.95,114.6,excel_handle_est,35.2,65.3,115.38,0.0,4.79,cliente_paga,OK,,OK
balliu-mini-tumbona-de-exterior-aluminio-57-cm-98ab84ce,SV-MINIMARINA-BLANCO-MARRON-OSC,Mini tumbona exterior aluminio apilable · 57 cm · Marin,l,213.95,114.6,excel_handle_est,35.2,65.3,115.38,0.0,4.79,cliente_paga,OK,,OK
balliu-mini-tumbona-de-exterior-aluminio-57-cm-98ab84ce,SV-MINIMARINA-BLANCO-ARENA,Mini tumbona exterior aluminio apilable · 57 cm · Marin,l,213.95,114.6,excel_handle_est,35.2,65.3,115.38,0.0,4.79,cliente_paga,OK,,OK
balliu-mini-tumbona-de-exterior-aluminio-57-cm-98ab84ce,SV-MINIMARINA-BLANCO-VERDE-OSC,Mini tumbona exterior aluminio apilable · 57 cm · Marin,l,213.95,114.6,excel_handle_est,35.2,65.3,115.38,0.0,4.79,cliente_paga,OK,,OK
balliu-mini-tumbona-de-exterior-aluminio-57-cm-98ab84ce,SV-MINIMARINA-BLANCO-AZUL-CEL,Mini tumbona exterior aluminio apilable · 57 cm · Marin,l,213.95,114.6,excel_handle_est,35.2,65.3,115.38,0.0,4.79,cliente_paga,OK,,OK
balliu-mini-tumbona-de-exterior-aluminio-57-cm-98ab84ce,SV-MINIMARINA-BLANCO-CENIZA,Mini tumbona exterior aluminio apilable · 57 cm · Marin,l,213.95,114.6,excel_handle_est,35.2,65.3,115.38,0.0,4.79,cliente_paga,OK,,OK
balliu-mini-tumbona-de-exterior-aluminio-57-cm-98ab84ce,SV-MINIMARINA-BLANCO-AZUL-MAR,Mini tumbona exterior aluminio apilable · 57 cm · Marin,l,213.95,114.6,excel_handle_est,35.2,65.3,115.38,0.0,4.79,cliente_paga,OK,,OK
balliu-mini-tumbona-de-exterior-aluminio-57-cm-98ab84ce,SV-MINIMARINA-BLANCO-GRIS-OSC,Mini tumbona exterior aluminio apilable · 57 cm · Marin,l,213.95,114.6,excel_handle_est,35.2,65.3,115.38,0.0,4.79,cliente_paga,OK,,OK
balliu-mini-tumbona-de-exterior-aluminio-57-cm-98ab84ce,SV-MINIMARINA-BLANCO-AZUL-ACERO,Mini tumbona exterior aluminio apilable · 57 cm · Marin,l,213.95,114.6,excel_handle_est,35.2,65.3,115.38,0.0,4.79,cliente_paga,OK,,OK
balliu-mini-tumbona-de-exterior-aluminio-57-cm-98ab84ce,SV-MINIMARINA-ALUMINIO-AZUL,Mini tumbona exterior aluminio apilable · 57 cm · Marin,l,213.95,114.6,excel_handle_est,35.2,65.3,115.38,0.0,4.79,cliente_paga,OK,,OK
balliu-mini-tumbona-de-exterior-aluminio-57-cm-98ab84ce,SV-MINIMARINA-ALUMINIO-AMARILLO,Mini tumbona exterior aluminio apilable · 57 cm · Marin,l,213.95,114.6,excel_handle_est,35.2,65.3,115.38,0.0,4.79,cliente_paga,OK,,OK
balliu-mini-tumbona-de-exterior-aluminio-57-cm-98ab84ce,SV-MINIMARINA-ALUMINIO-NARANJA,Mini tumbona exterior aluminio apilable · 57 cm · Marin,l,213.95,114.6,excel_handle_est,35.2,65.3,115.38,0.0,4.79,cliente_paga,OK,,OK
balliu-mini-tumbona-de-exterior-aluminio-57-cm-98ab84ce,SV-MINIMARINA-ALUMINIO-VERDE-CLARO,Mini tumbona exterior aluminio apilable · 57 cm · Marin,l,213.95,114.6,excel_handle_est,35.2,65.3,115.38,0.0,4.79,cliente_paga,OK,,OK
balliu-mini-tumbona-de-exterior-aluminio-57-cm-98ab84ce,SV-MINIMARINA-ALUMINIO-BLANCO,Mini tumbona exterior aluminio apilable · 57 cm · Marin,l,213.95,114.6,excel_handle_est,35.2,65.3,115.38,0.0,4.79,cliente_paga,OK,,OK
balliu-mini-tumbona-de-exterior-aluminio-57-cm-98ab84ce,SV-MINIMARINA-ALUMINIO-NATURAL,Mini tumbona exterior aluminio apilable · 57 cm · Marin,l,213.95,114.6,excel_handle_est,35.2,65.3,115.38,0.0,4.79,cliente_paga,OK,,OK
balliu-mini-tumbona-de-exterior-aluminio-57-cm-98ab84ce,SV-MINIMARINA-ALUMINIO-CAPUCHINO,Mini tumbona exterior aluminio apilable · 57 cm · Marin,l,213.95,114.6,excel_handle_est,35.2,65.3,115.38,0.0,4.79,cliente_paga,OK,,OK
balliu-mini-tumbona-de-exterior-aluminio-57-cm-98ab84ce,SV-MINIMARINA-ALUMINIO-CAQUI,Mini tumbona exterior aluminio apilable · 57 cm · Marin,l,213.95,114.6,excel_handle_est,35.2,65.3,115.38,0.0,4.79,cliente_paga,OK,,OK
balliu-mini-tumbona-de-exterior-aluminio-57-cm-98ab84ce,SV-MINIMARINA-ALUMINIO-MARRON-OSC,Mini tumbona exterior aluminio apilable · 57 cm · Marin,l,213.95,114.6,excel_handle_est,35.2,65.3,115.38,0.0,4.79,cliente_paga,OK,,OK
balliu-mini-tumbona-de-exterior-aluminio-57-cm-98ab84ce,SV-MINIMARINA-ALUMINIO-ARENA,Mini tumbona exterior aluminio apilable · 57 cm · Marin,l,213.95,114.6,excel_handle_est,35.2,65.3,115.38,0.0,4.79,cliente_paga,OK,,OK
balliu-mini-tumbona-de-exterior-aluminio-57-cm-98ab84ce,SV-MINIMARINA-ALUMINIO-VERDE-OSC,Mini tumbona exterior aluminio apilable · 57 cm · Marin,l,213.95,114.6,excel_handle_est,35.2,65.3,115.38,0.0,4.79,cliente_paga,OK,,OK
balliu-mini-tumbona-de-exterior-aluminio-57-cm-98ab84ce,SV-MINIMARINA-ALUMINIO-AZUL-CEL,Mini tumbona exterior aluminio apilable · 57 cm · Marin,l,213.95,114.6,excel_handle_est,35.2,65.3,115.38,0.0,4.79,cliente_paga,OK,,OK
balliu-mini-tumbona-de-exterior-aluminio-57-cm-98ab84ce,SV-MINIMARINA-ALUMINIO-CENIZA,Mini tumbona exterior aluminio apilable · 57 cm · Marin,l,213.95,114.6,excel_handle_est,35.2,65.3,115.38,0.0,4.79,cliente_paga,OK,,OK
balliu-mini-tumbona-de-exterior-aluminio-57-cm-98ab84ce,SV-MINIMARINA-ALUMINIO-AZUL-MAR,Mini tumbona exterior aluminio apilable · 57 cm · Marin,l,213.95,114.6,excel_handle_est,35.2,65.3,115.38,0.0,4.79,cliente_paga,OK,,OK
balliu-mini-tumbona-de-exterior-aluminio-57-cm-98ab84ce,SV-MINIMARINA-ALUMINIO-GRIS-OSC,Mini tumbona exterior aluminio apilable · 57 cm · Marin,l,213.95,114.6,excel_handle_est,35.2,65.3,115.38,0.0,4.79,cliente_paga,OK,,OK
balliu-mini-tumbona-de-exterior-aluminio-57-cm-98ab84ce,SV-MINIMARINA-ALUMINIO-AZUL-ACERO,Mini tumbona exterior aluminio apilable · 57 cm · Marin,l,213.95,114.6,excel_handle_est,35.2,65.3,115.38,0.0,4.79,cliente_paga,OK,,OK
balliu-cama-balinesa-exterior-aluminio-estilo-sofisticado-160-cm-2bd3a7a4,BALLIU_AURA_CAMA_BALINESA_TELA_NAUTICA_2BD3A7A4,Cama balinesa exterior aluminio · estilo sofisticado | ,l,1999.0,1073.61,shopify,35.0,32.5,536.18,0.0,42.28,envio_gratis,OK,,OK
balliu-cama-balinesa-exterior-aluminio-estilo-minimalista-198-cm-dcaf71d8,BALLIU_ALMA_CAMA_BALINESA_TELA_NAUTICA_DCAF71D8,Cama balinesa exterior aluminio · estilo minimalista | ,l,2815.0,1510.81,shopify,35.1,32.5,756.22,0.0,59.41,envio_gratis,OK,,OK
balliu-taburete-exterior-aluminio-estilo-elegante-56-cm-a66b4a0a,SV-ETNA-TAB-BLANCO-AZUL,Taburete exterior aluminio · tejido Balliu · Etna,m,186.95,100.25,excel_handle_est,35.1,51.8,79.98,0.0,4.23,cliente_paga,OK,,OK
balliu-taburete-exterior-aluminio-estilo-elegante-56-cm-a66b4a0a,SV-ETNA-TAB-BLANCO-AMARILLO,Taburete exterior aluminio · tejido Balliu · Etna,m,186.95,100.25,excel_handle_est,35.1,51.8,79.98,0.0,4.23,cliente_paga,OK,,OK
balliu-taburete-exterior-aluminio-estilo-elegante-56-cm-a66b4a0a,SV-ETNA-TAB-BLANCO-NARANJA,Taburete exterior aluminio · tejido Balliu · Etna,m,186.95,100.25,excel_handle_est,35.1,51.8,79.98,0.0,4.23,cliente_paga,OK,,OK
balliu-taburete-exterior-aluminio-estilo-elegante-56-cm-a66b4a0a,SV-ETNA-TAB-BLANCO-VERDE-CLARO,Taburete exterior aluminio · tejido Balliu · Etna,m,186.95,100.25,excel_handle_est,35.1,51.8,79.98,0.0,4.23,cliente_paga,OK,,OK
balliu-taburete-exterior-aluminio-estilo-elegante-56-cm-a66b4a0a,SV-ETNA-TAB-BLANCO-BLANCO,Taburete exterior aluminio · tejido Balliu · Etna,m,186.95,100.25,excel_handle_est,35.1,51.8,79.98,0.0,4.23,cliente_paga,OK,,OK
balliu-taburete-exterior-aluminio-estilo-elegante-56-cm-a66b4a0a,SV-ETNA-TAB-BLANCO-NATURAL,Taburete exterior aluminio · tejido Balliu · Etna,m,186.95,100.25,excel_handle_est,35.1,51.8,79.98,0.0,4.23,cliente_paga,OK,,OK
balliu-taburete-exterior-aluminio-estilo-elegante-56-cm-a66b4a0a,SV-ETNA-TAB-BLANCO-CAPUCHINO,Taburete exterior aluminio · tejido Balliu · Etna,m,186.95,100.25,excel_handle_est,35.1,51.8,79.98,0.0,4.23,cliente_paga,OK,,OK
balliu-taburete-exterior-aluminio-estilo-elegante-56-cm-a66b4a0a,SV-ETNA-TAB-BLANCO-CAQUI,Taburete exterior aluminio · tejido Balliu · Etna,m,186.95,100.25,excel_handle_est,35.1,51.8,79.98,0.0,4.23,cliente_paga,OK,,OK
balliu-taburete-exterior-aluminio-estilo-elegante-56-cm-a66b4a0a,SV-ETNA-TAB-BLANCO-MARRON-OSC,Taburete exterior aluminio · tejido Balliu · Etna,m,186.95,100.25,excel_handle_est,35.1,51.8,79.98,0.0,4.23,cliente_paga,OK,,OK
balliu-taburete-exterior-aluminio-estilo-elegante-56-cm-a66b4a0a,SV-ETNA-TAB-BLANCO-ARENA,Taburete exterior aluminio · tejido Balliu · Etna,m,186.95,100.25,excel_handle_est,35.1,51.8,79.98,0.0,4.23,cliente_paga,OK,,OK
balliu-taburete-exterior-aluminio-estilo-elegante-56-cm-a66b4a0a,SV-ETNA-TAB-BLANCO-VERDE-OSC,Taburete exterior aluminio · tejido Balliu · Etna,m,186.95,100.25,excel_handle_est,35.1,51.8,79.98,0.0,4.23,cliente_paga,OK,,OK
balliu-taburete-exterior-aluminio-estilo-elegante-56-cm-a66b4a0a,SV-ETNA-TAB-BLANCO-AZUL-CEL,Taburete exterior aluminio · tejido Balliu · Etna,m,186.95,100.25,excel_handle_est,35.1,51.8,79.98,0.0,4.23,cliente_paga,OK,,OK
balliu-taburete-exterior-aluminio-estilo-elegante-56-cm-a66b4a0a,SV-ETNA-TAB-BLANCO-CENIZA,Taburete exterior aluminio · tejido Balliu · Etna,m,186.95,100.25,excel_handle_est,35.1,51.8,79.98,0.0,4.23,cliente_paga,OK,,OK
balliu-taburete-exterior-aluminio-estilo-elegante-56-cm-a66b4a0a,SV-ETNA-TAB-BLANCO-AZUL-MAR,Taburete exterior aluminio · tejido Balliu · Etna,m,186.95,100.25,excel_handle_est,35.1,51.8,79.98,0.0,4.23,cliente_paga,OK,,OK
balliu-taburete-exterior-aluminio-estilo-elegante-56-cm-a66b4a0a,SV-ETNA-TAB-BLANCO-GRIS-OSC,Taburete exterior aluminio · tejido Balliu · Etna,m,186.95,100.25,excel_handle_est,35.1,51.8,79.98,0.0,4.23,cliente_paga,OK,,OK
balliu-taburete-exterior-aluminio-estilo-elegante-56-cm-a66b4a0a,SV-ETNA-TAB-BLANCO-AZUL-ACERO,Taburete exterior aluminio · tejido Balliu · Etna,m,186.95,100.25,excel_handle_est,35.1,51.8,79.98,0.0,4.23,cliente_paga,OK,,OK
balliu-taburete-exterior-aluminio-estilo-elegante-56-cm-a66b4a0a,SV-ETNA-TAB-TORTOLA-AZUL,Taburete exterior aluminio · tejido Balliu · Etna,m,186.95,100.25,excel_handle_est,35.1,51.8,79.98,0.0,4.23,cliente_paga,OK,,OK
balliu-taburete-exterior-aluminio-estilo-elegante-56-cm-a66b4a0a,SV-ETNA-TAB-TORTOLA-AMARILLO,Taburete exterior aluminio · tejido Balliu · Etna,m,186.95,100.25,excel_handle_est,35.1,51.8,79.98,0.0,4.23,cliente_paga,OK,,OK
balliu-taburete-exterior-aluminio-estilo-elegante-56-cm-a66b4a0a,SV-ETNA-TAB-TORTOLA-NARANJA,Taburete exterior aluminio · tejido Balliu · Etna,m,186.95,100.25,excel_handle_est,35.1,51.8,79.98,0.0,4.23,cliente_paga,OK,,OK
balliu-taburete-exterior-aluminio-estilo-elegante-56-cm-a66b4a0a,SV-ETNA-TAB-TORTOLA-VERDE-CLARO,Taburete exterior aluminio · tejido Balliu · Etna,m,186.95,100.25,excel_handle_est,35.1,51.8,79.98,0.0,4.23,cliente_paga,OK,,OK
balliu-taburete-exterior-aluminio-estilo-elegante-56-cm-a66b4a0a,SV-ETNA-TAB-TORTOLA-BLANCO,Taburete exterior aluminio · tejido Balliu · Etna,m,186.95,100.25,excel_handle_est,35.1,51.8,79.98,0.0,4.23,cliente_paga,OK,,OK
balliu-taburete-exterior-aluminio-estilo-elegante-56-cm-a66b4a0a,SV-ETNA-TAB-TORTOLA-NATURAL,Taburete exterior aluminio · tejido Balliu · Etna,m,186.95,100.25,excel_handle_est,35.1,51.8,79.98,0.0,4.23,cliente_paga,OK,,OK
balliu-taburete-exterior-aluminio-estilo-elegante-56-cm-a66b4a0a,SV-ETNA-TAB-TORTOLA-CAPUCHINO,Taburete exterior aluminio · tejido Balliu · Etna,m,186.95,100.25,excel_handle_est,35.1,51.8,79.98,0.0,4.23,cliente_paga,OK,,OK
balliu-taburete-exterior-aluminio-estilo-elegante-56-cm-a66b4a0a,SV-ETNA-TAB-TORTOLA-CAQUI,Taburete exterior aluminio · tejido Balliu · Etna,m,186.95,100.25,excel_handle_est,35.1,51.8,79.98,0.0,4.23,cliente_paga,OK,,OK
balliu-taburete-exterior-aluminio-estilo-elegante-56-cm-a66b4a0a,SV-ETNA-TAB-TORTOLA-MARRON-OSC,Taburete exterior aluminio · tejido Balliu · Etna,m,186.95,100.25,excel_handle_est,35.1,51.8,79.98,0.0,4.23,cliente_paga,OK,,OK
balliu-taburete-exterior-aluminio-estilo-elegante-56-cm-a66b4a0a,SV-ETNA-TAB-TORTOLA-ARENA,Taburete exterior aluminio · tejido Balliu · Etna,m,186.95,100.25,excel_handle_est,35.1,51.8,79.98,0.0,4.23,cliente_paga,OK,,OK
balliu-taburete-exterior-aluminio-estilo-elegante-56-cm-a66b4a0a,SV-ETNA-TAB-TORTOLA-VERDE-OSC,Taburete exterior aluminio · tejido Balliu · Etna,m,186.95,100.25,excel_handle_est,35.1,51.8,79.98,0.0,4.23,cliente_paga,OK,,OK
balliu-taburete-exterior-aluminio-estilo-elegante-56-cm-a66b4a0a,SV-ETNA-TAB-TORTOLA-AZUL-CEL,Taburete exterior aluminio · tejido Balliu · Etna,m,186.95,100.25,excel_handle_est,35.1,51.8,79.98,0.0,4.23,cliente_paga,OK,,OK
balliu-taburete-exterior-aluminio-estilo-elegante-56-cm-a66b4a0a,SV-ETNA-TAB-TORTOLA-CENIZA,Taburete exterior aluminio · tejido Balliu · Etna,m,186.95,100.25,excel_handle_est,35.1,51.8,79.98,0.0,4.23,cliente_paga,OK,,OK
balliu-taburete-exterior-aluminio-estilo-elegante-56-cm-a66b4a0a,SV-ETNA-TAB-TORTOLA-AZUL-MAR,Taburete exterior aluminio · tejido Balliu · Etna,m,186.95,100.25,excel_handle_est,35.1,51.8,79.98,0.0,4.23,cliente_paga,OK,,OK
balliu-taburete-exterior-aluminio-estilo-elegante-56-cm-a66b4a0a,SV-ETNA-TAB-TORTOLA-GRIS-OSC,Taburete exterior aluminio · tejido Balliu · Etna,m,186.95,100.25,excel_handle_est,35.1,51.8,79.98,0.0,4.23,cliente_paga,OK,,OK
balliu-taburete-exterior-aluminio-estilo-elegante-56-cm-a66b4a0a,SV-ETNA-TAB-TORTOLA-AZUL-ACERO,Taburete exterior aluminio · tejido Balliu · Etna,m,186.95,100.25,excel_handle_est,35.1,51.8,79.98,0.0,4.23,cliente_paga,OK,,OK
balliu-taburete-exterior-aluminio-estilo-elegante-56-cm-a66b4a0a,SV-ETNA-TAB-ALUMINIO-AZUL,Taburete exterior aluminio · tejido Balliu · Etna,m,186.95,100.25,excel_handle_est,35.1,51.8,79.98,0.0,4.23,cliente_paga,OK,,OK
balliu-taburete-exterior-aluminio-estilo-elegante-56-cm-a66b4a0a,SV-ETNA-TAB-ALUMINIO-AMARILLO,Taburete exterior aluminio · tejido Balliu · Etna,m,186.95,100.25,excel_handle_est,35.1,51.8,79.98,0.0,4.23,cliente_paga,OK,,OK
balliu-taburete-exterior-aluminio-estilo-elegante-56-cm-a66b4a0a,SV-ETNA-TAB-ALUMINIO-NARANJA,Taburete exterior aluminio · tejido Balliu · Etna,m,186.95,100.25,excel_handle_est,35.1,51.8,79.98,0.0,4.23,cliente_paga,OK,,OK
balliu-taburete-exterior-aluminio-estilo-elegante-56-cm-a66b4a0a,SV-ETNA-TAB-ALUMINIO-VERDE-CLARO,Taburete exterior aluminio · tejido Balliu · Etna,m,186.95,100.25,excel_handle_est,35.1,51.8,79.98,0.0,4.23,cliente_paga,OK,,OK
balliu-taburete-exterior-aluminio-estilo-elegante-56-cm-a66b4a0a,SV-ETNA-TAB-ALUMINIO-BLANCO,Taburete exterior aluminio · tejido Balliu · Etna,m,186.95,100.25,excel_handle_est,35.1,51.8,79.98,0.0,4.23,cliente_paga,OK,,OK
balliu-taburete-exterior-aluminio-estilo-elegante-56-cm-a66b4a0a,SV-ETNA-TAB-ALUMINIO-NATURAL,Taburete exterior aluminio · tejido Balliu · Etna,m,186.95,100.25,excel_handle_est,35.1,51.8,79.98,0.0,4.23,cliente_paga,OK,,OK
balliu-taburete-exterior-aluminio-estilo-elegante-56-cm-a66b4a0a,SV-ETNA-TAB-ALUMINIO-CAPUCHINO,Taburete exterior aluminio · tejido Balliu · Etna,m,186.95,100.25,excel_handle_est,35.1,51.8,79.98,0.0,4.23,cliente_paga,OK,,OK
balliu-taburete-exterior-aluminio-estilo-elegante-56-cm-a66b4a0a,SV-ETNA-TAB-ALUMINIO-CAQUI,Taburete exterior aluminio · tejido Balliu · Etna,m,186.95,100.25,excel_handle_est,35.1,51.8,79.98,0.0,4.23,cliente_paga,OK,,OK
balliu-taburete-exterior-aluminio-estilo-elegante-56-cm-a66b4a0a,SV-ETNA-TAB-ALUMINIO-MARRON-OSC,Taburete exterior aluminio · tejido Balliu · Etna,m,186.95,100.25,excel_handle_est,35.1,51.8,79.98,0.0,4.23,cliente_paga,OK,,OK
balliu-taburete-exterior-aluminio-estilo-elegante-56-cm-a66b4a0a,SV-ETNA-TAB-ALUMINIO-ARENA,Taburete exterior aluminio · tejido Balliu · Etna,m,186.95,100.25,excel_handle_est,35.1,51.8,79.98,0.0,4.23,cliente_paga,OK,,OK
balliu-taburete-exterior-aluminio-estilo-elegante-56-cm-a66b4a0a,SV-ETNA-TAB-ALUMINIO-VERDE-OSC,Taburete exterior aluminio · tejido Balliu · Etna,m,186.95,100.25,excel_handle_est,35.1,51.8,79.98,0.0,4.23,cliente_paga,OK,,OK
balliu-taburete-exterior-aluminio-estilo-elegante-56-cm-a66b4a0a,SV-ETNA-TAB-ALUMINIO-AZUL-CEL,Taburete exterior aluminio · tejido Balliu · Etna,m,186.95,100.25,excel_handle_est,35.1,51.8,79.98,0.0,4.23,cliente_paga,OK,,OK
balliu-taburete-exterior-aluminio-estilo-elegante-56-cm-a66b4a0a,SV-ETNA-TAB-ALUMINIO-CENIZA,Taburete exterior aluminio · tejido Balliu · Etna,m,186.95,100.25,excel_handle_est,35.1,51.8,79.98,0.0,4.23,cliente_paga,OK,,OK
balliu-taburete-exterior-aluminio-estilo-elegante-56-cm-a66b4a0a,SV-ETNA-TAB-ALUMINIO-AZUL-MAR,Taburete exterior aluminio · tejido Balliu · Etna,m,186.95,100.25,excel_handle_est,35.1,51.8,79.98,0.0,4.23,cliente_paga,OK,,OK
balliu-taburete-exterior-aluminio-estilo-elegante-56-cm-a66b4a0a,SV-ETNA-TAB-ALUMINIO-GRIS-OSC,Taburete exterior aluminio · tejido Balliu · Etna,m,186.95,100.25,excel_handle_est,35.1,51.8,79.98,0.0,4.23,cliente_paga,OK,,OK
balliu-taburete-exterior-aluminio-estilo-elegante-56-cm-a66b4a0a,SV-ETNA-TAB-ALUMINIO-AZUL-ACERO,Taburete exterior aluminio · tejido Balliu · Etna,m,186.95,100.25,excel_handle_est,35.1,51.8,79.98,0.0,4.23,cliente_paga,OK,,OK
balliu-silla-exterior-con-brazos-aluminio-estilo-elegante-56-cm-5c88bd77,SV-ETNA-SILLA-BLANCO-AZUL,Silla exterior aluminio · tejido Balliu · Etna,m,181.95,97.71,excel_handle_est,35.0,52.2,78.49,0.0,4.12,cliente_paga,OK,,OK
balliu-silla-exterior-con-brazos-aluminio-estilo-elegante-56-cm-5c88bd77,SV-ETNA-SILLA-BLANCO-AMARILLO,Silla exterior aluminio · tejido Balliu · Etna,m,181.95,97.71,excel_handle_est,35.0,52.2,78.49,0.0,4.12,cliente_paga,OK,,OK
balliu-silla-exterior-con-brazos-aluminio-estilo-elegante-56-cm-5c88bd77,SV-ETNA-SILLA-BLANCO-NARANJA,Silla exterior aluminio · tejido Balliu · Etna,m,181.95,97.71,excel_handle_est,35.0,52.2,78.49,0.0,4.12,cliente_paga,OK,,OK
balliu-silla-exterior-con-brazos-aluminio-estilo-elegante-56-cm-5c88bd77,SV-ETNA-SILLA-BLANCO-VERDE-CLARO,Silla exterior aluminio · tejido Balliu · Etna,m,181.95,97.71,excel_handle_est,35.0,52.2,78.49,0.0,4.12,cliente_paga,OK,,OK
balliu-silla-exterior-con-brazos-aluminio-estilo-elegante-56-cm-5c88bd77,SV-ETNA-SILLA-BLANCO-BLANCO,Silla exterior aluminio · tejido Balliu · Etna,m,181.95,97.71,excel_handle_est,35.0,52.2,78.49,0.0,4.12,cliente_paga,OK,,OK
balliu-silla-exterior-con-brazos-aluminio-estilo-elegante-56-cm-5c88bd77,SV-ETNA-SILLA-BLANCO-NATURAL,Silla exterior aluminio · tejido Balliu · Etna,m,181.95,97.71,excel_handle_est,35.0,52.2,78.49,0.0,4.12,cliente_paga,OK,,OK
balliu-silla-exterior-con-brazos-aluminio-estilo-elegante-56-cm-5c88bd77,SV-ETNA-SILLA-BLANCO-CAPUCHINO,Silla exterior aluminio · tejido Balliu · Etna,m,181.95,97.71,excel_handle_est,35.0,52.2,78.49,0.0,4.12,cliente_paga,OK,,OK
balliu-silla-exterior-con-brazos-aluminio-estilo-elegante-56-cm-5c88bd77,SV-ETNA-SILLA-BLANCO-CAQUI,Silla exterior aluminio · tejido Balliu · Etna,m,181.95,97.71,excel_handle_est,35.0,52.2,78.49,0.0,4.12,cliente_paga,OK,,OK
balliu-silla-exterior-con-brazos-aluminio-estilo-elegante-56-cm-5c88bd77,SV-ETNA-SILLA-BLANCO-MARRON-OSC,Silla exterior aluminio · tejido Balliu · Etna,m,181.95,97.71,excel_handle_est,35.0,52.2,78.49,0.0,4.12,cliente_paga,OK,,OK
balliu-silla-exterior-con-brazos-aluminio-estilo-elegante-56-cm-5c88bd77,SV-ETNA-SILLA-BLANCO-ARENA,Silla exterior aluminio · tejido Balliu · Etna,m,181.95,97.71,excel_handle_est,35.0,52.2,78.49,0.0,4.12,cliente_paga,OK,,OK
balliu-silla-exterior-con-brazos-aluminio-estilo-elegante-56-cm-5c88bd77,SV-ETNA-SILLA-BLANCO-VERDE-OSC,Silla exterior aluminio · tejido Balliu · Etna,m,181.95,97.71,excel_handle_est,35.0,52.2,78.49,0.0,4.12,cliente_paga,OK,,OK
balliu-silla-exterior-con-brazos-aluminio-estilo-elegante-56-cm-5c88bd77,SV-ETNA-SILLA-BLANCO-AZUL-CEL,Silla exterior aluminio · tejido Balliu · Etna,m,181.95,97.71,excel_handle_est,35.0,52.2,78.49,0.0,4.12,cliente_paga,OK,,OK
balliu-silla-exterior-con-brazos-aluminio-estilo-elegante-56-cm-5c88bd77,SV-ETNA-SILLA-BLANCO-CENIZA,Silla exterior aluminio · tejido Balliu · Etna,m,181.95,97.71,excel_handle_est,35.0,52.2,78.49,0.0,4.12,cliente_paga,OK,,OK
balliu-silla-exterior-con-brazos-aluminio-estilo-elegante-56-cm-5c88bd77,SV-ETNA-SILLA-BLANCO-AZUL-MAR,Silla exterior aluminio · tejido Balliu · Etna,m,181.95,97.71,excel_handle_est,35.0,52.2,78.49,0.0,4.12,cliente_paga,OK,,OK
balliu-silla-exterior-con-brazos-aluminio-estilo-elegante-56-cm-5c88bd77,SV-ETNA-SILLA-BLANCO-GRIS-OSC,Silla exterior aluminio · tejido Balliu · Etna,m,181.95,97.71,excel_handle_est,35.0,52.2,78.49,0.0,4.12,cliente_paga,OK,,OK
balliu-silla-exterior-con-brazos-aluminio-estilo-elegante-56-cm-5c88bd77,SV-ETNA-SILLA-BLANCO-AZUL-ACERO,Silla exterior aluminio · tejido Balliu · Etna,m,181.95,97.71,excel_handle_est,35.0,52.2,78.49,0.0,4.12,cliente_paga,OK,,OK
balliu-silla-exterior-con-brazos-aluminio-estilo-elegante-56-cm-5c88bd77,SV-ETNA-SILLA-TORTOLA-AZUL,Silla exterior aluminio · tejido Balliu · Etna,m,181.95,97.71,excel_handle_est,35.0,52.2,78.49,0.0,4.12,cliente_paga,OK,,OK
balliu-silla-exterior-con-brazos-aluminio-estilo-elegante-56-cm-5c88bd77,SV-ETNA-SILLA-TORTOLA-AMARILLO,Silla exterior aluminio · tejido Balliu · Etna,m,181.95,97.71,excel_handle_est,35.0,52.2,78.49,0.0,4.12,cliente_paga,OK,,OK
balliu-silla-exterior-con-brazos-aluminio-estilo-elegante-56-cm-5c88bd77,SV-ETNA-SILLA-TORTOLA-NARANJA,Silla exterior aluminio · tejido Balliu · Etna,m,181.95,97.71,excel_handle_est,35.0,52.2,78.49,0.0,4.12,cliente_paga,OK,,OK
balliu-silla-exterior-con-brazos-aluminio-estilo-elegante-56-cm-5c88bd77,SV-ETNA-SILLA-TORTOLA-VERDE-CLARO,Silla exterior aluminio · tejido Balliu · Etna,m,181.95,97.71,excel_handle_est,35.0,52.2,78.49,0.0,4.12,cliente_paga,OK,,OK
balliu-silla-exterior-con-brazos-aluminio-estilo-elegante-56-cm-5c88bd77,SV-ETNA-SILLA-TORTOLA-BLANCO,Silla exterior aluminio · tejido Balliu · Etna,m,181.95,97.71,excel_handle_est,35.0,52.2,78.49,0.0,4.12,cliente_paga,OK,,OK
balliu-silla-exterior-con-brazos-aluminio-estilo-elegante-56-cm-5c88bd77,SV-ETNA-SILLA-TORTOLA-NATURAL,Silla exterior aluminio · tejido Balliu · Etna,m,181.95,97.71,excel_handle_est,35.0,52.2,78.49,0.0,4.12,cliente_paga,OK,,OK
balliu-silla-exterior-con-brazos-aluminio-estilo-elegante-56-cm-5c88bd77,SV-ETNA-SILLA-TORTOLA-CAPUCHINO,Silla exterior aluminio · tejido Balliu · Etna,m,181.95,97.71,excel_handle_est,35.0,52.2,78.49,0.0,4.12,cliente_paga,OK,,OK
balliu-silla-exterior-con-brazos-aluminio-estilo-elegante-56-cm-5c88bd77,SV-ETNA-SILLA-TORTOLA-CAQUI,Silla exterior aluminio · tejido Balliu · Etna,m,181.95,97.71,excel_handle_est,35.0,52.2,78.49,0.0,4.12,cliente_paga,OK,,OK
balliu-silla-exterior-con-brazos-aluminio-estilo-elegante-56-cm-5c88bd77,SV-ETNA-SILLA-TORTOLA-MARRON-OSC,Silla exterior aluminio · tejido Balliu · Etna,m,181.95,97.71,excel_handle_est,35.0,52.2,78.49,0.0,4.12,cliente_paga,OK,,OK
balliu-silla-exterior-con-brazos-aluminio-estilo-elegante-56-cm-5c88bd77,SV-ETNA-SILLA-TORTOLA-ARENA,Silla exterior aluminio · tejido Balliu · Etna,m,181.95,97.71,excel_handle_est,35.0,52.2,78.49,0.0,4.12,cliente_paga,OK,,OK
balliu-silla-exterior-con-brazos-aluminio-estilo-elegante-56-cm-5c88bd77,SV-ETNA-SILLA-TORTOLA-VERDE-OSC,Silla exterior aluminio · tejido Balliu · Etna,m,181.95,97.71,excel_handle_est,35.0,52.2,78.49,0.0,4.12,cliente_paga,OK,,OK
balliu-silla-exterior-con-brazos-aluminio-estilo-elegante-56-cm-5c88bd77,SV-ETNA-SILLA-TORTOLA-AZUL-CEL,Silla exterior aluminio · tejido Balliu · Etna,m,181.95,97.71,excel_handle_est,35.0,52.2,78.49,0.0,4.12,cliente_paga,OK,,OK
balliu-silla-exterior-con-brazos-aluminio-estilo-elegante-56-cm-5c88bd77,SV-ETNA-SILLA-TORTOLA-CENIZA,Silla exterior aluminio · tejido Balliu · Etna,m,181.95,97.71,excel_handle_est,35.0,52.2,78.49,0.0,4.12,cliente_paga,OK,,OK
balliu-silla-exterior-con-brazos-aluminio-estilo-elegante-56-cm-5c88bd77,SV-ETNA-SILLA-TORTOLA-AZUL-MAR,Silla exterior aluminio · tejido Balliu · Etna,m,181.95,97.71,excel_handle_est,35.0,52.2,78.49,0.0,4.12,cliente_paga,OK,,OK
balliu-silla-exterior-con-brazos-aluminio-estilo-elegante-56-cm-5c88bd77,SV-ETNA-SILLA-TORTOLA-GRIS-OSC,Silla exterior aluminio · tejido Balliu · Etna,m,181.95,97.71,excel_handle_est,35.0,52.2,78.49,0.0,4.12,cliente_paga,OK,,OK
balliu-silla-exterior-con-brazos-aluminio-estilo-elegante-56-cm-5c88bd77,SV-ETNA-SILLA-TORTOLA-AZUL-ACERO,Silla exterior aluminio · tejido Balliu · Etna,m,181.95,97.71,excel_handle_est,35.0,52.2,78.49,0.0,4.12,cliente_paga,OK,,OK
balliu-silla-exterior-con-brazos-aluminio-estilo-elegante-56-cm-5c88bd77,SV-ETNA-SILLA-ALUMINIO-AZUL,Silla exterior aluminio · tejido Balliu · Etna,m,181.95,97.71,excel_handle_est,35.0,52.2,78.49,0.0,4.12,cliente_paga,OK,,OK
balliu-silla-exterior-con-brazos-aluminio-estilo-elegante-56-cm-5c88bd77,SV-ETNA-SILLA-ALUMINIO-AMARILLO,Silla exterior aluminio · tejido Balliu · Etna,m,181.95,97.71,excel_handle_est,35.0,52.2,78.49,0.0,4.12,cliente_paga,OK,,OK
balliu-silla-exterior-con-brazos-aluminio-estilo-elegante-56-cm-5c88bd77,SV-ETNA-SILLA-ALUMINIO-NARANJA,Silla exterior aluminio · tejido Balliu · Etna,m,181.95,97.71,excel_handle_est,35.0,52.2,78.49,0.0,4.12,cliente_paga,OK,,OK
balliu-silla-exterior-con-brazos-aluminio-estilo-elegante-56-cm-5c88bd77,SV-ETNA-SILLA-ALUMINIO-VERDE-CLARO,Silla exterior aluminio · tejido Balliu · Etna,m,181.95,97.71,excel_handle_est,35.0,52.2,78.49,0.0,4.12,cliente_paga,OK,,OK
balliu-silla-exterior-con-brazos-aluminio-estilo-elegante-56-cm-5c88bd77,SV-ETNA-SILLA-ALUMINIO-BLANCO,Silla exterior aluminio · tejido Balliu · Etna,m,181.95,97.71,excel_handle_est,35.0,52.2,78.49,0.0,4.12,cliente_paga,OK,,OK
balliu-silla-exterior-con-brazos-aluminio-estilo-elegante-56-cm-5c88bd77,SV-ETNA-SILLA-ALUMINIO-NATURAL,Silla exterior aluminio · tejido Balliu · Etna,m,181.95,97.71,excel_handle_est,35.0,52.2,78.49,0.0,4.12,cliente_paga,OK,,OK
balliu-silla-exterior-con-brazos-aluminio-estilo-elegante-56-cm-5c88bd77,SV-ETNA-SILLA-ALUMINIO-CAPUCHINO,Silla exterior aluminio · tejido Balliu · Etna,m,181.95,97.71,excel_handle_est,35.0,52.2,78.49,0.0,4.12,cliente_paga,OK,,OK
balliu-silla-exterior-con-brazos-aluminio-estilo-elegante-56-cm-5c88bd77,SV-ETNA-SILLA-ALUMINIO-CAQUI,Silla exterior aluminio · tejido Balliu · Etna,m,181.95,97.71,excel_handle_est,35.0,52.2,78.49,0.0,4.12,cliente_paga,OK,,OK
balliu-silla-exterior-con-brazos-aluminio-estilo-elegante-56-cm-5c88bd77,SV-ETNA-SILLA-ALUMINIO-MARRON-OSC,Silla exterior aluminio · tejido Balliu · Etna,m,181.95,97.71,excel_handle_est,35.0,52.2,78.49,0.0,4.12,cliente_paga,OK,,OK
balliu-silla-exterior-con-brazos-aluminio-estilo-elegante-56-cm-5c88bd77,SV-ETNA-SILLA-ALUMINIO-ARENA,Silla exterior aluminio · tejido Balliu · Etna,m,181.95,97.71,excel_handle_est,35.0,52.2,78.49,0.0,4.12,cliente_paga,OK,,OK
balliu-silla-exterior-con-brazos-aluminio-estilo-elegante-56-cm-5c88bd77,SV-ETNA-SILLA-ALUMINIO-VERDE-OSC,Silla exterior aluminio · tejido Balliu · Etna,m,181.95,97.71,excel_handle_est,35.0,52.2,78.49,0.0,4.12,cliente_paga,OK,,OK
balliu-silla-exterior-con-brazos-aluminio-estilo-elegante-56-cm-5c88bd77,SV-ETNA-SILLA-ALUMINIO-AZUL-CEL,Silla exterior aluminio · tejido Balliu · Etna,m,181.95,97.71,excel_handle_est,35.0,52.2,78.49,0.0,4.12,cliente_paga,OK,,OK
balliu-silla-exterior-con-brazos-aluminio-estilo-elegante-56-cm-5c88bd77,SV-ETNA-SILLA-ALUMINIO-CENIZA,Silla exterior aluminio · tejido Balliu · Etna,m,181.95,97.71,excel_handle_est,35.0,52.2,78.49,0.0,4.12,cliente_paga,OK,,OK
balliu-silla-exterior-con-brazos-aluminio-estilo-elegante-56-cm-5c88bd77,SV-ETNA-SILLA-ALUMINIO-AZUL-MAR,Silla exterior aluminio · tejido Balliu · Etna,m,181.95,97.71,excel_handle_est,35.0,52.2,78.49,0.0,4.12,cliente_paga,OK,,OK
balliu-silla-exterior-con-brazos-aluminio-estilo-elegante-56-cm-5c88bd77,SV-ETNA-SILLA-ALUMINIO-GRIS-OSC,Silla exterior aluminio · tejido Balliu · Etna,m,181.95,97.71,excel_handle_est,35.0,52.2,78.49,0.0,4.12,cliente_paga,OK,,OK
balliu-silla-exterior-con-brazos-aluminio-estilo-elegante-56-cm-5c88bd77,SV-ETNA-SILLA-ALUMINIO-AZUL-ACERO,Silla exterior aluminio · tejido Balliu · Etna,m,181.95,97.71,excel_handle_est,35.0,52.2,78.49,0.0,4.12,cliente_paga,OK,,OK
balliu-silla-exterior-con-brazos-aluminio-estilo-elegante-56-cm-eaf4a34a,SV-ETNA-ALTA-BLANCO-AZUL,Silla exterior aluminio alta · tejido Balliu · Etna Alt,m,190.95,102.17,excel_handle_est,35.3,51.5,81.28,0.0,4.31,cliente_paga,OK,,OK
balliu-silla-exterior-con-brazos-aluminio-estilo-elegante-56-cm-eaf4a34a,SV-ETNA-ALTA-BLANCO-AMARILLO,Silla exterior aluminio alta · tejido Balliu · Etna Alt,m,190.95,102.17,excel_handle_est,35.3,51.5,81.28,0.0,4.31,cliente_paga,OK,,OK
balliu-silla-exterior-con-brazos-aluminio-estilo-elegante-56-cm-eaf4a34a,SV-ETNA-ALTA-BLANCO-NARANJA,Silla exterior aluminio alta · tejido Balliu · Etna Alt,m,190.95,102.17,excel_handle_est,35.3,51.5,81.28,0.0,4.31,cliente_paga,OK,,OK
balliu-silla-exterior-con-brazos-aluminio-estilo-elegante-56-cm-eaf4a34a,SV-ETNA-ALTA-BLANCO-VERDE-CLARO,Silla exterior aluminio alta · tejido Balliu · Etna Alt,m,190.95,102.17,excel_handle_est,35.3,51.5,81.28,0.0,4.31,cliente_paga,OK,,OK
balliu-silla-exterior-con-brazos-aluminio-estilo-elegante-56-cm-eaf4a34a,SV-ETNA-ALTA-BLANCO-BLANCO,Silla exterior aluminio alta · tejido Balliu · Etna Alt,m,190.95,102.17,excel_handle_est,35.3,51.5,81.28,0.0,4.31,cliente_paga,OK,,OK
balliu-silla-exterior-con-brazos-aluminio-estilo-elegante-56-cm-eaf4a34a,SV-ETNA-ALTA-BLANCO-NATURAL,Silla exterior aluminio alta · tejido Balliu · Etna Alt,m,190.95,102.17,excel_handle_est,35.3,51.5,81.28,0.0,4.31,cliente_paga,OK,,OK
balliu-silla-exterior-con-brazos-aluminio-estilo-elegante-56-cm-eaf4a34a,SV-ETNA-ALTA-BLANCO-CAPUCHINO,Silla exterior aluminio alta · tejido Balliu · Etna Alt,m,190.95,102.17,excel_handle_est,35.3,51.5,81.28,0.0,4.31,cliente_paga,OK,,OK
balliu-silla-exterior-con-brazos-aluminio-estilo-elegante-56-cm-eaf4a34a,SV-ETNA-ALTA-BLANCO-CAQUI,Silla exterior aluminio alta · tejido Balliu · Etna Alt,m,190.95,102.17,excel_handle_est,35.3,51.5,81.28,0.0,4.31,cliente_paga,OK,,OK
balliu-silla-exterior-con-brazos-aluminio-estilo-elegante-56-cm-eaf4a34a,SV-ETNA-ALTA-BLANCO-MARRON-OSC,Silla exterior aluminio alta · tejido Balliu · Etna Alt,m,190.95,102.17,excel_handle_est,35.3,51.5,81.28,0.0,4.31,cliente_paga,OK,,OK
balliu-silla-exterior-con-brazos-aluminio-estilo-elegante-56-cm-eaf4a34a,SV-ETNA-ALTA-BLANCO-ARENA,Silla exterior aluminio alta · tejido Balliu · Etna Alt,m,190.95,102.17,excel_handle_est,35.3,51.5,81.28,0.0,4.31,cliente_paga,OK,,OK
balliu-silla-exterior-con-brazos-aluminio-estilo-elegante-56-cm-eaf4a34a,SV-ETNA-ALTA-BLANCO-VERDE-OSC,Silla exterior aluminio alta · tejido Balliu · Etna Alt,m,190.95,102.17,excel_handle_est,35.3,51.5,81.28,0.0,4.31,cliente_paga,OK,,OK
balliu-silla-exterior-con-brazos-aluminio-estilo-elegante-56-cm-eaf4a34a,SV-ETNA-ALTA-BLANCO-AZUL-CEL,Silla exterior aluminio alta · tejido Balliu · Etna Alt,m,190.95,102.17,excel_handle_est,35.3,51.5,81.28,0.0,4.31,cliente_paga,OK,,OK
balliu-silla-exterior-con-brazos-aluminio-estilo-elegante-56-cm-eaf4a34a,SV-ETNA-ALTA-BLANCO-CENIZA,Silla exterior aluminio alta · tejido Balliu · Etna Alt,m,190.95,102.17,excel_handle_est,35.3,51.5,81.28,0.0,4.31,cliente_paga,OK,,OK
balliu-silla-exterior-con-brazos-aluminio-estilo-elegante-56-cm-eaf4a34a,SV-ETNA-ALTA-BLANCO-AZUL-MAR,Silla exterior aluminio alta · tejido Balliu · Etna Alt,m,190.95,102.17,excel_handle_est,35.3,51.5,81.28,0.0,4.31,cliente_paga,OK,,OK
balliu-silla-exterior-con-brazos-aluminio-estilo-elegante-56-cm-eaf4a34a,SV-ETNA-ALTA-BLANCO-GRIS-OSC,Silla exterior aluminio alta · tejido Balliu · Etna Alt,m,190.95,102.17,excel_handle_est,35.3,51.5,81.28,0.0,4.31,cliente_paga,OK,,OK
balliu-silla-exterior-con-brazos-aluminio-estilo-elegante-56-cm-eaf4a34a,SV-ETNA-ALTA-BLANCO-AZUL-ACERO,Silla exterior aluminio alta · tejido Balliu · Etna Alt,m,190.95,102.17,excel_handle_est,35.3,51.5,81.28,0.0,4.31,cliente_paga,OK,,OK
balliu-silla-exterior-con-brazos-aluminio-estilo-elegante-56-cm-eaf4a34a,SV-ETNA-ALTA-TORTOLA-AZUL,Silla exterior aluminio alta · tejido Balliu · Etna Alt,m,190.95,102.17,excel_handle_est,35.3,51.5,81.28,0.0,4.31,cliente_paga,OK,,OK
balliu-silla-exterior-con-brazos-aluminio-estilo-elegante-56-cm-eaf4a34a,SV-ETNA-ALTA-TORTOLA-AMARILLO,Silla exterior aluminio alta · tejido Balliu · Etna Alt,m,190.95,102.17,excel_handle_est,35.3,51.5,81.28,0.0,4.31,cliente_paga,OK,,OK
balliu-silla-exterior-con-brazos-aluminio-estilo-elegante-56-cm-eaf4a34a,SV-ETNA-ALTA-TORTOLA-NARANJA,Silla exterior aluminio alta · tejido Balliu · Etna Alt,m,190.95,102.17,excel_handle_est,35.3,51.5,81.28,0.0,4.31,cliente_paga,OK,,OK
balliu-silla-exterior-con-brazos-aluminio-estilo-elegante-56-cm-eaf4a34a,SV-ETNA-ALTA-TORTOLA-VERDE-CLARO,Silla exterior aluminio alta · tejido Balliu · Etna Alt,m,190.95,102.17,excel_handle_est,35.3,51.5,81.28,0.0,4.31,cliente_paga,OK,,OK
balliu-silla-exterior-con-brazos-aluminio-estilo-elegante-56-cm-eaf4a34a,SV-ETNA-ALTA-TORTOLA-BLANCO,Silla exterior aluminio alta · tejido Balliu · Etna Alt,m,190.95,102.17,excel_handle_est,35.3,51.5,81.28,0.0,4.31,cliente_paga,OK,,OK
balliu-silla-exterior-con-brazos-aluminio-estilo-elegante-56-cm-eaf4a34a,SV-ETNA-ALTA-TORTOLA-NATURAL,Silla exterior aluminio alta · tejido Balliu · Etna Alt,m,190.95,102.17,excel_handle_est,35.3,51.5,81.28,0.0,4.31,cliente_paga,OK,,OK
balliu-silla-exterior-con-brazos-aluminio-estilo-elegante-56-cm-eaf4a34a,SV-ETNA-ALTA-TORTOLA-CAPUCHINO,Silla exterior aluminio alta · tejido Balliu · Etna Alt,m,190.95,102.17,excel_handle_est,35.3,51.5,81.28,0.0,4.31,cliente_paga,OK,,OK
balliu-silla-exterior-con-brazos-aluminio-estilo-elegante-56-cm-eaf4a34a,SV-ETNA-ALTA-TORTOLA-CAQUI,Silla exterior aluminio alta · tejido Balliu · Etna Alt,m,190.95,102.17,excel_handle_est,35.3,51.5,81.28,0.0,4.31,cliente_paga,OK,,OK
balliu-silla-exterior-con-brazos-aluminio-estilo-elegante-56-cm-eaf4a34a,SV-ETNA-ALTA-TORTOLA-MARRON-OSC,Silla exterior aluminio alta · tejido Balliu · Etna Alt,m,190.95,102.17,excel_handle_est,35.3,51.5,81.28,0.0,4.31,cliente_paga,OK,,OK
balliu-silla-exterior-con-brazos-aluminio-estilo-elegante-56-cm-eaf4a34a,SV-ETNA-ALTA-TORTOLA-ARENA,Silla exterior aluminio alta · tejido Balliu · Etna Alt,m,190.95,102.17,excel_handle_est,35.3,51.5,81.28,0.0,4.31,cliente_paga,OK,,OK
balliu-silla-exterior-con-brazos-aluminio-estilo-elegante-56-cm-eaf4a34a,SV-ETNA-ALTA-TORTOLA-VERDE-OSC,Silla exterior aluminio alta · tejido Balliu · Etna Alt,m,190.95,102.17,excel_handle_est,35.3,51.5,81.28,0.0,4.31,cliente_paga,OK,,OK
balliu-silla-exterior-con-brazos-aluminio-estilo-elegante-56-cm-eaf4a34a,SV-ETNA-ALTA-TORTOLA-AZUL-CEL,Silla exterior aluminio alta · tejido Balliu · Etna Alt,m,190.95,102.17,excel_handle_est,35.3,51.5,81.28,0.0,4.31,cliente_paga,OK,,OK
balliu-silla-exterior-con-brazos-aluminio-estilo-elegante-56-cm-eaf4a34a,SV-ETNA-ALTA-TORTOLA-CENIZA,Silla exterior aluminio alta · tejido Balliu · Etna Alt,m,190.95,102.17,excel_handle_est,35.3,51.5,81.28,0.0,4.31,cliente_paga,OK,,OK
balliu-silla-exterior-con-brazos-aluminio-estilo-elegante-56-cm-eaf4a34a,SV-ETNA-ALTA-TORTOLA-AZUL-MAR,Silla exterior aluminio alta · tejido Balliu · Etna Alt,m,190.95,102.17,excel_handle_est,35.3,51.5,81.28,0.0,4.31,cliente_paga,OK,,OK
balliu-silla-exterior-con-brazos-aluminio-estilo-elegante-56-cm-eaf4a34a,SV-ETNA-ALTA-TORTOLA-GRIS-OSC,Silla exterior aluminio alta · tejido Balliu · Etna Alt,m,190.95,102.17,excel_handle_est,35.3,51.5,81.28,0.0,4.31,cliente_paga,OK,,OK
balliu-silla-exterior-con-brazos-aluminio-estilo-elegante-56-cm-eaf4a34a,SV-ETNA-ALTA-TORTOLA-AZUL-ACERO,Silla exterior aluminio alta · tejido Balliu · Etna Alt,m,190.95,102.17,excel_handle_est,35.3,51.5,81.28,0.0,4.31,cliente_paga,OK,,OK
balliu-silla-exterior-con-brazos-aluminio-estilo-elegante-56-cm-eaf4a34a,SV-ETNA-ALTA-ALUMINIO-AZUL,Silla exterior aluminio alta · tejido Balliu · Etna Alt,m,190.95,102.17,excel_handle_est,35.3,51.5,81.28,0.0,4.31,cliente_paga,OK,,OK
balliu-silla-exterior-con-brazos-aluminio-estilo-elegante-56-cm-eaf4a34a,SV-ETNA-ALTA-ALUMINIO-AMARILLO,Silla exterior aluminio alta · tejido Balliu · Etna Alt,m,190.95,102.17,excel_handle_est,35.3,51.5,81.28,0.0,4.31,cliente_paga,OK,,OK
balliu-silla-exterior-con-brazos-aluminio-estilo-elegante-56-cm-eaf4a34a,SV-ETNA-ALTA-ALUMINIO-NARANJA,Silla exterior aluminio alta · tejido Balliu · Etna Alt,m,190.95,102.17,excel_handle_est,35.3,51.5,81.28,0.0,4.31,cliente_paga,OK,,OK
balliu-silla-exterior-con-brazos-aluminio-estilo-elegante-56-cm-eaf4a34a,SV-ETNA-ALTA-ALUMINIO-VERDE-CLARO,Silla exterior aluminio alta · tejido Balliu · Etna Alt,m,190.95,102.17,excel_handle_est,35.3,51.5,81.28,0.0,4.31,cliente_paga,OK,,OK
balliu-silla-exterior-con-brazos-aluminio-estilo-elegante-56-cm-eaf4a34a,SV-ETNA-ALTA-ALUMINIO-BLANCO,Silla exterior aluminio alta · tejido Balliu · Etna Alt,m,190.95,102.17,excel_handle_est,35.3,51.5,81.28,0.0,4.31,cliente_paga,OK,,OK
balliu-silla-exterior-con-brazos-aluminio-estilo-elegante-56-cm-eaf4a34a,SV-ETNA-ALTA-ALUMINIO-NATURAL,Silla exterior aluminio alta · tejido Balliu · Etna Alt,m,190.95,102.17,excel_handle_est,35.3,51.5,81.28,0.0,4.31,cliente_paga,OK,,OK
balliu-silla-exterior-con-brazos-aluminio-estilo-elegante-56-cm-eaf4a34a,SV-ETNA-ALTA-ALUMINIO-CAPUCHINO,Silla exterior aluminio alta · tejido Balliu · Etna Alt,m,190.95,102.17,excel_handle_est,35.3,51.5,81.28,0.0,4.31,cliente_paga,OK,,OK
balliu-silla-exterior-con-brazos-aluminio-estilo-elegante-56-cm-eaf4a34a,SV-ETNA-ALTA-ALUMINIO-CAQUI,Silla exterior aluminio alta · tejido Balliu · Etna Alt,m,190.95,102.17,excel_handle_est,35.3,51.5,81.28,0.0,4.31,cliente_paga,OK,,OK
balliu-silla-exterior-con-brazos-aluminio-estilo-elegante-56-cm-eaf4a34a,SV-ETNA-ALTA-ALUMINIO-MARRON-OSC,Silla exterior aluminio alta · tejido Balliu · Etna Alt,m,190.95,102.17,excel_handle_est,35.3,51.5,81.28,0.0,4.31,cliente_paga,OK,,OK
balliu-silla-exterior-con-brazos-aluminio-estilo-elegante-56-cm-eaf4a34a,SV-ETNA-ALTA-ALUMINIO-ARENA,Silla exterior aluminio alta · tejido Balliu · Etna Alt,m,190.95,102.17,excel_handle_est,35.3,51.5,81.28,0.0,4.31,cliente_paga,OK,,OK
balliu-silla-exterior-con-brazos-aluminio-estilo-elegante-56-cm-eaf4a34a,SV-ETNA-ALTA-ALUMINIO-VERDE-OSC,Silla exterior aluminio alta · tejido Balliu · Etna Alt,m,190.95,102.17,excel_handle_est,35.3,51.5,81.28,0.0,4.31,cliente_paga,OK,,OK
balliu-silla-exterior-con-brazos-aluminio-estilo-elegante-56-cm-eaf4a34a,SV-ETNA-ALTA-ALUMINIO-AZUL-CEL,Silla exterior aluminio alta · tejido Balliu · Etna Alt,m,190.95,102.17,excel_handle_est,35.3,51.5,81.28,0.0,4.31,cliente_paga,OK,,OK
balliu-silla-exterior-con-brazos-aluminio-estilo-elegante-56-cm-eaf4a34a,SV-ETNA-ALTA-ALUMINIO-CENIZA,Silla exterior aluminio alta · tejido Balliu · Etna Alt,m,190.95,102.17,excel_handle_est,35.3,51.5,81.28,0.0,4.31,cliente_paga,OK,,OK
balliu-silla-exterior-con-brazos-aluminio-estilo-elegante-56-cm-eaf4a34a,SV-ETNA-ALTA-ALUMINIO-AZUL-MAR,Silla exterior aluminio alta · tejido Balliu · Etna Alt,m,190.95,102.17,excel_handle_est,35.3,51.5,81.28,0.0,4.31,cliente_paga,OK,,OK
balliu-silla-exterior-con-brazos-aluminio-estilo-elegante-56-cm-eaf4a34a,SV-ETNA-ALTA-ALUMINIO-GRIS-OSC,Silla exterior aluminio alta · tejido Balliu · Etna Alt,m,190.95,102.17,excel_handle_est,35.3,51.5,81.28,0.0,4.31,cliente_paga,OK,,OK
balliu-silla-exterior-con-brazos-aluminio-estilo-elegante-56-cm-eaf4a34a,SV-ETNA-ALTA-ALUMINIO-AZUL-ACERO,Silla exterior aluminio alta · tejido Balliu · Etna Alt,m,190.95,102.17,excel_handle_est,35.3,51.5,81.28,0.0,4.31,cliente_paga,OK,,OK
balliu-silla-exterior-resina-estilo-minimalista-484cbea0,SV-DUNA-BLANCO,Silla exterior resina · estilo minimalista · Duna,m,77.95,42.75,excel_handle_est,33.6,77.1,49.68,0.0,1.94,cliente_paga,OK,coste_estimado,OK
balliu-silla-exterior-resina-estilo-minimalista-484cbea0,SV-DUNA-NEGRO,Silla exterior resina · estilo minimalista · Duna,m,81.95,42.75,excel_handle_est,36.9,78.1,52.91,0.0,2.02,cliente_paga,OK,coste_estimado,OK
balliu-silla-exterior-resina-estilo-minimalista-484cbea0,SV-DUNA-TORTOLA,Silla exterior resina · estilo minimalista · Duna,m,81.95,42.75,excel_handle_est,36.9,78.1,52.91,0.0,2.02,cliente_paga,OK,coste_estimado,OK
balliu-silla-exterior-resina-estilo-clasico-57-cm-8164cc65,SV-BIMBA-BLANCO,Silla exterior resina · estilo clásico · Bimba,m,99.9,55.22,excel_handle_est,33.1,66.5,54.89,0.0,2.4,cliente_paga,OK,coste_estimado,OK
balliu-silla-exterior-resina-estilo-clasico-57-cm-8164cc65,SV-BIMBA-NEGRO,Silla exterior resina · estilo clásico · Bimba,m,99.9,55.22,excel_handle_est,33.1,66.5,54.89,0.0,2.4,cliente_paga,OK,coste_estimado,OK
balliu-silla-exterior-resina-estilo-clasico-57-cm-8164cc65,SV-BIMBA-TORTOLA,Silla exterior resina · estilo clásico · Bimba,m,99.9,55.22,excel_handle_est,33.1,66.5,54.89,0.0,2.4,cliente_paga,OK,coste_estimado,OK
balliu-silla-exterior-resina-estilo-funcional-0b607ec7,SV-SELVA-SILLA-BLANCO,Silla exterior resina apilable · Selva,m,33.95,18.97,excel_handle_est,32.4,135.5,38.02,0.0,1.01,cliente_paga,OK,coste_estimado,OK
balliu-silla-exterior-resina-estilo-funcional-0b607ec7,SV-SELVA-SILLA-ARENA,Silla exterior resina apilable · Selva,m,40.95,18.97,excel_handle_est,43.9,129.0,43.66,0.0,1.16,cliente_paga,OK,coste_estimado,OK
balliu-silla-exterior-sin-brazos-resina-estilo-contemporaneo-49-cm-af080e9c,SV-BRUNA-SIN-BRAZOS-BLANCO,Silla exterior resina · Bruna,m,70.95,48.04,excel_handle_est,18.1,66.1,38.76,0.0,1.79,cliente_paga,OK,coste_estimado,OK
balliu-silla-exterior-sin-brazos-resina-estilo-contemporaneo-49-cm-af080e9c,SV-BRUNA-SIN-BRAZOS-TORTOLA,Silla exterior resina · Bruna,m,70.95,48.04,excel_handle_est,18.1,66.1,38.76,0.0,1.79,cliente_paga,OK,coste_estimado,OK
balliu-silla-exterior-sin-brazos-resina-estilo-contemporaneo-49-cm-af080e9c,SV-BRUNA-CON-BRAZOS-BLANCO,Silla exterior resina · Bruna,m,84.95,48.04,excel_handle_est,31.6,71.3,50.03,0.0,2.08,cliente_paga,OK,coste_estimado,OK
balliu-silla-exterior-sin-brazos-resina-estilo-contemporaneo-49-cm-af080e9c,SV-BRUNA-CON-BRAZOS-TORTOLA,Silla exterior resina · Bruna,m,84.95,48.04,excel_handle_est,31.6,71.3,50.03,0.0,2.08,cliente_paga,OK,coste_estimado,OK
balliu-silla-exterior-sin-brazos-resina-estilo-funcional-daabcdaf,SV-VERA-SIN-BRAZOS-BLANCO,Silla exterior resina · Vera,m,78.95,56.37,excel_handle_est,13.6,56.5,36.87,0.0,1.96,cliente_paga,OK,coste_estimado,OK
balliu-silla-exterior-sin-brazos-resina-estilo-funcional-daabcdaf,SV-VERA-SIN-BRAZOS-TORTOLA,Silla exterior resina · Vera,m,78.95,56.37,excel_handle_est,13.6,56.5,36.87,0.0,1.96,cliente_paga,OK,coste_estimado,OK
balliu-silla-exterior-sin-brazos-resina-estilo-funcional-daabcdaf,SV-VERA-CON-BRAZOS-BLANCO,Silla exterior resina · Vera,m,79.95,56.37,excel_handle_est,14.7,57.0,37.68,0.0,1.98,cliente_paga,OK,coste_estimado,OK
balliu-silla-exterior-sin-brazos-resina-estilo-funcional-daabcdaf,SV-VERA-CON-BRAZOS-TORTOLA,Silla exterior resina · Vera,m,79.95,56.37,excel_handle_est,14.7,57.0,37.68,0.0,1.98,cliente_paga,OK,coste_estimado,OK
balliu-silla-exterior-sin-brazos-resina-estilo-funcional-daabcdaf,SV-VERA-SILLON-L-BLANCO,Silla exterior resina · Vera,m,115.95,56.37,excel_handle_est,41.2,69.6,66.67,0.0,2.73,cliente_paga,OK,coste_estimado,OK
balliu-silla-exterior-sin-brazos-resina-estilo-funcional-daabcdaf,SV-VERA-SILLON-L-TORTOLA,Silla exterior resina · Vera,m,115.95,56.37,excel_handle_est,41.2,69.6,66.67,0.0,2.73,cliente_paga,OK,coste_estimado,OK
balliu-silla-exterior-sin-brazos-estilo-contemporaneo-53-cm-cd07e7d6,SV-VENUS-SIN-BRAZOS,Silla exterior resina · Venus,m,65.95,40.56,excel_handle_est,25.6,77.4,42.21,0.0,1.68,cliente_paga,OK,,OK
balliu-silla-exterior-sin-brazos-estilo-contemporaneo-53-cm-cd07e7d6,SV-VENUS-CON-BRAZOS,Silla exterior resina · Venus,m,70.95,40.56,excel_handle_est,30.8,78.9,46.24,0.0,1.79,cliente_paga,OK,,OK
balliu-silla-exterior-con-brazos-aluminio-estilo-elegante-58-cm-bc0c02ec,SV-MILA-BLANCO-BLANCO,Silla exterior aluminio · tejido Balliu · Mila,m,97.95,60.67,excel_handle_est,25.1,59.1,47.87,0.0,2.36,cliente_paga,OK,,OK
balliu-silla-exterior-con-brazos-aluminio-estilo-elegante-58-cm-bc0c02ec,SV-MILA-BLANCO-CENIZA,Silla exterior aluminio · tejido Balliu · Mila,m,97.95,60.67,excel_handle_est,25.1,59.1,47.87,0.0,2.36,cliente_paga,OK,,OK
balliu-silla-exterior-con-brazos-aluminio-estilo-elegante-58-cm-bc0c02ec,SV-MILA-ALUMINIO-BLANCO,Silla exterior aluminio · tejido Balliu · Mila,m,97.95,60.67,excel_handle_est,25.1,59.1,47.87,0.0,2.36,cliente_paga,OK,,OK
balliu-silla-exterior-con-brazos-aluminio-estilo-elegante-58-cm-bc0c02ec,SV-MILA-ALUMINIO-CENIZA,Silla exterior aluminio · tejido Balliu · Mila,m,97.95,60.67,excel_handle_est,25.1,59.1,47.87,0.0,2.36,cliente_paga,OK,,OK
balliu-mesa-exterior-5d0fb586,SV-MINIPRESTIGE-BLANCO,Mesa auxiliar exterior resina decorativa · 48×48 cm · M,l,27.95,14.17,excel_handle_est,38.7,285.7,65.99,0.0,0.89,cliente_paga,OK,,OK
balliu-mesa-exterior-5d0fb586,SV-MINIPRESTIGE-ARENA,Mesa auxiliar exterior resina decorativa · 48×48 cm · M,l,29.95,14.17,excel_handle_est,42.8,273.1,67.6,0.0,0.93,cliente_paga,OK,,OK
balliu-mesa-exterior-5d0fb586,SV-MINIPRESTIGE-BRONCE,Mesa auxiliar exterior resina decorativa · 48×48 cm · M,l,29.95,14.17,excel_handle_est,42.8,273.1,67.6,0.0,0.93,cliente_paga,OK,,OK
balliu-mesa-exterior-5d0fb586,SV-MINIPRESTIGE-GRIS-OSC,Mesa auxiliar exterior resina decorativa · 48×48 cm · M,l,29.95,14.17,excel_handle_est,42.8,273.1,67.6,0.0,0.93,cliente_paga,OK,,OK
balliu-mesa-exterior-5d0fb586,SV-MINIPRESTIGE-MADERA,Mesa auxiliar exterior resina decorativa · 48×48 cm · M,l,29.95,14.17,excel_handle_est,42.8,273.1,67.6,0.0,0.93,cliente_paga,OK,,OK
balliu-mesa-auxiliar-exterior-resina-48-cm-de421a42,SV-EVAPROMINI-BLANCO,Mesa auxiliar exterior resina · 48×48 cm · Eva Pro Mini,m,33.95,17.13,excel_handle_est,38.9,142.1,39.86,0.0,1.01,cliente_paga,OK,,OK
balliu-mesa-auxiliar-exterior-resina-48-cm-de421a42,SV-EVAPROMINI-ARENA,Mesa auxiliar exterior resina · 48×48 cm · Eva Pro Mini,m,34.95,17.13,excel_handle_est,40.7,140.8,40.67,0.0,1.03,cliente_paga,OK,,OK
balliu-mesa-auxiliar-exterior-resina-48-cm-de421a42,SV-EVAPROMINI-BRONCE,Mesa auxiliar exterior resina · 48×48 cm · Eva Pro Mini,m,34.95,17.13,excel_handle_est,40.7,140.8,40.67,0.0,1.03,cliente_paga,OK,,OK
balliu-mesa-auxiliar-exterior-resina-48-cm-de421a42,SV-EVAPROMINI-GRIS-OSC,Mesa auxiliar exterior resina · 48×48 cm · Eva Pro Mini,m,34.95,17.13,excel_handle_est,40.7,140.8,40.67,0.0,1.03,cliente_paga,OK,,OK
balliu-mesa-auxiliar-exterior-resina-48-cm-de421a42,SV-EVAPROMINI-TORTOLA,Mesa auxiliar exterior resina · 48×48 cm · Eva Pro Mini,m,34.95,17.13,excel_handle_est,40.7,140.8,40.67,0.0,1.03,cliente_paga,OK,,OK
balliu-mesa-auxiliar-exterior-resina-48-cm-35554775,SV-EVAPROBCN-BLANCO,Mesa auxiliar exterior resina · 48×48 cm · Eva Pro BCN,m,36.95,18.44,excel_handle_est,39.6,134.2,40.97,0.0,1.08,cliente_paga,OK,,OK
balliu-mesa-auxiliar-exterior-resina-48-cm-35554775,SV-EVAPROBCN-ARENA,Mesa auxiliar exterior resina · 48×48 cm · Eva Pro BCN,m,37.95,18.44,excel_handle_est,41.2,133.2,41.78,0.0,1.1,cliente_paga,OK,,OK
balliu-mesa-auxiliar-exterior-resina-48-cm-35554775,SV-EVAPROBCN-BRONCE,Mesa auxiliar exterior resina · 48×48 cm · Eva Pro BCN,m,37.95,18.44,excel_handle_est,41.2,133.2,41.78,0.0,1.1,cliente_paga,OK,,OK
balliu-mesa-auxiliar-exterior-resina-48-cm-35554775,SV-EVAPROBCN-GRIS-OSC,Mesa auxiliar exterior resina · 48×48 cm · Eva Pro BCN,m,37.95,18.44,excel_handle_est,41.2,133.2,41.78,0.0,1.1,cliente_paga,OK,,OK
balliu-mesa-auxiliar-exterior-resina-48-cm-35554775,SV-EVAPROBCN-TORTOLA,Mesa auxiliar exterior resina · 48×48 cm · Eva Pro BCN,m,37.95,18.44,excel_handle_est,41.2,133.2,41.78,0.0,1.1,cliente_paga,OK,,OK
balliu-mesa-auxiliar-exterior-aluminio-54-cm-6c7a42d9,SV-OLIMPIAAUX-BLANCO-AZUL,Mesa auxiliar exterior aluminio · 48×48 cm tejido · Oli,m,157.95,84.68,excel_handle_est,35.1,55.3,72.19,0.0,3.62,cliente_paga,OK,,OK
balliu-mesa-auxiliar-exterior-aluminio-54-cm-6c7a42d9,SV-OLIMPIAAUX-BLANCO-AMARILLO,Mesa auxiliar exterior aluminio · 48×48 cm tejido · Oli,m,157.95,84.68,excel_handle_est,35.1,55.3,72.19,0.0,3.62,cliente_paga,OK,,OK
balliu-mesa-auxiliar-exterior-aluminio-54-cm-6c7a42d9,SV-OLIMPIAAUX-BLANCO-NARANJA,Mesa auxiliar exterior aluminio · 48×48 cm tejido · Oli,m,157.95,84.68,excel_handle_est,35.1,55.3,72.19,0.0,3.62,cliente_paga,OK,,OK
balliu-mesa-auxiliar-exterior-aluminio-54-cm-6c7a42d9,SV-OLIMPIAAUX-BLANCO-VERDE-CLARO,Mesa auxiliar exterior aluminio · 48×48 cm tejido · Oli,m,157.95,84.68,excel_handle_est,35.1,55.3,72.19,0.0,3.62,cliente_paga,OK,,OK
balliu-mesa-auxiliar-exterior-aluminio-54-cm-6c7a42d9,SV-OLIMPIAAUX-BLANCO-BLANCO,Mesa auxiliar exterior aluminio · 48×48 cm tejido · Oli,m,157.95,84.68,excel_handle_est,35.1,55.3,72.19,0.0,3.62,cliente_paga,OK,,OK
balliu-mesa-auxiliar-exterior-aluminio-54-cm-6c7a42d9,SV-OLIMPIAAUX-BLANCO-NATURAL,Mesa auxiliar exterior aluminio · 48×48 cm tejido · Oli,m,157.95,84.68,excel_handle_est,35.1,55.3,72.19,0.0,3.62,cliente_paga,OK,,OK
balliu-mesa-auxiliar-exterior-aluminio-54-cm-6c7a42d9,SV-OLIMPIAAUX-BLANCO-CAPUCHINO,Mesa auxiliar exterior aluminio · 48×48 cm tejido · Oli,m,157.95,84.68,excel_handle_est,35.1,55.3,72.19,0.0,3.62,cliente_paga,OK,,OK
balliu-mesa-auxiliar-exterior-aluminio-54-cm-6c7a42d9,SV-OLIMPIAAUX-BLANCO-CAQUI,Mesa auxiliar exterior aluminio · 48×48 cm tejido · Oli,m,157.95,84.68,excel_handle_est,35.1,55.3,72.19,0.0,3.62,cliente_paga,OK,,OK
balliu-mesa-auxiliar-exterior-aluminio-54-cm-6c7a42d9,SV-OLIMPIAAUX-BLANCO-MARRON-OSC,Mesa auxiliar exterior aluminio · 48×48 cm tejido · Oli,m,157.95,84.68,excel_handle_est,35.1,55.3,72.19,0.0,3.62,cliente_paga,OK,,OK
balliu-mesa-auxiliar-exterior-aluminio-54-cm-6c7a42d9,SV-OLIMPIAAUX-BLANCO-ARENA,Mesa auxiliar exterior aluminio · 48×48 cm tejido · Oli,m,157.95,84.68,excel_handle_est,35.1,55.3,72.19,0.0,3.62,cliente_paga,OK,,OK
balliu-mesa-auxiliar-exterior-aluminio-54-cm-6c7a42d9,SV-OLIMPIAAUX-BLANCO-VERDE-OSC,Mesa auxiliar exterior aluminio · 48×48 cm tejido · Oli,m,157.95,84.68,excel_handle_est,35.1,55.3,72.19,0.0,3.62,cliente_paga,OK,,OK
balliu-mesa-auxiliar-exterior-aluminio-54-cm-6c7a42d9,SV-OLIMPIAAUX-BLANCO-AZUL-CEL,Mesa auxiliar exterior aluminio · 48×48 cm tejido · Oli,m,157.95,84.68,excel_handle_est,35.1,55.3,72.19,0.0,3.62,cliente_paga,OK,,OK
balliu-mesa-auxiliar-exterior-aluminio-54-cm-6c7a42d9,SV-OLIMPIAAUX-BLANCO-CENIZA,Mesa auxiliar exterior aluminio · 48×48 cm tejido · Oli,m,157.95,84.68,excel_handle_est,35.1,55.3,72.19,0.0,3.62,cliente_paga,OK,,OK
balliu-mesa-auxiliar-exterior-aluminio-54-cm-6c7a42d9,SV-OLIMPIAAUX-BLANCO-AZUL-MAR,Mesa auxiliar exterior aluminio · 48×48 cm tejido · Oli,m,157.95,84.68,excel_handle_est,35.1,55.3,72.19,0.0,3.62,cliente_paga,OK,,OK
balliu-mesa-auxiliar-exterior-aluminio-54-cm-6c7a42d9,SV-OLIMPIAAUX-BLANCO-GRIS-OSC,Mesa auxiliar exterior aluminio · 48×48 cm tejido · Oli,m,157.95,84.68,excel_handle_est,35.1,55.3,72.19,0.0,3.62,cliente_paga,OK,,OK
balliu-mesa-auxiliar-exterior-aluminio-54-cm-6c7a42d9,SV-OLIMPIAAUX-BLANCO-AZUL-ACERO,Mesa auxiliar exterior aluminio · 48×48 cm tejido · Oli,m,157.95,84.68,excel_handle_est,35.1,55.3,72.19,0.0,3.62,cliente_paga,OK,,OK
balliu-mesa-auxiliar-exterior-aluminio-54-cm-6c7a42d9,SV-OLIMPIAAUX-TORTOLA-AZUL,Mesa auxiliar exterior aluminio · 48×48 cm tejido · Oli,m,157.95,84.68,excel_handle_est,35.1,55.3,72.19,0.0,3.62,cliente_paga,OK,,OK
balliu-mesa-auxiliar-exterior-aluminio-54-cm-6c7a42d9,SV-OLIMPIAAUX-TORTOLA-AMARILLO,Mesa auxiliar exterior aluminio · 48×48 cm tejido · Oli,m,157.95,84.68,excel_handle_est,35.1,55.3,72.19,0.0,3.62,cliente_paga,OK,,OK
balliu-mesa-auxiliar-exterior-aluminio-54-cm-6c7a42d9,SV-OLIMPIAAUX-TORTOLA-NARANJA,Mesa auxiliar exterior aluminio · 48×48 cm tejido · Oli,m,157.95,84.68,excel_handle_est,35.1,55.3,72.19,0.0,3.62,cliente_paga,OK,,OK
balliu-mesa-auxiliar-exterior-aluminio-54-cm-6c7a42d9,SV-OLIMPIAAUX-TORTOLA-VERDE-CLARO,Mesa auxiliar exterior aluminio · 48×48 cm tejido · Oli,m,157.95,84.68,excel_handle_est,35.1,55.3,72.19,0.0,3.62,cliente_paga,OK,,OK
balliu-mesa-auxiliar-exterior-aluminio-54-cm-6c7a42d9,SV-OLIMPIAAUX-TORTOLA-BLANCO,Mesa auxiliar exterior aluminio · 48×48 cm tejido · Oli,m,157.95,84.68,excel_handle_est,35.1,55.3,72.19,0.0,3.62,cliente_paga,OK,,OK
balliu-mesa-auxiliar-exterior-aluminio-54-cm-6c7a42d9,SV-OLIMPIAAUX-TORTOLA-NATURAL,Mesa auxiliar exterior aluminio · 48×48 cm tejido · Oli,m,157.95,84.68,excel_handle_est,35.1,55.3,72.19,0.0,3.62,cliente_paga,OK,,OK
balliu-mesa-auxiliar-exterior-aluminio-54-cm-6c7a42d9,SV-OLIMPIAAUX-TORTOLA-CAPUCHINO,Mesa auxiliar exterior aluminio · 48×48 cm tejido · Oli,m,157.95,84.68,excel_handle_est,35.1,55.3,72.19,0.0,3.62,cliente_paga,OK,,OK
balliu-mesa-auxiliar-exterior-aluminio-54-cm-6c7a42d9,SV-OLIMPIAAUX-TORTOLA-CAQUI,Mesa auxiliar exterior aluminio · 48×48 cm tejido · Oli,m,157.95,84.68,excel_handle_est,35.1,55.3,72.19,0.0,3.62,cliente_paga,OK,,OK
balliu-mesa-auxiliar-exterior-aluminio-54-cm-6c7a42d9,SV-OLIMPIAAUX-TORTOLA-MARRON-OSC,Mesa auxiliar exterior aluminio · 48×48 cm tejido · Oli,m,157.95,84.68,excel_handle_est,35.1,55.3,72.19,0.0,3.62,cliente_paga,OK,,OK
balliu-mesa-auxiliar-exterior-aluminio-54-cm-6c7a42d9,SV-OLIMPIAAUX-TORTOLA-ARENA,Mesa auxiliar exterior aluminio · 48×48 cm tejido · Oli,m,157.95,84.68,excel_handle_est,35.1,55.3,72.19,0.0,3.62,cliente_paga,OK,,OK
balliu-mesa-auxiliar-exterior-aluminio-54-cm-6c7a42d9,SV-OLIMPIAAUX-TORTOLA-VERDE-OSC,Mesa auxiliar exterior aluminio · 48×48 cm tejido · Oli,m,157.95,84.68,excel_handle_est,35.1,55.3,72.19,0.0,3.62,cliente_paga,OK,,OK
balliu-mesa-auxiliar-exterior-aluminio-54-cm-6c7a42d9,SV-OLIMPIAAUX-TORTOLA-AZUL-CEL,Mesa auxiliar exterior aluminio · 48×48 cm tejido · Oli,m,157.95,84.68,excel_handle_est,35.1,55.3,72.19,0.0,3.62,cliente_paga,OK,,OK
balliu-mesa-auxiliar-exterior-aluminio-54-cm-6c7a42d9,SV-OLIMPIAAUX-TORTOLA-CENIZA,Mesa auxiliar exterior aluminio · 48×48 cm tejido · Oli,m,157.95,84.68,excel_handle_est,35.1,55.3,72.19,0.0,3.62,cliente_paga,OK,,OK
balliu-mesa-auxiliar-exterior-aluminio-54-cm-6c7a42d9,SV-OLIMPIAAUX-TORTOLA-AZUL-MAR,Mesa auxiliar exterior aluminio · 48×48 cm tejido · Oli,m,157.95,84.68,excel_handle_est,35.1,55.3,72.19,0.0,3.62,cliente_paga,OK,,OK
balliu-mesa-auxiliar-exterior-aluminio-54-cm-6c7a42d9,SV-OLIMPIAAUX-TORTOLA-GRIS-OSC,Mesa auxiliar exterior aluminio · 48×48 cm tejido · Oli,m,157.95,84.68,excel_handle_est,35.1,55.3,72.19,0.0,3.62,cliente_paga,OK,,OK
balliu-mesa-auxiliar-exterior-aluminio-54-cm-6c7a42d9,SV-OLIMPIAAUX-TORTOLA-AZUL-ACERO,Mesa auxiliar exterior aluminio · 48×48 cm tejido · Oli,m,157.95,84.68,excel_handle_est,35.1,55.3,72.19,0.0,3.62,cliente_paga,OK,,OK
balliu-mesa-auxiliar-exterior-aluminio-54-cm-6c7a42d9,SV-OLIMPIAAUX-ALUMINIO-AZUL,Mesa auxiliar exterior aluminio · 48×48 cm tejido · Oli,m,157.95,84.68,excel_handle_est,35.1,55.3,72.19,0.0,3.62,cliente_paga,OK,,OK
balliu-mesa-auxiliar-exterior-aluminio-54-cm-6c7a42d9,SV-OLIMPIAAUX-ALUMINIO-AMARILLO,Mesa auxiliar exterior aluminio · 48×48 cm tejido · Oli,m,157.95,84.68,excel_handle_est,35.1,55.3,72.19,0.0,3.62,cliente_paga,OK,,OK
balliu-mesa-auxiliar-exterior-aluminio-54-cm-6c7a42d9,SV-OLIMPIAAUX-ALUMINIO-NARANJA,Mesa auxiliar exterior aluminio · 48×48 cm tejido · Oli,m,157.95,84.68,excel_handle_est,35.1,55.3,72.19,0.0,3.62,cliente_paga,OK,,OK
balliu-mesa-auxiliar-exterior-aluminio-54-cm-6c7a42d9,SV-OLIMPIAAUX-ALUMINIO-VERDE-CLARO,Mesa auxiliar exterior aluminio · 48×48 cm tejido · Oli,m,157.95,84.68,excel_handle_est,35.1,55.3,72.19,0.0,3.62,cliente_paga,OK,,OK
balliu-mesa-auxiliar-exterior-aluminio-54-cm-6c7a42d9,SV-OLIMPIAAUX-ALUMINIO-BLANCO,Mesa auxiliar exterior aluminio · 48×48 cm tejido · Oli,m,157.95,84.68,excel_handle_est,35.1,55.3,72.19,0.0,3.62,cliente_paga,OK,,OK
balliu-mesa-auxiliar-exterior-aluminio-54-cm-6c7a42d9,SV-OLIMPIAAUX-ALUMINIO-NATURAL,Mesa auxiliar exterior aluminio · 48×48 cm tejido · Oli,m,157.95,84.68,excel_handle_est,35.1,55.3,72.19,0.0,3.62,cliente_paga,OK,,OK
balliu-mesa-auxiliar-exterior-aluminio-54-cm-6c7a42d9,SV-OLIMPIAAUX-ALUMINIO-CAPUCHINO,Mesa auxiliar exterior aluminio · 48×48 cm tejido · Oli,m,157.95,84.68,excel_handle_est,35.1,55.3,72.19,0.0,3.62,cliente_paga,OK,,OK
balliu-mesa-auxiliar-exterior-aluminio-54-cm-6c7a42d9,SV-OLIMPIAAUX-ALUMINIO-CAQUI,Mesa auxiliar exterior aluminio · 48×48 cm tejido · Oli,m,157.95,84.68,excel_handle_est,35.1,55.3,72.19,0.0,3.62,cliente_paga,OK,,OK
balliu-mesa-auxiliar-exterior-aluminio-54-cm-6c7a42d9,SV-OLIMPIAAUX-ALUMINIO-MARRON-OSC,Mesa auxiliar exterior aluminio · 48×48 cm tejido · Oli,m,157.95,84.68,excel_handle_est,35.1,55.3,72.19,0.0,3.62,cliente_paga,OK,,OK
balliu-mesa-auxiliar-exterior-aluminio-54-cm-6c7a42d9,SV-OLIMPIAAUX-ALUMINIO-ARENA,Mesa auxiliar exterior aluminio · 48×48 cm tejido · Oli,m,157.95,84.68,excel_handle_est,35.1,55.3,72.19,0.0,3.62,cliente_paga,OK,,OK
balliu-mesa-auxiliar-exterior-aluminio-54-cm-6c7a42d9,SV-OLIMPIAAUX-ALUMINIO-VERDE-OSC,Mesa auxiliar exterior aluminio · 48×48 cm tejido · Oli,m,157.95,84.68,excel_handle_est,35.1,55.3,72.19,0.0,3.62,cliente_paga,OK,,OK
balliu-mesa-auxiliar-exterior-aluminio-54-cm-6c7a42d9,SV-OLIMPIAAUX-ALUMINIO-AZUL-CEL,Mesa auxiliar exterior aluminio · 48×48 cm tejido · Oli,m,157.95,84.68,excel_handle_est,35.1,55.3,72.19,0.0,3.62,cliente_paga,OK,,OK
balliu-mesa-auxiliar-exterior-aluminio-54-cm-6c7a42d9,SV-OLIMPIAAUX-ALUMINIO-CENIZA,Mesa auxiliar exterior aluminio · 48×48 cm tejido · Oli,m,157.95,84.68,excel_handle_est,35.1,55.3,72.19,0.0,3.62,cliente_paga,OK,,OK
balliu-mesa-auxiliar-exterior-aluminio-54-cm-6c7a42d9,SV-OLIMPIAAUX-ALUMINIO-AZUL-MAR,Mesa auxiliar exterior aluminio · 48×48 cm tejido · Oli,m,157.95,84.68,excel_handle_est,35.1,55.3,72.19,0.0,3.62,cliente_paga,OK,,OK
balliu-mesa-auxiliar-exterior-aluminio-54-cm-6c7a42d9,SV-OLIMPIAAUX-ALUMINIO-GRIS-OSC,Mesa auxiliar exterior aluminio · 48×48 cm tejido · Oli,m,157.95,84.68,excel_handle_est,35.1,55.3,72.19,0.0,3.62,cliente_paga,OK,,OK
balliu-mesa-auxiliar-exterior-aluminio-54-cm-6c7a42d9,SV-OLIMPIAAUX-ALUMINIO-AZUL-ACERO,Mesa auxiliar exterior aluminio · 48×48 cm tejido · Oli,m,157.95,84.68,excel_handle_est,35.1,55.3,72.19,0.0,3.62,cliente_paga,OK,,OK
balliu-mesa-auxiliar-exterior-aluminio-90b11e5b,SV-NOAUX-ANTRACITA,Mesa auxiliar exterior aluminio · Ø42 cm · Noa,m,137.95,69.97,excel_handle_est,38.6,62.1,70.79,0.0,3.2,cliente_paga,OK,,OK
balliu-mesa-auxiliar-exterior-aluminio-90b11e5b,SV-NOAUX-ARENA,Mesa auxiliar exterior aluminio · Ø42 cm · Noa,m,137.95,69.97,excel_handle_est,38.6,62.1,70.79,0.0,3.2,cliente_paga,OK,,OK
balliu-mesa-auxiliar-exterior-aluminio-90b11e5b,SV-NOAUX-BLANCO,Mesa auxiliar exterior aluminio · Ø42 cm · Noa,m,130.95,69.97,excel_handle_est,35.3,60.2,65.15,0.0,3.05,cliente_paga,OK,,OK
balliu-mesa-auxiliar-exterior-aluminio-90b11e5b,SV-NOAUX-MADERA,Mesa auxiliar exterior aluminio · Ø42 cm · Noa,m,137.95,69.97,excel_handle_est,38.6,62.1,70.79,0.0,3.2,cliente_paga,OK,,OK
balliu-mesa-auxiliar-exterior-aluminio-90b11e5b,SV-NOAUX-TORTOLA,Mesa auxiliar exterior aluminio · Ø42 cm · Noa,m,137.95,69.97,excel_handle_est,38.6,62.1,70.79,0.0,3.2,cliente_paga,OK,,OK
balliu-mesa-auxiliar-exterior-aluminio-60-cm-9c991818,SV-ETNAUX-BLANCO-GRIS,Mesa auxiliar exterior · aluminio HPL 45×45 cm · Etna,m,167.95,89.52,excel_handle_est,35.5,54.3,75.41,0.0,3.83,cliente_paga,OK,coste_estimado,OK
balliu-mesa-auxiliar-exterior-aluminio-60-cm-9c991818,SV-ETNAUX-BLANCO-BLANCO,Mesa auxiliar exterior · aluminio HPL 45×45 cm · Etna,m,167.95,89.52,excel_handle_est,35.5,54.3,75.41,0.0,3.83,cliente_paga,OK,coste_estimado,OK
balliu-mesa-auxiliar-exterior-aluminio-60-cm-9c991818,SV-ETNAUX-BLANCO-MOONWALK,Mesa auxiliar exterior · aluminio HPL 45×45 cm · Etna,m,167.95,89.52,excel_handle_est,35.5,54.3,75.41,0.0,3.83,cliente_paga,OK,coste_estimado,OK
balliu-mesa-auxiliar-exterior-aluminio-60-cm-9c991818,SV-ETNAUX-BLANCO-SKYLINE,Mesa auxiliar exterior · aluminio HPL 45×45 cm · Etna,m,167.95,89.52,excel_handle_est,35.5,54.3,75.41,0.0,3.83,cliente_paga,OK,coste_estimado,OK
balliu-mesa-auxiliar-exterior-aluminio-60-cm-9c991818,SV-ETNAUX-BLANCO-PRADO,Mesa auxiliar exterior · aluminio HPL 45×45 cm · Etna,m,167.95,89.52,excel_handle_est,35.5,54.3,75.41,0.0,3.83,cliente_paga,OK,coste_estimado,OK
balliu-mesa-auxiliar-exterior-aluminio-60-cm-9c991818,SV-ETNAUX-TORTOLA-GRIS,Mesa auxiliar exterior · aluminio HPL 45×45 cm · Etna,m,167.95,89.52,excel_handle_est,35.5,54.3,75.41,0.0,3.83,cliente_paga,OK,coste_estimado,OK
balliu-mesa-auxiliar-exterior-aluminio-60-cm-9c991818,SV-ETNAUX-TORTOLA-BLANCO,Mesa auxiliar exterior · aluminio HPL 45×45 cm · Etna,m,167.95,89.52,excel_handle_est,35.5,54.3,75.41,0.0,3.83,cliente_paga,OK,coste_estimado,OK
balliu-mesa-auxiliar-exterior-aluminio-60-cm-9c991818,SV-ETNAUX-TORTOLA-MOONWALK,Mesa auxiliar exterior · aluminio HPL 45×45 cm · Etna,m,167.95,89.52,excel_handle_est,35.5,54.3,75.41,0.0,3.83,cliente_paga,OK,coste_estimado,OK
balliu-mesa-auxiliar-exterior-aluminio-60-cm-9c991818,SV-ETNAUX-TORTOLA-SKYLINE,Mesa auxiliar exterior · aluminio HPL 45×45 cm · Etna,m,167.95,89.52,excel_handle_est,35.5,54.3,75.41,0.0,3.83,cliente_paga,OK,coste_estimado,OK
balliu-mesa-auxiliar-exterior-aluminio-60-cm-9c991818,SV-ETNAUX-TORTOLA-PRADO,Mesa auxiliar exterior · aluminio HPL 45×45 cm · Etna,m,167.95,89.52,excel_handle_est,35.5,54.3,75.41,0.0,3.83,cliente_paga,OK,coste_estimado,OK
balliu-mesa-auxiliar-exterior-aluminio-60-cm-9c991818,SV-ETNAUX-ALUMINIO-GRIS,Mesa auxiliar exterior · aluminio HPL 45×45 cm · Etna,m,167.95,89.52,excel_handle_est,35.5,54.3,75.41,0.0,3.83,cliente_paga,OK,coste_estimado,OK
balliu-mesa-auxiliar-exterior-aluminio-60-cm-9c991818,SV-ETNAUX-ALUMINIO-BLANCO,Mesa auxiliar exterior · aluminio HPL 45×45 cm · Etna,m,167.95,89.52,excel_handle_est,35.5,54.3,75.41,0.0,3.83,cliente_paga,OK,coste_estimado,OK
balliu-mesa-auxiliar-exterior-aluminio-60-cm-9c991818,SV-ETNAUX-ALUMINIO-MOONWALK,Mesa auxiliar exterior · aluminio HPL 45×45 cm · Etna,m,167.95,89.52,excel_handle_est,35.5,54.3,75.41,0.0,3.83,cliente_paga,OK,coste_estimado,OK
balliu-mesa-auxiliar-exterior-aluminio-60-cm-9c991818,SV-ETNAUX-ALUMINIO-SKYLINE,Mesa auxiliar exterior · aluminio HPL 45×45 cm · Etna,m,167.95,89.52,excel_handle_est,35.5,54.3,75.41,0.0,3.83,cliente_paga,OK,coste_estimado,OK
balliu-mesa-auxiliar-exterior-aluminio-60-cm-9c991818,SV-ETNAUX-ALUMINIO-PRADO,Mesa auxiliar exterior · aluminio HPL 45×45 cm · Etna,m,167.95,89.52,excel_handle_est,35.5,54.3,75.41,0.0,3.83,cliente_paga,OK,coste_estimado,OK
balliu-mesa-exterior-resina-70-cm-33ce1613,SV-SELVA-D70,Mesa exterior resina · Werzalit · Selva,m,181.95,97.55,excel_handle_est,35.1,52.3,78.65,0.0,4.12,cliente_paga,OK,,OK
balliu-mesa-exterior-resina-70-cm-33ce1613,SV-SELVA-D80,Mesa exterior resina · Werzalit · Selva,m,188.95,97.55,excel_handle_est,37.5,54.0,84.29,0.0,4.27,cliente_paga,OK,,OK
balliu-mesa-exterior-resina-70-cm-33ce1613,SV-SELVA-D90,Mesa exterior resina · Werzalit · Selva,m,221.95,97.55,excel_handle_est,46.8,60.4,110.87,0.0,4.96,cliente_paga,OK,,OK
balliu-mesa-exterior-resina-70-cm-33ce1613,SV-SELVA-70X70,Mesa exterior resina · Werzalit · Selva,m,220.95,97.55,excel_handle_est,46.6,60.3,110.06,0.0,4.94,cliente_paga,OK,,OK
balliu-mesa-exterior-resina-70-cm-33ce1613,SV-SELVA-80X80,Mesa exterior resina · Werzalit · Selva,m,243.95,97.55,excel_handle_est,51.6,63.8,128.59,0.0,5.42,cliente_paga,OK,,OK
balliu-mesa-exterior-resina-70-cm-33ce1613,SV-SELVA-120X80,Mesa exterior resina · Werzalit · Selva,m,315.95,97.55,excel_handle_est,62.6,71.5,186.58,0.0,6.93,cliente_paga,OK,,OK
balliu-mesa-exterior-aluminio-8080-cm-ef580ae2,SV-BRUNEI-80X80-BLANCO-GRIS,Mesa exterior aluminio · HPL · Brunei,m,478.95,411.11,excel_handle_est,-3.9,1.1,4.31,0.0,10.36,cliente_paga,CRITICO,PRECIO<COSTE_IVA(497.44) | coste_estimado,OK
balliu-mesa-exterior-aluminio-8080-cm-ef580ae2,SV-BRUNEI-80X80-BLANCO-BLANCO,Mesa exterior aluminio · HPL · Brunei,m,478.95,411.11,excel_handle_est,-3.9,1.1,4.31,0.0,10.36,cliente_paga,CRITICO,PRECIO<COSTE_IVA(497.44) | coste_estimado,OK
balliu-mesa-exterior-aluminio-8080-cm-ef580ae2,SV-BRUNEI-80X80-BLANCO-MOONWALK,Mesa exterior aluminio · HPL · Brunei,m,478.95,411.11,excel_handle_est,-3.9,1.1,4.31,0.0,10.36,cliente_paga,CRITICO,PRECIO<COSTE_IVA(497.44) | coste_estimado,OK
balliu-mesa-exterior-aluminio-8080-cm-ef580ae2,SV-BRUNEI-80X80-BLANCO-SKYLINE,Mesa exterior aluminio · HPL · Brunei,m,478.95,411.11,excel_handle_est,-3.9,1.1,4.31,0.0,10.36,cliente_paga,CRITICO,PRECIO<COSTE_IVA(497.44) | coste_estimado,OK
balliu-mesa-exterior-aluminio-8080-cm-ef580ae2,SV-BRUNEI-80X80-BLANCO-PRADO,Mesa exterior aluminio · HPL · Brunei,m,478.95,411.11,excel_handle_est,-3.9,1.1,4.31,0.0,10.36,cliente_paga,CRITICO,PRECIO<COSTE_IVA(497.44) | coste_estimado,OK
balliu-mesa-exterior-aluminio-8080-cm-ef580ae2,SV-BRUNEI-80X80-TORTOLA-GRIS,Mesa exterior aluminio · HPL · Brunei,m,478.95,411.11,excel_handle_est,-3.9,1.1,4.31,0.0,10.36,cliente_paga,CRITICO,PRECIO<COSTE_IVA(497.44) | coste_estimado,OK
balliu-mesa-exterior-aluminio-8080-cm-ef580ae2,SV-BRUNEI-80X80-TORTOLA-BLANCO,Mesa exterior aluminio · HPL · Brunei,m,478.95,411.11,excel_handle_est,-3.9,1.1,4.31,0.0,10.36,cliente_paga,CRITICO,PRECIO<COSTE_IVA(497.44) | coste_estimado,OK
balliu-mesa-exterior-aluminio-8080-cm-ef580ae2,SV-BRUNEI-80X80-TORTOLA-MOONWALK,Mesa exterior aluminio · HPL · Brunei,m,478.95,411.11,excel_handle_est,-3.9,1.1,4.31,0.0,10.36,cliente_paga,CRITICO,PRECIO<COSTE_IVA(497.44) | coste_estimado,OK
balliu-mesa-exterior-aluminio-8080-cm-ef580ae2,SV-BRUNEI-80X80-TORTOLA-SKYLINE,Mesa exterior aluminio · HPL · Brunei,m,478.95,411.11,excel_handle_est,-3.9,1.1,4.31,0.0,10.36,cliente_paga,CRITICO,PRECIO<COSTE_IVA(497.44) | coste_estimado,OK
balliu-mesa-exterior-aluminio-8080-cm-ef580ae2,SV-BRUNEI-80X80-TORTOLA-PRADO,Mesa exterior aluminio · HPL · Brunei,m,478.95,411.11,excel_handle_est,-3.9,1.1,4.31,0.0,10.36,cliente_paga,CRITICO,PRECIO<COSTE_IVA(497.44) | coste_estimado,OK
balliu-mesa-exterior-aluminio-8080-cm-ef580ae2,SV-BRUNEI-80X80-ALUMINIO-GRIS,Mesa exterior aluminio · HPL · Brunei,m,478.95,411.11,excel_handle_est,-3.9,1.1,4.31,0.0,10.36,cliente_paga,CRITICO,PRECIO<COSTE_IVA(497.44) | coste_estimado,OK
balliu-mesa-exterior-aluminio-8080-cm-ef580ae2,SV-BRUNEI-80X80-ALUMINIO-BLANCO,Mesa exterior aluminio · HPL · Brunei,m,478.95,411.11,excel_handle_est,-3.9,1.1,4.31,0.0,10.36,cliente_paga,CRITICO,PRECIO<COSTE_IVA(497.44) | coste_estimado,OK
balliu-mesa-exterior-aluminio-8080-cm-ef580ae2,SV-BRUNEI-80X80-ALUMINIO-MOONWALK,Mesa exterior aluminio · HPL · Brunei,m,478.95,411.11,excel_handle_est,-3.9,1.1,4.31,0.0,10.36,cliente_paga,CRITICO,PRECIO<COSTE_IVA(497.44) | coste_estimado,OK
balliu-mesa-exterior-aluminio-8080-cm-ef580ae2,SV-BRUNEI-80X80-ALUMINIO-SKYLINE,Mesa exterior aluminio · HPL · Brunei,m,478.95,411.11,excel_handle_est,-3.9,1.1,4.31,0.0,10.36,cliente_paga,CRITICO,PRECIO<COSTE_IVA(497.44) | coste_estimado,OK
balliu-mesa-exterior-aluminio-8080-cm-ef580ae2,SV-BRUNEI-80X80-ALUMINIO-PRADO,Mesa exterior aluminio · HPL · Brunei,m,478.95,411.11,excel_handle_est,-3.9,1.1,4.31,0.0,10.36,cliente_paga,CRITICO,PRECIO<COSTE_IVA(497.44) | coste_estimado,OK
balliu-mesa-exterior-aluminio-8080-cm-ef580ae2,SV-BRUNEI-130X80-BLANCO-GRIS,Mesa exterior aluminio · HPL · Brunei,m,639.0,411.11,excel_handle_est,22.2,19.6,103.27,0.0,13.72,envio_gratis,AVISO,coste_estimado,OK
balliu-mesa-exterior-aluminio-8080-cm-ef580ae2,SV-BRUNEI-130X80-BLANCO-BLANCO,Mesa exterior aluminio · HPL · Brunei,m,639.0,411.11,excel_handle_est,22.2,19.6,103.27,0.0,13.72,envio_gratis,AVISO,coste_estimado,OK
balliu-mesa-exterior-aluminio-8080-cm-ef580ae2,SV-BRUNEI-130X80-BLANCO-MOONWALK,Mesa exterior aluminio · HPL · Brunei,m,639.0,411.11,excel_handle_est,22.2,19.6,103.27,0.0,13.72,envio_gratis,AVISO,coste_estimado,OK
balliu-mesa-exterior-aluminio-8080-cm-ef580ae2,SV-BRUNEI-130X80-BLANCO-SKYLINE,Mesa exterior aluminio · HPL · Brunei,m,639.0,411.11,excel_handle_est,22.2,19.6,103.27,0.0,13.72,envio_gratis,AVISO,coste_estimado,OK
balliu-mesa-exterior-aluminio-8080-cm-ef580ae2,SV-BRUNEI-130X80-BLANCO-PRADO,Mesa exterior aluminio · HPL · Brunei,m,639.0,411.11,excel_handle_est,22.2,19.6,103.27,0.0,13.72,envio_gratis,AVISO,coste_estimado,OK
balliu-mesa-exterior-aluminio-8080-cm-ef580ae2,SV-BRUNEI-130X80-TORTOLA-GRIS,Mesa exterior aluminio · HPL · Brunei,m,639.0,411.11,excel_handle_est,22.2,19.6,103.27,0.0,13.72,envio_gratis,AVISO,coste_estimado,OK
balliu-mesa-exterior-aluminio-8080-cm-ef580ae2,SV-BRUNEI-130X80-TORTOLA-BLANCO,Mesa exterior aluminio · HPL · Brunei,m,639.0,411.11,excel_handle_est,22.2,19.6,103.27,0.0,13.72,envio_gratis,AVISO,coste_estimado,OK
balliu-mesa-exterior-aluminio-8080-cm-ef580ae2,SV-BRUNEI-130X80-TORTOLA-MOONWALK,Mesa exterior aluminio · HPL · Brunei,m,639.0,411.11,excel_handle_est,22.2,19.6,103.27,0.0,13.72,envio_gratis,AVISO,coste_estimado,OK
balliu-mesa-exterior-aluminio-8080-cm-ef580ae2,SV-BRUNEI-130X80-TORTOLA-SKYLINE,Mesa exterior aluminio · HPL · Brunei,m,639.0,411.11,excel_handle_est,22.2,19.6,103.27,0.0,13.72,envio_gratis,AVISO,coste_estimado,OK
balliu-mesa-exterior-aluminio-8080-cm-ef580ae2,SV-BRUNEI-130X80-TORTOLA-PRADO,Mesa exterior aluminio · HPL · Brunei,m,639.0,411.11,excel_handle_est,22.2,19.6,103.27,0.0,13.72,envio_gratis,AVISO,coste_estimado,OK
balliu-mesa-exterior-aluminio-8080-cm-ef580ae2,SV-BRUNEI-130X80-ALUMINIO-GRIS,Mesa exterior aluminio · HPL · Brunei,m,639.0,411.11,excel_handle_est,22.2,19.6,103.27,0.0,13.72,envio_gratis,AVISO,coste_estimado,OK
balliu-mesa-exterior-aluminio-8080-cm-ef580ae2,SV-BRUNEI-130X80-ALUMINIO-BLANCO,Mesa exterior aluminio · HPL · Brunei,m,639.0,411.11,excel_handle_est,22.2,19.6,103.27,0.0,13.72,envio_gratis,AVISO,coste_estimado,OK
balliu-mesa-exterior-aluminio-8080-cm-ef580ae2,SV-BRUNEI-130X80-ALUMINIO-MOONWALK,Mesa exterior aluminio · HPL · Brunei,m,639.0,411.11,excel_handle_est,22.2,19.6,103.27,0.0,13.72,envio_gratis,AVISO,coste_estimado,OK
balliu-mesa-exterior-aluminio-8080-cm-ef580ae2,SV-BRUNEI-130X80-ALUMINIO-SKYLINE,Mesa exterior aluminio · HPL · Brunei,m,639.0,411.11,excel_handle_est,22.2,19.6,103.27,0.0,13.72,envio_gratis,AVISO,coste_estimado,OK
balliu-mesa-exterior-aluminio-8080-cm-ef580ae2,SV-BRUNEI-130X80-ALUMINIO-PRADO,Mesa exterior aluminio · HPL · Brunei,m,639.0,411.11,excel_handle_est,22.2,19.6,103.27,0.0,13.72,envio_gratis,AVISO,coste_estimado,OK
balliu-mesa-exterior-aluminio-8080-cm-ef580ae2,SV-BRUNEI-160X90-BLANCO-GRIS,Mesa exterior aluminio · HPL · Brunei,m,769.0,411.11,excel_handle_est,35.3,32.7,207.98,0.0,16.45,envio_gratis,OK,coste_estimado,OK
balliu-mesa-exterior-aluminio-8080-cm-ef580ae2,SV-BRUNEI-160X90-BLANCO-BLANCO,Mesa exterior aluminio · HPL · Brunei,m,769.0,411.11,excel_handle_est,35.3,32.7,207.98,0.0,16.45,envio_gratis,OK,coste_estimado,OK
balliu-mesa-exterior-aluminio-8080-cm-ef580ae2,SV-BRUNEI-160X90-BLANCO-MOONWALK,Mesa exterior aluminio · HPL · Brunei,m,769.0,411.11,excel_handle_est,35.3,32.7,207.98,0.0,16.45,envio_gratis,OK,coste_estimado,OK
balliu-mesa-exterior-aluminio-8080-cm-ef580ae2,SV-BRUNEI-160X90-BLANCO-SKYLINE,Mesa exterior aluminio · HPL · Brunei,m,769.0,411.11,excel_handle_est,35.3,32.7,207.98,0.0,16.45,envio_gratis,OK,coste_estimado,OK
balliu-mesa-exterior-aluminio-8080-cm-ef580ae2,SV-BRUNEI-160X90-BLANCO-PRADO,Mesa exterior aluminio · HPL · Brunei,m,769.0,411.11,excel_handle_est,35.3,32.7,207.98,0.0,16.45,envio_gratis,OK,coste_estimado,OK
balliu-mesa-exterior-aluminio-8080-cm-ef580ae2,SV-BRUNEI-160X90-TORTOLA-GRIS,Mesa exterior aluminio · HPL · Brunei,m,769.0,411.11,excel_handle_est,35.3,32.7,207.98,0.0,16.45,envio_gratis,OK,coste_estimado,OK
balliu-mesa-exterior-aluminio-8080-cm-ef580ae2,SV-BRUNEI-160X90-TORTOLA-BLANCO,Mesa exterior aluminio · HPL · Brunei,m,769.0,411.11,excel_handle_est,35.3,32.7,207.98,0.0,16.45,envio_gratis,OK,coste_estimado,OK
balliu-mesa-exterior-aluminio-8080-cm-ef580ae2,SV-BRUNEI-160X90-TORTOLA-MOONWALK,Mesa exterior aluminio · HPL · Brunei,m,769.0,411.11,excel_handle_est,35.3,32.7,207.98,0.0,16.45,envio_gratis,OK,coste_estimado,OK
balliu-mesa-exterior-aluminio-8080-cm-ef580ae2,SV-BRUNEI-160X90-TORTOLA-SKYLINE,Mesa exterior aluminio · HPL · Brunei,m,769.0,411.11,excel_handle_est,35.3,32.7,207.98,0.0,16.45,envio_gratis,OK,coste_estimado,OK
balliu-mesa-exterior-aluminio-8080-cm-ef580ae2,SV-BRUNEI-160X90-TORTOLA-PRADO,Mesa exterior aluminio · HPL · Brunei,m,769.0,411.11,excel_handle_est,35.3,32.7,207.98,0.0,16.45,envio_gratis,OK,coste_estimado,OK
balliu-mesa-exterior-aluminio-8080-cm-ef580ae2,SV-BRUNEI-160X90-ALUMINIO-GRIS,Mesa exterior aluminio · HPL · Brunei,m,769.0,411.11,excel_handle_est,35.3,32.7,207.98,0.0,16.45,envio_gratis,OK,coste_estimado,OK
balliu-mesa-exterior-aluminio-8080-cm-ef580ae2,SV-BRUNEI-160X90-ALUMINIO-BLANCO,Mesa exterior aluminio · HPL · Brunei,m,769.0,411.11,excel_handle_est,35.3,32.7,207.98,0.0,16.45,envio_gratis,OK,coste_estimado,OK
balliu-mesa-exterior-aluminio-8080-cm-ef580ae2,SV-BRUNEI-160X90-ALUMINIO-MOONWALK,Mesa exterior aluminio · HPL · Brunei,m,769.0,411.11,excel_handle_est,35.3,32.7,207.98,0.0,16.45,envio_gratis,OK,coste_estimado,OK
balliu-mesa-exterior-aluminio-8080-cm-ef580ae2,SV-BRUNEI-160X90-ALUMINIO-SKYLINE,Mesa exterior aluminio · HPL · Brunei,m,769.0,411.11,excel_handle_est,35.3,32.7,207.98,0.0,16.45,envio_gratis,OK,coste_estimado,OK
balliu-mesa-exterior-aluminio-8080-cm-ef580ae2,SV-BRUNEI-160X90-ALUMINIO-PRADO,Mesa exterior aluminio · HPL · Brunei,m,769.0,411.11,excel_handle_est,35.3,32.7,207.98,0.0,16.45,envio_gratis,OK,coste_estimado,OK
balliu-mesa-exterior-aluminio-8080-cm-ef580ae2,SV-BRUNEI-190X90-BLANCO-GRIS,Mesa exterior aluminio · HPL · Brunei,m,945.0,411.11,excel_handle_est,47.4,44.8,349.74,0.0,20.15,envio_gratis,OK,coste_estimado,OK
balliu-mesa-exterior-aluminio-8080-cm-ef580ae2,SV-BRUNEI-190X90-BLANCO-BLANCO,Mesa exterior aluminio · HPL · Brunei,m,945.0,411.11,excel_handle_est,47.4,44.8,349.74,0.0,20.15,envio_gratis,OK,coste_estimado,OK
balliu-mesa-exterior-aluminio-8080-cm-ef580ae2,SV-BRUNEI-190X90-BLANCO-MOONWALK,Mesa exterior aluminio · HPL · Brunei,m,945.0,411.11,excel_handle_est,47.4,44.8,349.74,0.0,20.15,envio_gratis,OK,coste_estimado,OK
balliu-mesa-exterior-aluminio-8080-cm-ef580ae2,SV-BRUNEI-190X90-BLANCO-SKYLINE,Mesa exterior aluminio · HPL · Brunei,m,945.0,411.11,excel_handle_est,47.4,44.8,349.74,0.0,20.15,envio_gratis,OK,coste_estimado,OK
balliu-mesa-exterior-aluminio-8080-cm-ef580ae2,SV-BRUNEI-190X90-BLANCO-PRADO,Mesa exterior aluminio · HPL · Brunei,m,945.0,411.11,excel_handle_est,47.4,44.8,349.74,0.0,20.15,envio_gratis,OK,coste_estimado,OK
balliu-mesa-exterior-aluminio-8080-cm-ef580ae2,SV-BRUNEI-190X90-TORTOLA-GRIS,Mesa exterior aluminio · HPL · Brunei,m,945.0,411.11,excel_handle_est,47.4,44.8,349.74,0.0,20.15,envio_gratis,OK,coste_estimado,OK
balliu-mesa-exterior-aluminio-8080-cm-ef580ae2,SV-BRUNEI-190X90-TORTOLA-BLANCO,Mesa exterior aluminio · HPL · Brunei,m,945.0,411.11,excel_handle_est,47.4,44.8,349.74,0.0,20.15,envio_gratis,OK,coste_estimado,OK
balliu-mesa-exterior-aluminio-8080-cm-ef580ae2,SV-BRUNEI-190X90-TORTOLA-MOONWALK,Mesa exterior aluminio · HPL · Brunei,m,945.0,411.11,excel_handle_est,47.4,44.8,349.74,0.0,20.15,envio_gratis,OK,coste_estimado,OK
balliu-mesa-exterior-aluminio-8080-cm-ef580ae2,SV-BRUNEI-190X90-TORTOLA-SKYLINE,Mesa exterior aluminio · HPL · Brunei,m,945.0,411.11,excel_handle_est,47.4,44.8,349.74,0.0,20.15,envio_gratis,OK,coste_estimado,OK
balliu-mesa-exterior-aluminio-8080-cm-ef580ae2,SV-BRUNEI-190X90-TORTOLA-PRADO,Mesa exterior aluminio · HPL · Brunei,m,945.0,411.11,excel_handle_est,47.4,44.8,349.74,0.0,20.15,envio_gratis,OK,coste_estimado,OK
balliu-mesa-exterior-aluminio-8080-cm-ef580ae2,SV-BRUNEI-190X90-ALUMINIO-GRIS,Mesa exterior aluminio · HPL · Brunei,m,945.0,411.11,excel_handle_est,47.4,44.8,349.74,0.0,20.15,envio_gratis,OK,coste_estimado,OK
balliu-mesa-exterior-aluminio-8080-cm-ef580ae2,SV-BRUNEI-190X90-ALUMINIO-BLANCO,Mesa exterior aluminio · HPL · Brunei,m,945.0,411.11,excel_handle_est,47.4,44.8,349.74,0.0,20.15,envio_gratis,OK,coste_estimado,OK
balliu-mesa-exterior-aluminio-8080-cm-ef580ae2,SV-BRUNEI-190X90-ALUMINIO-MOONWALK,Mesa exterior aluminio · HPL · Brunei,m,945.0,411.11,excel_handle_est,47.4,44.8,349.74,0.0,20.15,envio_gratis,OK,coste_estimado,OK
balliu-mesa-exterior-aluminio-8080-cm-ef580ae2,SV-BRUNEI-190X90-ALUMINIO-SKYLINE,Mesa exterior aluminio · HPL · Brunei,m,945.0,411.11,excel_handle_est,47.4,44.8,349.74,0.0,20.15,envio_gratis,OK,coste_estimado,OK
balliu-mesa-exterior-aluminio-8080-cm-ef580ae2,SV-BRUNEI-190X90-ALUMINIO-PRADO,Mesa exterior aluminio · HPL · Brunei,m,945.0,411.11,excel_handle_est,47.4,44.8,349.74,0.0,20.15,envio_gratis,OK,coste_estimado,OK
balliu-mesa-exterior-140-18090-cm-e4ec7d7c,SV-ATLANTA-140-180X90-BLANCO-GRIS,Mesa extensible exterior aluminio · HPL · Atlanta,l,1275.0,789.72,excel_handle_est,25.1,22.5,236.92,0.0,27.08,envio_gratis,OK,,OK
balliu-mesa-exterior-140-18090-cm-e4ec7d7c,SV-ATLANTA-140-180X90-BLANCO-BLANCO,Mesa extensible exterior aluminio · HPL · Atlanta,l,1275.0,789.72,excel_handle_est,25.1,22.5,236.92,0.0,27.08,envio_gratis,OK,,OK
balliu-mesa-exterior-140-18090-cm-e4ec7d7c,SV-ATLANTA-140-180X90-BLANCO-MOONWALK,Mesa extensible exterior aluminio · HPL · Atlanta,l,1275.0,789.72,excel_handle_est,25.1,22.5,236.92,0.0,27.08,envio_gratis,OK,,OK
balliu-mesa-exterior-140-18090-cm-e4ec7d7c,SV-ATLANTA-140-180X90-BLANCO-SKYLINE,Mesa extensible exterior aluminio · HPL · Atlanta,l,1275.0,789.72,excel_handle_est,25.1,22.5,236.92,0.0,27.08,envio_gratis,OK,,OK
balliu-mesa-exterior-140-18090-cm-e4ec7d7c,SV-ATLANTA-140-180X90-BLANCO-PRADO,Mesa extensible exterior aluminio · HPL · Atlanta,l,1275.0,789.72,excel_handle_est,25.1,22.5,236.92,0.0,27.08,envio_gratis,OK,,OK
balliu-mesa-exterior-140-18090-cm-e4ec7d7c,SV-ATLANTA-140-180X90-TORTOLA-GRIS,Mesa extensible exterior aluminio · HPL · Atlanta,l,1275.0,789.72,excel_handle_est,25.1,22.5,236.92,0.0,27.08,envio_gratis,OK,,OK
balliu-mesa-exterior-140-18090-cm-e4ec7d7c,SV-ATLANTA-140-180X90-TORTOLA-BLANCO,Mesa extensible exterior aluminio · HPL · Atlanta,l,1275.0,789.72,excel_handle_est,25.1,22.5,236.92,0.0,27.08,envio_gratis,OK,,OK
balliu-mesa-exterior-140-18090-cm-e4ec7d7c,SV-ATLANTA-140-180X90-TORTOLA-MOONWALK,Mesa extensible exterior aluminio · HPL · Atlanta,l,1275.0,789.72,excel_handle_est,25.1,22.5,236.92,0.0,27.08,envio_gratis,OK,,OK
balliu-mesa-exterior-140-18090-cm-e4ec7d7c,SV-ATLANTA-140-180X90-TORTOLA-SKYLINE,Mesa extensible exterior aluminio · HPL · Atlanta,l,1275.0,789.72,excel_handle_est,25.1,22.5,236.92,0.0,27.08,envio_gratis,OK,,OK
balliu-mesa-exterior-140-18090-cm-e4ec7d7c,SV-ATLANTA-140-180X90-TORTOLA-PRADO,Mesa extensible exterior aluminio · HPL · Atlanta,l,1275.0,789.72,excel_handle_est,25.1,22.5,236.92,0.0,27.08,envio_gratis,OK,,OK
balliu-mesa-exterior-140-18090-cm-e4ec7d7c,SV-ATLANTA-140-180X90-ALUMINIO-GRIS,Mesa extensible exterior aluminio · HPL · Atlanta,l,1275.0,789.72,excel_handle_est,25.1,22.5,236.92,0.0,27.08,envio_gratis,OK,,OK
balliu-mesa-exterior-140-18090-cm-e4ec7d7c,SV-ATLANTA-140-180X90-ALUMINIO-BLANCO,Mesa extensible exterior aluminio · HPL · Atlanta,l,1275.0,789.72,excel_handle_est,25.1,22.5,236.92,0.0,27.08,envio_gratis,OK,,OK
balliu-mesa-exterior-140-18090-cm-e4ec7d7c,SV-ATLANTA-140-180X90-ALUMINIO-MOONWALK,Mesa extensible exterior aluminio · HPL · Atlanta,l,1275.0,789.72,excel_handle_est,25.1,22.5,236.92,0.0,27.08,envio_gratis,OK,,OK
balliu-mesa-exterior-140-18090-cm-e4ec7d7c,SV-ATLANTA-140-180X90-ALUMINIO-SKYLINE,Mesa extensible exterior aluminio · HPL · Atlanta,l,1275.0,789.72,excel_handle_est,25.1,22.5,236.92,0.0,27.08,envio_gratis,OK,,OK
balliu-mesa-exterior-140-18090-cm-e4ec7d7c,SV-ATLANTA-140-180X90-ALUMINIO-PRADO,Mesa extensible exterior aluminio · HPL · Atlanta,l,1275.0,789.72,excel_handle_est,25.1,22.5,236.92,0.0,27.08,envio_gratis,OK,,OK
balliu-mesa-exterior-140-18090-cm-e4ec7d7c,SV-ATLANTA-200-260X100-BLANCO-GRIS,Mesa extensible exterior aluminio · HPL · Atlanta,l,1670.0,789.72,excel_handle_est,42.8,40.2,555.08,0.0,35.37,envio_gratis,OK,,OK
balliu-mesa-exterior-140-18090-cm-e4ec7d7c,SV-ATLANTA-200-260X100-BLANCO-BLANCO,Mesa extensible exterior aluminio · HPL · Atlanta,l,1670.0,789.72,excel_handle_est,42.8,40.2,555.08,0.0,35.37,envio_gratis,OK,,OK
balliu-mesa-exterior-140-18090-cm-e4ec7d7c,SV-ATLANTA-200-260X100-BLANCO-MOONWALK,Mesa extensible exterior aluminio · HPL · Atlanta,l,1670.0,789.72,excel_handle_est,42.8,40.2,555.08,0.0,35.37,envio_gratis,OK,,OK
balliu-mesa-exterior-140-18090-cm-e4ec7d7c,SV-ATLANTA-200-260X100-BLANCO-SKYLINE,Mesa extensible exterior aluminio · HPL · Atlanta,l,1670.0,789.72,excel_handle_est,42.8,40.2,555.08,0.0,35.37,envio_gratis,OK,,OK
balliu-mesa-exterior-140-18090-cm-e4ec7d7c,SV-ATLANTA-200-260X100-BLANCO-PRADO,Mesa extensible exterior aluminio · HPL · Atlanta,l,1670.0,789.72,excel_handle_est,42.8,40.2,555.08,0.0,35.37,envio_gratis,OK,,OK
balliu-mesa-exterior-140-18090-cm-e4ec7d7c,SV-ATLANTA-200-260X100-TORTOLA-GRIS,Mesa extensible exterior aluminio · HPL · Atlanta,l,1670.0,789.72,excel_handle_est,42.8,40.2,555.08,0.0,35.37,envio_gratis,OK,,OK
balliu-mesa-exterior-140-18090-cm-e4ec7d7c,SV-ATLANTA-200-260X100-TORTOLA-BLANCO,Mesa extensible exterior aluminio · HPL · Atlanta,l,1670.0,789.72,excel_handle_est,42.8,40.2,555.08,0.0,35.37,envio_gratis,OK,,OK
balliu-mesa-exterior-140-18090-cm-e4ec7d7c,SV-ATLANTA-200-260X100-TORTOLA-MOONWALK,Mesa extensible exterior aluminio · HPL · Atlanta,l,1670.0,789.72,excel_handle_est,42.8,40.2,555.08,0.0,35.37,envio_gratis,OK,,OK
balliu-mesa-exterior-140-18090-cm-e4ec7d7c,SV-ATLANTA-200-260X100-TORTOLA-SKYLINE,Mesa extensible exterior aluminio · HPL · Atlanta,l,1670.0,789.72,excel_handle_est,42.8,40.2,555.08,0.0,35.37,envio_gratis,OK,,OK
balliu-mesa-exterior-140-18090-cm-e4ec7d7c,SV-ATLANTA-200-260X100-TORTOLA-PRADO,Mesa extensible exterior aluminio · HPL · Atlanta,l,1670.0,789.72,excel_handle_est,42.8,40.2,555.08,0.0,35.37,envio_gratis,OK,,OK
balliu-mesa-exterior-140-18090-cm-e4ec7d7c,SV-ATLANTA-200-260X100-ALUMINIO-GRIS,Mesa extensible exterior aluminio · HPL · Atlanta,l,1670.0,789.72,excel_handle_est,42.8,40.2,555.08,0.0,35.37,envio_gratis,OK,,OK
balliu-mesa-exterior-140-18090-cm-e4ec7d7c,SV-ATLANTA-200-260X100-ALUMINIO-BLANCO,Mesa extensible exterior aluminio · HPL · Atlanta,l,1670.0,789.72,excel_handle_est,42.8,40.2,555.08,0.0,35.37,envio_gratis,OK,,OK
balliu-mesa-exterior-140-18090-cm-e4ec7d7c,SV-ATLANTA-200-260X100-ALUMINIO-MOONWALK,Mesa extensible exterior aluminio · HPL · Atlanta,l,1670.0,789.72,excel_handle_est,42.8,40.2,555.08,0.0,35.37,envio_gratis,OK,,OK
balliu-mesa-exterior-140-18090-cm-e4ec7d7c,SV-ATLANTA-200-260X100-ALUMINIO-SKYLINE,Mesa extensible exterior aluminio · HPL · Atlanta,l,1670.0,789.72,excel_handle_est,42.8,40.2,555.08,0.0,35.37,envio_gratis,OK,,OK
balliu-mesa-exterior-140-18090-cm-e4ec7d7c,SV-ATLANTA-200-260X100-ALUMINIO-PRADO,Mesa extensible exterior aluminio · HPL · Atlanta,l,1670.0,789.72,excel_handle_est,42.8,40.2,555.08,0.0,35.37,envio_gratis,OK,,OK
balliu-mesa-exterior-hpl-140-180100-cm-8e073aab,SV-JAVA-140-180X100-BLANCO-GRIS,Mesa extensible exterior aluminio · HPL · Java,l,1575.0,975.21,excel_handle_est,25.1,22.5,293.07,0.0,33.38,envio_gratis,OK,,OK
balliu-mesa-exterior-hpl-140-180100-cm-8e073aab,SV-JAVA-140-180X100-BLANCO-BLANCO,Mesa extensible exterior aluminio · HPL · Java,l,1575.0,975.21,excel_handle_est,25.1,22.5,293.07,0.0,33.38,envio_gratis,OK,,OK
balliu-mesa-exterior-hpl-140-180100-cm-8e073aab,SV-JAVA-140-180X100-BLANCO-MOONWALK,Mesa extensible exterior aluminio · HPL · Java,l,1575.0,975.21,excel_handle_est,25.1,22.5,293.07,0.0,33.38,envio_gratis,OK,,OK
balliu-mesa-exterior-hpl-140-180100-cm-8e073aab,SV-JAVA-140-180X100-BLANCO-SKYLINE,Mesa extensible exterior aluminio · HPL · Java,l,1575.0,975.21,excel_handle_est,25.1,22.5,293.07,0.0,33.38,envio_gratis,OK,,OK
balliu-mesa-exterior-hpl-140-180100-cm-8e073aab,SV-JAVA-140-180X100-BLANCO-PRADO,Mesa extensible exterior aluminio · HPL · Java,l,1575.0,975.21,excel_handle_est,25.1,22.5,293.07,0.0,33.38,envio_gratis,OK,,OK
balliu-mesa-exterior-hpl-140-180100-cm-8e073aab,SV-JAVA-140-180X100-TORTOLA-GRIS,Mesa extensible exterior aluminio · HPL · Java,l,1575.0,975.21,excel_handle_est,25.1,22.5,293.07,0.0,33.38,envio_gratis,OK,,OK
balliu-mesa-exterior-hpl-140-180100-cm-8e073aab,SV-JAVA-140-180X100-TORTOLA-BLANCO,Mesa extensible exterior aluminio · HPL · Java,l,1575.0,975.21,excel_handle_est,25.1,22.5,293.07,0.0,33.38,envio_gratis,OK,,OK
balliu-mesa-exterior-hpl-140-180100-cm-8e073aab,SV-JAVA-140-180X100-TORTOLA-MOONWALK,Mesa extensible exterior aluminio · HPL · Java,l,1575.0,975.21,excel_handle_est,25.1,22.5,293.07,0.0,33.38,envio_gratis,OK,,OK
balliu-mesa-exterior-hpl-140-180100-cm-8e073aab,SV-JAVA-140-180X100-TORTOLA-SKYLINE,Mesa extensible exterior aluminio · HPL · Java,l,1575.0,975.21,excel_handle_est,25.1,22.5,293.07,0.0,33.38,envio_gratis,OK,,OK
balliu-mesa-exterior-hpl-140-180100-cm-8e073aab,SV-JAVA-140-180X100-TORTOLA-PRADO,Mesa extensible exterior aluminio · HPL · Java,l,1575.0,975.21,excel_handle_est,25.1,22.5,293.07,0.0,33.38,envio_gratis,OK,,OK
balliu-mesa-exterior-hpl-140-180100-cm-8e073aab,SV-JAVA-140-180X100-ALUMINIO-GRIS,Mesa extensible exterior aluminio · HPL · Java,l,1575.0,975.21,excel_handle_est,25.1,22.5,293.07,0.0,33.38,envio_gratis,OK,,OK
balliu-mesa-exterior-hpl-140-180100-cm-8e073aab,SV-JAVA-140-180X100-ALUMINIO-BLANCO,Mesa extensible exterior aluminio · HPL · Java,l,1575.0,975.21,excel_handle_est,25.1,22.5,293.07,0.0,33.38,envio_gratis,OK,,OK
balliu-mesa-exterior-hpl-140-180100-cm-8e073aab,SV-JAVA-140-180X100-ALUMINIO-MOONWALK,Mesa extensible exterior aluminio · HPL · Java,l,1575.0,975.21,excel_handle_est,25.1,22.5,293.07,0.0,33.38,envio_gratis,OK,,OK
balliu-mesa-exterior-hpl-140-180100-cm-8e073aab,SV-JAVA-140-180X100-ALUMINIO-SKYLINE,Mesa extensible exterior aluminio · HPL · Java,l,1575.0,975.21,excel_handle_est,25.1,22.5,293.07,0.0,33.38,envio_gratis,OK,,OK
balliu-mesa-exterior-hpl-140-180100-cm-8e073aab,SV-JAVA-140-180X100-ALUMINIO-PRADO,Mesa extensible exterior aluminio · HPL · Java,l,1575.0,975.21,excel_handle_est,25.1,22.5,293.07,0.0,33.38,envio_gratis,OK,,OK
balliu-mesa-exterior-hpl-140-180100-cm-8e073aab,SV-JAVA-200-260X100-BLANCO-GRIS,Mesa extensible exterior aluminio · HPL · Java,l,2019.0,975.21,excel_handle_est,41.6,39.0,650.69,0.0,42.7,envio_gratis,OK,,OK
balliu-mesa-exterior-hpl-140-180100-cm-8e073aab,SV-JAVA-200-260X100-BLANCO-BLANCO,Mesa extensible exterior aluminio · HPL · Java,l,2019.0,975.21,excel_handle_est,41.6,39.0,650.69,0.0,42.7,envio_gratis,OK,,OK
balliu-mesa-exterior-hpl-140-180100-cm-8e073aab,SV-JAVA-200-260X100-BLANCO-MOONWALK,Mesa extensible exterior aluminio · HPL · Java,l,2019.0,975.21,excel_handle_est,41.6,39.0,650.69,0.0,42.7,envio_gratis,OK,,OK
balliu-mesa-exterior-hpl-140-180100-cm-8e073aab,SV-JAVA-200-260X100-BLANCO-SKYLINE,Mesa extensible exterior aluminio · HPL · Java,l,2019.0,975.21,excel_handle_est,41.6,39.0,650.69,0.0,42.7,envio_gratis,OK,,OK
balliu-mesa-exterior-hpl-140-180100-cm-8e073aab,SV-JAVA-200-260X100-BLANCO-PRADO,Mesa extensible exterior aluminio · HPL · Java,l,2019.0,975.21,excel_handle_est,41.6,39.0,650.69,0.0,42.7,envio_gratis,OK,,OK
balliu-mesa-exterior-hpl-140-180100-cm-8e073aab,SV-JAVA-200-260X100-TORTOLA-GRIS,Mesa extensible exterior aluminio · HPL · Java,l,2019.0,975.21,excel_handle_est,41.6,39.0,650.69,0.0,42.7,envio_gratis,OK,,OK
balliu-mesa-exterior-hpl-140-180100-cm-8e073aab,SV-JAVA-200-260X100-TORTOLA-BLANCO,Mesa extensible exterior aluminio · HPL · Java,l,2019.0,975.21,excel_handle_est,41.6,39.0,650.69,0.0,42.7,envio_gratis,OK,,OK
balliu-mesa-exterior-hpl-140-180100-cm-8e073aab,SV-JAVA-200-260X100-TORTOLA-MOONWALK,Mesa extensible exterior aluminio · HPL · Java,l,2019.0,975.21,excel_handle_est,41.6,39.0,650.69,0.0,42.7,envio_gratis,OK,,OK
balliu-mesa-exterior-hpl-140-180100-cm-8e073aab,SV-JAVA-200-260X100-TORTOLA-SKYLINE,Mesa extensible exterior aluminio · HPL · Java,l,2019.0,975.21,excel_handle_est,41.6,39.0,650.69,0.0,42.7,envio_gratis,OK,,OK
balliu-mesa-exterior-hpl-140-180100-cm-8e073aab,SV-JAVA-200-260X100-TORTOLA-PRADO,Mesa extensible exterior aluminio · HPL · Java,l,2019.0,975.21,excel_handle_est,41.6,39.0,650.69,0.0,42.7,envio_gratis,OK,,OK
balliu-mesa-exterior-hpl-140-180100-cm-8e073aab,SV-JAVA-200-260X100-ALUMINIO-GRIS,Mesa extensible exterior aluminio · HPL · Java,l,2019.0,975.21,excel_handle_est,41.6,39.0,650.69,0.0,42.7,envio_gratis,OK,,OK
balliu-mesa-exterior-hpl-140-180100-cm-8e073aab,SV-JAVA-200-260X100-ALUMINIO-BLANCO,Mesa extensible exterior aluminio · HPL · Java,l,2019.0,975.21,excel_handle_est,41.6,39.0,650.69,0.0,42.7,envio_gratis,OK,,OK
balliu-mesa-exterior-hpl-140-180100-cm-8e073aab,SV-JAVA-200-260X100-ALUMINIO-MOONWALK,Mesa extensible exterior aluminio · HPL · Java,l,2019.0,975.21,excel_handle_est,41.6,39.0,650.69,0.0,42.7,envio_gratis,OK,,OK
balliu-mesa-exterior-hpl-140-180100-cm-8e073aab,SV-JAVA-200-260X100-ALUMINIO-SKYLINE,Mesa extensible exterior aluminio · HPL · Java,l,2019.0,975.21,excel_handle_est,41.6,39.0,650.69,0.0,42.7,envio_gratis,OK,,OK
balliu-mesa-exterior-hpl-140-180100-cm-8e073aab,SV-JAVA-200-260X100-ALUMINIO-PRADO,Mesa extensible exterior aluminio · HPL · Java,l,2019.0,975.21,excel_handle_est,41.6,39.0,650.69,0.0,42.7,envio_gratis,OK,,OK
balliu-mesa-exterior-aluminio-7070-cm-724b0db0,SV-CAPRI-D70-BLANCO-GRIS,Mesa exterior aluminio · HPL · Capri,m,349.95,273.25,excel_handle_est,5.5,13.2,38.27,0.0,7.65,cliente_paga,AVISO,coste_estimado,OK
balliu-mesa-exterior-aluminio-7070-cm-724b0db0,SV-CAPRI-D70-BLANCO-BLANCO,Mesa exterior aluminio · HPL · Capri,m,349.95,273.25,excel_handle_est,5.5,13.2,38.27,0.0,7.65,cliente_paga,AVISO,coste_estimado,OK
balliu-mesa-exterior-aluminio-7070-cm-724b0db0,SV-CAPRI-D70-BLANCO-MOONWALK,Mesa exterior aluminio · HPL · Capri,m,349.95,273.25,excel_handle_est,5.5,13.2,38.27,0.0,7.65,cliente_paga,AVISO,coste_estimado,OK
balliu-mesa-exterior-aluminio-7070-cm-724b0db0,SV-CAPRI-D70-BLANCO-SKYLINE,Mesa exterior aluminio · HPL · Capri,m,349.95,273.25,excel_handle_est,5.5,13.2,38.27,0.0,7.65,cliente_paga,AVISO,coste_estimado,OK
balliu-mesa-exterior-aluminio-7070-cm-724b0db0,SV-CAPRI-D70-BLANCO-PRADO,Mesa exterior aluminio · HPL · Capri,m,349.95,273.25,excel_handle_est,5.5,13.2,38.27,0.0,7.65,cliente_paga,AVISO,coste_estimado,OK
balliu-mesa-exterior-aluminio-7070-cm-724b0db0,SV-CAPRI-D70-TORTOLA-GRIS,Mesa exterior aluminio · HPL · Capri,m,349.95,273.25,excel_handle_est,5.5,13.2,38.27,0.0,7.65,cliente_paga,AVISO,coste_estimado,OK
balliu-mesa-exterior-aluminio-7070-cm-724b0db0,SV-CAPRI-D70-TORTOLA-BLANCO,Mesa exterior aluminio · HPL · Capri,m,349.95,273.25,excel_handle_est,5.5,13.2,38.27,0.0,7.65,cliente_paga,AVISO,coste_estimado,OK
balliu-mesa-exterior-aluminio-7070-cm-724b0db0,SV-CAPRI-D70-TORTOLA-MOONWALK,Mesa exterior aluminio · HPL · Capri,m,349.95,273.25,excel_handle_est,5.5,13.2,38.27,0.0,7.65,cliente_paga,AVISO,coste_estimado,OK
balliu-mesa-exterior-aluminio-7070-cm-724b0db0,SV-CAPRI-D70-TORTOLA-SKYLINE,Mesa exterior aluminio · HPL · Capri,m,349.95,273.25,excel_handle_est,5.5,13.2,38.27,0.0,7.65,cliente_paga,AVISO,coste_estimado,OK
balliu-mesa-exterior-aluminio-7070-cm-724b0db0,SV-CAPRI-D70-TORTOLA-PRADO,Mesa exterior aluminio · HPL · Capri,m,349.95,273.25,excel_handle_est,5.5,13.2,38.27,0.0,7.65,cliente_paga,AVISO,coste_estimado,OK
balliu-mesa-exterior-aluminio-7070-cm-724b0db0,SV-CAPRI-D70-ALUMINIO-GRIS,Mesa exterior aluminio · HPL · Capri,m,349.95,273.25,excel_handle_est,5.5,13.2,38.27,0.0,7.65,cliente_paga,AVISO,coste_estimado,OK
balliu-mesa-exterior-aluminio-7070-cm-724b0db0,SV-CAPRI-D70-ALUMINIO-BLANCO,Mesa exterior aluminio · HPL · Capri,m,349.95,273.25,excel_handle_est,5.5,13.2,38.27,0.0,7.65,cliente_paga,AVISO,coste_estimado,OK
balliu-mesa-exterior-aluminio-7070-cm-724b0db0,SV-CAPRI-D70-ALUMINIO-MOONWALK,Mesa exterior aluminio · HPL · Capri,m,349.95,273.25,excel_handle_est,5.5,13.2,38.27,0.0,7.65,cliente_paga,AVISO,coste_estimado,OK
balliu-mesa-exterior-aluminio-7070-cm-724b0db0,SV-CAPRI-D70-ALUMINIO-SKYLINE,Mesa exterior aluminio · HPL · Capri,m,349.95,273.25,excel_handle_est,5.5,13.2,38.27,0.0,7.65,cliente_paga,AVISO,coste_estimado,OK
balliu-mesa-exterior-aluminio-7070-cm-724b0db0,SV-CAPRI-D70-ALUMINIO-PRADO,Mesa exterior aluminio · HPL · Capri,m,349.95,273.25,excel_handle_est,5.5,13.2,38.27,0.0,7.65,cliente_paga,AVISO,coste_estimado,OK
balliu-mesa-exterior-aluminio-7070-cm-724b0db0,SV-CAPRI-D80-BLANCO-GRIS,Mesa exterior aluminio · HPL · Capri,m,387.95,273.25,excel_handle_est,14.8,21.5,68.88,0.0,8.45,cliente_paga,OK,coste_estimado,OK
balliu-mesa-exterior-aluminio-7070-cm-724b0db0,SV-CAPRI-D80-BLANCO-BLANCO,Mesa exterior aluminio · HPL · Capri,m,387.95,273.25,excel_handle_est,14.8,21.5,68.88,0.0,8.45,cliente_paga,OK,coste_estimado,OK
balliu-mesa-exterior-aluminio-7070-cm-724b0db0,SV-CAPRI-D80-BLANCO-MOONWALK,Mesa exterior aluminio · HPL · Capri,m,387.95,273.25,excel_handle_est,14.8,21.5,68.88,0.0,8.45,cliente_paga,OK,coste_estimado,OK
balliu-mesa-exterior-aluminio-7070-cm-724b0db0,SV-CAPRI-D80-BLANCO-SKYLINE,Mesa exterior aluminio · HPL · Capri,m,387.95,273.25,excel_handle_est,14.8,21.5,68.88,0.0,8.45,cliente_paga,OK,coste_estimado,OK
balliu-mesa-exterior-aluminio-7070-cm-724b0db0,SV-CAPRI-D80-BLANCO-PRADO,Mesa exterior aluminio · HPL · Capri,m,387.95,273.25,excel_handle_est,14.8,21.5,68.88,0.0,8.45,cliente_paga,OK,coste_estimado,OK
balliu-mesa-exterior-aluminio-7070-cm-724b0db0,SV-CAPRI-D80-TORTOLA-GRIS,Mesa exterior aluminio · HPL · Capri,m,387.95,273.25,excel_handle_est,14.8,21.5,68.88,0.0,8.45,cliente_paga,OK,coste_estimado,OK
balliu-mesa-exterior-aluminio-7070-cm-724b0db0,SV-CAPRI-D80-TORTOLA-BLANCO,Mesa exterior aluminio · HPL · Capri,m,387.95,273.25,excel_handle_est,14.8,21.5,68.88,0.0,8.45,cliente_paga,OK,coste_estimado,OK
balliu-mesa-exterior-aluminio-7070-cm-724b0db0,SV-CAPRI-D80-TORTOLA-MOONWALK,Mesa exterior aluminio · HPL · Capri,m,387.95,273.25,excel_handle_est,14.8,21.5,68.88,0.0,8.45,cliente_paga,OK,coste_estimado,OK
balliu-mesa-exterior-aluminio-7070-cm-724b0db0,SV-CAPRI-D80-TORTOLA-SKYLINE,Mesa exterior aluminio · HPL · Capri,m,387.95,273.25,excel_handle_est,14.8,21.5,68.88,0.0,8.45,cliente_paga,OK,coste_estimado,OK
balliu-mesa-exterior-aluminio-7070-cm-724b0db0,SV-CAPRI-D80-TORTOLA-PRADO,Mesa exterior aluminio · HPL · Capri,m,387.95,273.25,excel_handle_est,14.8,21.5,68.88,0.0,8.45,cliente_paga,OK,coste_estimado,OK
balliu-mesa-exterior-aluminio-7070-cm-724b0db0,SV-CAPRI-D80-ALUMINIO-GRIS,Mesa exterior aluminio · HPL · Capri,m,387.95,273.25,excel_handle_est,14.8,21.5,68.88,0.0,8.45,cliente_paga,OK,coste_estimado,OK
balliu-mesa-exterior-aluminio-7070-cm-724b0db0,SV-CAPRI-D80-ALUMINIO-BLANCO,Mesa exterior aluminio · HPL · Capri,m,387.95,273.25,excel_handle_est,14.8,21.5,68.88,0.0,8.45,cliente_paga,OK,coste_estimado,OK
balliu-mesa-exterior-aluminio-7070-cm-724b0db0,SV-CAPRI-D80-ALUMINIO-MOONWALK,Mesa exterior aluminio · HPL · Capri,m,387.95,273.25,excel_handle_est,14.8,21.5,68.88,0.0,8.45,cliente_paga,OK,coste_estimado,OK
balliu-mesa-exterior-aluminio-7070-cm-724b0db0,SV-CAPRI-D80-ALUMINIO-SKYLINE,Mesa exterior aluminio · HPL · Capri,m,387.95,273.25,excel_handle_est,14.8,21.5,68.88,0.0,8.45,cliente_paga,OK,coste_estimado,OK
balliu-mesa-exterior-aluminio-7070-cm-724b0db0,SV-CAPRI-D80-ALUMINIO-PRADO,Mesa exterior aluminio · HPL · Capri,m,387.95,273.25,excel_handle_est,14.8,21.5,68.88,0.0,8.45,cliente_paga,OK,coste_estimado,OK
balliu-mesa-exterior-aluminio-7070-cm-724b0db0,SV-CAPRI-D90-BLANCO-GRIS,Mesa exterior aluminio · HPL · Capri,m,389.95,273.25,excel_handle_est,15.2,21.9,70.49,0.0,8.49,cliente_paga,OK,coste_estimado,OK
balliu-mesa-exterior-aluminio-7070-cm-724b0db0,SV-CAPRI-D90-BLANCO-BLANCO,Mesa exterior aluminio · HPL · Capri,m,389.95,273.25,excel_handle_est,15.2,21.9,70.49,0.0,8.49,cliente_paga,OK,coste_estimado,OK
balliu-mesa-exterior-aluminio-7070-cm-724b0db0,SV-CAPRI-D90-BLANCO-MOONWALK,Mesa exterior aluminio · HPL · Capri,m,389.95,273.25,excel_handle_est,15.2,21.9,70.49,0.0,8.49,cliente_paga,OK,coste_estimado,OK
balliu-mesa-exterior-aluminio-7070-cm-724b0db0,SV-CAPRI-D90-BLANCO-SKYLINE,Mesa exterior aluminio · HPL · Capri,m,389.95,273.25,excel_handle_est,15.2,21.9,70.49,0.0,8.49,cliente_paga,OK,coste_estimado,OK
balliu-mesa-exterior-aluminio-7070-cm-724b0db0,SV-CAPRI-D90-BLANCO-PRADO,Mesa exterior aluminio · HPL · Capri,m,389.95,273.25,excel_handle_est,15.2,21.9,70.49,0.0,8.49,cliente_paga,OK,coste_estimado,OK
balliu-mesa-exterior-aluminio-7070-cm-724b0db0,SV-CAPRI-D90-TORTOLA-GRIS,Mesa exterior aluminio · HPL · Capri,m,389.95,273.25,excel_handle_est,15.2,21.9,70.49,0.0,8.49,cliente_paga,OK,coste_estimado,OK
balliu-mesa-exterior-aluminio-7070-cm-724b0db0,SV-CAPRI-D90-TORTOLA-BLANCO,Mesa exterior aluminio · HPL · Capri,m,389.95,273.25,excel_handle_est,15.2,21.9,70.49,0.0,8.49,cliente_paga,OK,coste_estimado,OK
balliu-mesa-exterior-aluminio-7070-cm-724b0db0,SV-CAPRI-D90-TORTOLA-MOONWALK,Mesa exterior aluminio · HPL · Capri,m,389.95,273.25,excel_handle_est,15.2,21.9,70.49,0.0,8.49,cliente_paga,OK,coste_estimado,OK
balliu-mesa-exterior-aluminio-7070-cm-724b0db0,SV-CAPRI-D90-TORTOLA-SKYLINE,Mesa exterior aluminio · HPL · Capri,m,389.95,273.25,excel_handle_est,15.2,21.9,70.49,0.0,8.49,cliente_paga,OK,coste_estimado,OK
balliu-mesa-exterior-aluminio-7070-cm-724b0db0,SV-CAPRI-D90-TORTOLA-PRADO,Mesa exterior aluminio · HPL · Capri,m,389.95,273.25,excel_handle_est,15.2,21.9,70.49,0.0,8.49,cliente_paga,OK,coste_estimado,OK
balliu-mesa-exterior-aluminio-7070-cm-724b0db0,SV-CAPRI-D90-ALUMINIO-GRIS,Mesa exterior aluminio · HPL · Capri,m,389.95,273.25,excel_handle_est,15.2,21.9,70.49,0.0,8.49,cliente_paga,OK,coste_estimado,OK
balliu-mesa-exterior-aluminio-7070-cm-724b0db0,SV-CAPRI-D90-ALUMINIO-BLANCO,Mesa exterior aluminio · HPL · Capri,m,389.95,273.25,excel_handle_est,15.2,21.9,70.49,0.0,8.49,cliente_paga,OK,coste_estimado,OK
balliu-mesa-exterior-aluminio-7070-cm-724b0db0,SV-CAPRI-D90-ALUMINIO-MOONWALK,Mesa exterior aluminio · HPL · Capri,m,389.95,273.25,excel_handle_est,15.2,21.9,70.49,0.0,8.49,cliente_paga,OK,coste_estimado,OK
balliu-mesa-exterior-aluminio-7070-cm-724b0db0,SV-CAPRI-D90-ALUMINIO-SKYLINE,Mesa exterior aluminio · HPL · Capri,m,389.95,273.25,excel_handle_est,15.2,21.9,70.49,0.0,8.49,cliente_paga,OK,coste_estimado,OK
balliu-mesa-exterior-aluminio-7070-cm-724b0db0,SV-CAPRI-D90-ALUMINIO-PRADO,Mesa exterior aluminio · HPL · Capri,m,389.95,273.25,excel_handle_est,15.2,21.9,70.49,0.0,8.49,cliente_paga,OK,coste_estimado,OK
balliu-mesa-exterior-aluminio-7070-cm-724b0db0,SV-CAPRI-70X70-BLANCO-GRIS,Mesa exterior aluminio · HPL · Capri,m,378.95,273.25,excel_handle_est,12.8,19.7,61.63,0.0,8.26,cliente_paga,AVISO,coste_estimado,OK
balliu-mesa-exterior-aluminio-7070-cm-724b0db0,SV-CAPRI-70X70-BLANCO-BLANCO,Mesa exterior aluminio · HPL · Capri,m,378.95,273.25,excel_handle_est,12.8,19.7,61.63,0.0,8.26,cliente_paga,AVISO,coste_estimado,OK
balliu-mesa-exterior-aluminio-7070-cm-724b0db0,SV-CAPRI-70X70-BLANCO-MOONWALK,Mesa exterior aluminio · HPL · Capri,m,378.95,273.25,excel_handle_est,12.8,19.7,61.63,0.0,8.26,cliente_paga,AVISO,coste_estimado,OK
balliu-mesa-exterior-aluminio-7070-cm-724b0db0,SV-CAPRI-70X70-BLANCO-SKYLINE,Mesa exterior aluminio · HPL · Capri,m,378.95,273.25,excel_handle_est,12.8,19.7,61.63,0.0,8.26,cliente_paga,AVISO,coste_estimado,OK
balliu-mesa-exterior-aluminio-7070-cm-724b0db0,SV-CAPRI-70X70-BLANCO-PRADO,Mesa exterior aluminio · HPL · Capri,m,378.95,273.25,excel_handle_est,12.8,19.7,61.63,0.0,8.26,cliente_paga,AVISO,coste_estimado,OK
balliu-mesa-exterior-aluminio-7070-cm-724b0db0,SV-CAPRI-70X70-TORTOLA-GRIS,Mesa exterior aluminio · HPL · Capri,m,378.95,273.25,excel_handle_est,12.8,19.7,61.63,0.0,8.26,cliente_paga,AVISO,coste_estimado,OK
balliu-mesa-exterior-aluminio-7070-cm-724b0db0,SV-CAPRI-70X70-TORTOLA-BLANCO,Mesa exterior aluminio · HPL · Capri,m,378.95,273.25,excel_handle_est,12.8,19.7,61.63,0.0,8.26,cliente_paga,AVISO,coste_estimado,OK
balliu-mesa-exterior-aluminio-7070-cm-724b0db0,SV-CAPRI-70X70-TORTOLA-MOONWALK,Mesa exterior aluminio · HPL · Capri,m,378.95,273.25,excel_handle_est,12.8,19.7,61.63,0.0,8.26,cliente_paga,AVISO,coste_estimado,OK
balliu-mesa-exterior-aluminio-7070-cm-724b0db0,SV-CAPRI-70X70-TORTOLA-SKYLINE,Mesa exterior aluminio · HPL · Capri,m,378.95,273.25,excel_handle_est,12.8,19.7,61.63,0.0,8.26,cliente_paga,AVISO,coste_estimado,OK
balliu-mesa-exterior-aluminio-7070-cm-724b0db0,SV-CAPRI-70X70-TORTOLA-PRADO,Mesa exterior aluminio · HPL · Capri,m,378.95,273.25,excel_handle_est,12.8,19.7,61.63,0.0,8.26,cliente_paga,AVISO,coste_estimado,OK
balliu-mesa-exterior-aluminio-7070-cm-724b0db0,SV-CAPRI-70X70-ALUMINIO-GRIS,Mesa exterior aluminio · HPL · Capri,m,378.95,273.25,excel_handle_est,12.8,19.7,61.63,0.0,8.26,cliente_paga,AVISO,coste_estimado,OK
balliu-mesa-exterior-aluminio-7070-cm-724b0db0,SV-CAPRI-70X70-ALUMINIO-BLANCO,Mesa exterior aluminio · HPL · Capri,m,378.95,273.25,excel_handle_est,12.8,19.7,61.63,0.0,8.26,cliente_paga,AVISO,coste_estimado,OK
balliu-mesa-exterior-aluminio-7070-cm-724b0db0,SV-CAPRI-70X70-ALUMINIO-MOONWALK,Mesa exterior aluminio · HPL · Capri,m,378.95,273.25,excel_handle_est,12.8,19.7,61.63,0.0,8.26,cliente_paga,AVISO,coste_estimado,OK
balliu-mesa-exterior-aluminio-7070-cm-724b0db0,SV-CAPRI-70X70-ALUMINIO-SKYLINE,Mesa exterior aluminio · HPL · Capri,m,378.95,273.25,excel_handle_est,12.8,19.7,61.63,0.0,8.26,cliente_paga,AVISO,coste_estimado,OK
balliu-mesa-exterior-aluminio-7070-cm-724b0db0,SV-CAPRI-70X70-ALUMINIO-PRADO,Mesa exterior aluminio · HPL · Capri,m,378.95,273.25,excel_handle_est,12.8,19.7,61.63,0.0,8.26,cliente_paga,AVISO,coste_estimado,OK
balliu-mesa-exterior-aluminio-7070-cm-724b0db0,SV-CAPRI-80X80-BLANCO-GRIS,Mesa exterior aluminio · HPL · Capri,m,399.9,273.25,excel_handle_est,17.3,23.8,78.5,0.0,8.7,cliente_paga,OK,coste_estimado,OK
balliu-mesa-exterior-aluminio-7070-cm-724b0db0,SV-CAPRI-80X80-BLANCO-BLANCO,Mesa exterior aluminio · HPL · Capri,m,399.9,273.25,excel_handle_est,17.3,23.8,78.5,0.0,8.7,cliente_paga,OK,coste_estimado,OK
balliu-mesa-exterior-aluminio-7070-cm-724b0db0,SV-CAPRI-80X80-BLANCO-MOONWALK,Mesa exterior aluminio · HPL · Capri,m,399.9,273.25,excel_handle_est,17.3,23.8,78.5,0.0,8.7,cliente_paga,OK,coste_estimado,OK
balliu-mesa-exterior-aluminio-7070-cm-724b0db0,SV-CAPRI-80X80-BLANCO-SKYLINE,Mesa exterior aluminio · HPL · Capri,m,399.9,273.25,excel_handle_est,17.3,23.8,78.5,0.0,8.7,cliente_paga,OK,coste_estimado,OK
balliu-mesa-exterior-aluminio-7070-cm-724b0db0,SV-CAPRI-80X80-BLANCO-PRADO,Mesa exterior aluminio · HPL · Capri,m,399.9,273.25,excel_handle_est,17.3,23.8,78.5,0.0,8.7,cliente_paga,OK,coste_estimado,OK
balliu-mesa-exterior-aluminio-7070-cm-724b0db0,SV-CAPRI-80X80-TORTOLA-GRIS,Mesa exterior aluminio · HPL · Capri,m,399.9,273.25,excel_handle_est,17.3,23.8,78.5,0.0,8.7,cliente_paga,OK,coste_estimado,OK
balliu-mesa-exterior-aluminio-7070-cm-724b0db0,SV-CAPRI-80X80-TORTOLA-BLANCO,Mesa exterior aluminio · HPL · Capri,m,399.9,273.25,excel_handle_est,17.3,23.8,78.5,0.0,8.7,cliente_paga,OK,coste_estimado,OK
balliu-mesa-exterior-aluminio-7070-cm-724b0db0,SV-CAPRI-80X80-TORTOLA-MOONWALK,Mesa exterior aluminio · HPL · Capri,m,399.9,273.25,excel_handle_est,17.3,23.8,78.5,0.0,8.7,cliente_paga,OK,coste_estimado,OK
balliu-mesa-exterior-aluminio-7070-cm-724b0db0,SV-CAPRI-80X80-TORTOLA-SKYLINE,Mesa exterior aluminio · HPL · Capri,m,399.9,273.25,excel_handle_est,17.3,23.8,78.5,0.0,8.7,cliente_paga,OK,coste_estimado,OK
balliu-mesa-exterior-aluminio-7070-cm-724b0db0,SV-CAPRI-80X80-TORTOLA-PRADO,Mesa exterior aluminio · HPL · Capri,m,399.9,273.25,excel_handle_est,17.3,23.8,78.5,0.0,8.7,cliente_paga,OK,coste_estimado,OK
balliu-mesa-exterior-aluminio-7070-cm-724b0db0,SV-CAPRI-80X80-ALUMINIO-GRIS,Mesa exterior aluminio · HPL · Capri,m,399.9,273.25,excel_handle_est,17.3,23.8,78.5,0.0,8.7,cliente_paga,OK,coste_estimado,OK
balliu-mesa-exterior-aluminio-7070-cm-724b0db0,SV-CAPRI-80X80-ALUMINIO-BLANCO,Mesa exterior aluminio · HPL · Capri,m,399.9,273.25,excel_handle_est,17.3,23.8,78.5,0.0,8.7,cliente_paga,OK,coste_estimado,OK
balliu-mesa-exterior-aluminio-7070-cm-724b0db0,SV-CAPRI-80X80-ALUMINIO-MOONWALK,Mesa exterior aluminio · HPL · Capri,m,399.9,273.25,excel_handle_est,17.3,23.8,78.5,0.0,8.7,cliente_paga,OK,coste_estimado,OK
balliu-mesa-exterior-aluminio-7070-cm-724b0db0,SV-CAPRI-80X80-ALUMINIO-SKYLINE,Mesa exterior aluminio · HPL · Capri,m,399.9,273.25,excel_handle_est,17.3,23.8,78.5,0.0,8.7,cliente_paga,OK,coste_estimado,OK
balliu-mesa-exterior-aluminio-7070-cm-724b0db0,SV-CAPRI-80X80-ALUMINIO-PRADO,Mesa exterior aluminio · HPL · Capri,m,399.9,273.25,excel_handle_est,17.3,23.8,78.5,0.0,8.7,cliente_paga,OK,coste_estimado,OK
balliu-mesa-alta-exterior-hpl-94512eab,SV-MESAALTA-60-HPL,Mesa alta exterior · aluminio HPL 110 cm,l,449.9,283.88,excel_handle_est,23.7,36.6,136.14,0.0,9.75,cliente_paga,OK,,OK
balliu-mesa-alta-exterior-hpl-94512eab,SV-MESAALTA-70-HPL,Mesa alta exterior · aluminio HPL 110 cm,l,529.0,283.88,excel_handle_est,35.1,32.5,141.9,0.0,11.41,envio_gratis,OK,,OK
balliu-mesa-exterior-aluminio-7070-cm-1b61e6b6,SV-ALTEA-70X70-BLANCO-GRIS,Mesa exterior aluminio · HPL · Altea,m,421.95,258.36,excel_handle_est,25.9,31.9,111.15,0.0,9.16,cliente_paga,OK,,OK
balliu-mesa-exterior-aluminio-7070-cm-1b61e6b6,SV-ALTEA-70X70-BLANCO-BLANCO,Mesa exterior aluminio · HPL · Altea,m,421.95,258.36,excel_handle_est,25.9,31.9,111.15,0.0,9.16,cliente_paga,OK,,OK
balliu-mesa-exterior-aluminio-7070-cm-1b61e6b6,SV-ALTEA-70X70-BLANCO-MOONWALK,Mesa exterior aluminio · HPL · Altea,m,421.95,258.36,excel_handle_est,25.9,31.9,111.15,0.0,9.16,cliente_paga,OK,,OK
balliu-mesa-exterior-aluminio-7070-cm-1b61e6b6,SV-ALTEA-70X70-BLANCO-SKYLINE,Mesa exterior aluminio · HPL · Altea,m,421.95,258.36,excel_handle_est,25.9,31.9,111.15,0.0,9.16,cliente_paga,OK,,OK
balliu-mesa-exterior-aluminio-7070-cm-1b61e6b6,SV-ALTEA-70X70-BLANCO-PRADO,Mesa exterior aluminio · HPL · Altea,m,421.95,258.36,excel_handle_est,25.9,31.9,111.15,0.0,9.16,cliente_paga,OK,,OK
balliu-mesa-exterior-aluminio-7070-cm-1b61e6b6,SV-ALTEA-70X70-TORTOLA-GRIS,Mesa exterior aluminio · HPL · Altea,m,421.95,258.36,excel_handle_est,25.9,31.9,111.15,0.0,9.16,cliente_paga,OK,,OK
balliu-mesa-exterior-aluminio-7070-cm-1b61e6b6,SV-ALTEA-70X70-TORTOLA-BLANCO,Mesa exterior aluminio · HPL · Altea,m,421.95,258.36,excel_handle_est,25.9,31.9,111.15,0.0,9.16,cliente_paga,OK,,OK
balliu-mesa-exterior-aluminio-7070-cm-1b61e6b6,SV-ALTEA-70X70-TORTOLA-MOONWALK,Mesa exterior aluminio · HPL · Altea,m,421.95,258.36,excel_handle_est,25.9,31.9,111.15,0.0,9.16,cliente_paga,OK,,OK
balliu-mesa-exterior-aluminio-7070-cm-1b61e6b6,SV-ALTEA-70X70-TORTOLA-SKYLINE,Mesa exterior aluminio · HPL · Altea,m,421.95,258.36,excel_handle_est,25.9,31.9,111.15,0.0,9.16,cliente_paga,OK,,OK
balliu-mesa-exterior-aluminio-7070-cm-1b61e6b6,SV-ALTEA-70X70-TORTOLA-PRADO,Mesa exterior aluminio · HPL · Altea,m,421.95,258.36,excel_handle_est,25.9,31.9,111.15,0.0,9.16,cliente_paga,OK,,OK
balliu-mesa-exterior-aluminio-7070-cm-1b61e6b6,SV-ALTEA-80X80-BLANCO-GRIS,Mesa exterior aluminio · HPL · Altea,m,422.95,258.36,excel_handle_est,26.1,32.0,111.95,0.0,9.18,cliente_paga,OK,,OK
balliu-mesa-exterior-aluminio-7070-cm-1b61e6b6,SV-ALTEA-80X80-BLANCO-BLANCO,Mesa exterior aluminio · HPL · Altea,m,422.95,258.36,excel_handle_est,26.1,32.0,111.95,0.0,9.18,cliente_paga,OK,,OK
balliu-mesa-exterior-aluminio-7070-cm-1b61e6b6,SV-ALTEA-80X80-BLANCO-MOONWALK,Mesa exterior aluminio · HPL · Altea,m,422.95,258.36,excel_handle_est,26.1,32.0,111.95,0.0,9.18,cliente_paga,OK,,OK
balliu-mesa-exterior-aluminio-7070-cm-1b61e6b6,SV-ALTEA-80X80-BLANCO-SKYLINE,Mesa exterior aluminio · HPL · Altea,m,422.95,258.36,excel_handle_est,26.1,32.0,111.95,0.0,9.18,cliente_paga,OK,,OK
balliu-mesa-exterior-aluminio-7070-cm-1b61e6b6,SV-ALTEA-80X80-BLANCO-PRADO,Mesa exterior aluminio · HPL · Altea,m,422.95,258.36,excel_handle_est,26.1,32.0,111.95,0.0,9.18,cliente_paga,OK,,OK
balliu-mesa-exterior-aluminio-7070-cm-1b61e6b6,SV-ALTEA-80X80-TORTOLA-GRIS,Mesa exterior aluminio · HPL · Altea,m,422.95,258.36,excel_handle_est,26.1,32.0,111.95,0.0,9.18,cliente_paga,OK,,OK
balliu-mesa-exterior-aluminio-7070-cm-1b61e6b6,SV-ALTEA-80X80-TORTOLA-BLANCO,Mesa exterior aluminio · HPL · Altea,m,422.95,258.36,excel_handle_est,26.1,32.0,111.95,0.0,9.18,cliente_paga,OK,,OK
balliu-mesa-exterior-aluminio-7070-cm-1b61e6b6,SV-ALTEA-80X80-TORTOLA-MOONWALK,Mesa exterior aluminio · HPL · Altea,m,422.95,258.36,excel_handle_est,26.1,32.0,111.95,0.0,9.18,cliente_paga,OK,,OK
balliu-mesa-exterior-aluminio-7070-cm-1b61e6b6,SV-ALTEA-80X80-TORTOLA-SKYLINE,Mesa exterior aluminio · HPL · Altea,m,422.95,258.36,excel_handle_est,26.1,32.0,111.95,0.0,9.18,cliente_paga,OK,,OK
balliu-mesa-exterior-aluminio-7070-cm-1b61e6b6,SV-ALTEA-80X80-TORTOLA-PRADO,Mesa exterior aluminio · HPL · Altea,m,422.95,258.36,excel_handle_est,26.1,32.0,111.95,0.0,9.18,cliente_paga,OK,,OK
balliu-mesa-exterior-aluminio-75-cm-dd745448,SV-AGATA-BLANCO,Mesa exterior aluminio · 75×75 cm · Ágata,m,347.95,186.62,excel_handle_est,35.1,42.9,123.29,0.0,7.61,cliente_paga,OK,,OK
balliu-mesa-exterior-aluminio-75-cm-dd745448,SV-AGATA-ALUMINIO,Mesa exterior aluminio · 75×75 cm · Ágata,m,347.95,186.62,excel_handle_est,35.1,42.9,123.29,0.0,7.61,cliente_paga,OK,,OK
balliu-mesa-exterior-aluminio-72-cm-72514f40,SV-NORA-BLANCO,Mesa exterior aluminio · 72×72 cm · Nora,m,224.95,120.39,excel_handle_est,35.2,48.7,90.45,0.0,5.02,cliente_paga,OK,,OK
balliu-mesa-exterior-aluminio-72-cm-72514f40,SV-NORA-ALUMINIO,Mesa exterior aluminio · 72×72 cm · Nora,m,224.95,120.39,excel_handle_est,35.2,48.7,90.45,0.0,5.02,cliente_paga,OK,,OK
balliu-sofa-exterior-3-plazas-aluminio-estilo-elegante-62-cm-5e2ef268,BALLIU_OLIMPIA_SOFA_INDIVIDUAL_TELA__5E2EF268,Sofá exterior aluminio · estilo elegante | 62 cm,l,525.0,279.44,shopify,35.6,33.0,143.12,0.0,11.33,envio_gratis,OK,,OK
balliu-sofa-exterior-3-plazas-aluminio-estilo-elegante-62-cm-5e2ef268,BALLIU_OLIMPIA_SOFA_DOBLE_TELA_BALLI_4C82D31E,Sofá exterior aluminio · estilo elegante | 62 cm,l,665.0,356.97,shopify,35.0,32.5,178.35,0.0,14.27,envio_gratis,OK,,OK
balliu-sofa-exterior-3-plazas-aluminio-estilo-elegante-62-cm-5e2ef268,BALLIU_OLIMPIA_SOFA_TRIPLE_TELA_BALL_CACE2317,Sofá exterior aluminio · estilo elegante | 62 cm,l,995.0,534.41,shopify,35.0,32.4,266.71,0.0,21.2,envio_gratis,OK,,OK
balliu-mesa-auxiliar-exterior-aluminio-54-cm-19d3d0ee,SV-OLIMPIACENTRAL-BLANCO-GRIS,Mesa de centro exterior · aluminio HPL 74×54 cm · Olimp,m,227.95,122.04,excel_handle_est,35.2,48.4,91.21,0.0,5.09,cliente_paga,OK,,OK
balliu-mesa-auxiliar-exterior-aluminio-54-cm-19d3d0ee,SV-OLIMPIACENTRAL-BLANCO-BLANCO,Mesa de centro exterior · aluminio HPL 74×54 cm · Olimp,m,227.95,122.04,excel_handle_est,35.2,48.4,91.21,0.0,5.09,cliente_paga,OK,,OK
balliu-mesa-auxiliar-exterior-aluminio-54-cm-19d3d0ee,SV-OLIMPIACENTRAL-BLANCO-MOONWALK,Mesa de centro exterior · aluminio HPL 74×54 cm · Olimp,m,227.95,122.04,excel_handle_est,35.2,48.4,91.21,0.0,5.09,cliente_paga,OK,,OK
balliu-mesa-auxiliar-exterior-aluminio-54-cm-19d3d0ee,SV-OLIMPIACENTRAL-BLANCO-SKYLINE,Mesa de centro exterior · aluminio HPL 74×54 cm · Olimp,m,227.95,122.04,excel_handle_est,35.2,48.4,91.21,0.0,5.09,cliente_paga,OK,,OK
balliu-mesa-auxiliar-exterior-aluminio-54-cm-19d3d0ee,SV-OLIMPIACENTRAL-BLANCO-PRADO,Mesa de centro exterior · aluminio HPL 74×54 cm · Olimp,m,227.95,122.04,excel_handle_est,35.2,48.4,91.21,0.0,5.09,cliente_paga,OK,,OK
balliu-mesa-auxiliar-exterior-aluminio-54-cm-19d3d0ee,SV-OLIMPIACENTRAL-TORTOLA-GRIS,Mesa de centro exterior · aluminio HPL 74×54 cm · Olimp,m,227.95,122.04,excel_handle_est,35.2,48.4,91.21,0.0,5.09,cliente_paga,OK,,OK
balliu-mesa-auxiliar-exterior-aluminio-54-cm-19d3d0ee,SV-OLIMPIACENTRAL-TORTOLA-BLANCO,Mesa de centro exterior · aluminio HPL 74×54 cm · Olimp,m,227.95,122.04,excel_handle_est,35.2,48.4,91.21,0.0,5.09,cliente_paga,OK,,OK
balliu-mesa-auxiliar-exterior-aluminio-54-cm-19d3d0ee,SV-OLIMPIACENTRAL-TORTOLA-MOONWALK,Mesa de centro exterior · aluminio HPL 74×54 cm · Olimp,m,227.95,122.04,excel_handle_est,35.2,48.4,91.21,0.0,5.09,cliente_paga,OK,,OK
balliu-mesa-auxiliar-exterior-aluminio-54-cm-19d3d0ee,SV-OLIMPIACENTRAL-TORTOLA-SKYLINE,Mesa de centro exterior · aluminio HPL 74×54 cm · Olimp,m,227.95,122.04,excel_handle_est,35.2,48.4,91.21,0.0,5.09,cliente_paga,OK,,OK
balliu-mesa-auxiliar-exterior-aluminio-54-cm-19d3d0ee,SV-OLIMPIACENTRAL-TORTOLA-PRADO,Mesa de centro exterior · aluminio HPL 74×54 cm · Olimp,m,227.95,122.04,excel_handle_est,35.2,48.4,91.21,0.0,5.09,cliente_paga,OK,,OK
balliu-mesa-auxiliar-exterior-aluminio-54-cm-19d3d0ee,SV-OLIMPIACENTRAL-ALUMINIO-GRIS,Mesa de centro exterior · aluminio HPL 74×54 cm · Olimp,m,227.95,122.04,excel_handle_est,35.2,48.4,91.21,0.0,5.09,cliente_paga,OK,,OK
balliu-mesa-auxiliar-exterior-aluminio-54-cm-19d3d0ee,SV-OLIMPIACENTRAL-ALUMINIO-BLANCO,Mesa de centro exterior · aluminio HPL 74×54 cm · Olimp,m,227.95,122.04,excel_handle_est,35.2,48.4,91.21,0.0,5.09,cliente_paga,OK,,OK
balliu-mesa-auxiliar-exterior-aluminio-54-cm-19d3d0ee,SV-OLIMPIACENTRAL-ALUMINIO-MOONWALK,Mesa de centro exterior · aluminio HPL 74×54 cm · Olimp,m,227.95,122.04,excel_handle_est,35.2,48.4,91.21,0.0,5.09,cliente_paga,OK,,OK
balliu-mesa-auxiliar-exterior-aluminio-54-cm-19d3d0ee,SV-OLIMPIACENTRAL-ALUMINIO-SKYLINE,Mesa de centro exterior · aluminio HPL 74×54 cm · Olimp,m,227.95,122.04,excel_handle_est,35.2,48.4,91.21,0.0,5.09,cliente_paga,OK,,OK
balliu-mesa-auxiliar-exterior-aluminio-54-cm-19d3d0ee,SV-OLIMPIACENTRAL-ALUMINIO-PRADO,Mesa de centro exterior · aluminio HPL 74×54 cm · Olimp,m,227.95,122.04,excel_handle_est,35.2,48.4,91.21,0.0,5.09,cliente_paga,OK,,OK
balliu-sofa-exterior-3-plazas-aluminio-estilo-contemporaneo-77-cm-674ab9a1,BALLIU_ETNA_SOFA_INDIVIDUAL_ACRIL_674AB9A1,Sofá exterior aluminio · estilo contemporáneo | 77 cm,l,685.0,367.06,shopify,35.2,32.6,184.37,0.0,14.69,envio_gratis,OK,,OK
balliu-sofa-exterior-3-plazas-aluminio-estilo-contemporaneo-77-cm-674ab9a1,BALLIU_ETNA_SOFA_DOBLE_ACRILICO_AED77E2A,Sofá exterior aluminio · estilo contemporáneo | 77 cm,l,1139.0,611.77,shopify,35.0,32.4,305.33,0.0,24.22,envio_gratis,OK,,OK
balliu-sofa-exterior-3-plazas-aluminio-estilo-contemporaneo-77-cm-674ab9a1,BALLIU_ETNA_SOFA_TRIPLE_ACRILICO_E58D825A,Sofá exterior aluminio · estilo contemporáneo | 77 cm,l,1560.0,837.52,shopify,35.0,32.5,418.68,0.0,33.06,envio_gratis,OK,,OK
balliu-mesa-de-centro-exterior-aluminio-60-cm-510b363e,SV-MESACENTRO-BLANCO-GRIS,Mesa de centro exterior · aluminio HPL 110×60 cm,m,349.9,210.68,excel_handle_est,27.1,34.9,100.8,0.0,7.65,cliente_paga,OK,coste_estimado,OK
balliu-mesa-de-centro-exterior-aluminio-60-cm-510b363e,SV-MESACENTRO-BLANCO-BLANCO,Mesa de centro exterior · aluminio HPL 110×60 cm,m,349.9,210.68,excel_handle_est,27.1,34.9,100.8,0.0,7.65,cliente_paga,OK,coste_estimado,OK
balliu-mesa-de-centro-exterior-aluminio-60-cm-510b363e,SV-MESACENTRO-BLANCO-MOONWALK,Mesa de centro exterior · aluminio HPL 110×60 cm,m,349.9,210.68,excel_handle_est,27.1,34.9,100.8,0.0,7.65,cliente_paga,OK,coste_estimado,OK
balliu-mesa-de-centro-exterior-aluminio-60-cm-510b363e,SV-MESACENTRO-BLANCO-SKYLINE,Mesa de centro exterior · aluminio HPL 110×60 cm,m,349.9,210.68,excel_handle_est,27.1,34.9,100.8,0.0,7.65,cliente_paga,OK,coste_estimado,OK
balliu-mesa-de-centro-exterior-aluminio-60-cm-510b363e,SV-MESACENTRO-BLANCO-PRADO,Mesa de centro exterior · aluminio HPL 110×60 cm,m,349.9,210.68,excel_handle_est,27.1,34.9,100.8,0.0,7.65,cliente_paga,OK,coste_estimado,OK
balliu-mesa-de-centro-exterior-aluminio-60-cm-510b363e,SV-MESACENTRO-TORTOLA-GRIS,Mesa de centro exterior · aluminio HPL 110×60 cm,m,349.9,210.68,excel_handle_est,27.1,34.9,100.8,0.0,7.65,cliente_paga,OK,coste_estimado,OK
balliu-mesa-de-centro-exterior-aluminio-60-cm-510b363e,SV-MESACENTRO-TORTOLA-BLANCO,Mesa de centro exterior · aluminio HPL 110×60 cm,m,349.9,210.68,excel_handle_est,27.1,34.9,100.8,0.0,7.65,cliente_paga,OK,coste_estimado,OK
balliu-mesa-de-centro-exterior-aluminio-60-cm-510b363e,SV-MESACENTRO-TORTOLA-MOONWALK,Mesa de centro exterior · aluminio HPL 110×60 cm,m,349.9,210.68,excel_handle_est,27.1,34.9,100.8,0.0,7.65,cliente_paga,OK,coste_estimado,OK
balliu-mesa-de-centro-exterior-aluminio-60-cm-510b363e,SV-MESACENTRO-TORTOLA-SKYLINE,Mesa de centro exterior · aluminio HPL 110×60 cm,m,349.9,210.68,excel_handle_est,27.1,34.9,100.8,0.0,7.65,cliente_paga,OK,coste_estimado,OK
balliu-mesa-de-centro-exterior-aluminio-60-cm-510b363e,SV-MESACENTRO-TORTOLA-PRADO,Mesa de centro exterior · aluminio HPL 110×60 cm,m,349.9,210.68,excel_handle_est,27.1,34.9,100.8,0.0,7.65,cliente_paga,OK,coste_estimado,OK
balliu-mesa-de-centro-exterior-aluminio-60-cm-510b363e,SV-MESACENTRO-ALUMINIO-GRIS,Mesa de centro exterior · aluminio HPL 110×60 cm,m,349.9,210.68,excel_handle_est,27.1,34.9,100.8,0.0,7.65,cliente_paga,OK,coste_estimado,OK
balliu-mesa-de-centro-exterior-aluminio-60-cm-510b363e,SV-MESACENTRO-ALUMINIO-BLANCO,Mesa de centro exterior · aluminio HPL 110×60 cm,m,349.9,210.68,excel_handle_est,27.1,34.9,100.8,0.0,7.65,cliente_paga,OK,coste_estimado,OK
balliu-mesa-de-centro-exterior-aluminio-60-cm-510b363e,SV-MESACENTRO-ALUMINIO-MOONWALK,Mesa de centro exterior · aluminio HPL 110×60 cm,m,349.9,210.68,excel_handle_est,27.1,34.9,100.8,0.0,7.65,cliente_paga,OK,coste_estimado,OK
balliu-mesa-de-centro-exterior-aluminio-60-cm-510b363e,SV-MESACENTRO-ALUMINIO-SKYLINE,Mesa de centro exterior · aluminio HPL 110×60 cm,m,349.9,210.68,excel_handle_est,27.1,34.9,100.8,0.0,7.65,cliente_paga,OK,coste_estimado,OK
balliu-mesa-de-centro-exterior-aluminio-60-cm-510b363e,SV-MESACENTRO-ALUMINIO-PRADO,Mesa de centro exterior · aluminio HPL 110×60 cm,m,349.9,210.68,excel_handle_est,27.1,34.9,100.8,0.0,7.65,cliente_paga,OK,coste_estimado,OK
balliu-parasol-para-terraza-acrilico-236bd5f0,SV-PAMELA-ACR-ANTRACITA-CON-F,Parasol exterior acrílico · Ø200 cm · Pamela acrílico,l,399.9,,SIN_COSTE,,,,,,,SIN_COSTE,sin coste en ninguna fuente,OK
balliu-parasol-para-terraza-acrilico-236bd5f0,SV-PAMELA-ACR-ANTRACITA-CON-NF,Parasol exterior acrílico · Ø200 cm · Pamela acrílico,l,399.9,,SIN_COSTE,,,,,,,SIN_COSTE,sin coste en ninguna fuente,OK
balliu-parasol-para-terraza-acrilico-236bd5f0,SV-PAMELA-ACR-ANTRACITA-PLA-F,Parasol exterior acrílico · Ø200 cm · Pamela acrílico,l,399.9,,SIN_COSTE,,,,,,,SIN_COSTE,sin coste en ninguna fuente,OK
balliu-parasol-para-terraza-acrilico-236bd5f0,SV-PAMELA-ACR-ANTRACITA-PLA-NF,Parasol exterior acrílico · Ø200 cm · Pamela acrílico,l,399.9,,SIN_COSTE,,,,,,,SIN_COSTE,sin coste en ninguna fuente,OK
balliu-parasol-para-terraza-acrilico-236bd5f0,SV-PAMELA-ACR-ARENA-CON-F,Parasol exterior acrílico · Ø200 cm · Pamela acrílico,l,399.9,,SIN_COSTE,,,,,,,SIN_COSTE,sin coste en ninguna fuente,OK
balliu-parasol-para-terraza-acrilico-236bd5f0,SV-PAMELA-ACR-ARENA-CON-NF,Parasol exterior acrílico · Ø200 cm · Pamela acrílico,l,399.9,,SIN_COSTE,,,,,,,SIN_COSTE,sin coste en ninguna fuente,OK
balliu-parasol-para-terraza-acrilico-236bd5f0,SV-PAMELA-ACR-ARENA-PLA-F,Parasol exterior acrílico · Ø200 cm · Pamela acrílico,l,399.9,,SIN_COSTE,,,,,,,SIN_COSTE,sin coste en ninguna fuente,OK
balliu-parasol-para-terraza-acrilico-236bd5f0,SV-PAMELA-ACR-ARENA-PLA-NF,Parasol exterior acrílico · Ø200 cm · Pamela acrílico,l,399.9,,SIN_COSTE,,,,,,,SIN_COSTE,sin coste en ninguna fuente,OK
balliu-parasol-para-terraza-acrilico-236bd5f0,SV-PAMELA-ACR-AZUL-CON-F,Parasol exterior acrílico · Ø200 cm · Pamela acrílico,l,399.9,,SIN_COSTE,,,,,,,SIN_COSTE,sin coste en ninguna fuente,OK
balliu-parasol-para-terraza-acrilico-236bd5f0,SV-PAMELA-ACR-AZUL-CON-NF,Parasol exterior acrílico · Ø200 cm · Pamela acrílico,l,399.9,,SIN_COSTE,,,,,,,SIN_COSTE,sin coste en ninguna fuente,OK
balliu-parasol-para-terraza-acrilico-236bd5f0,SV-PAMELA-ACR-AZUL-PLA-F,Parasol exterior acrílico · Ø200 cm · Pamela acrílico,l,399.9,,SIN_COSTE,,,,,,,SIN_COSTE,sin coste en ninguna fuente,OK
balliu-parasol-para-terraza-acrilico-236bd5f0,SV-PAMELA-ACR-AZUL-PLA-NF,Parasol exterior acrílico · Ø200 cm · Pamela acrílico,l,399.9,,SIN_COSTE,,,,,,,SIN_COSTE,sin coste en ninguna fuente,OK
balliu-parasol-para-terraza-acrilico-236bd5f0,SV-PAMELA-ACR-BLANCO-CON-F,Parasol exterior acrílico · Ø200 cm · Pamela acrílico,l,399.9,,SIN_COSTE,,,,,,,SIN_COSTE,sin coste en ninguna fuente,OK
balliu-parasol-para-terraza-acrilico-236bd5f0,SV-PAMELA-ACR-BLANCO-CON-NF,Parasol exterior acrílico · Ø200 cm · Pamela acrílico,l,399.9,,SIN_COSTE,,,,,,,SIN_COSTE,sin coste en ninguna fuente,OK
balliu-parasol-para-terraza-acrilico-236bd5f0,SV-PAMELA-ACR-BLANCO-PLA-F,Parasol exterior acrílico · Ø200 cm · Pamela acrílico,l,399.9,,SIN_COSTE,,,,,,,SIN_COSTE,sin coste en ninguna fuente,OK
balliu-parasol-para-terraza-acrilico-236bd5f0,SV-PAMELA-ACR-BLANCO-PLA-NF,Parasol exterior acrílico · Ø200 cm · Pamela acrílico,l,399.9,,SIN_COSTE,,,,,,,SIN_COSTE,sin coste en ninguna fuente,OK
balliu-parasol-para-terraza-acrilico-236bd5f0,SV-PAMELA-ACR-CRUDO-CON-F,Parasol exterior acrílico · Ø200 cm · Pamela acrílico,l,399.9,,SIN_COSTE,,,,,,,SIN_COSTE,sin coste en ninguna fuente,OK
balliu-parasol-para-terraza-acrilico-236bd5f0,SV-PAMELA-ACR-CRUDO-CON-NF,Parasol exterior acrílico · Ø200 cm · Pamela acrílico,l,399.9,,SIN_COSTE,,,,,,,SIN_COSTE,sin coste en ninguna fuente,OK
balliu-parasol-para-terraza-acrilico-236bd5f0,SV-PAMELA-ACR-CRUDO-PLA-F,Parasol exterior acrílico · Ø200 cm · Pamela acrílico,l,399.9,,SIN_COSTE,,,,,,,SIN_COSTE,sin coste en ninguna fuente,OK
balliu-parasol-para-terraza-acrilico-236bd5f0,SV-PAMELA-ACR-CRUDO-PLA-NF,Parasol exterior acrílico · Ø200 cm · Pamela acrílico,l,399.9,,SIN_COSTE,,,,,,,SIN_COSTE,sin coste en ninguna fuente,OK
balliu-parasol-para-terraza-acrilico-236bd5f0,SV-PAMELA-ACR-MINERAL-CON-F,Parasol exterior acrílico · Ø200 cm · Pamela acrílico,l,399.9,,SIN_COSTE,,,,,,,SIN_COSTE,sin coste en ninguna fuente,OK
balliu-parasol-para-terraza-acrilico-236bd5f0,SV-PAMELA-ACR-MINERAL-CON-NF,Parasol exterior acrílico · Ø200 cm · Pamela acrílico,l,399.9,,SIN_COSTE,,,,,,,SIN_COSTE,sin coste en ninguna fuente,OK
balliu-parasol-para-terraza-acrilico-236bd5f0,SV-PAMELA-ACR-MINERAL-PLA-F,Parasol exterior acrílico · Ø200 cm · Pamela acrílico,l,399.9,,SIN_COSTE,,,,,,,SIN_COSTE,sin coste en ninguna fuente,OK
balliu-parasol-para-terraza-acrilico-236bd5f0,SV-PAMELA-ACR-MINERAL-PLA-NF,Parasol exterior acrílico · Ø200 cm · Pamela acrílico,l,399.9,,SIN_COSTE,,,,,,,SIN_COSTE,sin coste en ninguna fuente,OK
balliu-parasol-para-terraza-82e48b2d,SV-PAMELA-BAL-AZUL-CON-F,Parasol exterior tela · Ø200 cm · Pamela tela,l,384.95,,SIN_COSTE,,,,,,,SIN_COSTE,sin coste en ninguna fuente,OK
balliu-parasol-para-terraza-82e48b2d,SV-PAMELA-BAL-AZUL-CON-NF,Parasol exterior tela · Ø200 cm · Pamela tela,l,384.95,,SIN_COSTE,,,,,,,SIN_COSTE,sin coste en ninguna fuente,OK
balliu-parasol-para-terraza-82e48b2d,SV-PAMELA-BAL-AZUL-PLA-F,Parasol exterior tela · Ø200 cm · Pamela tela,l,384.95,,SIN_COSTE,,,,,,,SIN_COSTE,sin coste en ninguna fuente,OK
balliu-parasol-para-terraza-82e48b2d,SV-PAMELA-BAL-AZUL-PLA-NF,Parasol exterior tela · Ø200 cm · Pamela tela,l,384.95,,SIN_COSTE,,,,,,,SIN_COSTE,sin coste en ninguna fuente,OK
balliu-parasol-para-terraza-82e48b2d,SV-PAMELA-BAL-AMARILLO-CON-F,Parasol exterior tela · Ø200 cm · Pamela tela,l,384.95,,SIN_COSTE,,,,,,,SIN_COSTE,sin coste en ninguna fuente,OK
balliu-parasol-para-terraza-82e48b2d,SV-PAMELA-BAL-AMARILLO-CON-NF,Parasol exterior tela · Ø200 cm · Pamela tela,l,384.95,,SIN_COSTE,,,,,,,SIN_COSTE,sin coste en ninguna fuente,OK
balliu-parasol-para-terraza-82e48b2d,SV-PAMELA-BAL-AMARILLO-PLA-F,Parasol exterior tela · Ø200 cm · Pamela tela,l,384.95,,SIN_COSTE,,,,,,,SIN_COSTE,sin coste en ninguna fuente,OK
balliu-parasol-para-terraza-82e48b2d,SV-PAMELA-BAL-AMARILLO-PLA-NF,Parasol exterior tela · Ø200 cm · Pamela tela,l,384.95,,SIN_COSTE,,,,,,,SIN_COSTE,sin coste en ninguna fuente,OK
balliu-parasol-para-terraza-82e48b2d,SV-PAMELA-BAL-NARANJA-CON-F,Parasol exterior tela · Ø200 cm · Pamela tela,l,384.95,,SIN_COSTE,,,,,,,SIN_COSTE,sin coste en ninguna fuente,OK
balliu-parasol-para-terraza-82e48b2d,SV-PAMELA-BAL-NARANJA-CON-NF,Parasol exterior tela · Ø200 cm · Pamela tela,l,384.95,,SIN_COSTE,,,,,,,SIN_COSTE,sin coste en ninguna fuente,OK
balliu-parasol-para-terraza-82e48b2d,SV-PAMELA-BAL-NARANJA-PLA-F,Parasol exterior tela · Ø200 cm · Pamela tela,l,384.95,,SIN_COSTE,,,,,,,SIN_COSTE,sin coste en ninguna fuente,OK
balliu-parasol-para-terraza-82e48b2d,SV-PAMELA-BAL-NARANJA-PLA-NF,Parasol exterior tela · Ø200 cm · Pamela tela,l,384.95,,SIN_COSTE,,,,,,,SIN_COSTE,sin coste en ninguna fuente,OK
balliu-parasol-para-terraza-82e48b2d,SV-PAMELA-BAL-VERDE-CLARO-CON-F,Parasol exterior tela · Ø200 cm · Pamela tela,l,384.95,,SIN_COSTE,,,,,,,SIN_COSTE,sin coste en ninguna fuente,OK
balliu-parasol-para-terraza-82e48b2d,SV-PAMELA-BAL-VERDE-CLARO-CON-NF,Parasol exterior tela · Ø200 cm · Pamela tela,l,384.95,,SIN_COSTE,,,,,,,SIN_COSTE,sin coste en ninguna fuente,OK
balliu-parasol-para-terraza-82e48b2d,SV-PAMELA-BAL-VERDE-CLARO-PLA-F,Parasol exterior tela · Ø200 cm · Pamela tela,l,384.95,,SIN_COSTE,,,,,,,SIN_COSTE,sin coste en ninguna fuente,OK
balliu-parasol-para-terraza-82e48b2d,SV-PAMELA-BAL-VERDE-CLARO-PLA-NF,Parasol exterior tela · Ø200 cm · Pamela tela,l,384.95,,SIN_COSTE,,,,,,,SIN_COSTE,sin coste en ninguna fuente,OK
balliu-parasol-para-terraza-82e48b2d,SV-PAMELA-BAL-BLANCO-CON-F,Parasol exterior tela · Ø200 cm · Pamela tela,l,384.95,,SIN_COSTE,,,,,,,SIN_COSTE,sin coste en ninguna fuente,OK
balliu-parasol-para-terraza-82e48b2d,SV-PAMELA-BAL-BLANCO-CON-NF,Parasol exterior tela · Ø200 cm · Pamela tela,l,384.95,,SIN_COSTE,,,,,,,SIN_COSTE,sin coste en ninguna fuente,OK
balliu-parasol-para-terraza-82e48b2d,SV-PAMELA-BAL-BLANCO-PLA-F,Parasol exterior tela · Ø200 cm · Pamela tela,l,384.95,,SIN_COSTE,,,,,,,SIN_COSTE,sin coste en ninguna fuente,OK
balliu-parasol-para-terraza-82e48b2d,SV-PAMELA-BAL-BLANCO-PLA-NF,Parasol exterior tela · Ø200 cm · Pamela tela,l,384.95,,SIN_COSTE,,,,,,,SIN_COSTE,sin coste en ninguna fuente,OK
balliu-parasol-para-terraza-82e48b2d,SV-PAMELA-BAL-NATURAL-CON-F,Parasol exterior tela · Ø200 cm · Pamela tela,l,384.95,,SIN_COSTE,,,,,,,SIN_COSTE,sin coste en ninguna fuente,OK
balliu-parasol-para-terraza-82e48b2d,SV-PAMELA-BAL-NATURAL-CON-NF,Parasol exterior tela · Ø200 cm · Pamela tela,l,384.95,,SIN_COSTE,,,,,,,SIN_COSTE,sin coste en ninguna fuente,OK
balliu-parasol-para-terraza-82e48b2d,SV-PAMELA-BAL-NATURAL-PLA-F,Parasol exterior tela · Ø200 cm · Pamela tela,l,384.95,,SIN_COSTE,,,,,,,SIN_COSTE,sin coste en ninguna fuente,OK
balliu-parasol-para-terraza-82e48b2d,SV-PAMELA-BAL-NATURAL-PLA-NF,Parasol exterior tela · Ø200 cm · Pamela tela,l,384.95,,SIN_COSTE,,,,,,,SIN_COSTE,sin coste en ninguna fuente,OK
balliu-parasol-para-terraza-82e48b2d,SV-PAMELA-BAL-CAPUCHINO-CON-F,Parasol exterior tela · Ø200 cm · Pamela tela,l,384.95,,SIN_COSTE,,,,,,,SIN_COSTE,sin coste en ninguna fuente,OK
balliu-parasol-para-terraza-82e48b2d,SV-PAMELA-BAL-CAPUCHINO-CON-NF,Parasol exterior tela · Ø200 cm · Pamela tela,l,384.95,,SIN_COSTE,,,,,,,SIN_COSTE,sin coste en ninguna fuente,OK
balliu-parasol-para-terraza-82e48b2d,SV-PAMELA-BAL-CAPUCHINO-PLA-F,Parasol exterior tela · Ø200 cm · Pamela tela,l,384.95,,SIN_COSTE,,,,,,,SIN_COSTE,sin coste en ninguna fuente,OK
balliu-parasol-para-terraza-82e48b2d,SV-PAMELA-BAL-CAPUCHINO-PLA-NF,Parasol exterior tela · Ø200 cm · Pamela tela,l,384.95,,SIN_COSTE,,,,,,,SIN_COSTE,sin coste en ninguna fuente,OK
balliu-parasol-para-terraza-82e48b2d,SV-PAMELA-BAL-CAQUI-CON-F,Parasol exterior tela · Ø200 cm · Pamela tela,l,384.95,,SIN_COSTE,,,,,,,SIN_COSTE,sin coste en ninguna fuente,OK
balliu-parasol-para-terraza-82e48b2d,SV-PAMELA-BAL-CAQUI-CON-NF,Parasol exterior tela · Ø200 cm · Pamela tela,l,384.95,,SIN_COSTE,,,,,,,SIN_COSTE,sin coste en ninguna fuente,OK
balliu-parasol-para-terraza-82e48b2d,SV-PAMELA-BAL-CAQUI-PLA-F,Parasol exterior tela · Ø200 cm · Pamela tela,l,384.95,,SIN_COSTE,,,,,,,SIN_COSTE,sin coste en ninguna fuente,OK
balliu-parasol-para-terraza-82e48b2d,SV-PAMELA-BAL-CAQUI-PLA-NF,Parasol exterior tela · Ø200 cm · Pamela tela,l,384.95,,SIN_COSTE,,,,,,,SIN_COSTE,sin coste en ninguna fuente,OK
balliu-parasol-para-terraza-82e48b2d,SV-PAMELA-BAL-MARRON-OSC-CON-F,Parasol exterior tela · Ø200 cm · Pamela tela,l,384.95,,SIN_COSTE,,,,,,,SIN_COSTE,sin coste en ninguna fuente,OK
balliu-parasol-para-terraza-82e48b2d,SV-PAMELA-BAL-MARRON-OSC-CON-NF,Parasol exterior tela · Ø200 cm · Pamela tela,l,384.95,,SIN_COSTE,,,,,,,SIN_COSTE,sin coste en ninguna fuente,OK
balliu-parasol-para-terraza-82e48b2d,SV-PAMELA-BAL-MARRON-OSC-PLA-F,Parasol exterior tela · Ø200 cm · Pamela tela,l,384.95,,SIN_COSTE,,,,,,,SIN_COSTE,sin coste en ninguna fuente,OK
balliu-parasol-para-terraza-82e48b2d,SV-PAMELA-BAL-MARRON-OSC-PLA-NF,Parasol exterior tela · Ø200 cm · Pamela tela,l,384.95,,SIN_COSTE,,,,,,,SIN_COSTE,sin coste en ninguna fuente,OK
balliu-parasol-para-terraza-82e48b2d,SV-PAMELA-BAL-ARENA-CON-F,Parasol exterior tela · Ø200 cm · Pamela tela,l,384.95,,SIN_COSTE,,,,,,,SIN_COSTE,sin coste en ninguna fuente,OK
balliu-parasol-para-terraza-82e48b2d,SV-PAMELA-BAL-ARENA-CON-NF,Parasol exterior tela · Ø200 cm · Pamela tela,l,384.95,,SIN_COSTE,,,,,,,SIN_COSTE,sin coste en ninguna fuente,OK
balliu-parasol-para-terraza-82e48b2d,SV-PAMELA-BAL-ARENA-PLA-F,Parasol exterior tela · Ø200 cm · Pamela tela,l,384.95,,SIN_COSTE,,,,,,,SIN_COSTE,sin coste en ninguna fuente,OK
balliu-parasol-para-terraza-82e48b2d,SV-PAMELA-BAL-ARENA-PLA-NF,Parasol exterior tela · Ø200 cm · Pamela tela,l,384.95,,SIN_COSTE,,,,,,,SIN_COSTE,sin coste en ninguna fuente,OK
balliu-parasol-para-terraza-82e48b2d,SV-PAMELA-BAL-VERDE-OSC-CON-F,Parasol exterior tela · Ø200 cm · Pamela tela,l,384.95,,SIN_COSTE,,,,,,,SIN_COSTE,sin coste en ninguna fuente,OK
balliu-parasol-para-terraza-82e48b2d,SV-PAMELA-BAL-VERDE-OSC-CON-NF,Parasol exterior tela · Ø200 cm · Pamela tela,l,384.95,,SIN_COSTE,,,,,,,SIN_COSTE,sin coste en ninguna fuente,OK
balliu-parasol-para-terraza-82e48b2d,SV-PAMELA-BAL-VERDE-OSC-PLA-F,Parasol exterior tela · Ø200 cm · Pamela tela,l,384.95,,SIN_COSTE,,,,,,,SIN_COSTE,sin coste en ninguna fuente,OK
balliu-parasol-para-terraza-82e48b2d,SV-PAMELA-BAL-VERDE-OSC-PLA-NF,Parasol exterior tela · Ø200 cm · Pamela tela,l,384.95,,SIN_COSTE,,,,,,,SIN_COSTE,sin coste en ninguna fuente,OK
balliu-parasol-para-terraza-82e48b2d,SV-PAMELA-BAL-AZUL-CEL-CON-F,Parasol exterior tela · Ø200 cm · Pamela tela,l,384.95,,SIN_COSTE,,,,,,,SIN_COSTE,sin coste en ninguna fuente,OK
balliu-parasol-para-terraza-82e48b2d,SV-PAMELA-BAL-AZUL-CEL-CON-NF,Parasol exterior tela · Ø200 cm · Pamela tela,l,384.95,,SIN_COSTE,,,,,,,SIN_COSTE,sin coste en ninguna fuente,OK
balliu-parasol-para-terraza-82e48b2d,SV-PAMELA-BAL-AZUL-CEL-PLA-F,Parasol exterior tela · Ø200 cm · Pamela tela,l,384.95,,SIN_COSTE,,,,,,,SIN_COSTE,sin coste en ninguna fuente,OK
balliu-parasol-para-terraza-82e48b2d,SV-PAMELA-BAL-AZUL-CEL-PLA-NF,Parasol exterior tela · Ø200 cm · Pamela tela,l,384.95,,SIN_COSTE,,,,,,,SIN_COSTE,sin coste en ninguna fuente,OK
balliu-parasol-para-terraza-82e48b2d,SV-PAMELA-BAL-CENIZA-CON-F,Parasol exterior tela · Ø200 cm · Pamela tela,l,384.95,,SIN_COSTE,,,,,,,SIN_COSTE,sin coste en ninguna fuente,OK
balliu-parasol-para-terraza-82e48b2d,SV-PAMELA-BAL-CENIZA-CON-NF,Parasol exterior tela · Ø200 cm · Pamela tela,l,384.95,,SIN_COSTE,,,,,,,SIN_COSTE,sin coste en ninguna fuente,OK
balliu-parasol-para-terraza-82e48b2d,SV-PAMELA-BAL-CENIZA-PLA-F,Parasol exterior tela · Ø200 cm · Pamela tela,l,384.95,,SIN_COSTE,,,,,,,SIN_COSTE,sin coste en ninguna fuente,OK
balliu-parasol-para-terraza-82e48b2d,SV-PAMELA-BAL-CENIZA-PLA-NF,Parasol exterior tela · Ø200 cm · Pamela tela,l,384.95,,SIN_COSTE,,,,,,,SIN_COSTE,sin coste en ninguna fuente,OK
balliu-parasol-para-terraza-82e48b2d,SV-PAMELA-BAL-AZUL-MAR-CON-F,Parasol exterior tela · Ø200 cm · Pamela tela,l,384.95,,SIN_COSTE,,,,,,,SIN_COSTE,sin coste en ninguna fuente,OK
balliu-parasol-para-terraza-82e48b2d,SV-PAMELA-BAL-AZUL-MAR-CON-NF,Parasol exterior tela · Ø200 cm · Pamela tela,l,384.95,,SIN_COSTE,,,,,,,SIN_COSTE,sin coste en ninguna fuente,OK
balliu-parasol-para-terraza-82e48b2d,SV-PAMELA-BAL-AZUL-MAR-PLA-F,Parasol exterior tela · Ø200 cm · Pamela tela,l,384.95,,SIN_COSTE,,,,,,,SIN_COSTE,sin coste en ninguna fuente,OK
balliu-parasol-para-terraza-82e48b2d,SV-PAMELA-BAL-AZUL-MAR-PLA-NF,Parasol exterior tela · Ø200 cm · Pamela tela,l,384.95,,SIN_COSTE,,,,,,,SIN_COSTE,sin coste en ninguna fuente,OK
balliu-parasol-para-terraza-82e48b2d,SV-PAMELA-BAL-GRIS-OSC-CON-F,Parasol exterior tela · Ø200 cm · Pamela tela,l,384.95,,SIN_COSTE,,,,,,,SIN_COSTE,sin coste en ninguna fuente,OK
balliu-parasol-para-terraza-82e48b2d,SV-PAMELA-BAL-GRIS-OSC-CON-NF,Parasol exterior tela · Ø200 cm · Pamela tela,l,384.95,,SIN_COSTE,,,,,,,SIN_COSTE,sin coste en ninguna fuente,OK
balliu-parasol-para-terraza-82e48b2d,SV-PAMELA-BAL-GRIS-OSC-PLA-F,Parasol exterior tela · Ø200 cm · Pamela tela,l,384.95,,SIN_COSTE,,,,,,,SIN_COSTE,sin coste en ninguna fuente,OK
balliu-parasol-para-terraza-82e48b2d,SV-PAMELA-BAL-GRIS-OSC-PLA-NF,Parasol exterior tela · Ø200 cm · Pamela tela,l,384.95,,SIN_COSTE,,,,,,,SIN_COSTE,sin coste en ninguna fuente,OK
balliu-parasol-para-terraza-82e48b2d,SV-PAMELA-BAL-AZUL-ACERO-CON-F,Parasol exterior tela · Ø200 cm · Pamela tela,l,384.95,,SIN_COSTE,,,,,,,SIN_COSTE,sin coste en ninguna fuente,OK
balliu-parasol-para-terraza-82e48b2d,SV-PAMELA-BAL-AZUL-ACERO-CON-NF,Parasol exterior tela · Ø200 cm · Pamela tela,l,384.95,,SIN_COSTE,,,,,,,SIN_COSTE,sin coste en ninguna fuente,OK
balliu-parasol-para-terraza-82e48b2d,SV-PAMELA-BAL-AZUL-ACERO-PLA-F,Parasol exterior tela · Ø200 cm · Pamela tela,l,384.95,,SIN_COSTE,,,,,,,SIN_COSTE,sin coste en ninguna fuente,OK
balliu-parasol-para-terraza-82e48b2d,SV-PAMELA-BAL-AZUL-ACERO-PLA-NF,Parasol exterior tela · Ø200 cm · Pamela tela,l,384.95,,SIN_COSTE,,,,,,,SIN_COSTE,sin coste en ninguna fuente,OK
balliu-parasol-para-terraza-f1ed8b8b,SV-OCEAN-BAL-200-AZUL,Parasol exterior tela · Ø200/Ø250 cm · Ocean tela,l,299.9,204.95,excel_handle_est,17.3,38.0,94.25,0.0,6.6,cliente_paga,OK,,OK
balliu-parasol-para-terraza-f1ed8b8b,SV-OCEAN-BAL-200-AMARILLO,Parasol exterior tela · Ø200/Ø250 cm · Ocean tela,l,299.9,204.95,excel_handle_est,17.3,38.0,94.25,0.0,6.6,cliente_paga,OK,,OK
balliu-parasol-para-terraza-f1ed8b8b,SV-OCEAN-BAL-200-NARANJA,Parasol exterior tela · Ø200/Ø250 cm · Ocean tela,l,299.9,204.95,excel_handle_est,17.3,38.0,94.25,0.0,6.6,cliente_paga,OK,,OK
balliu-parasol-para-terraza-f1ed8b8b,SV-OCEAN-BAL-200-VERDE-CLARO,Parasol exterior tela · Ø200/Ø250 cm · Ocean tela,l,299.9,204.95,excel_handle_est,17.3,38.0,94.25,0.0,6.6,cliente_paga,OK,,OK
balliu-parasol-para-terraza-f1ed8b8b,SV-OCEAN-BAL-200-BLANCO,Parasol exterior tela · Ø200/Ø250 cm · Ocean tela,l,299.9,204.95,excel_handle_est,17.3,38.0,94.25,0.0,6.6,cliente_paga,OK,,OK
balliu-parasol-para-terraza-f1ed8b8b,SV-OCEAN-BAL-200-NATURAL,Parasol exterior tela · Ø200/Ø250 cm · Ocean tela,l,299.9,204.95,excel_handle_est,17.3,38.0,94.25,0.0,6.6,cliente_paga,OK,,OK
balliu-parasol-para-terraza-f1ed8b8b,SV-OCEAN-BAL-200-CAPUCHINO,Parasol exterior tela · Ø200/Ø250 cm · Ocean tela,l,299.9,204.95,excel_handle_est,17.3,38.0,94.25,0.0,6.6,cliente_paga,OK,,OK
balliu-parasol-para-terraza-f1ed8b8b,SV-OCEAN-BAL-200-CAQUI,Parasol exterior tela · Ø200/Ø250 cm · Ocean tela,l,299.9,204.95,excel_handle_est,17.3,38.0,94.25,0.0,6.6,cliente_paga,OK,,OK
balliu-parasol-para-terraza-f1ed8b8b,SV-OCEAN-BAL-200-MARRON-OSC,Parasol exterior tela · Ø200/Ø250 cm · Ocean tela,l,299.9,204.95,excel_handle_est,17.3,38.0,94.25,0.0,6.6,cliente_paga,OK,,OK
balliu-parasol-para-terraza-f1ed8b8b,SV-OCEAN-BAL-200-ARENA,Parasol exterior tela · Ø200/Ø250 cm · Ocean tela,l,299.9,204.95,excel_handle_est,17.3,38.0,94.25,0.0,6.6,cliente_paga,OK,,OK
balliu-parasol-para-terraza-f1ed8b8b,SV-OCEAN-BAL-200-VERDE-OSC,Parasol exterior tela · Ø200/Ø250 cm · Ocean tela,l,299.9,204.95,excel_handle_est,17.3,38.0,94.25,0.0,6.6,cliente_paga,OK,,OK
balliu-parasol-para-terraza-f1ed8b8b,SV-OCEAN-BAL-200-AZUL-CEL,Parasol exterior tela · Ø200/Ø250 cm · Ocean tela,l,299.9,204.95,excel_handle_est,17.3,38.0,94.25,0.0,6.6,cliente_paga,OK,,OK
balliu-parasol-para-terraza-f1ed8b8b,SV-OCEAN-BAL-200-CENIZA,Parasol exterior tela · Ø200/Ø250 cm · Ocean tela,l,299.9,204.95,excel_handle_est,17.3,38.0,94.25,0.0,6.6,cliente_paga,OK,,OK
balliu-parasol-para-terraza-f1ed8b8b,SV-OCEAN-BAL-200-AZUL-MAR,Parasol exterior tela · Ø200/Ø250 cm · Ocean tela,l,299.9,204.95,excel_handle_est,17.3,38.0,94.25,0.0,6.6,cliente_paga,OK,,OK
balliu-parasol-para-terraza-f1ed8b8b,SV-OCEAN-BAL-200-GRIS-OSC,Parasol exterior tela · Ø200/Ø250 cm · Ocean tela,l,299.9,204.95,excel_handle_est,17.3,38.0,94.25,0.0,6.6,cliente_paga,OK,,OK
balliu-parasol-para-terraza-f1ed8b8b,SV-OCEAN-BAL-200-AZUL-ACERO,Parasol exterior tela · Ø200/Ø250 cm · Ocean tela,l,299.9,204.95,excel_handle_est,17.3,38.0,94.25,0.0,6.6,cliente_paga,OK,,OK
balliu-parasol-para-terraza-f1ed8b8b,SV-OCEAN-BAL-250-BLANCO,Parasol exterior tela · Ø200/Ø250 cm · Ocean tela,l,381.95,204.95,excel_handle_est,35.1,50.8,160.34,0.0,8.32,cliente_paga,OK,,OK
balliu-parasol-para-terraza-f1ed8b8b,SV-OCEAN-BAL-250-CAQUI,Parasol exterior tela · Ø200/Ø250 cm · Ocean tela,l,381.95,204.95,excel_handle_est,35.1,50.8,160.34,0.0,8.32,cliente_paga,OK,,OK
balliu-parasol-para-terraza-f1ed8b8b,SV-OCEAN-BAL-250-GRIS-OSC,Parasol exterior tela · Ø200/Ø250 cm · Ocean tela,l,381.95,204.95,excel_handle_est,35.1,50.8,160.34,0.0,8.32,cliente_paga,OK,,OK
balliu-parasol-para-terraza-acrilico-c8dd492d,SV-OCEAN-ACR-200-ANTRACITA-F,Parasol exterior acrílico · Ø200/Ø250 cm · Ocean acríli,l,398.95,222.76,excel_handle_est,32.4,47.4,156.22,0.0,8.68,cliente_paga,OK,,OK
balliu-parasol-para-terraza-acrilico-c8dd492d,SV-OCEAN-ACR-200-ANTRACITA-NF,Parasol exterior acrílico · Ø200/Ø250 cm · Ocean acríli,l,398.95,222.76,excel_handle_est,32.4,47.4,156.22,0.0,8.68,cliente_paga,OK,,OK
balliu-parasol-para-terraza-acrilico-c8dd492d,SV-OCEAN-ACR-200-ARENA-F,Parasol exterior acrílico · Ø200/Ø250 cm · Ocean acríli,l,398.95,222.76,excel_handle_est,32.4,47.4,156.22,0.0,8.68,cliente_paga,OK,,OK
balliu-parasol-para-terraza-acrilico-c8dd492d,SV-OCEAN-ACR-200-ARENA-NF,Parasol exterior acrílico · Ø200/Ø250 cm · Ocean acríli,l,398.95,222.76,excel_handle_est,32.4,47.4,156.22,0.0,8.68,cliente_paga,OK,,OK
balliu-parasol-para-terraza-acrilico-c8dd492d,SV-OCEAN-ACR-200-AZUL-F,Parasol exterior acrílico · Ø200/Ø250 cm · Ocean acríli,l,398.95,222.76,excel_handle_est,32.4,47.4,156.22,0.0,8.68,cliente_paga,OK,,OK
balliu-parasol-para-terraza-acrilico-c8dd492d,SV-OCEAN-ACR-200-AZUL-NF,Parasol exterior acrílico · Ø200/Ø250 cm · Ocean acríli,l,398.95,222.76,excel_handle_est,32.4,47.4,156.22,0.0,8.68,cliente_paga,OK,,OK
balliu-parasol-para-terraza-acrilico-c8dd492d,SV-OCEAN-ACR-200-BLANCO-F,Parasol exterior acrílico · Ø200/Ø250 cm · Ocean acríli,l,398.95,222.76,excel_handle_est,32.4,47.4,156.22,0.0,8.68,cliente_paga,OK,,OK
balliu-parasol-para-terraza-acrilico-c8dd492d,SV-OCEAN-ACR-200-BLANCO-NF,Parasol exterior acrílico · Ø200/Ø250 cm · Ocean acríli,l,398.95,222.76,excel_handle_est,32.4,47.4,156.22,0.0,8.68,cliente_paga,OK,,OK
balliu-parasol-para-terraza-acrilico-c8dd492d,SV-OCEAN-ACR-200-CRUDO-F,Parasol exterior acrílico · Ø200/Ø250 cm · Ocean acríli,l,398.95,222.76,excel_handle_est,32.4,47.4,156.22,0.0,8.68,cliente_paga,OK,,OK
balliu-parasol-para-terraza-acrilico-c8dd492d,SV-OCEAN-ACR-200-CRUDO-NF,Parasol exterior acrílico · Ø200/Ø250 cm · Ocean acríli,l,398.95,222.76,excel_handle_est,32.4,47.4,156.22,0.0,8.68,cliente_paga,OK,,OK
balliu-parasol-para-terraza-acrilico-c8dd492d,SV-OCEAN-ACR-200-MINERAL-F,Parasol exterior acrílico · Ø200/Ø250 cm · Ocean acríli,l,398.95,222.76,excel_handle_est,32.4,47.4,156.22,0.0,8.68,cliente_paga,OK,,OK
balliu-parasol-para-terraza-acrilico-c8dd492d,SV-OCEAN-ACR-200-MINERAL-NF,Parasol exterior acrílico · Ø200/Ø250 cm · Ocean acríli,l,398.95,222.76,excel_handle_est,32.4,47.4,156.22,0.0,8.68,cliente_paga,OK,,OK
balliu-parasol-para-terraza-acrilico-c8dd492d,SV-OCEAN-ACR-250-ANTRACITA-F,Parasol exterior acrílico · Ø200/Ø250 cm · Ocean acríli,l,399.9,222.76,excel_handle_est,32.6,47.5,156.99,0.0,8.7,cliente_paga,OK,,OK
balliu-parasol-para-terraza-acrilico-c8dd492d,SV-OCEAN-ACR-250-ANTRACITA-NF,Parasol exterior acrílico · Ø200/Ø250 cm · Ocean acríli,l,399.9,222.76,excel_handle_est,32.6,47.5,156.99,0.0,8.7,cliente_paga,OK,,OK
balliu-parasol-para-terraza-acrilico-c8dd492d,SV-OCEAN-ACR-250-ARENA-F,Parasol exterior acrílico · Ø200/Ø250 cm · Ocean acríli,l,399.9,222.76,excel_handle_est,32.6,47.5,156.99,0.0,8.7,cliente_paga,OK,,OK
balliu-parasol-para-terraza-acrilico-c8dd492d,SV-OCEAN-ACR-250-ARENA-NF,Parasol exterior acrílico · Ø200/Ø250 cm · Ocean acríli,l,399.9,222.76,excel_handle_est,32.6,47.5,156.99,0.0,8.7,cliente_paga,OK,,OK
balliu-parasol-para-terraza-acrilico-c8dd492d,SV-OCEAN-ACR-250-AZUL-F,Parasol exterior acrílico · Ø200/Ø250 cm · Ocean acríli,l,399.9,222.76,excel_handle_est,32.6,47.5,156.99,0.0,8.7,cliente_paga,OK,,OK
balliu-parasol-para-terraza-acrilico-c8dd492d,SV-OCEAN-ACR-250-AZUL-NF,Parasol exterior acrílico · Ø200/Ø250 cm · Ocean acríli,l,399.9,222.76,excel_handle_est,32.6,47.5,156.99,0.0,8.7,cliente_paga,OK,,OK
balliu-parasol-para-terraza-acrilico-c8dd492d,SV-OCEAN-ACR-250-BLANCO-F,Parasol exterior acrílico · Ø200/Ø250 cm · Ocean acríli,l,399.9,222.76,excel_handle_est,32.6,47.5,156.99,0.0,8.7,cliente_paga,OK,,OK
balliu-parasol-para-terraza-acrilico-c8dd492d,SV-OCEAN-ACR-250-BLANCO-NF,Parasol exterior acrílico · Ø200/Ø250 cm · Ocean acríli,l,399.9,222.76,excel_handle_est,32.6,47.5,156.99,0.0,8.7,cliente_paga,OK,,OK
balliu-parasol-para-terraza-acrilico-c8dd492d,SV-OCEAN-ACR-250-CRUDO-F,Parasol exterior acrílico · Ø200/Ø250 cm · Ocean acríli,l,399.9,222.76,excel_handle_est,32.6,47.5,156.99,0.0,8.7,cliente_paga,OK,,OK
balliu-parasol-para-terraza-acrilico-c8dd492d,SV-OCEAN-ACR-250-CRUDO-NF,Parasol exterior acrílico · Ø200/Ø250 cm · Ocean acríli,l,399.9,222.76,excel_handle_est,32.6,47.5,156.99,0.0,8.7,cliente_paga,OK,,OK
balliu-parasol-para-terraza-acrilico-c8dd492d,SV-OCEAN-ACR-250-MINERAL-F,Parasol exterior acrílico · Ø200/Ø250 cm · Ocean acríli,l,399.9,222.76,excel_handle_est,32.6,47.5,156.99,0.0,8.7,cliente_paga,OK,,OK
balliu-parasol-para-terraza-acrilico-c8dd492d,SV-OCEAN-ACR-250-MINERAL-NF,Parasol exterior acrílico · Ø200/Ø250 cm · Ocean acríli,l,399.9,222.76,excel_handle_est,32.6,47.5,156.99,0.0,8.7,cliente_paga,OK,,OK
balliu-parasol-para-terraza-aluminio-300-cm-3b7e77d1,SV-GARBI-BLANCO,Parasol redondo exterior · aluminio Ø300 cm · Garbí,l,1049.0,561.54,excel_handle_est,35.2,32.7,283.07,0.0,22.33,envio_gratis,OK,,OK
balliu-parasol-para-terraza-aluminio-300-cm-3b7e77d1,SV-GARBI-CAQUI,Parasol redondo exterior · aluminio Ø300 cm · Garbí,l,1049.0,561.54,excel_handle_est,35.2,32.7,283.07,0.0,22.33,envio_gratis,OK,,OK
balliu-parasol-para-terraza-aluminio-300-cm-3b7e77d1,SV-GARBI-GRIS-OSC,Parasol redondo exterior · aluminio Ø300 cm · Garbí,l,1049.0,561.54,excel_handle_est,35.2,32.7,283.07,0.0,22.33,envio_gratis,OK,,OK
balliu-parasol-para-terraza-aluminio-300-cm-0ceba8e7,SV-BRISA-BLANCO,Parasol cuadrado exterior · aluminio 300×300 cm · Brisa,l,1049.0,561.54,excel_handle_est,35.2,32.7,283.07,0.0,22.33,envio_gratis,OK,,OK
balliu-parasol-para-terraza-aluminio-300-cm-0ceba8e7,SV-BRISA-CAQUI,Parasol cuadrado exterior · aluminio 300×300 cm · Brisa,l,1049.0,561.54,excel_handle_est,35.2,32.7,283.07,0.0,22.33,envio_gratis,OK,,OK
balliu-parasol-para-terraza-aluminio-300-cm-0ceba8e7,SV-BRISA-GRIS-OSC,Parasol cuadrado exterior · aluminio 300×300 cm · Brisa,l,1049.0,561.54,excel_handle_est,35.2,32.7,283.07,0.0,22.33,envio_gratis,OK,,OK
balliu-parasol-para-terraza-aluminio-300-cm-6c1e1224,SV-ROMA-ANTRACITA,Parasol lateral exterior · aluminio 300×300 cm · Roma,l,1899.0,1019.5,excel_handle_est,35.0,32.5,509.74,0.0,40.18,envio_gratis,OK,,OK
balliu-parasol-para-terraza-aluminio-300-cm-6c1e1224,SV-ROMA-BLANCO,Parasol lateral exterior · aluminio 300×300 cm · Roma,l,1899.0,1019.5,excel_handle_est,35.0,32.5,509.74,0.0,40.18,envio_gratis,OK,,OK
balliu-parasol-para-terraza-aluminio-300-cm-6c1e1224,SV-ROMA-MINERAL,Parasol lateral exterior · aluminio 300×300 cm · Roma,l,1899.0,1019.5,excel_handle_est,35.0,32.5,509.74,0.0,40.18,envio_gratis,OK,,OK
balliu-colchoneta-para-tumbona-0e9a3256,BALLIU_COLCHONETA_TUMBONA_TELA_BALLIU_GUAT_0E9A3256,Colchoneta exterior para tumbona,l,115.95,62.07,shopify,35.2,92.8,88.97,0.0,2.73,cliente_paga,OK,,OK
balliu-colchoneta-para-tumbona-0e9a3256,BALLIU_COLCHONETA_TUMBONA_TEJIDO_ACRILICO_26977CB8,Colchoneta exterior para tumbona,l,131.95,70.57,shopify,35.3,85.6,93.36,0.0,3.07,cliente_paga,OK,,OK
balliu-colchoneta-para-tumbona-0e9a3256,BALLIU_COLCHONETA_TUMBONA_TELA_BALLIU_DRYF_41269616,Colchoneta exterior para tumbona,l,190.95,102.54,shopify,35.0,69.0,108.91,0.0,4.31,cliente_paga,OK,,OK
balliu-colchoneta-para-tumbona-0e9a3256,SV-COLCHONETA-TELA-BALLIU,Colchoneta exterior para tumbona,l,115.95,78.39,excel_handle_est,18.2,75.8,72.65,0.0,2.73,cliente_paga,OK,coste_estimado,OK
balliu-colchoneta-para-tumbona-0e9a3256,SV-COLCHONETA-ACRILICO,Colchoneta exterior para tumbona,l,131.95,78.39,excel_handle_est,28.1,78.4,85.54,0.0,3.07,cliente_paga,OK,coste_estimado,OK
balliu-colchoneta-para-tumbona-0e9a3256,SV-COLCHONETA-DRY-FEEL,Colchoneta exterior para tumbona,l,190.95,78.39,excel_handle_est,50.3,84.3,133.06,0.0,4.31,cliente_paga,OK,coste_estimado,OK
balliu-mobiliario-exterior-resina-28-cm-6264905d,BALLIU_WEGUARD_CAJA_DE_SEGU_6264905D,Mobiliario exterior resina | 28 cm,m,67.95,34.61,shopify,38.4,88.6,49.77,0.0,1.73,cliente_paga,OK,,OK
balliu-pie-de-parasol-c2147052,SV-PIE-40KG-ESTANDAR,Pie de parasol · 40 kg,l,164.95,88.17,excel_handle_est,35.3,75.1,102.34,0.0,3.76,cliente_paga,OK,,OK
balliu-pie-de-parasol-c2147052,SV-PIE-40KG-RE,Pie de parasol · 40 kg,l,126.95,88.17,excel_handle_est,16.0,68.4,71.73,0.0,2.97,cliente_paga,OK,,OK
balliu-base-de-parasol-3ee8b72d,SV-BASE-25KG,Base de hormigón para parasol,l,51.95,54.88,excel_handle_est,-27.8,103.9,44.61,0.0,1.39,cliente_paga,CRITICO,PRECIO<COSTE_IVA(66.40),OK
balliu-base-de-parasol-3ee8b72d,SV-BASE-30KG,Base de hormigón para parasol,l,99.9,54.88,excel_handle_est,33.5,100.8,83.23,0.0,2.4,cliente_paga,OK,,OK
balliu-funda-protectora-exterior-686cc405,BALLIU_FUNDA_TUMBONA_2_UNIDADES_686CC405,Funda protectora para tumbona exterior,xs,79.95,42.82,shopify,35.2,47.3,31.23,0.0,1.98,cliente_paga,OK,,OK
balliu-funda-protectora-exterior-686cc405,BALLIU_FUNDA_TUMBONA_12_UNIDADES_D7D20AB0,Funda protectora para tumbona exterior,xs,249.9,137.94,shopify,33.2,35.3,72.99,0.0,5.55,cliente_paga,OK,,OK
balliu-funda-protectora-exterior-686cc405,BALLIU_FUNDA_TUMBONA_24_UNIDADES_287BB1C0,Funda protectora para tumbona exterior,xs,329.95,176.97,shopify,35.1,36.1,98.44,0.0,7.23,cliente_paga,OK,,OK
balliu-funda-protectora-exterior-acrilico-a1c16324,BALLIU_FUNDA_PARASOL_1_UNIDADES_ACRIL_A1C16324,Funda protectora exterior acrílico,xs,36.95,19.68,shopify,35.6,64.6,19.73,0.0,1.08,cliente_paga,OK,,OK
balliu-funda-protectora-exterior-6f6d4953,BALLIU_FUNDA_SOFA_SOFA_INDIVIDUAL_6F6D4953,Funda protectora para sofá exterior,xs,129.95,69.71,shopify,35.1,41.5,44.61,0.0,3.03,cliente_paga,OK,,OK
balliu-funda-protectora-exterior-6f6d4953,BALLIU_FUNDA_SOFA_SOFA_DOBLE_0595C4C0,Funda protectora para sofá exterior,xs,186.95,99.95,shopify,35.3,39.0,60.28,0.0,4.23,cliente_paga,OK,,OK
balliu-funda-protectora-exterior-6f6d4953,BALLIU_FUNDA_SOFA_SOFA_TRIPLE_852AF1C6,Funda protectora para sofá exterior,xs,227.95,122.35,shopify,35.1,37.6,70.9,0.0,5.09,cliente_paga,OK,,OK
balliu-funda-protectora-exterior-340b2844,BALLIU_FUNDA_SILLA_6_UNIDADES_340B2844,Funda protectora exterior,xs,84.95,45.21,shopify,35.6,46.8,32.86,0.0,2.08,cliente_paga,OK,,OK
balliu-cojin-exterior-523e5ae9,BALLIU_COJIN_40X40_COJIN_CUADRAL_523E5AE9,Cojín exterior,xs,53.95,28.69,shopify,35.7,54.8,24.41,0.0,1.43,cliente_paga,OK,,OK
parasol-cuadrado-200x200,SV-AGORA-ANTRACITA,Parasol cuadrado exterior · aluminio 200×200 cm · Ágora,l,426.95,,SIN_COSTE,,,,,,,SIN_COSTE,sin coste en ninguna fuente,OK
parasol-cuadrado-200x200,SV-AGORA-ARENA,Parasol cuadrado exterior · aluminio 200×200 cm · Ágora,l,426.95,,SIN_COSTE,,,,,,,SIN_COSTE,sin coste en ninguna fuente,OK
parasol-cuadrado-200x200,SV-AGORA-AZUL,Parasol cuadrado exterior · aluminio 200×200 cm · Ágora,l,426.95,,SIN_COSTE,,,,,,,SIN_COSTE,sin coste en ninguna fuente,OK
parasol-cuadrado-200x200,SV-AGORA-BLANCO-ACR,Parasol cuadrado exterior · aluminio 200×200 cm · Ágora,l,426.95,,SIN_COSTE,,,,,,,SIN_COSTE,sin coste en ninguna fuente,OK
parasol-cuadrado-200x200,SV-AGORA-CRUDO,Parasol cuadrado exterior · aluminio 200×200 cm · Ágora,l,426.95,,SIN_COSTE,,,,,,,SIN_COSTE,sin coste en ninguna fuente,OK
parasol-cuadrado-200x200,SV-AGORA-MINERAL,Parasol cuadrado exterior · aluminio 200×200 cm · Ágora,l,426.95,,SIN_COSTE,,,,,,,SIN_COSTE,sin coste en ninguna fuente,OK
parasol-cuadrado-200x200,SV-AGORA-BLANCO-TELA,Parasol cuadrado exterior · aluminio 200×200 cm · Ágora,l,399.9,,SIN_COSTE,,,,,,,SIN_COSTE,sin coste en ninguna fuente,OK
parasol-cuadrado-200x200,SV-AGORA-CAQUI,Parasol cuadrado exterior · aluminio 200×200 cm · Ágora,l,399.9,,SIN_COSTE,,,,,,,SIN_COSTE,sin coste en ninguna fuente,OK
parasol-cuadrado-200x200,SV-AGORA-GRIS-OSC,Parasol cuadrado exterior · aluminio 200×200 cm · Ágora,l,399.9,,SIN_COSTE,,,,,,,SIN_COSTE,sin coste en ninguna fuente,OK
tumbona-carmen-tablillas,SV-CARMEN-T-BLANCO,Tumbona exterior resina · 75 cm tablillas · Carmen T,l,199.9,,SIN_COSTE,,,,,,,SIN_COSTE,sin coste en ninguna fuente,OK
tumbona-carmen-tablillas,SV-CARMEN-T-ARENA,Tumbona exterior resina · 75 cm tablillas · Carmen T,l,219.95,,SIN_COSTE,,,,,,,SIN_COSTE,sin coste en ninguna fuente,OK
tumbona-carmen-tablillas,SV-CARMEN-T-BRONCE,Tumbona exterior resina · 75 cm tablillas · Carmen T,l,219.95,,SIN_COSTE,,,,,,,SIN_COSTE,sin coste en ninguna fuente,OK
tumbona-carmen-tablillas,SV-CARMEN-T-GRIS-OSC,Tumbona exterior resina · 75 cm tablillas · Carmen T,l,219.95,,SIN_COSTE,,,,,,,SIN_COSTE,sin coste en ninguna fuente,OK
tumbona-carmen-tablillas,SV-CARMEN-T-MADERA,Tumbona exterior resina · 75 cm tablillas · Carmen T,l,219.95,,SIN_COSTE,,,,,,,SIN_COSTE,sin coste en ninguna fuente,OK
tumbona-lola-tablillas,SV-LOLA-T-BLANCO,Tumbona exterior resina playa · 75 cm tablillas · Lola ,l,199.9,,SIN_COSTE,,,,,,,SIN_COSTE,sin coste en ninguna fuente,OK
tumbona-lola-tablillas,SV-LOLA-T-ARENA,Tumbona exterior resina playa · 75 cm tablillas · Lola ,l,212.95,,SIN_COSTE,,,,,,,SIN_COSTE,sin coste en ninguna fuente,OK
tumbona-lola-tablillas,SV-LOLA-T-BRONCE,Tumbona exterior resina playa · 75 cm tablillas · Lola ,l,212.95,,SIN_COSTE,,,,,,,SIN_COSTE,sin coste en ninguna fuente,OK
tumbona-lola-tablillas,SV-LOLA-T-GRIS-OSC,Tumbona exterior resina playa · 75 cm tablillas · Lola ,l,212.95,,SIN_COSTE,,,,,,,SIN_COSTE,sin coste en ninguna fuente,OK
tumbona-lola-tablillas,SV-LOLA-T-MADERA,Tumbona exterior resina playa · 75 cm tablillas · Lola ,l,212.95,,SIN_COSTE,,,,,,,SIN_COSTE,sin coste en ninguna fuente,OK
mesa-exterior-aluminio-hpl-120x80-capri-doble,SV-CAPRI-DOBLE-BLANCO-GRIS,Mesa exterior aluminio · HPL 120×80 cm · Capri Doble,l,535.0,,SIN_COSTE,,,,,,,SIN_COSTE,sin coste en ninguna fuente,OK
mesa-exterior-aluminio-hpl-120x80-capri-doble,SV-CAPRI-DOBLE-BLANCO-BLANCO,Mesa exterior aluminio · HPL 120×80 cm · Capri Doble,l,535.0,,SIN_COSTE,,,,,,,SIN_COSTE,sin coste en ninguna fuente,OK
mesa-exterior-aluminio-hpl-120x80-capri-doble,SV-CAPRI-DOBLE-BLANCO-MOONWALK,Mesa exterior aluminio · HPL 120×80 cm · Capri Doble,l,535.0,,SIN_COSTE,,,,,,,SIN_COSTE,sin coste en ninguna fuente,OK
mesa-exterior-aluminio-hpl-120x80-capri-doble,SV-CAPRI-DOBLE-BLANCO-SKYLINE,Mesa exterior aluminio · HPL 120×80 cm · Capri Doble,l,535.0,,SIN_COSTE,,,,,,,SIN_COSTE,sin coste en ninguna fuente,OK
mesa-exterior-aluminio-hpl-120x80-capri-doble,SV-CAPRI-DOBLE-BLANCO-PRADO,Mesa exterior aluminio · HPL 120×80 cm · Capri Doble,l,535.0,,SIN_COSTE,,,,,,,SIN_COSTE,sin coste en ninguna fuente,OK
mesa-exterior-aluminio-hpl-120x80-capri-doble,SV-CAPRI-DOBLE-TORTOLA-GRIS,Mesa exterior aluminio · HPL 120×80 cm · Capri Doble,l,535.0,,SIN_COSTE,,,,,,,SIN_COSTE,sin coste en ninguna fuente,OK
mesa-exterior-aluminio-hpl-120x80-capri-doble,SV-CAPRI-DOBLE-TORTOLA-BLANCO,Mesa exterior aluminio · HPL 120×80 cm · Capri Doble,l,535.0,,SIN_COSTE,,,,,,,SIN_COSTE,sin coste en ninguna fuente,OK
mesa-exterior-aluminio-hpl-120x80-capri-doble,SV-CAPRI-DOBLE-TORTOLA-MOONWALK,Mesa exterior aluminio · HPL 120×80 cm · Capri Doble,l,535.0,,SIN_COSTE,,,,,,,SIN_COSTE,sin coste en ninguna fuente,OK
mesa-exterior-aluminio-hpl-120x80-capri-doble,SV-CAPRI-DOBLE-TORTOLA-SKYLINE,Mesa exterior aluminio · HPL 120×80 cm · Capri Doble,l,535.0,,SIN_COSTE,,,,,,,SIN_COSTE,sin coste en ninguna fuente,OK
mesa-exterior-aluminio-hpl-120x80-capri-doble,SV-CAPRI-DOBLE-TORTOLA-PRADO,Mesa exterior aluminio · HPL 120×80 cm · Capri Doble,l,535.0,,SIN_COSTE,,,,,,,SIN_COSTE,sin coste en ninguna fuente,OK
mesa-exterior-aluminio-hpl-120x80-capri-doble,SV-CAPRI-DOBLE-ALUMINIO-GRIS,Mesa exterior aluminio · HPL 120×80 cm · Capri Doble,l,535.0,,SIN_COSTE,,,,,,,SIN_COSTE,sin coste en ninguna fuente,OK
mesa-exterior-aluminio-hpl-120x80-capri-doble,SV-CAPRI-DOBLE-ALUMINIO-BLANCO,Mesa exterior aluminio · HPL 120×80 cm · Capri Doble,l,535.0,,SIN_COSTE,,,,,,,SIN_COSTE,sin coste en ninguna fuente,OK
mesa-exterior-aluminio-hpl-120x80-capri-doble,SV-CAPRI-DOBLE-ALUMINIO-MOONWALK,Mesa exterior aluminio · HPL 120×80 cm · Capri Doble,l,535.0,,SIN_COSTE,,,,,,,SIN_COSTE,sin coste en ninguna fuente,OK
mesa-exterior-aluminio-hpl-120x80-capri-doble,SV-CAPRI-DOBLE-ALUMINIO-SKYLINE,Mesa exterior aluminio · HPL 120×80 cm · Capri Doble,l,535.0,,SIN_COSTE,,,,,,,SIN_COSTE,sin coste en ninguna fuente,OK
mesa-exterior-aluminio-hpl-120x80-capri-doble,SV-CAPRI-DOBLE-ALUMINIO-PRADO,Mesa exterior aluminio · HPL 120×80 cm · Capri Doble,l,535.0,,SIN_COSTE,,,,,,,SIN_COSTE,sin coste en ninguna fuente,OK
