product_id,title,status,variant_id,price,compare_at
gid://shopify/Product/15507125371204,Set jardín · contemporáneo | sofá 2 plazas + 2 sillones + mesa,DRAFT,gid://shopify/ProductVariant/56556653543748,349.90,384.95
gid://shopify/Product/15507125403972,Set jardín aluminio 2 plazas · contemporáneo | sofá 2 plazas + 2 sillones + mesa,ACTIVE,gid://shopify/ProductVariant/56556653576516,4679.00,5100.00
gid://shopify/Product/15507125633348,Mesa de centro exterior 120 cm · altura 40 cm,ACTIVE,gid://shopify/ProductVariant/56556653773124,322.95,349.95
gid://shopify/Product/15507126812996,Mesa de centro exterior 120 cm · altura 41 cm,ACTIVE,gid://shopify/ProductVariant/56556655477060,449.90,471.90
gid://shopify/Product/15507127140676,Reposapiés exterior · 85×50×43 cm,ACTIVE,gid://shopify/ProductVariant/56556655804740,349.90,356.95
gid://shopify/Product/15507127304516,Reposapiés exterior · 85×50×43 cm,ACTIVE,gid://shopify/ProductVariant/56556655968580,399.90,411.40
gid://shopify/Product/15507128156484,Mesa de centro exterior 120 cm · altura 40 cm 2,ACTIVE,gid://shopify/ProductVariant/56556656820548,441.95,486.95
gid://shopify/Product/15507128549700,Set jardín 3 plazas · contemporáneo | sofá 3 plazas + 2 sillones + mesa 5,ACTIVE,gid://shopify/ProductVariant/56556657213764,2765.00,3000.00
gid://shopify/Product/15507128615236,Sillón exterior · estilo urbano | 66×70 cm,ACTIVE,gid://shopify/ProductVariant/56556657279300,449.90,465.85
gid://shopify/Product/15507129073988,Mesa comedor exterior HPL,ACTIVE,gid://shopify/ProductVariant/56558962213188,720.00,800.00
gid://shopify/Product/15507129368900,Tumbona de exterior,ACTIVE,gid://shopify/ProductVariant/56556658852164,193.95,213.95
gid://shopify/Product/15507129401668,Parasol para terraza Ø300 cm,DRAFT,gid://shopify/ProductVariant/56556658884932,349.90,399.95
gid://shopify/Product/15507129434436,Parasol para terraza Ø350 cm,DRAFT,gid://shopify/ProductVariant/56556658917700,1079.00,1200.00
gid://shopify/Product/15507129467204,Parasol para terraza Ø300 cm 2,DRAFT,gid://shopify/ProductVariant/56556658950468,163.95,179.95
gid://shopify/Product/15512246419780,Tumbona exterior resina · Ø73 cm tablillas · Eva Pro T,ACTIVE,gid://shopify/ProductVariant/56762913128772,219.95,241.95
gid://shopify/Product/15512246419780,Tumbona exterior resina · Ø73 cm tablillas · Eva Pro T,ACTIVE,gid://shopify/ProductVariant/56762913161540,242.95,267.95
gid://shopify/Product/15512246419780,Tumbona exterior resina · Ø73 cm tablillas · Eva Pro T,ACTIVE,gid://shopify/ProductVariant/56762913194308,242.95,267.95
gid://shopify/Product/15512246419780,Tumbona exterior resina · Ø73 cm tablillas · Eva Pro T,ACTIVE,gid://shopify/ProductVariant/56762913227076,242.95,267.95
gid://shopify/Product/15512246419780,Tumbona exterior resina · Ø73 cm tablillas · Eva Pro T,ACTIVE,gid://shopify/ProductVariant/56762913259844,242.95,267.95
gid://shopify/Product/15512246485316,Tumbona exterior resina · Ø73 cm tela · Eva Pro,ACTIVE,gid://shopify/ProductVariant/56762910507332,228.95,249.95
gid://shopify/Product/15512246485316,Tumbona exterior resina · Ø73 cm tela · Eva Pro,ACTIVE,gid://shopify/ProductVariant/56762910540100,228.95,249.95
gid://shopify/Product/15512246485316,Tumbona exterior resina · Ø73 cm tela · Eva Pro,ACTIVE,gid://shopify/ProductVariant/56762910572868,228.95,249.95
gid://shopify/Product/15512246485316,Tumbona exterior resina · Ø73 cm tela · Eva Pro,ACTIVE,gid://shopify/ProductVariant/56762910605636,228.95,249.95
gid://shopify/Product/15512246485316,Tumbona exterior resina · Ø73 cm tela · Eva Pro,ACTIVE,gid://shopify/ProductVariant/56762910638404,228.95,249.95
gid://shopify/Product/15512246485316,Tumbona exterior resina · Ø73 cm tela · Eva Pro,ACTIVE,gid://shopify/ProductVariant/56762910671172,228.95,249.95
gid://shopify/Product/15512246485316,Tumbona exterior resina · Ø73 cm tela · Eva Pro,ACTIVE,gid://shopify/ProductVariant/56762910703940,228.95,249.95
gid://shopify/Product/15512246485316,Tumbona exterior resina · Ø73 cm tela · Eva Pro,ACTIVE,gid://shopify/ProductVariant/56762910736708,228.95,249.95
gid://shopify/Product/15512246485316,Tumbona exterior resina · Ø73 cm tela · Eva Pro,ACTIVE,gid://shopify/ProductVariant/56762910769476,228.95,249.95
gid://shopify/Product/15512246485316,Tumbona exterior resina · Ø73 cm tela · Eva Pro,ACTIVE,gid://shopify/ProductVariant/56762910802244,228.95,249.95
gid://shopify/Product/15512246485316,Tumbona exterior resina · Ø73 cm tela · Eva Pro,ACTIVE,gid://shopify/ProductVariant/56762910835012,228.95,249.95
gid://shopify/Product/15512246485316,Tumbona exterior resina · Ø73 cm tela · Eva Pro,ACTIVE,gid://shopify/ProductVariant/56762910867780,228.95,249.95
gid://shopify/Product/15512246485316,Tumbona exterior resina · Ø73 cm tela · Eva Pro,ACTIVE,gid://shopify/ProductVariant/56762910900548,228.95,249.95
gid://shopify/Product/15512246485316,Tumbona exterior resina · Ø73 cm tela · Eva Pro,ACTIVE,gid://shopify/ProductVariant/56762910933316,228.95,249.95
gid://shopify/Product/15512246485316,Tumbona exterior resina · Ø73 cm tela · Eva Pro,ACTIVE,gid://shopify/ProductVariant/56762910966084,228.95,249.95
gid://shopify/Product/15512246485316,Tumbona exterior resina · Ø73 cm tela · Eva Pro,ACTIVE,gid://shopify/ProductVariant/56762910998852,228.95,249.95
gid://shopify/Product/15512246485316,Tumbona exterior resina · Ø73 cm tela · Eva Pro,ACTIVE,gid://shopify/ProductVariant/56762911031620,242.95,267.95
gid://shopify/Product/15512246485316,Tumbona exterior resina · Ø73 cm tela · Eva Pro,ACTIVE,gid://shopify/ProductVariant/56762911064388,242.95,267.95
gid://shopify/Product/15512246485316,Tumbona exterior resina · Ø73 cm tela · Eva Pro,ACTIVE,gid://shopify/ProductVariant/56762911097156,242.95,267.95
gid://shopify/Product/15512246485316,Tumbona exterior resina · Ø73 cm tela · Eva Pro,ACTIVE,gid://shopify/ProductVariant/56762911129924,242.95,267.95
gid://shopify/Product/15512246485316,Tumbona exterior resina · Ø73 cm tela · Eva Pro,ACTIVE,gid://shopify/ProductVariant/56762911162692,242.95,267.95
gid://shopify/Product/15512246485316,Tumbona exterior resina · Ø73 cm tela · Eva Pro,ACTIVE,gid://shopify/ProductVariant/56762911195460,242.95,267.95
gid://shopify/Product/15512246485316,Tumbona exterior resina · Ø73 cm tela · Eva Pro,ACTIVE,gid://shopify/ProductVariant/56762911228228,242.95,267.95
gid://shopify/Product/15512246485316,Tumbona exterior resina · Ø73 cm tela · Eva Pro,ACTIVE,gid://shopify/ProductVariant/56762911260996,242.95,267.95
gid://shopify/Product/15512246485316,Tumbona exterior resina · Ø73 cm tela · Eva Pro,ACTIVE,gid://shopify/ProductVariant/56762911293764,242.95,267.95
gid://shopify/Product/15512246485316,Tumbona exterior resina · Ø73 cm tela · Eva Pro,ACTIVE,gid://shopify/ProductVariant/56762911326532,242.95,267.95
gid://shopify/Product/15512246485316,Tumbona exterior resina · Ø73 cm tela · Eva Pro,ACTIVE,gid://shopify/ProductVariant/56762911359300,242.95,267.95
gid://shopify/Product/15512246485316,Tumbona exterior resina · Ø73 cm tela · Eva Pro,ACTIVE,gid://shopify/ProductVariant/56762911392068,242.95,267.95
gid://shopify/Product/15512246485316,Tumbona exterior resina · Ø73 cm tela · Eva Pro,ACTIVE,gid://shopify/ProductVariant/56762911424836,242.95,267.95
gid://shopify/Product/15512246485316,Tumbona exterior resina · Ø73 cm tela · Eva Pro,ACTIVE,gid://shopify/ProductVariant/56762911457604,242.95,267.95
gid://shopify/Product/15512246485316,Tumbona exterior resina · Ø73 cm tela · Eva Pro,ACTIVE,gid://shopify/ProductVariant/56762911490372,242.95,267.95
gid://shopify/Product/15512246485316,Tumbona exterior resina · Ø73 cm tela · Eva Pro,ACTIVE,gid://shopify/ProductVariant/56762911523140,242.95,267.95
gid://shopify/Product/15512246485316,Tumbona exterior resina · Ø73 cm tela · Eva Pro,ACTIVE,gid://shopify/ProductVariant/56762911555908,242.95,267.95
gid://shopify/Product/15512246485316,Tumbona exterior resina · Ø73 cm tela · Eva Pro,ACTIVE,gid://shopify/ProductVariant/56762911588676,242.95,267.95
gid://shopify/Product/15512246485316,Tumbona exterior resina · Ø73 cm tela · Eva Pro,ACTIVE,gid://shopify/ProductVariant/56762911621444,242.95,267.95
gid://shopify/Product/15512246485316,Tumbona exterior resina · Ø73 cm tela · Eva Pro,ACTIVE,gid://shopify/ProductVariant/56762911654212,242.95,267.95
gid://shopify/Product/15512246485316,Tumbona exterior resina · Ø73 cm tela · Eva Pro,ACTIVE,gid://shopify/ProductVariant/56762911686980,242.95,267.95
gid://shopify/Product/15512246485316,Tumbona exterior resina · Ø73 cm tela · Eva Pro,ACTIVE,gid://shopify/ProductVariant/56762911719748,242.95,267.95
gid://shopify/Product/15512246485316,Tumbona exterior resina · Ø73 cm tela · Eva Pro,ACTIVE,gid://shopify/ProductVariant/56762911752516,242.95,267.95
gid://shopify/Product/15512246485316,Tumbona exterior resina · Ø73 cm tela · Eva Pro,ACTIVE,gid://shopify/ProductVariant/56762911785284,242.95,267.95
gid://shopify/Product/15512246485316,Tumbona exterior resina · Ø73 cm tela · Eva Pro,ACTIVE,gid://shopify/ProductVariant/56762911818052,242.95,267.95
gid://shopify/Product/15512246485316,Tumbona exterior resina · Ø73 cm tela · Eva Pro,ACTIVE,gid://shopify/ProductVariant/56762911850820,242.95,267.95
gid://shopify/Product/15512246485316,Tumbona exterior resina · Ø73 cm tela · Eva Pro,ACTIVE,gid://shopify/ProductVariant/56762911883588,242.95,267.95
gid://shopify/Product/15512246485316,Tumbona exterior resina · Ø73 cm tela · Eva Pro,ACTIVE,gid://shopify/ProductVariant/56762911916356,242.95,267.95
gid://shopify/Product/15512246485316,Tumbona exterior resina · Ø73 cm tela · Eva Pro,ACTIVE,gid://shopify/ProductVariant/56762911949124,242.95,267.95
gid://shopify/Product/15512246485316,Tumbona exterior resina · Ø73 cm tela · Eva Pro,ACTIVE,gid://shopify/ProductVariant/56762911981892,242.95,267.95
gid://shopify/Product/15512246485316,Tumbona exterior resina · Ø73 cm tela · Eva Pro,ACTIVE,gid://shopify/ProductVariant/56762912014660,242.95,267.95
gid://shopify/Product/15512246485316,Tumbona exterior resina · Ø73 cm tela · Eva Pro,ACTIVE,gid://shopify/ProductVariant/56762912047428,242.95,267.95
gid://shopify/Product/15512246485316,Tumbona exterior resina · Ø73 cm tela · Eva Pro,ACTIVE,gid://shopify/ProductVariant/56762912080196,242.95,267.95
gid://shopify/Product/15512246485316,Tumbona exterior resina · Ø73 cm tela · Eva Pro,ACTIVE,gid://shopify/ProductVariant/56762912112964,242.95,267.95
gid://shopify/Product/15512246485316,Tumbona exterior resina · Ø73 cm tela · Eva Pro,ACTIVE,gid://shopify/ProductVariant/56762912145732,242.95,267.95
gid://shopify/Product/15512246485316,Tumbona exterior resina · Ø73 cm tela · Eva Pro,ACTIVE,gid://shopify/ProductVariant/56762912178500,242.95,267.95
gid://shopify/Product/15512246485316,Tumbona exterior resina · Ø73 cm tela · Eva Pro,ACTIVE,gid://shopify/ProductVariant/56762912211268,242.95,267.95
gid://shopify/Product/15512246485316,Tumbona exterior resina · Ø73 cm tela · Eva Pro,ACTIVE,gid://shopify/ProductVariant/56762912244036,242.95,267.95
gid://shopify/Product/15512246485316,Tumbona exterior resina · Ø73 cm tela · Eva Pro,ACTIVE,gid://shopify/ProductVariant/56762912276804,242.95,267.95
gid://shopify/Product/15512246485316,Tumbona exterior resina · Ø73 cm tela · Eva Pro,ACTIVE,gid://shopify/ProductVariant/56762912309572,242.95,267.95
gid://shopify/Product/15512246485316,Tumbona exterior resina · Ø73 cm tela · Eva Pro,ACTIVE,gid://shopify/ProductVariant/56762912342340,242.95,267.95
gid://shopify/Product/15512246485316,Tumbona exterior resina · Ø73 cm tela · Eva Pro,ACTIVE,gid://shopify/ProductVariant/56762912375108,242.95,267.95
gid://shopify/Product/15512246485316,Tumbona exterior resina · Ø73 cm tela · Eva Pro,ACTIVE,gid://shopify/ProductVariant/56762912407876,242.95,267.95
gid://shopify/Product/15512246485316,Tumbona exterior resina · Ø73 cm tela · Eva Pro,ACTIVE,gid://shopify/ProductVariant/56762912440644,242.95,267.95
gid://shopify/Product/15512246485316,Tumbona exterior resina · Ø73 cm tela · Eva Pro,ACTIVE,gid://shopify/ProductVariant/56762912473412,242.95,267.95
gid://shopify/Product/15512246485316,Tumbona exterior resina · Ø73 cm tela · Eva Pro,ACTIVE,gid://shopify/ProductVariant/56762912506180,242.95,267.95
gid://shopify/Product/15512246485316,Tumbona exterior resina · Ø73 cm tela · Eva Pro,ACTIVE,gid://shopify/ProductVariant/56762912538948,242.95,267.95
gid://shopify/Product/15512246485316,Tumbona exterior resina · Ø73 cm tela · Eva Pro,ACTIVE,gid://shopify/ProductVariant/56762912571716,242.95,267.95
gid://shopify/Product/15512246485316,Tumbona exterior resina · Ø73 cm tela · Eva Pro,ACTIVE,gid://shopify/ProductVariant/56762912604484,242.95,267.95
gid://shopify/Product/15512246485316,Tumbona exterior resina · Ø73 cm tela · Eva Pro,ACTIVE,gid://shopify/ProductVariant/56762912637252,242.95,267.95
gid://shopify/Product/15512246485316,Tumbona exterior resina · Ø73 cm tela · Eva Pro,ACTIVE,gid://shopify/ProductVariant/56762912670020,242.95,267.95
gid://shopify/Product/15512246485316,Tumbona exterior resina · Ø73 cm tela · Eva Pro,ACTIVE,gid://shopify/ProductVariant/56762912702788,242.95,267.95
gid://shopify/Product/15512246485316,Tumbona exterior resina · Ø73 cm tela · Eva Pro,ACTIVE,gid://shopify/ProductVariant/56762912735556,242.95,267.95
gid://shopify/Product/15512246485316,Tumbona exterior resina · Ø73 cm tela · Eva Pro,ACTIVE,gid://shopify/ProductVariant/56762912768324,242.95,267.95
gid://shopify/Product/15512246485316,Tumbona exterior resina · Ø73 cm tela · Eva Pro,ACTIVE,gid://shopify/ProductVariant/56762912801092,242.95,267.95
gid://shopify/Product/15512246485316,Tumbona exterior resina · Ø73 cm tela · Eva Pro,ACTIVE,gid://shopify/ProductVariant/56762912833860,242.95,267.95
gid://shopify/Product/15512246485316,Tumbona exterior resina · Ø73 cm tela · Eva Pro,ACTIVE,gid://shopify/ProductVariant/56762912866628,242.95,267.95
gid://shopify/Product/15512246485316,Tumbona exterior resina · Ø73 cm tela · Eva Pro,ACTIVE,gid://shopify/ProductVariant/56762912899396,242.95,267.95
gid://shopify/Product/15512246485316,Tumbona exterior resina · Ø73 cm tela · Eva Pro,ACTIVE,gid://shopify/ProductVariant/56762912932164,242.95,267.95
gid://shopify/Product/15512246485316,Tumbona exterior resina · Ø73 cm tela · Eva Pro,ACTIVE,gid://shopify/ProductVariant/56762912964932,242.95,267.95
gid://shopify/Product/15512246485316,Tumbona exterior resina · Ø73 cm tela · Eva Pro,ACTIVE,gid://shopify/ProductVariant/56762912997700,242.95,267.95
gid://shopify/Product/15512246485316,Tumbona exterior resina · Ø73 cm tela · Eva Pro,ACTIVE,gid://shopify/ProductVariant/56762913030468,242.95,267.95
gid://shopify/Product/15512246485316,Tumbona exterior resina · Ø73 cm tela · Eva Pro,ACTIVE,gid://shopify/ProductVariant/56762913063236,242.95,267.95
gid://shopify/Product/15512246485316,Tumbona exterior resina · Ø73 cm tela · Eva Pro,ACTIVE,gid://shopify/ProductVariant/56762913096004,242.95,267.95
gid://shopify/Product/15512246518084,Tumbona de exterior resina,DRAFT,gid://shopify/ProductVariant/56581959582020,242.95,266.95
gid://shopify/Product/15512246649156,Tumbona exterior resina · 75 cm tela · Carmen,ACTIVE,gid://shopify/ProductVariant/56762920206660,183.95,199.95
gid://shopify/Product/15512246649156,Tumbona exterior resina · 75 cm tela · Carmen,ACTIVE,gid://shopify/ProductVariant/56762920239428,183.95,199.95
gid://shopify/Product/15512246649156,Tumbona exterior resina · 75 cm tela · Carmen,ACTIVE,gid://shopify/ProductVariant/56762920272196,183.95,199.95
gid://shopify/Product/15512246649156,Tumbona exterior resina · 75 cm tela · Carmen,ACTIVE,gid://shopify/ProductVariant/56762920304964,183.95,199.95
gid://shopify/Product/15512246649156,Tumbona exterior resina · 75 cm tela · Carmen,ACTIVE,gid://shopify/ProductVariant/56762920337732,183.95,199.95
gid://shopify/Product/15512246649156,Tumbona exterior resina · 75 cm tela · Carmen,ACTIVE,gid://shopify/ProductVariant/56762920370500,183.95,199.95
gid://shopify/Product/15512246649156,Tumbona exterior resina · 75 cm tela · Carmen,ACTIVE,gid://shopify/ProductVariant/56762920403268,183.95,199.95
gid://shopify/Product/15512246649156,Tumbona exterior resina · 75 cm tela · Carmen,ACTIVE,gid://shopify/ProductVariant/56762920436036,183.95,199.95
gid://shopify/Product/15512246649156,Tumbona exterior resina · 75 cm tela · Carmen,ACTIVE,gid://shopify/ProductVariant/56762920468804,183.95,199.95
gid://shopify/Product/15512246649156,Tumbona exterior resina · 75 cm tela · Carmen,ACTIVE,gid://shopify/ProductVariant/56762920501572,183.95,199.95
gid://shopify/Product/15512246649156,Tumbona exterior resina · 75 cm tela · Carmen,ACTIVE,gid://shopify/ProductVariant/56762920534340,183.95,199.95
gid://shopify/Product/15512246649156,Tumbona exterior resina · 75 cm tela · Carmen,ACTIVE,gid://shopify/ProductVariant/56762920567108,183.95,199.95
gid://shopify/Product/15512246649156,Tumbona exterior resina · 75 cm tela · Carmen,ACTIVE,gid://shopify/ProductVariant/56762920599876,183.95,199.95
gid://shopify/Product/15512246649156,Tumbona exterior resina · 75 cm tela · Carmen,ACTIVE,gid://shopify/ProductVariant/56762920632644,183.95,199.95
gid://shopify/Product/15512246649156,Tumbona exterior resina · 75 cm tela · Carmen,ACTIVE,gid://shopify/ProductVariant/56762920665412,183.95,199.95
gid://shopify/Product/15512246649156,Tumbona exterior resina · 75 cm tela · Carmen,ACTIVE,gid://shopify/ProductVariant/56762920698180,183.95,199.95
gid://shopify/Product/15512246649156,Tumbona exterior resina · 75 cm tela · Carmen,ACTIVE,gid://shopify/ProductVariant/56762920730948,188.95,199.95
gid://shopify/Product/15512246649156,Tumbona exterior resina · 75 cm tela · Carmen,ACTIVE,gid://shopify/ProductVariant/56762920763716,188.95,199.95
gid://shopify/Product/15512246649156,Tumbona exterior resina · 75 cm tela · Carmen,ACTIVE,gid://shopify/ProductVariant/56762920796484,188.95,199.95
gid://shopify/Product/15512246649156,Tumbona exterior resina · 75 cm tela · Carmen,ACTIVE,gid://shopify/ProductVariant/56762920829252,188.95,199.95
gid://shopify/Product/15512246649156,Tumbona exterior resina · 75 cm tela · Carmen,ACTIVE,gid://shopify/ProductVariant/56762920862020,188.95,199.95
gid://shopify/Product/15512246649156,Tumbona exterior resina · 75 cm tela · Carmen,ACTIVE,gid://shopify/ProductVariant/56762920894788,188.95,199.95
gid://shopify/Product/15512246649156,Tumbona exterior resina · 75 cm tela · Carmen,ACTIVE,gid://shopify/ProductVariant/56762920927556,188.95,199.95
gid://shopify/Product/15512246649156,Tumbona exterior resina · 75 cm tela · Carmen,ACTIVE,gid://shopify/ProductVariant/56762920960324,188.95,199.95
gid://shopify/Product/15512246649156,Tumbona exterior resina · 75 cm tela · Carmen,ACTIVE,gid://shopify/ProductVariant/56762920993092,188.95,199.95
gid://shopify/Product/15512246649156,Tumbona exterior resina · 75 cm tela · Carmen,ACTIVE,gid://shopify/ProductVariant/56762921025860,188.95,199.95
gid://shopify/Product/15512246649156,Tumbona exterior resina · 75 cm tela · Carmen,ACTIVE,gid://shopify/ProductVariant/56762921058628,188.95,199.95
gid://shopify/Product/15512246649156,Tumbona exterior resina · 75 cm tela · Carmen,ACTIVE,gid://shopify/ProductVariant/56762921091396,188.95,199.95
gid://shopify/Product/15512246649156,Tumbona exterior resina · 75 cm tela · Carmen,ACTIVE,gid://shopify/ProductVariant/56762921124164,188.95,199.95
gid://shopify/Product/15512246649156,Tumbona exterior resina · 75 cm tela · Carmen,ACTIVE,gid://shopify/ProductVariant/56762921156932,188.95,199.95
gid://shopify/Product/15512246649156,Tumbona exterior resina · 75 cm tela · Carmen,ACTIVE,gid://shopify/ProductVariant/56762921189700,188.95,199.95
gid://shopify/Product/15512246649156,Tumbona exterior resina · 75 cm tela · Carmen,ACTIVE,gid://shopify/ProductVariant/56762921222468,188.95,199.95
gid://shopify/Product/15512246649156,Tumbona exterior resina · 75 cm tela · Carmen,ACTIVE,gid://shopify/ProductVariant/56762921255236,188.95,199.95
gid://shopify/Product/15512246649156,Tumbona exterior resina · 75 cm tela · Carmen,ACTIVE,gid://shopify/ProductVariant/56762921288004,188.95,199.95
gid://shopify/Product/15512246649156,Tumbona exterior resina · 75 cm tela · Carmen,ACTIVE,gid://shopify/ProductVariant/56762921320772,188.95,199.95
gid://shopify/Product/15512246649156,Tumbona exterior resina · 75 cm tela · Carmen,ACTIVE,gid://shopify/ProductVariant/56762921353540,188.95,199.95
gid://shopify/Product/15512246649156,Tumbona exterior resina · 75 cm tela · Carmen,ACTIVE,gid://shopify/ProductVariant/56762921386308,188.95,199.95
gid://shopify/Product/15512246649156,Tumbona exterior resina · 75 cm tela · Carmen,ACTIVE,gid://shopify/ProductVariant/56762921419076,188.95,199.95
gid://shopify/Product/15512246649156,Tumbona exterior resina · 75 cm tela · Carmen,ACTIVE,gid://shopify/ProductVariant/56762921451844,188.95,199.95
gid://shopify/Product/15512246649156,Tumbona exterior resina · 75 cm tela · Carmen,ACTIVE,gid://shopify/ProductVariant/56762921484612,188.95,199.95
gid://shopify/Product/15512246649156,Tumbona exterior resina · 75 cm tela · Carmen,ACTIVE,gid://shopify/ProductVariant/56762921517380,188.95,199.95
gid://shopify/Product/15512246649156,Tumbona exterior resina · 75 cm tela · Carmen,ACTIVE,gid://shopify/ProductVariant/56762921550148,188.95,199.95
gid://shopify/Product/15512246649156,Tumbona exterior resina · 75 cm tela · Carmen,ACTIVE,gid://shopify/ProductVariant/56762921582916,188.95,199.95
gid://shopify/Product/15512246649156,Tumbona exterior resina · 75 cm tela · Carmen,ACTIVE,gid://shopify/ProductVariant/56762921615684,188.95,199.95
gid://shopify/Product/15512246649156,Tumbona exterior resina · 75 cm tela · Carmen,ACTIVE,gid://shopify/ProductVariant/56762921648452,188.95,199.95
gid://shopify/Product/15512246649156,Tumbona exterior resina · 75 cm tela · Carmen,ACTIVE,gid://shopify/ProductVariant/56762921681220,188.95,199.95
gid://shopify/Product/15512246649156,Tumbona exterior resina · 75 cm tela · Carmen,ACTIVE,gid://shopify/ProductVariant/56762921713988,188.95,199.95
gid://shopify/Product/15512246649156,Tumbona exterior resina · 75 cm tela · Carmen,ACTIVE,gid://shopify/ProductVariant/56762921746756,188.95,199.95
gid://shopify/Product/15512246649156,Tumbona exterior resina · 75 cm tela · Carmen,ACTIVE,gid://shopify/ProductVariant/56762921779524,188.95,199.95
gid://shopify/Product/15512246649156,Tumbona exterior resina · 75 cm tela · Carmen,ACTIVE,gid://shopify/ProductVariant/56762921812292,188.95,199.95
gid://shopify/Product/15512246649156,Tumbona exterior resina · 75 cm tela · Carmen,ACTIVE,gid://shopify/ProductVariant/56762921845060,188.95,199.95
gid://shopify/Product/15512246649156,Tumbona exterior resina · 75 cm tela · Carmen,ACTIVE,gid://shopify/ProductVariant/56762921877828,188.95,199.95
gid://shopify/Product/15512246649156,Tumbona exterior resina · 75 cm tela · Carmen,ACTIVE,gid://shopify/ProductVariant/56762921910596,188.95,199.95
gid://shopify/Product/15512246649156,Tumbona exterior resina · 75 cm tela · Carmen,ACTIVE,gid://shopify/ProductVariant/56762921943364,188.95,199.95
gid://shopify/Product/15512246649156,Tumbona exterior resina · 75 cm tela · Carmen,ACTIVE,gid://shopify/ProductVariant/56762921976132,188.95,199.95
gid://shopify/Product/15512246649156,Tumbona exterior resina · 75 cm tela · Carmen,ACTIVE,gid://shopify/ProductVariant/56762922008900,188.95,199.95
gid://shopify/Product/15512246649156,Tumbona exterior resina · 75 cm tela · Carmen,ACTIVE,gid://shopify/ProductVariant/56762922041668,188.95,199.95
gid://shopify/Product/15512246649156,Tumbona exterior resina · 75 cm tela · Carmen,ACTIVE,gid://shopify/ProductVariant/56762922074436,188.95,199.95
gid://shopify/Product/15512246649156,Tumbona exterior resina · 75 cm tela · Carmen,ACTIVE,gid://shopify/ProductVariant/56762922107204,188.95,199.95
gid://shopify/Product/15512246649156,Tumbona exterior resina · 75 cm tela · Carmen,ACTIVE,gid://shopify/ProductVariant/56762922139972,188.95,199.95
gid://shopify/Product/15512246649156,Tumbona exterior resina · 75 cm tela · Carmen,ACTIVE,gid://shopify/ProductVariant/56762922172740,188.95,199.95
gid://shopify/Product/15512246649156,Tumbona exterior resina · 75 cm tela · Carmen,ACTIVE,gid://shopify/ProductVariant/56762922205508,188.95,199.95
gid://shopify/Product/15512246649156,Tumbona exterior resina · 75 cm tela · Carmen,ACTIVE,gid://shopify/ProductVariant/56762922238276,188.95,199.95
gid://shopify/Product/15512246649156,Tumbona exterior resina · 75 cm tela · Carmen,ACTIVE,gid://shopify/ProductVariant/56762922271044,188.95,199.95
gid://shopify/Product/15512246649156,Tumbona exterior resina · 75 cm tela · Carmen,ACTIVE,gid://shopify/ProductVariant/56762922303812,188.95,199.95
gid://shopify/Product/15512246649156,Tumbona exterior resina · 75 cm tela · Carmen,ACTIVE,gid://shopify/ProductVariant/56762922336580,188.95,199.95
gid://shopify/Product/15512246649156,Tumbona exterior resina · 75 cm tela · Carmen,ACTIVE,gid://shopify/ProductVariant/56762922369348,188.95,199.95
gid://shopify/Product/15512246649156,Tumbona exterior resina · 75 cm tela · Carmen,ACTIVE,gid://shopify/ProductVariant/56762922402116,188.95,199.95
gid://shopify/Product/15512246649156,Tumbona exterior resina · 75 cm tela · Carmen,ACTIVE,gid://shopify/ProductVariant/56762922434884,188.95,199.95
gid://shopify/Product/15512246649156,Tumbona exterior resina · 75 cm tela · Carmen,ACTIVE,gid://shopify/ProductVariant/56762922467652,188.95,199.95
gid://shopify/Product/15512246649156,Tumbona exterior resina · 75 cm tela · Carmen,ACTIVE,gid://shopify/ProductVariant/56762922500420,188.95,199.95
gid://shopify/Product/15512246649156,Tumbona exterior resina · 75 cm tela · Carmen,ACTIVE,gid://shopify/ProductVariant/56762922533188,188.95,199.95
gid://shopify/Product/15512246649156,Tumbona exterior resina · 75 cm tela · Carmen,ACTIVE,gid://shopify/ProductVariant/56762922565956,188.95,199.95
gid://shopify/Product/15512246649156,Tumbona exterior resina · 75 cm tela · Carmen,ACTIVE,gid://shopify/ProductVariant/56762922598724,188.95,199.95
gid://shopify/Product/15512246649156,Tumbona exterior resina · 75 cm tela · Carmen,ACTIVE,gid://shopify/ProductVariant/56762922631492,188.95,199.95
gid://shopify/Product/15512246649156,Tumbona exterior resina · 75 cm tela · Carmen,ACTIVE,gid://shopify/ProductVariant/56762922664260,188.95,199.95
gid://shopify/Product/15512246649156,Tumbona exterior resina · 75 cm tela · Carmen,ACTIVE,gid://shopify/ProductVariant/56762922697028,188.95,199.95
gid://shopify/Product/15512246649156,Tumbona exterior resina · 75 cm tela · Carmen,ACTIVE,gid://shopify/ProductVariant/56762922729796,188.95,199.95
gid://shopify/Product/15512246649156,Tumbona exterior resina · 75 cm tela · Carmen,ACTIVE,gid://shopify/ProductVariant/56762922762564,188.95,199.95
gid://shopify/Product/15512246649156,Tumbona exterior resina · 75 cm tela · Carmen,ACTIVE,gid://shopify/ProductVariant/56762922795332,188.95,199.95
gid://shopify/Product/15512246878532,Tumbona exterior resina playa · 75 cm tela · Lola,ACTIVE,gid://shopify/ProductVariant/56762922828100,182.95,199.95
gid://shopify/Product/15512246878532,Tumbona exterior resina playa · 75 cm tela · Lola,ACTIVE,gid://shopify/ProductVariant/56762922860868,182.95,199.95
gid://shopify/Product/15512246878532,Tumbona exterior resina playa · 75 cm tela · Lola,ACTIVE,gid://shopify/ProductVariant/56762922893636,182.95,199.95
gid://shopify/Product/15512246878532,Tumbona exterior resina playa · 75 cm tela · Lola,ACTIVE,gid://shopify/ProductVariant/56762922926404,182.95,199.95
gid://shopify/Product/15512246878532,Tumbona exterior resina playa · 75 cm tela · Lola,ACTIVE,gid://shopify/ProductVariant/56762922959172,182.95,199.95
gid://shopify/Product/15512246878532,Tumbona exterior resina playa · 75 cm tela · Lola,ACTIVE,gid://shopify/ProductVariant/56762922991940,182.95,199.95
gid://shopify/Product/15512246878532,Tumbona exterior resina playa · 75 cm tela · Lola,ACTIVE,gid://shopify/ProductVariant/56762923024708,182.95,199.95
gid://shopify/Product/15512246878532,Tumbona exterior resina playa · 75 cm tela · Lola,ACTIVE,gid://shopify/ProductVariant/56762923057476,182.95,199.95
gid://shopify/Product/15512246878532,Tumbona exterior resina playa · 75 cm tela · Lola,ACTIVE,gid://shopify/ProductVariant/56762923090244,182.95,199.95
gid://shopify/Product/15512246878532,Tumbona exterior resina playa · 75 cm tela · Lola,ACTIVE,gid://shopify/ProductVariant/56762923123012,182.95,199.95
gid://shopify/Product/15512246878532,Tumbona exterior resina playa · 75 cm tela · Lola,ACTIVE,gid://shopify/ProductVariant/56762923155780,182.95,199.95
gid://shopify/Product/15512246878532,Tumbona exterior resina playa · 75 cm tela · Lola,ACTIVE,gid://shopify/ProductVariant/56762923188548,182.95,199.95
gid://shopify/Product/15512246878532,Tumbona exterior resina playa · 75 cm tela · Lola,ACTIVE,gid://shopify/ProductVariant/56762923221316,182.95,199.95
gid://shopify/Product/15512246878532,Tumbona exterior resina playa · 75 cm tela · Lola,ACTIVE,gid://shopify/ProductVariant/56762923254084,182.95,199.95
gid://shopify/Product/15512246878532,Tumbona exterior resina playa · 75 cm tela · Lola,ACTIVE,gid://shopify/ProductVariant/56762923286852,182.95,199.95
gid://shopify/Product/15512246878532,Tumbona exterior resina playa · 75 cm tela · Lola,ACTIVE,gid://shopify/ProductVariant/56762923319620,182.95,199.95
gid://shopify/Product/15512246878532,Tumbona exterior resina playa · 75 cm tela · Lola,ACTIVE,gid://shopify/ProductVariant/56762923352388,187.95,199.95
gid://shopify/Product/15512246878532,Tumbona exterior resina playa · 75 cm tela · Lola,ACTIVE,gid://shopify/ProductVariant/56762923385156,187.95,199.95
gid://shopify/Product/15512246878532,Tumbona exterior resina playa · 75 cm tela · Lola,ACTIVE,gid://shopify/ProductVariant/56762923417924,187.95,199.95
gid://shopify/Product/15512246878532,Tumbona exterior resina playa · 75 cm tela · Lola,ACTIVE,gid://shopify/ProductVariant/56762923450692,187.95,199.95
gid://shopify/Product/15512246878532,Tumbona exterior resina playa · 75 cm tela · Lola,ACTIVE,gid://shopify/ProductVariant/56762923483460,187.95,199.95
gid://shopify/Product/15512246878532,Tumbona exterior resina playa · 75 cm tela · Lola,ACTIVE,gid://shopify/ProductVariant/56762923516228,187.95,199.95
gid://shopify/Product/15512246878532,Tumbona exterior resina playa · 75 cm tela · Lola,ACTIVE,gid://shopify/ProductVariant/56762923548996,187.95,199.95
gid://shopify/Product/15512246878532,Tumbona exterior resina playa · 75 cm tela · Lola,ACTIVE,gid://shopify/ProductVariant/56762923581764,187.95,199.95
gid://shopify/Product/15512246878532,Tumbona exterior resina playa · 75 cm tela · Lola,ACTIVE,gid://shopify/ProductVariant/56762923614532,187.95,199.95
gid://shopify/Product/15512246878532,Tumbona exterior resina playa · 75 cm tela · Lola,ACTIVE,gid://shopify/ProductVariant/56762923647300,187.95,199.95
gid://shopify/Product/15512246878532,Tumbona exterior resina playa · 75 cm tela · Lola,ACTIVE,gid://shopify/ProductVariant/56762923680068,187.95,199.95
gid://shopify/Product/15512246878532,Tumbona exterior resina playa · 75 cm tela · Lola,ACTIVE,gid://shopify/ProductVariant/56762923712836,187.95,199.95
gid://shopify/Product/15512246878532,Tumbona exterior resina playa · 75 cm tela · Lola,ACTIVE,gid://shopify/ProductVariant/56762923745604,187.95,199.95
gid://shopify/Product/15512246878532,Tumbona exterior resina playa · 75 cm tela · Lola,ACTIVE,gid://shopify/ProductVariant/56762923778372,187.95,199.95
gid://shopify/Product/15512246878532,Tumbona exterior resina playa · 75 cm tela · Lola,ACTIVE,gid://shopify/ProductVariant/56762923811140,187.95,199.95
gid://shopify/Product/15512246878532,Tumbona exterior resina playa · 75 cm tela · Lola,ACTIVE,gid://shopify/ProductVariant/56762923843908,187.95,199.95
gid://shopify/Product/15512246878532,Tumbona exterior resina playa · 75 cm tela · Lola,ACTIVE,gid://shopify/ProductVariant/56762923876676,187.95,199.95
gid://shopify/Product/15512246878532,Tumbona exterior resina playa · 75 cm tela · Lola,ACTIVE,gid://shopify/ProductVariant/56762923909444,187.95,199.95
gid://shopify/Product/15512246878532,Tumbona exterior resina playa · 75 cm tela · Lola,ACTIVE,gid://shopify/ProductVariant/56762923942212,187.95,199.95
gid://shopify/Product/15512246878532,Tumbona exterior resina playa · 75 cm tela · Lola,ACTIVE,gid://shopify/ProductVariant/56762923974980,187.95,199.95
gid://shopify/Product/15512246878532,Tumbona exterior resina playa · 75 cm tela · Lola,ACTIVE,gid://shopify/ProductVariant/56762924007748,187.95,199.95
gid://shopify/Product/15512246878532,Tumbona exterior resina playa · 75 cm tela · Lola,ACTIVE,gid://shopify/ProductVariant/56762924040516,187.95,199.95
gid://shopify/Product/15512246878532,Tumbona exterior resina playa · 75 cm tela · Lola,ACTIVE,gid://shopify/ProductVariant/56762924073284,187.95,199.95
gid://shopify/Product/15512246878532,Tumbona exterior resina playa · 75 cm tela · Lola,ACTIVE,gid://shopify/ProductVariant/56762924106052,187.95,199.95
gid://shopify/Product/15512246878532,Tumbona exterior resina playa · 75 cm tela · Lola,ACTIVE,gid://shopify/ProductVariant/56762924138820,187.95,199.95
gid://shopify/Product/15512246878532,Tumbona exterior resina playa · 75 cm tela · Lola,ACTIVE,gid://shopify/ProductVariant/56762924171588,187.95,199.95
gid://shopify/Product/15512246878532,Tumbona exterior resina playa · 75 cm tela · Lola,ACTIVE,gid://shopify/ProductVariant/56762924204356,187.95,199.95
gid://shopify/Product/15512246878532,Tumbona exterior resina playa · 75 cm tela · Lola,ACTIVE,gid://shopify/ProductVariant/56762924237124,187.95,199.95
gid://shopify/Product/15512246878532,Tumbona exterior resina playa · 75 cm tela · Lola,ACTIVE,gid://shopify/ProductVariant/56762924269892,187.95,199.95
gid://shopify/Product/15512246878532,Tumbona exterior resina playa · 75 cm tela · Lola,ACTIVE,gid://shopify/ProductVariant/56762924302660,187.95,199.95
gid://shopify/Product/15512246878532,Tumbona exterior resina playa · 75 cm tela · Lola,ACTIVE,gid://shopify/ProductVariant/56762924335428,187.95,199.95
gid://shopify/Product/15512246878532,Tumbona exterior resina playa · 75 cm tela · Lola,ACTIVE,gid://shopify/ProductVariant/56762924368196,187.95,199.95
gid://shopify/Product/15512246878532,Tumbona exterior resina playa · 75 cm tela · Lola,ACTIVE,gid://shopify/ProductVariant/56762924400964,187.95,199.95
gid://shopify/Product/15512246878532,Tumbona exterior resina playa · 75 cm tela · Lola,ACTIVE,gid://shopify/ProductVariant/56762924433732,187.95,199.95
gid://shopify/Product/15512246878532,Tumbona exterior resina playa · 75 cm tela · Lola,ACTIVE,gid://shopify/ProductVariant/56762924466500,187.95,199.95
gid://shopify/Product/15512246878532,Tumbona exterior resina playa · 75 cm tela · Lola,ACTIVE,gid://shopify/ProductVariant/56762924499268,187.95,199.95
gid://shopify/Product/15512246878532,Tumbona exterior resina playa · 75 cm tela · Lola,ACTIVE,gid://shopify/ProductVariant/56762924532036,187.95,199.95
gid://shopify/Product/15512246878532,Tumbona exterior resina playa · 75 cm tela · Lola,ACTIVE,gid://shopify/ProductVariant/56762924564804,187.95,199.95
gid://shopify/Product/15512246878532,Tumbona exterior resina playa · 75 cm tela · Lola,ACTIVE,gid://shopify/ProductVariant/56762924597572,187.95,199.95
gid://shopify/Product/15512246878532,Tumbona exterior resina playa · 75 cm tela · Lola,ACTIVE,gid://shopify/ProductVariant/56762924630340,187.95,199.95
gid://shopify/Product/15512246878532,Tumbona exterior resina playa · 75 cm tela · Lola,ACTIVE,gid://shopify/ProductVariant/56762924663108,187.95,199.95
gid://shopify/Product/15512246878532,Tumbona exterior resina playa · 75 cm tela · Lola,ACTIVE,gid://shopify/ProductVariant/56762924695876,187.95,199.95
gid://shopify/Product/15512246878532,Tumbona exterior resina playa · 75 cm tela · Lola,ACTIVE,gid://shopify/ProductVariant/56762924728644,187.95,199.95
gid://shopify/Product/15512246878532,Tumbona exterior resina playa · 75 cm tela · Lola,ACTIVE,gid://shopify/ProductVariant/56762924761412,187.95,199.95
gid://shopify/Product/15512246878532,Tumbona exterior resina playa · 75 cm tela · Lola,ACTIVE,gid://shopify/ProductVariant/56762924794180,187.95,199.95
gid://shopify/Product/15512246878532,Tumbona exterior resina playa · 75 cm tela · Lola,ACTIVE,gid://shopify/ProductVariant/56762924826948,187.95,199.95
gid://shopify/Product/15512246878532,Tumbona exterior resina playa · 75 cm tela · Lola,ACTIVE,gid://shopify/ProductVariant/56762924859716,187.95,199.95
gid://shopify/Product/15512246878532,Tumbona exterior resina playa · 75 cm tela · Lola,ACTIVE,gid://shopify/ProductVariant/56762924892484,187.95,199.95
gid://shopify/Product/15512246878532,Tumbona exterior resina playa · 75 cm tela · Lola,ACTIVE,gid://shopify/ProductVariant/56762924925252,187.95,199.95
gid://shopify/Product/15512246878532,Tumbona exterior resina playa · 75 cm tela · Lola,ACTIVE,gid://shopify/ProductVariant/56762924958020,187.95,199.95
gid://shopify/Product/15512246878532,Tumbona exterior resina playa · 75 cm tela · Lola,ACTIVE,gid://shopify/ProductVariant/56762924990788,187.95,199.95
gid://shopify/Product/15512246878532,Tumbona exterior resina playa · 75 cm tela · Lola,ACTIVE,gid://shopify/ProductVariant/56762925023556,187.95,199.95
gid://shopify/Product/15512246878532,Tumbona exterior resina playa · 75 cm tela · Lola,ACTIVE,gid://shopify/ProductVariant/56762925056324,187.95,199.95
gid://shopify/Product/15512246878532,Tumbona exterior resina playa · 75 cm tela · Lola,ACTIVE,gid://shopify/ProductVariant/56762925089092,187.95,199.95
gid://shopify/Product/15512246878532,Tumbona exterior resina playa · 75 cm tela · Lola,ACTIVE,gid://shopify/ProductVariant/56762925121860,187.95,199.95
gid://shopify/Product/15512246878532,Tumbona exterior resina playa · 75 cm tela · Lola,ACTIVE,gid://shopify/ProductVariant/56762925154628,187.95,199.95
gid://shopify/Product/15512246878532,Tumbona exterior resina playa · 75 cm tela · Lola,ACTIVE,gid://shopify/ProductVariant/56762925187396,187.95,199.95
gid://shopify/Product/15512246878532,Tumbona exterior resina playa · 75 cm tela · Lola,ACTIVE,gid://shopify/ProductVariant/56762925220164,187.95,199.95
gid://shopify/Product/15512246878532,Tumbona exterior resina playa · 75 cm tela · Lola,ACTIVE,gid://shopify/ProductVariant/56762925252932,187.95,199.95
gid://shopify/Product/15512246878532,Tumbona exterior resina playa · 75 cm tela · Lola,ACTIVE,gid://shopify/ProductVariant/56762925285700,187.95,199.95
gid://shopify/Product/15512246878532,Tumbona exterior resina playa · 75 cm tela · Lola,ACTIVE,gid://shopify/ProductVariant/56762925318468,187.95,199.95
gid://shopify/Product/15512246878532,Tumbona exterior resina playa · 75 cm tela · Lola,ACTIVE,gid://shopify/ProductVariant/56762925351236,187.95,199.95
gid://shopify/Product/15512246878532,Tumbona exterior resina playa · 75 cm tela · Lola,ACTIVE,gid://shopify/ProductVariant/56762925384004,187.95,199.95
gid://shopify/Product/15512246878532,Tumbona exterior resina playa · 75 cm tela · Lola,ACTIVE,gid://shopify/ProductVariant/56762925416772,187.95,199.95
gid://shopify/Product/15512246944068,Tumbona de exterior resina | 73 cm,DRAFT,gid://shopify/ProductVariant/56581960401220,228.95,249.95
gid://shopify/Product/15512247009604,Tumbona de exterior resina | 73 cm,DRAFT,gid://shopify/ProductVariant/56581960597828,174.95,191.95
gid://shopify/Product/15512247042372,Tumbona exterior resina playa · 73 cm tela · Eva RG,ACTIVE,gid://shopify/ProductVariant/56762919158084,184.95,199.95
gid://shopify/Product/15512247042372,Tumbona exterior resina playa · 73 cm tela · Eva RG,ACTIVE,gid://shopify/ProductVariant/56762919190852,184.95,199.95
gid://shopify/Product/15512247042372,Tumbona exterior resina playa · 73 cm tela · Eva RG,ACTIVE,gid://shopify/ProductVariant/56762919223620,184.95,199.95
gid://shopify/Product/15512247042372,Tumbona exterior resina playa · 73 cm tela · Eva RG,ACTIVE,gid://shopify/ProductVariant/56762919256388,184.95,199.95
gid://shopify/Product/15512247042372,Tumbona exterior resina playa · 73 cm tela · Eva RG,ACTIVE,gid://shopify/ProductVariant/56762919289156,184.95,199.95
gid://shopify/Product/15512247042372,Tumbona exterior resina playa · 73 cm tela · Eva RG,ACTIVE,gid://shopify/ProductVariant/56762919321924,184.95,199.95
gid://shopify/Product/15512247042372,Tumbona exterior resina playa · 73 cm tela · Eva RG,ACTIVE,gid://shopify/ProductVariant/56762919354692,184.95,199.95
gid://shopify/Product/15512247042372,Tumbona exterior resina playa · 73 cm tela · Eva RG,ACTIVE,gid://shopify/ProductVariant/56762919387460,184.95,199.95
gid://shopify/Product/15512247042372,Tumbona exterior resina playa · 73 cm tela · Eva RG,ACTIVE,gid://shopify/ProductVariant/56762919420228,184.95,199.95
gid://shopify/Product/15512247042372,Tumbona exterior resina playa · 73 cm tela · Eva RG,ACTIVE,gid://shopify/ProductVariant/56762919452996,184.95,199.95
gid://shopify/Product/15512247042372,Tumbona exterior resina playa · 73 cm tela · Eva RG,ACTIVE,gid://shopify/ProductVariant/56762919485764,184.95,199.95
gid://shopify/Product/15512247042372,Tumbona exterior resina playa · 73 cm tela · Eva RG,ACTIVE,gid://shopify/ProductVariant/56762919518532,184.95,199.95
gid://shopify/Product/15512247042372,Tumbona exterior resina playa · 73 cm tela · Eva RG,ACTIVE,gid://shopify/ProductVariant/56762919551300,184.95,199.95
gid://shopify/Product/15512247042372,Tumbona exterior resina playa · 73 cm tela · Eva RG,ACTIVE,gid://shopify/ProductVariant/56762919584068,184.95,199.95
gid://shopify/Product/15512247042372,Tumbona exterior resina playa · 73 cm tela · Eva RG,ACTIVE,gid://shopify/ProductVariant/56762919616836,184.95,199.95
gid://shopify/Product/15512247042372,Tumbona exterior resina playa · 73 cm tela · Eva RG,ACTIVE,gid://shopify/ProductVariant/56762919649604,184.95,199.95
gid://shopify/Product/15512247042372,Tumbona exterior resina playa · 73 cm tela · Eva RG,ACTIVE,gid://shopify/ProductVariant/56762919682372,192.95,212.95
gid://shopify/Product/15512247042372,Tumbona exterior resina playa · 73 cm tela · Eva RG,ACTIVE,gid://shopify/ProductVariant/56762919715140,192.95,212.95
gid://shopify/Product/15512247042372,Tumbona exterior resina playa · 73 cm tela · Eva RG,ACTIVE,gid://shopify/ProductVariant/56762919747908,192.95,212.95
gid://shopify/Product/15512247042372,Tumbona exterior resina playa · 73 cm tela · Eva RG,ACTIVE,gid://shopify/ProductVariant/56762919780676,192.95,212.95
gid://shopify/Product/15512247042372,Tumbona exterior resina playa · 73 cm tela · Eva RG,ACTIVE,gid://shopify/ProductVariant/56762919813444,192.95,212.95
gid://shopify/Product/15512247042372,Tumbona exterior resina playa · 73 cm tela · Eva RG,ACTIVE,gid://shopify/ProductVariant/56762919846212,192.95,212.95
gid://shopify/Product/15512247042372,Tumbona exterior resina playa · 73 cm tela · Eva RG,ACTIVE,gid://shopify/ProductVariant/56762919878980,192.95,212.95
gid://shopify/Product/15512247042372,Tumbona exterior resina playa · 73 cm tela · Eva RG,ACTIVE,gid://shopify/ProductVariant/56762919911748,192.95,212.95
gid://shopify/Product/15512247042372,Tumbona exterior resina playa · 73 cm tela · Eva RG,ACTIVE,gid://shopify/ProductVariant/56762919944516,192.95,212.95
gid://shopify/Product/15512247042372,Tumbona exterior resina playa · 73 cm tela · Eva RG,ACTIVE,gid://shopify/ProductVariant/56762919977284,192.95,212.95
gid://shopify/Product/15512247042372,Tumbona exterior resina playa · 73 cm tela · Eva RG,ACTIVE,gid://shopify/ProductVariant/56762920010052,192.95,212.95
gid://shopify/Product/15512247042372,Tumbona exterior resina playa · 73 cm tela · Eva RG,ACTIVE,gid://shopify/ProductVariant/56762920042820,192.95,212.95
gid://shopify/Product/15512247042372,Tumbona exterior resina playa · 73 cm tela · Eva RG,ACTIVE,gid://shopify/ProductVariant/56762920075588,192.95,212.95
gid://shopify/Product/15512247042372,Tumbona exterior resina playa · 73 cm tela · Eva RG,ACTIVE,gid://shopify/ProductVariant/56762920108356,192.95,212.95
gid://shopify/Product/15512247042372,Tumbona exterior resina playa · 73 cm tela · Eva RG,ACTIVE,gid://shopify/ProductVariant/56762920141124,192.95,212.95
gid://shopify/Product/15512247042372,Tumbona exterior resina playa · 73 cm tela · Eva RG,ACTIVE,gid://shopify/ProductVariant/56762920173892,192.95,212.95
gid://shopify/Product/15512247140676,Tumbona exterior resina jardín · 73 cm tablillas · Eva RTG,ACTIVE,gid://shopify/ProductVariant/56762913292612,190.95,210.95
gid://shopify/Product/15512247173444,Tumbona exterior resina · Noa,ACTIVE,gid://shopify/ProductVariant/56762925449540,399.90,439.95
gid://shopify/Product/15512247173444,Tumbona exterior resina · Noa,ACTIVE,gid://shopify/ProductVariant/56762925482308,399.90,439.95
gid://shopify/Product/15512247173444,Tumbona exterior resina · Noa,ACTIVE,gid://shopify/ProductVariant/56762925515076,399.90,439.95
gid://shopify/Product/15512247173444,Tumbona exterior resina · Noa,ACTIVE,gid://shopify/ProductVariant/56762925547844,399.90,439.95
gid://shopify/Product/15512247173444,Tumbona exterior resina · Noa,ACTIVE,gid://shopify/ProductVariant/56762925580612,399.90,439.95
gid://shopify/Product/15512247173444,Tumbona exterior resina · Noa,ACTIVE,gid://shopify/ProductVariant/56762925613380,399.90,439.95
gid://shopify/Product/15512247173444,Tumbona exterior resina · Noa,ACTIVE,gid://shopify/ProductVariant/56762925646148,399.90,439.95
gid://shopify/Product/15512247173444,Tumbona exterior resina · Noa,ACTIVE,gid://shopify/ProductVariant/56762925678916,399.90,439.95
gid://shopify/Product/15512247173444,Tumbona exterior resina · Noa,ACTIVE,gid://shopify/ProductVariant/56762925711684,399.90,439.95
gid://shopify/Product/15512247173444,Tumbona exterior resina · Noa,ACTIVE,gid://shopify/ProductVariant/56762925744452,399.90,439.95
gid://shopify/Product/15512247173444,Tumbona exterior resina · Noa,ACTIVE,gid://shopify/ProductVariant/56762925777220,399.90,439.95
gid://shopify/Product/15512247173444,Tumbona exterior resina · Noa,ACTIVE,gid://shopify/ProductVariant/56762925809988,399.90,439.95
gid://shopify/Product/15512247173444,Tumbona exterior resina · Noa,ACTIVE,gid://shopify/ProductVariant/56762925842756,399.90,439.95
gid://shopify/Product/15512247173444,Tumbona exterior resina · Noa,ACTIVE,gid://shopify/ProductVariant/56762925875524,399.90,439.95
gid://shopify/Product/15512247173444,Tumbona exterior resina · Noa,ACTIVE,gid://shopify/ProductVariant/56762925908292,399.90,439.95
gid://shopify/Product/15512247173444,Tumbona exterior resina · Noa,ACTIVE,gid://shopify/ProductVariant/56762925941060,399.90,439.95
gid://shopify/Product/15512247173444,Tumbona exterior resina · Noa,ACTIVE,gid://shopify/ProductVariant/56762925973828,399.90,439.95
gid://shopify/Product/15512247173444,Tumbona exterior resina · Noa,ACTIVE,gid://shopify/ProductVariant/56762926006596,399.90,439.95
gid://shopify/Product/15512247173444,Tumbona exterior resina · Noa,ACTIVE,gid://shopify/ProductVariant/56762926039364,399.90,439.95
gid://shopify/Product/15512247173444,Tumbona exterior resina · Noa,ACTIVE,gid://shopify/ProductVariant/56762926072132,399.90,439.95
gid://shopify/Product/15512247173444,Tumbona exterior resina · Noa,ACTIVE,gid://shopify/ProductVariant/56762926104900,399.90,439.95
gid://shopify/Product/15512247173444,Tumbona exterior resina · Noa,ACTIVE,gid://shopify/ProductVariant/56762926137668,399.90,439.95
gid://shopify/Product/15512247173444,Tumbona exterior resina · Noa,ACTIVE,gid://shopify/ProductVariant/56762926170436,399.90,439.95
gid://shopify/Product/15512247173444,Tumbona exterior resina · Noa,ACTIVE,gid://shopify/ProductVariant/56762926203204,399.90,439.95
gid://shopify/Product/15512247173444,Tumbona exterior resina · Noa,ACTIVE,gid://shopify/ProductVariant/56762926235972,399.90,439.95
gid://shopify/Product/15512247173444,Tumbona exterior resina · Noa,ACTIVE,gid://shopify/ProductVariant/56762926268740,399.90,439.95
gid://shopify/Product/15512247173444,Tumbona exterior resina · Noa,ACTIVE,gid://shopify/ProductVariant/56762926301508,399.90,439.95
gid://shopify/Product/15512247173444,Tumbona exterior resina · Noa,ACTIVE,gid://shopify/ProductVariant/56762926334276,399.90,439.95
gid://shopify/Product/15512247173444,Tumbona exterior resina · Noa,ACTIVE,gid://shopify/ProductVariant/56762926367044,399.90,439.95
gid://shopify/Product/15512247173444,Tumbona exterior resina · Noa,ACTIVE,gid://shopify/ProductVariant/56762926399812,399.90,439.95
gid://shopify/Product/15512247173444,Tumbona exterior resina · Noa,ACTIVE,gid://shopify/ProductVariant/56762926432580,399.90,439.95
gid://shopify/Product/15512247173444,Tumbona exterior resina · Noa,ACTIVE,gid://shopify/ProductVariant/56762926465348,399.90,439.95
gid://shopify/Product/15512247173444,Tumbona exterior resina · Noa,ACTIVE,gid://shopify/ProductVariant/56762926498116,399.90,439.95
gid://shopify/Product/15512247173444,Tumbona exterior resina · Noa,ACTIVE,gid://shopify/ProductVariant/56762926530884,399.90,439.95
gid://shopify/Product/15512247173444,Tumbona exterior resina · Noa,ACTIVE,gid://shopify/ProductVariant/56762926563652,399.90,439.95
gid://shopify/Product/15512247173444,Tumbona exterior resina · Noa,ACTIVE,gid://shopify/ProductVariant/56762926596420,399.90,439.95
gid://shopify/Product/15512247173444,Tumbona exterior resina · Noa,ACTIVE,gid://shopify/ProductVariant/56762926629188,399.90,439.95
gid://shopify/Product/15512247173444,Tumbona exterior resina · Noa,ACTIVE,gid://shopify/ProductVariant/56762926661956,399.90,439.95
gid://shopify/Product/15512247173444,Tumbona exterior resina · Noa,ACTIVE,gid://shopify/ProductVariant/56762926694724,399.90,439.95
gid://shopify/Product/15512247173444,Tumbona exterior resina · Noa,ACTIVE,gid://shopify/ProductVariant/56762926727492,399.90,439.95
gid://shopify/Product/15512247173444,Tumbona exterior resina · Noa,ACTIVE,gid://shopify/ProductVariant/56762926760260,399.90,439.95
gid://shopify/Product/15512247173444,Tumbona exterior resina · Noa,ACTIVE,gid://shopify/ProductVariant/56762926793028,399.90,439.95
gid://shopify/Product/15512247173444,Tumbona exterior resina · Noa,ACTIVE,gid://shopify/ProductVariant/56762926825796,399.90,439.95
gid://shopify/Product/15512247173444,Tumbona exterior resina · Noa,ACTIVE,gid://shopify/ProductVariant/56762926858564,399.90,439.95
gid://shopify/Product/15512247173444,Tumbona exterior resina · Noa,ACTIVE,gid://shopify/ProductVariant/56762926891332,399.90,439.95
gid://shopify/Product/15512247173444,Tumbona exterior resina · Noa,ACTIVE,gid://shopify/ProductVariant/56762926924100,399.90,439.95
gid://shopify/Product/15512247173444,Tumbona exterior resina · Noa,ACTIVE,gid://shopify/ProductVariant/56762926956868,399.90,439.95
gid://shopify/Product/15512247173444,Tumbona exterior resina · Noa,ACTIVE,gid://shopify/ProductVariant/56762926989636,399.90,439.95
gid://shopify/Product/15512247173444,Tumbona exterior resina · Noa,ACTIVE,gid://shopify/ProductVariant/56762927022404,399.90,439.95
gid://shopify/Product/15512247173444,Tumbona exterior resina · Noa,ACTIVE,gid://shopify/ProductVariant/56762927055172,399.90,439.95
gid://shopify/Product/15512247173444,Tumbona exterior resina · Noa,ACTIVE,gid://shopify/ProductVariant/56762927087940,399.90,439.95
gid://shopify/Product/15512247173444,Tumbona exterior resina · Noa,ACTIVE,gid://shopify/ProductVariant/56762927120708,399.90,439.95
gid://shopify/Product/15512247173444,Tumbona exterior resina · Noa,ACTIVE,gid://shopify/ProductVariant/56762927153476,399.90,439.95
gid://shopify/Product/15512247173444,Tumbona exterior resina · Noa,ACTIVE,gid://shopify/ProductVariant/56762927186244,399.90,439.95
gid://shopify/Product/15512247173444,Tumbona exterior resina · Noa,ACTIVE,gid://shopify/ProductVariant/56762927219012,399.90,439.95
gid://shopify/Product/15512247173444,Tumbona exterior resina · Noa,ACTIVE,gid://shopify/ProductVariant/56762927251780,399.90,439.95
gid://shopify/Product/15512247173444,Tumbona exterior resina · Noa,ACTIVE,gid://shopify/ProductVariant/56762927284548,399.90,439.95
gid://shopify/Product/15512247173444,Tumbona exterior resina · Noa,ACTIVE,gid://shopify/ProductVariant/56762927317316,399.90,439.95
gid://shopify/Product/15512247173444,Tumbona exterior resina · Noa,ACTIVE,gid://shopify/ProductVariant/56762927350084,399.90,439.95
gid://shopify/Product/15512247173444,Tumbona exterior resina · Noa,ACTIVE,gid://shopify/ProductVariant/56762927382852,399.90,439.95
gid://shopify/Product/15512247173444,Tumbona exterior resina · Noa,ACTIVE,gid://shopify/ProductVariant/56762927415620,399.90,439.95
gid://shopify/Product/15512247173444,Tumbona exterior resina · Noa,ACTIVE,gid://shopify/ProductVariant/56762927448388,399.90,439.95
gid://shopify/Product/15512247173444,Tumbona exterior resina · Noa,ACTIVE,gid://shopify/ProductVariant/56762927481156,399.90,439.95
gid://shopify/Product/15512247173444,Tumbona exterior resina · Noa,ACTIVE,gid://shopify/ProductVariant/56762927513924,399.90,439.95
gid://shopify/Product/15512247173444,Tumbona exterior resina · Noa,ACTIVE,gid://shopify/ProductVariant/56762927546692,399.90,439.95
gid://shopify/Product/15512247173444,Tumbona exterior resina · Noa,ACTIVE,gid://shopify/ProductVariant/56762927579460,399.90,439.95
gid://shopify/Product/15512247173444,Tumbona exterior resina · Noa,ACTIVE,gid://shopify/ProductVariant/56762927612228,399.90,439.95
gid://shopify/Product/15512247173444,Tumbona exterior resina · Noa,ACTIVE,gid://shopify/ProductVariant/56762927644996,399.90,439.95
gid://shopify/Product/15512247173444,Tumbona exterior resina · Noa,ACTIVE,gid://shopify/ProductVariant/56762927677764,399.90,439.95
gid://shopify/Product/15512247173444,Tumbona exterior resina · Noa,ACTIVE,gid://shopify/ProductVariant/56762927710532,399.90,439.95
gid://shopify/Product/15512247173444,Tumbona exterior resina · Noa,ACTIVE,gid://shopify/ProductVariant/56762927743300,399.90,439.95
gid://shopify/Product/15512247173444,Tumbona exterior resina · Noa,ACTIVE,gid://shopify/ProductVariant/56762927776068,399.90,439.95
gid://shopify/Product/15512247173444,Tumbona exterior resina · Noa,ACTIVE,gid://shopify/ProductVariant/56762927808836,399.90,439.95
gid://shopify/Product/15512247173444,Tumbona exterior resina · Noa,ACTIVE,gid://shopify/ProductVariant/56762927841604,399.90,439.95
gid://shopify/Product/15512247173444,Tumbona exterior resina · Noa,ACTIVE,gid://shopify/ProductVariant/56762927874372,399.90,439.95
gid://shopify/Product/15512247173444,Tumbona exterior resina · Noa,ACTIVE,gid://shopify/ProductVariant/56762927907140,399.90,439.95
gid://shopify/Product/15512247173444,Tumbona exterior resina · Noa,ACTIVE,gid://shopify/ProductVariant/56762927939908,399.90,439.95
gid://shopify/Product/15512247173444,Tumbona exterior resina · Noa,ACTIVE,gid://shopify/ProductVariant/56762927972676,399.90,439.95
gid://shopify/Product/15512247173444,Tumbona exterior resina · Noa,ACTIVE,gid://shopify/ProductVariant/56762928005444,399.90,439.95
gid://shopify/Product/15512247173444,Tumbona exterior resina · Noa,ACTIVE,gid://shopify/ProductVariant/56762928038212,399.90,439.95
gid://shopify/Product/15512247271748,Tumbona exterior aluminio · con/sin ruedas · Olimpia,ACTIVE,gid://shopify/ProductVariant/56762928136516,539.00,600.00
gid://shopify/Product/15512247271748,Tumbona exterior aluminio · con/sin ruedas · Olimpia,ACTIVE,gid://shopify/ProductVariant/56762928169284,539.00,600.00
gid://shopify/Product/15512247271748,Tumbona exterior aluminio · con/sin ruedas · Olimpia,ACTIVE,gid://shopify/ProductVariant/56762928202052,539.00,600.00
gid://shopify/Product/15512247271748,Tumbona exterior aluminio · con/sin ruedas · Olimpia,ACTIVE,gid://shopify/ProductVariant/56762928234820,539.00,600.00
gid://shopify/Product/15512247271748,Tumbona exterior aluminio · con/sin ruedas · Olimpia,ACTIVE,gid://shopify/ProductVariant/56762928267588,539.00,600.00
gid://shopify/Product/15512247271748,Tumbona exterior aluminio · con/sin ruedas · Olimpia,ACTIVE,gid://shopify/ProductVariant/56762928300356,539.00,600.00
gid://shopify/Product/15512247271748,Tumbona exterior aluminio · con/sin ruedas · Olimpia,ACTIVE,gid://shopify/ProductVariant/56762928333124,539.00,600.00
gid://shopify/Product/15512247271748,Tumbona exterior aluminio · con/sin ruedas · Olimpia,ACTIVE,gid://shopify/ProductVariant/56762928365892,539.00,600.00
gid://shopify/Product/15512247271748,Tumbona exterior aluminio · con/sin ruedas · Olimpia,ACTIVE,gid://shopify/ProductVariant/56762928398660,539.00,600.00
gid://shopify/Product/15512247271748,Tumbona exterior aluminio · con/sin ruedas · Olimpia,ACTIVE,gid://shopify/ProductVariant/56762928431428,539.00,600.00
gid://shopify/Product/15512247271748,Tumbona exterior aluminio · con/sin ruedas · Olimpia,ACTIVE,gid://shopify/ProductVariant/56762928464196,539.00,600.00
gid://shopify/Product/15512247271748,Tumbona exterior aluminio · con/sin ruedas · Olimpia,ACTIVE,gid://shopify/ProductVariant/56762928496964,539.00,600.00
gid://shopify/Product/15512247271748,Tumbona exterior aluminio · con/sin ruedas · Olimpia,ACTIVE,gid://shopify/ProductVariant/56762928529732,539.00,600.00
gid://shopify/Product/15512247271748,Tumbona exterior aluminio · con/sin ruedas · Olimpia,ACTIVE,gid://shopify/ProductVariant/56762928562500,539.00,600.00
gid://shopify/Product/15512247271748,Tumbona exterior aluminio · con/sin ruedas · Olimpia,ACTIVE,gid://shopify/ProductVariant/56762928595268,539.00,600.00
gid://shopify/Product/15512247271748,Tumbona exterior aluminio · con/sin ruedas · Olimpia,ACTIVE,gid://shopify/ProductVariant/56762928628036,539.00,600.00
gid://shopify/Product/15512247271748,Tumbona exterior aluminio · con/sin ruedas · Olimpia,ACTIVE,gid://shopify/ProductVariant/56762928660804,539.00,600.00
gid://shopify/Product/15512247271748,Tumbona exterior aluminio · con/sin ruedas · Olimpia,ACTIVE,gid://shopify/ProductVariant/56762928693572,539.00,600.00
gid://shopify/Product/15512247271748,Tumbona exterior aluminio · con/sin ruedas · Olimpia,ACTIVE,gid://shopify/ProductVariant/56762928726340,539.00,600.00
gid://shopify/Product/15512247271748,Tumbona exterior aluminio · con/sin ruedas · Olimpia,ACTIVE,gid://shopify/ProductVariant/56762928759108,539.00,600.00
gid://shopify/Product/15512247271748,Tumbona exterior aluminio · con/sin ruedas · Olimpia,ACTIVE,gid://shopify/ProductVariant/56762928791876,539.00,600.00
gid://shopify/Product/15512247271748,Tumbona exterior aluminio · con/sin ruedas · Olimpia,ACTIVE,gid://shopify/ProductVariant/56762928824644,539.00,600.00
gid://shopify/Product/15512247271748,Tumbona exterior aluminio · con/sin ruedas · Olimpia,ACTIVE,gid://shopify/ProductVariant/56762928857412,539.00,600.00
gid://shopify/Product/15512247271748,Tumbona exterior aluminio · con/sin ruedas · Olimpia,ACTIVE,gid://shopify/ProductVariant/56762928890180,539.00,600.00
gid://shopify/Product/15512247271748,Tumbona exterior aluminio · con/sin ruedas · Olimpia,ACTIVE,gid://shopify/ProductVariant/56762928922948,539.00,600.00
gid://shopify/Product/15512247271748,Tumbona exterior aluminio · con/sin ruedas · Olimpia,ACTIVE,gid://shopify/ProductVariant/56762928955716,539.00,600.00
gid://shopify/Product/15512247271748,Tumbona exterior aluminio · con/sin ruedas · Olimpia,ACTIVE,gid://shopify/ProductVariant/56762928988484,539.00,600.00
gid://shopify/Product/15512247271748,Tumbona exterior aluminio · con/sin ruedas · Olimpia,ACTIVE,gid://shopify/ProductVariant/56762929021252,539.00,600.00
gid://shopify/Product/15512247271748,Tumbona exterior aluminio · con/sin ruedas · Olimpia,ACTIVE,gid://shopify/ProductVariant/56762929054020,539.00,600.00
gid://shopify/Product/15512247271748,Tumbona exterior aluminio · con/sin ruedas · Olimpia,ACTIVE,gid://shopify/ProductVariant/56762929086788,539.00,600.00
gid://shopify/Product/15512247271748,Tumbona exterior aluminio · con/sin ruedas · Olimpia,ACTIVE,gid://shopify/ProductVariant/56762929119556,539.00,600.00
gid://shopify/Product/15512247271748,Tumbona exterior aluminio · con/sin ruedas · Olimpia,ACTIVE,gid://shopify/ProductVariant/56762929152324,539.00,600.00
gid://shopify/Product/15512247271748,Tumbona exterior aluminio · con/sin ruedas · Olimpia,ACTIVE,gid://shopify/ProductVariant/56762929185092,539.00,600.00
gid://shopify/Product/15512247271748,Tumbona exterior aluminio · con/sin ruedas · Olimpia,ACTIVE,gid://shopify/ProductVariant/56762929217860,539.00,600.00
gid://shopify/Product/15512247271748,Tumbona exterior aluminio · con/sin ruedas · Olimpia,ACTIVE,gid://shopify/ProductVariant/56762929250628,539.00,600.00
gid://shopify/Product/15512247271748,Tumbona exterior aluminio · con/sin ruedas · Olimpia,ACTIVE,gid://shopify/ProductVariant/56762929283396,539.00,600.00
gid://shopify/Product/15512247271748,Tumbona exterior aluminio · con/sin ruedas · Olimpia,ACTIVE,gid://shopify/ProductVariant/56762929316164,539.00,600.00
gid://shopify/Product/15512247271748,Tumbona exterior aluminio · con/sin ruedas · Olimpia,ACTIVE,gid://shopify/ProductVariant/56762929348932,539.00,600.00
gid://shopify/Product/15512247271748,Tumbona exterior aluminio · con/sin ruedas · Olimpia,ACTIVE,gid://shopify/ProductVariant/56762929381700,539.00,600.00
gid://shopify/Product/15512247271748,Tumbona exterior aluminio · con/sin ruedas · Olimpia,ACTIVE,gid://shopify/ProductVariant/56762929414468,539.00,600.00
gid://shopify/Product/15512247271748,Tumbona exterior aluminio · con/sin ruedas · Olimpia,ACTIVE,gid://shopify/ProductVariant/56762929447236,539.00,600.00
gid://shopify/Product/15512247271748,Tumbona exterior aluminio · con/sin ruedas · Olimpia,ACTIVE,gid://shopify/ProductVariant/56762929480004,539.00,600.00
gid://shopify/Product/15512247271748,Tumbona exterior aluminio · con/sin ruedas · Olimpia,ACTIVE,gid://shopify/ProductVariant/56762929512772,539.00,600.00
gid://shopify/Product/15512247271748,Tumbona exterior aluminio · con/sin ruedas · Olimpia,ACTIVE,gid://shopify/ProductVariant/56762929545540,539.00,600.00
gid://shopify/Product/15512247271748,Tumbona exterior aluminio · con/sin ruedas · Olimpia,ACTIVE,gid://shopify/ProductVariant/56762929578308,539.00,600.00
gid://shopify/Product/15512247271748,Tumbona exterior aluminio · con/sin ruedas · Olimpia,ACTIVE,gid://shopify/ProductVariant/56762929611076,539.00,600.00
gid://shopify/Product/15512247271748,Tumbona exterior aluminio · con/sin ruedas · Olimpia,ACTIVE,gid://shopify/ProductVariant/56762929643844,539.00,600.00
gid://shopify/Product/15512247271748,Tumbona exterior aluminio · con/sin ruedas · Olimpia,ACTIVE,gid://shopify/ProductVariant/56762929676612,539.00,600.00
gid://shopify/Product/15512247271748,Tumbona exterior aluminio · con/sin ruedas · Olimpia,ACTIVE,gid://shopify/ProductVariant/56762929709380,589.00,650.00
gid://shopify/Product/15512247271748,Tumbona exterior aluminio · con/sin ruedas · Olimpia,ACTIVE,gid://shopify/ProductVariant/56762929742148,589.00,650.00
gid://shopify/Product/15512247271748,Tumbona exterior aluminio · con/sin ruedas · Olimpia,ACTIVE,gid://shopify/ProductVariant/56762929774916,589.00,650.00
gid://shopify/Product/15512247271748,Tumbona exterior aluminio · con/sin ruedas · Olimpia,ACTIVE,gid://shopify/ProductVariant/56762929807684,589.00,650.00
gid://shopify/Product/15512247271748,Tumbona exterior aluminio · con/sin ruedas · Olimpia,ACTIVE,gid://shopify/ProductVariant/56762929840452,589.00,650.00
gid://shopify/Product/15512247271748,Tumbona exterior aluminio · con/sin ruedas · Olimpia,ACTIVE,gid://shopify/ProductVariant/56762929873220,589.00,650.00
gid://shopify/Product/15512247271748,Tumbona exterior aluminio · con/sin ruedas · Olimpia,ACTIVE,gid://shopify/ProductVariant/56762929905988,589.00,650.00
gid://shopify/Product/15512247271748,Tumbona exterior aluminio · con/sin ruedas · Olimpia,ACTIVE,gid://shopify/ProductVariant/56762929938756,589.00,650.00
gid://shopify/Product/15512247271748,Tumbona exterior aluminio · con/sin ruedas · Olimpia,ACTIVE,gid://shopify/ProductVariant/56762929971524,589.00,650.00
gid://shopify/Product/15512247271748,Tumbona exterior aluminio · con/sin ruedas · Olimpia,ACTIVE,gid://shopify/ProductVariant/56762930004292,589.00,650.00
gid://shopify/Product/15512247271748,Tumbona exterior aluminio · con/sin ruedas · Olimpia,ACTIVE,gid://shopify/ProductVariant/56762930037060,589.00,650.00
gid://shopify/Product/15512247271748,Tumbona exterior aluminio · con/sin ruedas · Olimpia,ACTIVE,gid://shopify/ProductVariant/56762930069828,589.00,650.00
gid://shopify/Product/15512247271748,Tumbona exterior aluminio · con/sin ruedas · Olimpia,ACTIVE,gid://shopify/ProductVariant/56762930102596,589.00,650.00
gid://shopify/Product/15512247271748,Tumbona exterior aluminio · con/sin ruedas · Olimpia,ACTIVE,gid://shopify/ProductVariant/56762930135364,589.00,650.00
gid://shopify/Product/15512247271748,Tumbona exterior aluminio · con/sin ruedas · Olimpia,ACTIVE,gid://shopify/ProductVariant/56762930168132,589.00,650.00
gid://shopify/Product/15512247271748,Tumbona exterior aluminio · con/sin ruedas · Olimpia,ACTIVE,gid://shopify/ProductVariant/56762930200900,589.00,650.00
gid://shopify/Product/15512247271748,Tumbona exterior aluminio · con/sin ruedas · Olimpia,ACTIVE,gid://shopify/ProductVariant/56762930233668,589.00,650.00
gid://shopify/Product/15512247271748,Tumbona exterior aluminio · con/sin ruedas · Olimpia,ACTIVE,gid://shopify/ProductVariant/56762930266436,589.00,650.00
gid://shopify/Product/15512247271748,Tumbona exterior aluminio · con/sin ruedas · Olimpia,ACTIVE,gid://shopify/ProductVariant/56762930299204,589.00,650.00
gid://shopify/Product/15512247271748,Tumbona exterior aluminio · con/sin ruedas · Olimpia,ACTIVE,gid://shopify/ProductVariant/56762930331972,589.00,650.00
gid://shopify/Product/15512247271748,Tumbona exterior aluminio · con/sin ruedas · Olimpia,ACTIVE,gid://shopify/ProductVariant/56762930364740,589.00,650.00
gid://shopify/Product/15512247271748,Tumbona exterior aluminio · con/sin ruedas · Olimpia,ACTIVE,gid://shopify/ProductVariant/56762930397508,589.00,650.00
gid://shopify/Product/15512247271748,Tumbona exterior aluminio · con/sin ruedas · Olimpia,ACTIVE,gid://shopify/ProductVariant/56762930430276,589.00,650.00
gid://shopify/Product/15512247271748,Tumbona exterior aluminio · con/sin ruedas · Olimpia,ACTIVE,gid://shopify/ProductVariant/56762930463044,589.00,650.00
gid://shopify/Product/15512247271748,Tumbona exterior aluminio · con/sin ruedas · Olimpia,ACTIVE,gid://shopify/ProductVariant/56762930495812,589.00,650.00
gid://shopify/Product/15512247271748,Tumbona exterior aluminio · con/sin ruedas · Olimpia,ACTIVE,gid://shopify/ProductVariant/56762930528580,589.00,650.00
gid://shopify/Product/15512247271748,Tumbona exterior aluminio · con/sin ruedas · Olimpia,ACTIVE,gid://shopify/ProductVariant/56762930561348,589.00,650.00
gid://shopify/Product/15512247271748,Tumbona exterior aluminio · con/sin ruedas · Olimpia,ACTIVE,gid://shopify/ProductVariant/56762930594116,589.00,650.00
gid://shopify/Product/15512247271748,Tumbona exterior aluminio · con/sin ruedas · Olimpia,ACTIVE,gid://shopify/ProductVariant/56762930626884,589.00,650.00
gid://shopify/Product/15512247271748,Tumbona exterior aluminio · con/sin ruedas · Olimpia,ACTIVE,gid://shopify/ProductVariant/56762930659652,589.00,650.00
gid://shopify/Product/15512247271748,Tumbona exterior aluminio · con/sin ruedas · Olimpia,ACTIVE,gid://shopify/ProductVariant/56762930692420,589.00,650.00
gid://shopify/Product/15512247271748,Tumbona exterior aluminio · con/sin ruedas · Olimpia,ACTIVE,gid://shopify/ProductVariant/56762930725188,589.00,650.00
gid://shopify/Product/15512247271748,Tumbona exterior aluminio · con/sin ruedas · Olimpia,ACTIVE,gid://shopify/ProductVariant/56762930757956,589.00,650.00
gid://shopify/Product/15512247271748,Tumbona exterior aluminio · con/sin ruedas · Olimpia,ACTIVE,gid://shopify/ProductVariant/56762930790724,589.00,650.00
gid://shopify/Product/15512247271748,Tumbona exterior aluminio · con/sin ruedas · Olimpia,ACTIVE,gid://shopify/ProductVariant/56762930823492,589.00,650.00
gid://shopify/Product/15512247271748,Tumbona exterior aluminio · con/sin ruedas · Olimpia,ACTIVE,gid://shopify/ProductVariant/56762930856260,589.00,650.00
gid://shopify/Product/15512247271748,Tumbona exterior aluminio · con/sin ruedas · Olimpia,ACTIVE,gid://shopify/ProductVariant/56762930889028,589.00,650.00
gid://shopify/Product/15512247271748,Tumbona exterior aluminio · con/sin ruedas · Olimpia,ACTIVE,gid://shopify/ProductVariant/56762930921796,589.00,650.00
gid://shopify/Product/15512247271748,Tumbona exterior aluminio · con/sin ruedas · Olimpia,ACTIVE,gid://shopify/ProductVariant/56762930954564,589.00,650.00
gid://shopify/Product/15512247271748,Tumbona exterior aluminio · con/sin ruedas · Olimpia,ACTIVE,gid://shopify/ProductVariant/56762930987332,589.00,650.00
gid://shopify/Product/15512247271748,Tumbona exterior aluminio · con/sin ruedas · Olimpia,ACTIVE,gid://shopify/ProductVariant/56762931020100,589.00,650.00
gid://shopify/Product/15512247271748,Tumbona exterior aluminio · con/sin ruedas · Olimpia,ACTIVE,gid://shopify/ProductVariant/56762931052868,589.00,650.00
gid://shopify/Product/15512247271748,Tumbona exterior aluminio · con/sin ruedas · Olimpia,ACTIVE,gid://shopify/ProductVariant/56762931085636,589.00,650.00
gid://shopify/Product/15512247271748,Tumbona exterior aluminio · con/sin ruedas · Olimpia,ACTIVE,gid://shopify/ProductVariant/56762931118404,589.00,650.00
gid://shopify/Product/15512247271748,Tumbona exterior aluminio · con/sin ruedas · Olimpia,ACTIVE,gid://shopify/ProductVariant/56762931151172,589.00,650.00
gid://shopify/Product/15512247271748,Tumbona exterior aluminio · con/sin ruedas · Olimpia,ACTIVE,gid://shopify/ProductVariant/56762931183940,589.00,650.00
gid://shopify/Product/15512247271748,Tumbona exterior aluminio · con/sin ruedas · Olimpia,ACTIVE,gid://shopify/ProductVariant/56762931216708,589.00,650.00
gid://shopify/Product/15512247271748,Tumbona exterior aluminio · con/sin ruedas · Olimpia,ACTIVE,gid://shopify/ProductVariant/56762931249476,589.00,650.00
gid://shopify/Product/15512247337284,Tumbona exterior aluminio · Etna,ACTIVE,gid://shopify/ProductVariant/56762931282244,426.95,449.95
gid://shopify/Product/15512247337284,Tumbona exterior aluminio · Etna,ACTIVE,gid://shopify/ProductVariant/56762931315012,426.95,449.95
gid://shopify/Product/15512247337284,Tumbona exterior aluminio · Etna,ACTIVE,gid://shopify/ProductVariant/56762931347780,426.95,449.95
gid://shopify/Product/15512247337284,Tumbona exterior aluminio · Etna,ACTIVE,gid://shopify/ProductVariant/56762931380548,426.95,449.95
gid://shopify/Product/15512247337284,Tumbona exterior aluminio · Etna,ACTIVE,gid://shopify/ProductVariant/56762931413316,426.95,449.95
gid://shopify/Product/15512247337284,Tumbona exterior aluminio · Etna,ACTIVE,gid://shopify/ProductVariant/56762931446084,426.95,449.95
gid://shopify/Product/15512247337284,Tumbona exterior aluminio · Etna,ACTIVE,gid://shopify/ProductVariant/56762931478852,426.95,449.95
gid://shopify/Product/15512247337284,Tumbona exterior aluminio · Etna,ACTIVE,gid://shopify/ProductVariant/56762931511620,426.95,449.95
gid://shopify/Product/15512247337284,Tumbona exterior aluminio · Etna,ACTIVE,gid://shopify/ProductVariant/56762931544388,426.95,449.95
gid://shopify/Product/15512247337284,Tumbona exterior aluminio · Etna,ACTIVE,gid://shopify/ProductVariant/56762931577156,426.95,449.95
gid://shopify/Product/15512247337284,Tumbona exterior aluminio · Etna,ACTIVE,gid://shopify/ProductVariant/56762931609924,426.95,449.95
gid://shopify/Product/15512247337284,Tumbona exterior aluminio · Etna,ACTIVE,gid://shopify/ProductVariant/56762931642692,426.95,449.95
gid://shopify/Product/15512247337284,Tumbona exterior aluminio · Etna,ACTIVE,gid://shopify/ProductVariant/56762931675460,426.95,449.95
gid://shopify/Product/15512247337284,Tumbona exterior aluminio · Etna,ACTIVE,gid://shopify/ProductVariant/56762931708228,426.95,449.95
gid://shopify/Product/15512247337284,Tumbona exterior aluminio · Etna,ACTIVE,gid://shopify/ProductVariant/56762931740996,426.95,449.95
gid://shopify/Product/15512247337284,Tumbona exterior aluminio · Etna,ACTIVE,gid://shopify/ProductVariant/56762931773764,426.95,449.95
gid://shopify/Product/15512247337284,Tumbona exterior aluminio · Etna,ACTIVE,gid://shopify/ProductVariant/56762931806532,426.95,449.95
gid://shopify/Product/15512247337284,Tumbona exterior aluminio · Etna,ACTIVE,gid://shopify/ProductVariant/56762931839300,426.95,449.95
gid://shopify/Product/15512247337284,Tumbona exterior aluminio · Etna,ACTIVE,gid://shopify/ProductVariant/56762931872068,426.95,449.95
gid://shopify/Product/15512247337284,Tumbona exterior aluminio · Etna,ACTIVE,gid://shopify/ProductVariant/56762931904836,426.95,449.95
gid://shopify/Product/15512247337284,Tumbona exterior aluminio · Etna,ACTIVE,gid://shopify/ProductVariant/56762931937604,426.95,449.95
gid://shopify/Product/15512247337284,Tumbona exterior aluminio · Etna,ACTIVE,gid://shopify/ProductVariant/56762931970372,426.95,449.95
gid://shopify/Product/15512247337284,Tumbona exterior aluminio · Etna,ACTIVE,gid://shopify/ProductVariant/56762932003140,426.95,449.95
gid://shopify/Product/15512247337284,Tumbona exterior aluminio · Etna,ACTIVE,gid://shopify/ProductVariant/56762932035908,426.95,449.95
gid://shopify/Product/15512247337284,Tumbona exterior aluminio · Etna,ACTIVE,gid://shopify/ProductVariant/56762932068676,426.95,449.95
gid://shopify/Product/15512247337284,Tumbona exterior aluminio · Etna,ACTIVE,gid://shopify/ProductVariant/56762932101444,426.95,449.95
gid://shopify/Product/15512247337284,Tumbona exterior aluminio · Etna,ACTIVE,gid://shopify/ProductVariant/56762932134212,426.95,449.95
gid://shopify/Product/15512247337284,Tumbona exterior aluminio · Etna,ACTIVE,gid://shopify/ProductVariant/56762932166980,426.95,449.95
gid://shopify/Product/15512247337284,Tumbona exterior aluminio · Etna,ACTIVE,gid://shopify/ProductVariant/56762932199748,426.95,449.95
gid://shopify/Product/15512247337284,Tumbona exterior aluminio · Etna,ACTIVE,gid://shopify/ProductVariant/56762932232516,426.95,449.95
gid://shopify/Product/15512247337284,Tumbona exterior aluminio · Etna,ACTIVE,gid://shopify/ProductVariant/56762932265284,426.95,449.95
gid://shopify/Product/15512247337284,Tumbona exterior aluminio · Etna,ACTIVE,gid://shopify/ProductVariant/56762932298052,426.95,449.95
gid://shopify/Product/15512247337284,Tumbona exterior aluminio · Etna,ACTIVE,gid://shopify/ProductVariant/56762932330820,426.95,449.95
gid://shopify/Product/15512247337284,Tumbona exterior aluminio · Etna,ACTIVE,gid://shopify/ProductVariant/56762932363588,426.95,449.95
gid://shopify/Product/15512247337284,Tumbona exterior aluminio · Etna,ACTIVE,gid://shopify/ProductVariant/56762932396356,426.95,449.95
gid://shopify/Product/15512247337284,Tumbona exterior aluminio · Etna,ACTIVE,gid://shopify/ProductVariant/56762932429124,426.95,449.95
gid://shopify/Product/15512247337284,Tumbona exterior aluminio · Etna,ACTIVE,gid://shopify/ProductVariant/56762932461892,426.95,449.95
gid://shopify/Product/15512247337284,Tumbona exterior aluminio · Etna,ACTIVE,gid://shopify/ProductVariant/56762932494660,426.95,449.95
gid://shopify/Product/15512247337284,Tumbona exterior aluminio · Etna,ACTIVE,gid://shopify/ProductVariant/56762932527428,426.95,449.95
gid://shopify/Product/15512247337284,Tumbona exterior aluminio · Etna,ACTIVE,gid://shopify/ProductVariant/56762932560196,426.95,449.95
gid://shopify/Product/15512247337284,Tumbona exterior aluminio · Etna,ACTIVE,gid://shopify/ProductVariant/56762932592964,426.95,449.95
gid://shopify/Product/15512247337284,Tumbona exterior aluminio · Etna,ACTIVE,gid://shopify/ProductVariant/56762932625732,426.95,449.95
gid://shopify/Product/15512247337284,Tumbona exterior aluminio · Etna,ACTIVE,gid://shopify/ProductVariant/56762932658500,426.95,449.95
gid://shopify/Product/15512247337284,Tumbona exterior aluminio · Etna,ACTIVE,gid://shopify/ProductVariant/56762932691268,426.95,449.95
gid://shopify/Product/15512247337284,Tumbona exterior aluminio · Etna,ACTIVE,gid://shopify/ProductVariant/56762932724036,426.95,449.95
gid://shopify/Product/15512247337284,Tumbona exterior aluminio · Etna,ACTIVE,gid://shopify/ProductVariant/56762932756804,426.95,449.95
gid://shopify/Product/15512247337284,Tumbona exterior aluminio · Etna,ACTIVE,gid://shopify/ProductVariant/56762932789572,426.95,449.95
gid://shopify/Product/15512247337284,Tumbona exterior aluminio · Etna,ACTIVE,gid://shopify/ProductVariant/56762932822340,426.95,449.95
gid://shopify/Product/15512247337284,Tumbona exterior aluminio · Etna,ACTIVE,gid://shopify/ProductVariant/56762932855108,449.90,494.95
gid://shopify/Product/15512247337284,Tumbona exterior aluminio · Etna,ACTIVE,gid://shopify/ProductVariant/56762932887876,449.90,494.95
gid://shopify/Product/15512247337284,Tumbona exterior aluminio · Etna,ACTIVE,gid://shopify/ProductVariant/56762932920644,449.90,494.95
gid://shopify/Product/15512247337284,Tumbona exterior aluminio · Etna,ACTIVE,gid://shopify/ProductVariant/56762932953412,449.90,494.95
gid://shopify/Product/15512247337284,Tumbona exterior aluminio · Etna,ACTIVE,gid://shopify/ProductVariant/56762932986180,449.90,494.95
gid://shopify/Product/15512247337284,Tumbona exterior aluminio · Etna,ACTIVE,gid://shopify/ProductVariant/56762933018948,449.90,494.95
gid://shopify/Product/15512247337284,Tumbona exterior aluminio · Etna,ACTIVE,gid://shopify/ProductVariant/56762933051716,449.90,494.95
gid://shopify/Product/15512247337284,Tumbona exterior aluminio · Etna,ACTIVE,gid://shopify/ProductVariant/56762933084484,449.90,494.95
gid://shopify/Product/15512247337284,Tumbona exterior aluminio · Etna,ACTIVE,gid://shopify/ProductVariant/56762933117252,449.90,494.95
gid://shopify/Product/15512247337284,Tumbona exterior aluminio · Etna,ACTIVE,gid://shopify/ProductVariant/56762933150020,449.90,494.95
gid://shopify/Product/15512247337284,Tumbona exterior aluminio · Etna,ACTIVE,gid://shopify/ProductVariant/56762933182788,449.90,494.95
gid://shopify/Product/15512247337284,Tumbona exterior aluminio · Etna,ACTIVE,gid://shopify/ProductVariant/56762933215556,449.90,494.95
gid://shopify/Product/15512247337284,Tumbona exterior aluminio · Etna,ACTIVE,gid://shopify/ProductVariant/56762933248324,449.90,494.95
gid://shopify/Product/15512247337284,Tumbona exterior aluminio · Etna,ACTIVE,gid://shopify/ProductVariant/56762933281092,449.90,494.95
gid://shopify/Product/15512247337284,Tumbona exterior aluminio · Etna,ACTIVE,gid://shopify/ProductVariant/56762933313860,449.90,494.95
gid://shopify/Product/15512247337284,Tumbona exterior aluminio · Etna,ACTIVE,gid://shopify/ProductVariant/56762933346628,449.90,494.95
gid://shopify/Product/15512247337284,Tumbona exterior aluminio · Etna,ACTIVE,gid://shopify/ProductVariant/56762933379396,449.90,494.95
gid://shopify/Product/15512247337284,Tumbona exterior aluminio · Etna,ACTIVE,gid://shopify/ProductVariant/56762933412164,449.90,494.95
gid://shopify/Product/15512247337284,Tumbona exterior aluminio · Etna,ACTIVE,gid://shopify/ProductVariant/56762933444932,449.90,494.95
gid://shopify/Product/15512247337284,Tumbona exterior aluminio · Etna,ACTIVE,gid://shopify/ProductVariant/56762933477700,449.90,494.95
gid://shopify/Product/15512247337284,Tumbona exterior aluminio · Etna,ACTIVE,gid://shopify/ProductVariant/56762933510468,449.90,494.95
gid://shopify/Product/15512247337284,Tumbona exterior aluminio · Etna,ACTIVE,gid://shopify/ProductVariant/56762933543236,449.90,494.95
gid://shopify/Product/15512247337284,Tumbona exterior aluminio · Etna,ACTIVE,gid://shopify/ProductVariant/56762933576004,449.90,494.95
gid://shopify/Product/15512247337284,Tumbona exterior aluminio · Etna,ACTIVE,gid://shopify/ProductVariant/56762933608772,449.90,494.95
gid://shopify/Product/15512247337284,Tumbona exterior aluminio · Etna,ACTIVE,gid://shopify/ProductVariant/56762933641540,449.90,494.95
gid://shopify/Product/15512247337284,Tumbona exterior aluminio · Etna,ACTIVE,gid://shopify/ProductVariant/56762933674308,449.90,494.95
gid://shopify/Product/15512247337284,Tumbona exterior aluminio · Etna,ACTIVE,gid://shopify/ProductVariant/56762933707076,449.90,494.95
gid://shopify/Product/15512247337284,Tumbona exterior aluminio · Etna,ACTIVE,gid://shopify/ProductVariant/56762933739844,449.90,494.95
gid://shopify/Product/15512247337284,Tumbona exterior aluminio · Etna,ACTIVE,gid://shopify/ProductVariant/56762933772612,449.90,494.95
gid://shopify/Product/15512247337284,Tumbona exterior aluminio · Etna,ACTIVE,gid://shopify/ProductVariant/56762933805380,449.90,494.95
gid://shopify/Product/15512247337284,Tumbona exterior aluminio · Etna,ACTIVE,gid://shopify/ProductVariant/56762933838148,449.90,494.95
gid://shopify/Product/15512247337284,Tumbona exterior aluminio · Etna,ACTIVE,gid://shopify/ProductVariant/56762933870916,449.90,494.95
gid://shopify/Product/15512247337284,Tumbona exterior aluminio · Etna,ACTIVE,gid://shopify/ProductVariant/56762933903684,449.90,494.95
gid://shopify/Product/15512247337284,Tumbona exterior aluminio · Etna,ACTIVE,gid://shopify/ProductVariant/56762933936452,449.90,494.95
gid://shopify/Product/15512247337284,Tumbona exterior aluminio · Etna,ACTIVE,gid://shopify/ProductVariant/56762933969220,449.90,494.95
gid://shopify/Product/15512247337284,Tumbona exterior aluminio · Etna,ACTIVE,gid://shopify/ProductVariant/56762934001988,449.90,494.95
gid://shopify/Product/15512247337284,Tumbona exterior aluminio · Etna,ACTIVE,gid://shopify/ProductVariant/56762934034756,449.90,494.95
gid://shopify/Product/15512247337284,Tumbona exterior aluminio · Etna,ACTIVE,gid://shopify/ProductVariant/56762934067524,449.90,494.95
gid://shopify/Product/15512247337284,Tumbona exterior aluminio · Etna,ACTIVE,gid://shopify/ProductVariant/56762934100292,449.90,494.95
gid://shopify/Product/15512247337284,Tumbona exterior aluminio · Etna,ACTIVE,gid://shopify/ProductVariant/56762934133060,449.90,494.95
gid://shopify/Product/15512247337284,Tumbona exterior aluminio · Etna,ACTIVE,gid://shopify/ProductVariant/56762934165828,449.90,494.95
gid://shopify/Product/15512247337284,Tumbona exterior aluminio · Etna,ACTIVE,gid://shopify/ProductVariant/56762934198596,449.90,494.95
gid://shopify/Product/15512247337284,Tumbona exterior aluminio · Etna,ACTIVE,gid://shopify/ProductVariant/56762934231364,449.90,494.95
gid://shopify/Product/15512247337284,Tumbona exterior aluminio · Etna,ACTIVE,gid://shopify/ProductVariant/56762934264132,449.90,494.95
gid://shopify/Product/15512247337284,Tumbona exterior aluminio · Etna,ACTIVE,gid://shopify/ProductVariant/56762934296900,449.90,494.95
gid://shopify/Product/15512247337284,Tumbona exterior aluminio · Etna,ACTIVE,gid://shopify/ProductVariant/56762934329668,449.90,494.95
gid://shopify/Product/15512247337284,Tumbona exterior aluminio · Etna,ACTIVE,gid://shopify/ProductVariant/56762934362436,449.90,494.95
gid://shopify/Product/15512247337284,Tumbona exterior aluminio · Etna,ACTIVE,gid://shopify/ProductVariant/56762934395204,449.90,494.95
gid://shopify/Product/15512247435588,Tumbona exterior aluminio alta · acceso fácil · Etna Alta,ACTIVE,gid://shopify/ProductVariant/56762934427972,449.90,494.95
gid://shopify/Product/15512247435588,Tumbona exterior aluminio alta · acceso fácil · Etna Alta,ACTIVE,gid://shopify/ProductVariant/56762934460740,449.90,494.95
gid://shopify/Product/15512247435588,Tumbona exterior aluminio alta · acceso fácil · Etna Alta,ACTIVE,gid://shopify/ProductVariant/56762934493508,449.90,494.95
gid://shopify/Product/15512247435588,Tumbona exterior aluminio alta · acceso fácil · Etna Alta,ACTIVE,gid://shopify/ProductVariant/56762934526276,449.90,494.95
gid://shopify/Product/15512247435588,Tumbona exterior aluminio alta · acceso fácil · Etna Alta,ACTIVE,gid://shopify/ProductVariant/56762934559044,449.90,494.95
gid://shopify/Product/15512247435588,Tumbona exterior aluminio alta · acceso fácil · Etna Alta,ACTIVE,gid://shopify/ProductVariant/56762934591812,449.90,494.95
gid://shopify/Product/15512247435588,Tumbona exterior aluminio alta · acceso fácil · Etna Alta,ACTIVE,gid://shopify/ProductVariant/56762934624580,449.90,494.95
gid://shopify/Product/15512247435588,Tumbona exterior aluminio alta · acceso fácil · Etna Alta,ACTIVE,gid://shopify/ProductVariant/56762934657348,449.90,494.95
gid://shopify/Product/15512247435588,Tumbona exterior aluminio alta · acceso fácil · Etna Alta,ACTIVE,gid://shopify/ProductVariant/56762934690116,449.90,494.95
gid://shopify/Product/15512247435588,Tumbona exterior aluminio alta · acceso fácil · Etna Alta,ACTIVE,gid://shopify/ProductVariant/56762934722884,449.90,494.95
gid://shopify/Product/15512247435588,Tumbona exterior aluminio alta · acceso fácil · Etna Alta,ACTIVE,gid://shopify/ProductVariant/56762934755652,449.90,494.95
gid://shopify/Product/15512247435588,Tumbona exterior aluminio alta · acceso fácil · Etna Alta,ACTIVE,gid://shopify/ProductVariant/56762934788420,449.90,494.95
gid://shopify/Product/15512247435588,Tumbona exterior aluminio alta · acceso fácil · Etna Alta,ACTIVE,gid://shopify/ProductVariant/56762934821188,449.90,494.95
gid://shopify/Product/15512247435588,Tumbona exterior aluminio alta · acceso fácil · Etna Alta,ACTIVE,gid://shopify/ProductVariant/56762934853956,449.90,494.95
gid://shopify/Product/15512247435588,Tumbona exterior aluminio alta · acceso fácil · Etna Alta,ACTIVE,gid://shopify/ProductVariant/56762934886724,449.90,494.95
gid://shopify/Product/15512247435588,Tumbona exterior aluminio alta · acceso fácil · Etna Alta,ACTIVE,gid://shopify/ProductVariant/56762934919492,449.90,494.95
gid://shopify/Product/15512247435588,Tumbona exterior aluminio alta · acceso fácil · Etna Alta,ACTIVE,gid://shopify/ProductVariant/56762934952260,449.90,494.95
gid://shopify/Product/15512247435588,Tumbona exterior aluminio alta · acceso fácil · Etna Alta,ACTIVE,gid://shopify/ProductVariant/56762934985028,449.90,494.95
gid://shopify/Product/15512247435588,Tumbona exterior aluminio alta · acceso fácil · Etna Alta,ACTIVE,gid://shopify/ProductVariant/56762935017796,449.90,494.95
gid://shopify/Product/15512247435588,Tumbona exterior aluminio alta · acceso fácil · Etna Alta,ACTIVE,gid://shopify/ProductVariant/56762935050564,449.90,494.95
gid://shopify/Product/15512247435588,Tumbona exterior aluminio alta · acceso fácil · Etna Alta,ACTIVE,gid://shopify/ProductVariant/56762935083332,449.90,494.95
gid://shopify/Product/15512247435588,Tumbona exterior aluminio alta · acceso fácil · Etna Alta,ACTIVE,gid://shopify/ProductVariant/56762935116100,449.90,494.95
gid://shopify/Product/15512247435588,Tumbona exterior aluminio alta · acceso fácil · Etna Alta,ACTIVE,gid://shopify/ProductVariant/56762935148868,449.90,494.95
gid://shopify/Product/15512247435588,Tumbona exterior aluminio alta · acceso fácil · Etna Alta,ACTIVE,gid://shopify/ProductVariant/56762935181636,449.90,494.95
gid://shopify/Product/15512247435588,Tumbona exterior aluminio alta · acceso fácil · Etna Alta,ACTIVE,gid://shopify/ProductVariant/56762935214404,449.90,494.95
gid://shopify/Product/15512247435588,Tumbona exterior aluminio alta · acceso fácil · Etna Alta,ACTIVE,gid://shopify/ProductVariant/56762935247172,449.90,494.95
gid://shopify/Product/15512247435588,Tumbona exterior aluminio alta · acceso fácil · Etna Alta,ACTIVE,gid://shopify/ProductVariant/56762935279940,449.90,494.95
gid://shopify/Product/15512247435588,Tumbona exterior aluminio alta · acceso fácil · Etna Alta,ACTIVE,gid://shopify/ProductVariant/56762935312708,449.90,494.95
gid://shopify/Product/15512247435588,Tumbona exterior aluminio alta · acceso fácil · Etna Alta,ACTIVE,gid://shopify/ProductVariant/56762935345476,449.90,494.95
gid://shopify/Product/15512247435588,Tumbona exterior aluminio alta · acceso fácil · Etna Alta,ACTIVE,gid://shopify/ProductVariant/56762935378244,449.90,494.95
gid://shopify/Product/15512247435588,Tumbona exterior aluminio alta · acceso fácil · Etna Alta,ACTIVE,gid://shopify/ProductVariant/56762935411012,449.90,494.95
gid://shopify/Product/15512247435588,Tumbona exterior aluminio alta · acceso fácil · Etna Alta,ACTIVE,gid://shopify/ProductVariant/56762935443780,449.90,494.95
gid://shopify/Product/15512247435588,Tumbona exterior aluminio alta · acceso fácil · Etna Alta,ACTIVE,gid://shopify/ProductVariant/56762935476548,449.90,494.95
gid://shopify/Product/15512247435588,Tumbona exterior aluminio alta · acceso fácil · Etna Alta,ACTIVE,gid://shopify/ProductVariant/56762935509316,449.90,494.95
gid://shopify/Product/15512247435588,Tumbona exterior aluminio alta · acceso fácil · Etna Alta,ACTIVE,gid://shopify/ProductVariant/56762935542084,449.90,494.95
gid://shopify/Product/15512247435588,Tumbona exterior aluminio alta · acceso fácil · Etna Alta,ACTIVE,gid://shopify/ProductVariant/56762935574852,449.90,494.95
gid://shopify/Product/15512247435588,Tumbona exterior aluminio alta · acceso fácil · Etna Alta,ACTIVE,gid://shopify/ProductVariant/56762935607620,449.90,494.95
gid://shopify/Product/15512247435588,Tumbona exterior aluminio alta · acceso fácil · Etna Alta,ACTIVE,gid://shopify/ProductVariant/56762935640388,449.90,494.95
gid://shopify/Product/15512247435588,Tumbona exterior aluminio alta · acceso fácil · Etna Alta,ACTIVE,gid://shopify/ProductVariant/56762935673156,449.90,494.95
gid://shopify/Product/15512247435588,Tumbona exterior aluminio alta · acceso fácil · Etna Alta,ACTIVE,gid://shopify/ProductVariant/56762935705924,449.90,494.95
gid://shopify/Product/15512247435588,Tumbona exterior aluminio alta · acceso fácil · Etna Alta,ACTIVE,gid://shopify/ProductVariant/56762935738692,449.90,494.95
gid://shopify/Product/15512247435588,Tumbona exterior aluminio alta · acceso fácil · Etna Alta,ACTIVE,gid://shopify/ProductVariant/56762935771460,449.90,494.95
gid://shopify/Product/15512247435588,Tumbona exterior aluminio alta · acceso fácil · Etna Alta,ACTIVE,gid://shopify/ProductVariant/56762935804228,449.90,494.95
gid://shopify/Product/15512247435588,Tumbona exterior aluminio alta · acceso fácil · Etna Alta,ACTIVE,gid://shopify/ProductVariant/56762935836996,449.90,494.95
gid://shopify/Product/15512247435588,Tumbona exterior aluminio alta · acceso fácil · Etna Alta,ACTIVE,gid://shopify/ProductVariant/56762935869764,449.90,494.95
gid://shopify/Product/15512247435588,Tumbona exterior aluminio alta · acceso fácil · Etna Alta,ACTIVE,gid://shopify/ProductVariant/56762935902532,449.90,494.95
gid://shopify/Product/15512247435588,Tumbona exterior aluminio alta · acceso fácil · Etna Alta,ACTIVE,gid://shopify/ProductVariant/56762935935300,449.90,494.95
gid://shopify/Product/15512247435588,Tumbona exterior aluminio alta · acceso fácil · Etna Alta,ACTIVE,gid://shopify/ProductVariant/56762935968068,449.90,494.95
gid://shopify/Product/15512247435588,Tumbona exterior aluminio alta · acceso fácil · Etna Alta,ACTIVE,gid://shopify/ProductVariant/56762936000836,496.95,546.95
gid://shopify/Product/15512247435588,Tumbona exterior aluminio alta · acceso fácil · Etna Alta,ACTIVE,gid://shopify/ProductVariant/56762936033604,496.95,546.95
gid://shopify/Product/15512247435588,Tumbona exterior aluminio alta · acceso fácil · Etna Alta,ACTIVE,gid://shopify/ProductVariant/56762936066372,496.95,546.95
gid://shopify/Product/15512247435588,Tumbona exterior aluminio alta · acceso fácil · Etna Alta,ACTIVE,gid://shopify/ProductVariant/56762936099140,496.95,546.95
gid://shopify/Product/15512247435588,Tumbona exterior aluminio alta · acceso fácil · Etna Alta,ACTIVE,gid://shopify/ProductVariant/56762936131908,496.95,546.95
gid://shopify/Product/15512247435588,Tumbona exterior aluminio alta · acceso fácil · Etna Alta,ACTIVE,gid://shopify/ProductVariant/56762936164676,496.95,546.95
gid://shopify/Product/15512247435588,Tumbona exterior aluminio alta · acceso fácil · Etna Alta,ACTIVE,gid://shopify/ProductVariant/56762936197444,496.95,546.95
gid://shopify/Product/15512247435588,Tumbona exterior aluminio alta · acceso fácil · Etna Alta,ACTIVE,gid://shopify/ProductVariant/56762936230212,496.95,546.95
gid://shopify/Product/15512247435588,Tumbona exterior aluminio alta · acceso fácil · Etna Alta,ACTIVE,gid://shopify/ProductVariant/56762936262980,496.95,546.95
gid://shopify/Product/15512247435588,Tumbona exterior aluminio alta · acceso fácil · Etna Alta,ACTIVE,gid://shopify/ProductVariant/56762936295748,496.95,546.95
gid://shopify/Product/15512247435588,Tumbona exterior aluminio alta · acceso fácil · Etna Alta,ACTIVE,gid://shopify/ProductVariant/56762936328516,496.95,546.95
gid://shopify/Product/15512247435588,Tumbona exterior aluminio alta · acceso fácil · Etna Alta,ACTIVE,gid://shopify/ProductVariant/56762936361284,496.95,546.95
gid://shopify/Product/15512247435588,Tumbona exterior aluminio alta · acceso fácil · Etna Alta,ACTIVE,gid://shopify/ProductVariant/56762936394052,496.95,546.95
gid://shopify/Product/15512247435588,Tumbona exterior aluminio alta · acceso fácil · Etna Alta,ACTIVE,gid://shopify/ProductVariant/56762936426820,496.95,546.95
gid://shopify/Product/15512247435588,Tumbona exterior aluminio alta · acceso fácil · Etna Alta,ACTIVE,gid://shopify/ProductVariant/56762936459588,496.95,546.95
gid://shopify/Product/15512247435588,Tumbona exterior aluminio alta · acceso fácil · Etna Alta,ACTIVE,gid://shopify/ProductVariant/56762936492356,496.95,546.95
gid://shopify/Product/15512247435588,Tumbona exterior aluminio alta · acceso fácil · Etna Alta,ACTIVE,gid://shopify/ProductVariant/56762936525124,496.95,546.95
gid://shopify/Product/15512247435588,Tumbona exterior aluminio alta · acceso fácil · Etna Alta,ACTIVE,gid://shopify/ProductVariant/56762936557892,496.95,546.95
gid://shopify/Product/15512247435588,Tumbona exterior aluminio alta · acceso fácil · Etna Alta,ACTIVE,gid://shopify/ProductVariant/56762936590660,496.95,546.95
gid://shopify/Product/15512247435588,Tumbona exterior aluminio alta · acceso fácil · Etna Alta,ACTIVE,gid://shopify/ProductVariant/56762936623428,496.95,546.95
gid://shopify/Product/15512247435588,Tumbona exterior aluminio alta · acceso fácil · Etna Alta,ACTIVE,gid://shopify/ProductVariant/56762936656196,496.95,546.95
gid://shopify/Product/15512247435588,Tumbona exterior aluminio alta · acceso fácil · Etna Alta,ACTIVE,gid://shopify/ProductVariant/56762936688964,496.95,546.95
gid://shopify/Product/15512247435588,Tumbona exterior aluminio alta · acceso fácil · Etna Alta,ACTIVE,gid://shopify/ProductVariant/56762936721732,496.95,546.95
gid://shopify/Product/15512247435588,Tumbona exterior aluminio alta · acceso fácil · Etna Alta,ACTIVE,gid://shopify/ProductVariant/56762936754500,496.95,546.95
gid://shopify/Product/15512247435588,Tumbona exterior aluminio alta · acceso fácil · Etna Alta,ACTIVE,gid://shopify/ProductVariant/56762936787268,496.95,546.95
gid://shopify/Product/15512247435588,Tumbona exterior aluminio alta · acceso fácil · Etna Alta,ACTIVE,gid://shopify/ProductVariant/56762936820036,496.95,546.95
gid://shopify/Product/15512247435588,Tumbona exterior aluminio alta · acceso fácil · Etna Alta,ACTIVE,gid://shopify/ProductVariant/56762936852804,496.95,546.95
gid://shopify/Product/15512247435588,Tumbona exterior aluminio alta · acceso fácil · Etna Alta,ACTIVE,gid://shopify/ProductVariant/56762936885572,496.95,546.95
gid://shopify/Product/15512247435588,Tumbona exterior aluminio alta · acceso fácil · Etna Alta,ACTIVE,gid://shopify/ProductVariant/56762936918340,496.95,546.95
gid://shopify/Product/15512247435588,Tumbona exterior aluminio alta · acceso fácil · Etna Alta,ACTIVE,gid://shopify/ProductVariant/56762936951108,496.95,546.95
gid://shopify/Product/15512247435588,Tumbona exterior aluminio alta · acceso fácil · Etna Alta,ACTIVE,gid://shopify/ProductVariant/56762936983876,496.95,546.95
gid://shopify/Product/15512247435588,Tumbona exterior aluminio alta · acceso fácil · Etna Alta,ACTIVE,gid://shopify/ProductVariant/56762937016644,496.95,546.95
gid://shopify/Product/15512247435588,Tumbona exterior aluminio alta · acceso fácil · Etna Alta,ACTIVE,gid://shopify/ProductVariant/56762937049412,496.95,546.95
gid://shopify/Product/15512247435588,Tumbona exterior aluminio alta · acceso fácil · Etna Alta,ACTIVE,gid://shopify/ProductVariant/56762937082180,496.95,546.95
gid://shopify/Product/15512247435588,Tumbona exterior aluminio alta · acceso fácil · Etna Alta,ACTIVE,gid://shopify/ProductVariant/56762937114948,496.95,546.95
gid://shopify/Product/15512247435588,Tumbona exterior aluminio alta · acceso fácil · Etna Alta,ACTIVE,gid://shopify/ProductVariant/56762937147716,496.95,546.95
gid://shopify/Product/15512247435588,Tumbona exterior aluminio alta · acceso fácil · Etna Alta,ACTIVE,gid://shopify/ProductVariant/56762937180484,496.95,546.95
gid://shopify/Product/15512247435588,Tumbona exterior aluminio alta · acceso fácil · Etna Alta,ACTIVE,gid://shopify/ProductVariant/56762937213252,496.95,546.95
gid://shopify/Product/15512247435588,Tumbona exterior aluminio alta · acceso fácil · Etna Alta,ACTIVE,gid://shopify/ProductVariant/56762937246020,496.95,546.95
gid://shopify/Product/15512247435588,Tumbona exterior aluminio alta · acceso fácil · Etna Alta,ACTIVE,gid://shopify/ProductVariant/56762937278788,496.95,546.95
gid://shopify/Product/15512247435588,Tumbona exterior aluminio alta · acceso fácil · Etna Alta,ACTIVE,gid://shopify/ProductVariant/56762937311556,496.95,546.95
gid://shopify/Product/15512247435588,Tumbona exterior aluminio alta · acceso fácil · Etna Alta,ACTIVE,gid://shopify/ProductVariant/56762937344324,496.95,546.95
gid://shopify/Product/15512247435588,Tumbona exterior aluminio alta · acceso fácil · Etna Alta,ACTIVE,gid://shopify/ProductVariant/56762937377092,496.95,546.95
gid://shopify/Product/15512247435588,Tumbona exterior aluminio alta · acceso fácil · Etna Alta,ACTIVE,gid://shopify/ProductVariant/56762937409860,496.95,546.95
gid://shopify/Product/15512247435588,Tumbona exterior aluminio alta · acceso fácil · Etna Alta,ACTIVE,gid://shopify/ProductVariant/56762937442628,496.95,546.95
gid://shopify/Product/15512247435588,Tumbona exterior aluminio alta · acceso fácil · Etna Alta,ACTIVE,gid://shopify/ProductVariant/56762937475396,496.95,546.95
gid://shopify/Product/15512247435588,Tumbona exterior aluminio alta · acceso fácil · Etna Alta,ACTIVE,gid://shopify/ProductVariant/56762937508164,496.95,546.95
gid://shopify/Product/15512247435588,Tumbona exterior aluminio alta · acceso fácil · Etna Alta,ACTIVE,gid://shopify/ProductVariant/56762937540932,496.95,546.95
gid://shopify/Product/15512247533892,Tumbona exterior aluminio · con ruedas 58 cm · Iris,ACTIVE,gid://shopify/ProductVariant/56762909983044,629.00,700.00
gid://shopify/Product/15512247533892,Tumbona exterior aluminio · con ruedas 58 cm · Iris,ACTIVE,gid://shopify/ProductVariant/56762910015812,629.00,700.00
gid://shopify/Product/15512247533892,Tumbona exterior aluminio · con ruedas 58 cm · Iris,ACTIVE,gid://shopify/ProductVariant/56762910048580,629.00,700.00
gid://shopify/Product/15512247533892,Tumbona exterior aluminio · con ruedas 58 cm · Iris,ACTIVE,gid://shopify/ProductVariant/56762910081348,629.00,700.00
gid://shopify/Product/15512247533892,Tumbona exterior aluminio · con ruedas 58 cm · Iris,ACTIVE,gid://shopify/ProductVariant/56762910114116,629.00,700.00
gid://shopify/Product/15512247533892,Tumbona exterior aluminio · con ruedas 58 cm · Iris,ACTIVE,gid://shopify/ProductVariant/56762910146884,629.00,700.00
gid://shopify/Product/15512247533892,Tumbona exterior aluminio · con ruedas 58 cm · Iris,ACTIVE,gid://shopify/ProductVariant/56762910179652,629.00,700.00
gid://shopify/Product/15512247533892,Tumbona exterior aluminio · con ruedas 58 cm · Iris,ACTIVE,gid://shopify/ProductVariant/56762910212420,629.00,700.00
gid://shopify/Product/15512247533892,Tumbona exterior aluminio · con ruedas 58 cm · Iris,ACTIVE,gid://shopify/ProductVariant/56762910245188,629.00,700.00
gid://shopify/Product/15512247533892,Tumbona exterior aluminio · con ruedas 58 cm · Iris,ACTIVE,gid://shopify/ProductVariant/56762910277956,629.00,700.00
gid://shopify/Product/15512247533892,Tumbona exterior aluminio · con ruedas 58 cm · Iris,ACTIVE,gid://shopify/ProductVariant/56762910310724,629.00,700.00
gid://shopify/Product/15512247533892,Tumbona exterior aluminio · con ruedas 58 cm · Iris,ACTIVE,gid://shopify/ProductVariant/56762910343492,629.00,700.00
gid://shopify/Product/15512247533892,Tumbona exterior aluminio · con ruedas 58 cm · Iris,ACTIVE,gid://shopify/ProductVariant/56762910376260,629.00,700.00
gid://shopify/Product/15512247533892,Tumbona exterior aluminio · con ruedas 58 cm · Iris,ACTIVE,gid://shopify/ProductVariant/56762910409028,629.00,700.00
gid://shopify/Product/15512247533892,Tumbona exterior aluminio · con ruedas 58 cm · Iris,ACTIVE,gid://shopify/ProductVariant/56762910441796,629.00,700.00
gid://shopify/Product/15512247533892,Tumbona exterior aluminio · con ruedas 58 cm · Iris,ACTIVE,gid://shopify/ProductVariant/56762910474564,629.00,700.00
gid://shopify/Product/15512247566660,Tumbona exterior aluminio apilable · 68 cm · Marina,ACTIVE,gid://shopify/ProductVariant/56762913718596,323.95,349.95
gid://shopify/Product/15512247566660,Tumbona exterior aluminio apilable · 68 cm · Marina,ACTIVE,gid://shopify/ProductVariant/56762913751364,323.95,349.95
gid://shopify/Product/15512247566660,Tumbona exterior aluminio apilable · 68 cm · Marina,ACTIVE,gid://shopify/ProductVariant/56762913784132,323.95,349.95
gid://shopify/Product/15512247566660,Tumbona exterior aluminio apilable · 68 cm · Marina,ACTIVE,gid://shopify/ProductVariant/56762913816900,323.95,349.95
gid://shopify/Product/15512247566660,Tumbona exterior aluminio apilable · 68 cm · Marina,ACTIVE,gid://shopify/ProductVariant/56762913849668,323.95,349.95
gid://shopify/Product/15512247566660,Tumbona exterior aluminio apilable · 68 cm · Marina,ACTIVE,gid://shopify/ProductVariant/56762913882436,323.95,349.95
gid://shopify/Product/15512247566660,Tumbona exterior aluminio apilable · 68 cm · Marina,ACTIVE,gid://shopify/ProductVariant/56762913915204,323.95,349.95
gid://shopify/Product/15512247566660,Tumbona exterior aluminio apilable · 68 cm · Marina,ACTIVE,gid://shopify/ProductVariant/56762913947972,323.95,349.95
gid://shopify/Product/15512247566660,Tumbona exterior aluminio apilable · 68 cm · Marina,ACTIVE,gid://shopify/ProductVariant/56762913980740,323.95,349.95
gid://shopify/Product/15512247566660,Tumbona exterior aluminio apilable · 68 cm · Marina,ACTIVE,gid://shopify/ProductVariant/56762914013508,323.95,349.95
gid://shopify/Product/15512247566660,Tumbona exterior aluminio apilable · 68 cm · Marina,ACTIVE,gid://shopify/ProductVariant/56762914046276,323.95,349.95
gid://shopify/Product/15512247566660,Tumbona exterior aluminio apilable · 68 cm · Marina,ACTIVE,gid://shopify/ProductVariant/56762914079044,323.95,349.95
gid://shopify/Product/15512247566660,Tumbona exterior aluminio apilable · 68 cm · Marina,ACTIVE,gid://shopify/ProductVariant/56762914111812,323.95,349.95
gid://shopify/Product/15512247566660,Tumbona exterior aluminio apilable · 68 cm · Marina,ACTIVE,gid://shopify/ProductVariant/56762914144580,323.95,349.95
gid://shopify/Product/15512247566660,Tumbona exterior aluminio apilable · 68 cm · Marina,ACTIVE,gid://shopify/ProductVariant/56762914177348,323.95,349.95
gid://shopify/Product/15512247566660,Tumbona exterior aluminio apilable · 68 cm · Marina,ACTIVE,gid://shopify/ProductVariant/56762914210116,323.95,349.95
gid://shopify/Product/15512247632196,Tumbona Alba (DRAFT — pendiente verificar con proveedor),DRAFT,gid://shopify/ProductVariant/56581961875780,421.95,449.95
gid://shopify/Product/15512247664964,Mini tumbona exterior aluminio plegable · 62 cm · Cannes,ACTIVE,gid://shopify/ProductVariant/56762914242884,249.90,274.95
gid://shopify/Product/15512247664964,Mini tumbona exterior aluminio plegable · 62 cm · Cannes,ACTIVE,gid://shopify/ProductVariant/56762914275652,249.90,274.95
gid://shopify/Product/15512247664964,Mini tumbona exterior aluminio plegable · 62 cm · Cannes,ACTIVE,gid://shopify/ProductVariant/56762914308420,249.90,274.95
gid://shopify/Product/15512247664964,Mini tumbona exterior aluminio plegable · 62 cm · Cannes,ACTIVE,gid://shopify/ProductVariant/56762914341188,249.90,274.95
gid://shopify/Product/15512247664964,Mini tumbona exterior aluminio plegable · 62 cm · Cannes,ACTIVE,gid://shopify/ProductVariant/56762914373956,249.90,274.95
gid://shopify/Product/15512247664964,Mini tumbona exterior aluminio plegable · 62 cm · Cannes,ACTIVE,gid://shopify/ProductVariant/56762914406724,249.90,274.95
gid://shopify/Product/15512247664964,Mini tumbona exterior aluminio plegable · 62 cm · Cannes,ACTIVE,gid://shopify/ProductVariant/56762914439492,249.90,274.95
gid://shopify/Product/15512247664964,Mini tumbona exterior aluminio plegable · 62 cm · Cannes,ACTIVE,gid://shopify/ProductVariant/56762914472260,249.90,274.95
gid://shopify/Product/15512247664964,Mini tumbona exterior aluminio plegable · 62 cm · Cannes,ACTIVE,gid://shopify/ProductVariant/56762914505028,249.90,274.95
gid://shopify/Product/15512247664964,Mini tumbona exterior aluminio plegable · 62 cm · Cannes,ACTIVE,gid://shopify/ProductVariant/56762914537796,249.90,274.95
gid://shopify/Product/15512247664964,Mini tumbona exterior aluminio plegable · 62 cm · Cannes,ACTIVE,gid://shopify/ProductVariant/56762914570564,249.90,274.95
gid://shopify/Product/15512247664964,Mini tumbona exterior aluminio plegable · 62 cm · Cannes,ACTIVE,gid://shopify/ProductVariant/56762914603332,249.90,274.95
gid://shopify/Product/15512247664964,Mini tumbona exterior aluminio plegable · 62 cm · Cannes,ACTIVE,gid://shopify/ProductVariant/56762914636100,249.90,274.95
gid://shopify/Product/15512247664964,Mini tumbona exterior aluminio plegable · 62 cm · Cannes,ACTIVE,gid://shopify/ProductVariant/56762914668868,249.90,274.95
gid://shopify/Product/15512247664964,Mini tumbona exterior aluminio plegable · 62 cm · Cannes,ACTIVE,gid://shopify/ProductVariant/56762914701636,249.90,274.95
gid://shopify/Product/15512247664964,Mini tumbona exterior aluminio plegable · 62 cm · Cannes,ACTIVE,gid://shopify/ProductVariant/56762914734404,249.90,274.95
gid://shopify/Product/15512247664964,Mini tumbona exterior aluminio plegable · 62 cm · Cannes,ACTIVE,gid://shopify/ProductVariant/56762914767172,249.90,274.95
gid://shopify/Product/15512247664964,Mini tumbona exterior aluminio plegable · 62 cm · Cannes,ACTIVE,gid://shopify/ProductVariant/56762914799940,249.90,274.95
gid://shopify/Product/15512247664964,Mini tumbona exterior aluminio plegable · 62 cm · Cannes,ACTIVE,gid://shopify/ProductVariant/56762914832708,249.90,274.95
gid://shopify/Product/15512247664964,Mini tumbona exterior aluminio plegable · 62 cm · Cannes,ACTIVE,gid://shopify/ProductVariant/56762914865476,249.90,274.95
gid://shopify/Product/15512247664964,Mini tumbona exterior aluminio plegable · 62 cm · Cannes,ACTIVE,gid://shopify/ProductVariant/56762914898244,249.90,274.95
gid://shopify/Product/15512247664964,Mini tumbona exterior aluminio plegable · 62 cm · Cannes,ACTIVE,gid://shopify/ProductVariant/56762914931012,249.90,274.95
gid://shopify/Product/15512247664964,Mini tumbona exterior aluminio plegable · 62 cm · Cannes,ACTIVE,gid://shopify/ProductVariant/56762914963780,249.90,274.95
gid://shopify/Product/15512247664964,Mini tumbona exterior aluminio plegable · 62 cm · Cannes,ACTIVE,gid://shopify/ProductVariant/56762914996548,249.90,274.95
gid://shopify/Product/15512247664964,Mini tumbona exterior aluminio plegable · 62 cm · Cannes,ACTIVE,gid://shopify/ProductVariant/56762915029316,249.90,274.95
gid://shopify/Product/15512247664964,Mini tumbona exterior aluminio plegable · 62 cm · Cannes,ACTIVE,gid://shopify/ProductVariant/56762915062084,249.90,274.95
gid://shopify/Product/15512247664964,Mini tumbona exterior aluminio plegable · 62 cm · Cannes,ACTIVE,gid://shopify/ProductVariant/56762915094852,249.90,274.95
gid://shopify/Product/15512247664964,Mini tumbona exterior aluminio plegable · 62 cm · Cannes,ACTIVE,gid://shopify/ProductVariant/56762915127620,249.90,274.95
gid://shopify/Product/15512247664964,Mini tumbona exterior aluminio plegable · 62 cm · Cannes,ACTIVE,gid://shopify/ProductVariant/56762915160388,249.90,274.95
gid://shopify/Product/15512247664964,Mini tumbona exterior aluminio plegable · 62 cm · Cannes,ACTIVE,gid://shopify/ProductVariant/56762915193156,249.90,274.95
gid://shopify/Product/15512247664964,Mini tumbona exterior aluminio plegable · 62 cm · Cannes,ACTIVE,gid://shopify/ProductVariant/56762915225924,249.90,274.95
gid://shopify/Product/15512247664964,Mini tumbona exterior aluminio plegable · 62 cm · Cannes,ACTIVE,gid://shopify/ProductVariant/56762915258692,249.90,274.95
gid://shopify/Product/15512247664964,Mini tumbona exterior aluminio plegable · 62 cm · Cannes,ACTIVE,gid://shopify/ProductVariant/56762915291460,249.90,274.95
gid://shopify/Product/15512247664964,Mini tumbona exterior aluminio plegable · 62 cm · Cannes,ACTIVE,gid://shopify/ProductVariant/56762915324228,249.90,274.95
gid://shopify/Product/15512247664964,Mini tumbona exterior aluminio plegable · 62 cm · Cannes,ACTIVE,gid://shopify/ProductVariant/56762915356996,249.90,274.95
gid://shopify/Product/15512247664964,Mini tumbona exterior aluminio plegable · 62 cm · Cannes,ACTIVE,gid://shopify/ProductVariant/56762915389764,249.90,274.95
gid://shopify/Product/15512247664964,Mini tumbona exterior aluminio plegable · 62 cm · Cannes,ACTIVE,gid://shopify/ProductVariant/56762915422532,249.90,274.95
gid://shopify/Product/15512247664964,Mini tumbona exterior aluminio plegable · 62 cm · Cannes,ACTIVE,gid://shopify/ProductVariant/56762915455300,249.90,274.95
gid://shopify/Product/15512247664964,Mini tumbona exterior aluminio plegable · 62 cm · Cannes,ACTIVE,gid://shopify/ProductVariant/56762915488068,249.90,274.95
gid://shopify/Product/15512247664964,Mini tumbona exterior aluminio plegable · 62 cm · Cannes,ACTIVE,gid://shopify/ProductVariant/56762915520836,249.90,274.95
gid://shopify/Product/15512247664964,Mini tumbona exterior aluminio plegable · 62 cm · Cannes,ACTIVE,gid://shopify/ProductVariant/56762915553604,249.90,274.95
gid://shopify/Product/15512247664964,Mini tumbona exterior aluminio plegable · 62 cm · Cannes,ACTIVE,gid://shopify/ProductVariant/56762915586372,249.90,274.95
gid://shopify/Product/15512247664964,Mini tumbona exterior aluminio plegable · 62 cm · Cannes,ACTIVE,gid://shopify/ProductVariant/56762915619140,249.90,274.95
gid://shopify/Product/15512247664964,Mini tumbona exterior aluminio plegable · 62 cm · Cannes,ACTIVE,gid://shopify/ProductVariant/56762915651908,249.90,274.95
gid://shopify/Product/15512247664964,Mini tumbona exterior aluminio plegable · 62 cm · Cannes,ACTIVE,gid://shopify/ProductVariant/56762915684676,249.90,274.95
gid://shopify/Product/15512247664964,Mini tumbona exterior aluminio plegable · 62 cm · Cannes,ACTIVE,gid://shopify/ProductVariant/56762915717444,249.90,274.95
gid://shopify/Product/15512247664964,Mini tumbona exterior aluminio plegable · 62 cm · Cannes,ACTIVE,gid://shopify/ProductVariant/56762915750212,249.90,274.95
gid://shopify/Product/15512247664964,Mini tumbona exterior aluminio plegable · 62 cm · Cannes,ACTIVE,gid://shopify/ProductVariant/56762915782980,249.90,274.95
gid://shopify/Product/15512247730500,Mini tumbona exterior madera teca plegable · 59 cm · Bristol,ACTIVE,gid://shopify/ProductVariant/56762915815748,299.90,329.95
gid://shopify/Product/15512247730500,Mini tumbona exterior madera teca plegable · 59 cm · Bristol,ACTIVE,gid://shopify/ProductVariant/56762915848516,299.90,329.95
gid://shopify/Product/15512247730500,Mini tumbona exterior madera teca plegable · 59 cm · Bristol,ACTIVE,gid://shopify/ProductVariant/56762915881284,299.90,329.95
gid://shopify/Product/15512247730500,Mini tumbona exterior madera teca plegable · 59 cm · Bristol,ACTIVE,gid://shopify/ProductVariant/56762915914052,299.90,329.95
gid://shopify/Product/15512247730500,Mini tumbona exterior madera teca plegable · 59 cm · Bristol,ACTIVE,gid://shopify/ProductVariant/56762915946820,299.90,329.95
gid://shopify/Product/15512247730500,Mini tumbona exterior madera teca plegable · 59 cm · Bristol,ACTIVE,gid://shopify/ProductVariant/56762915979588,299.90,329.95
gid://shopify/Product/15512247730500,Mini tumbona exterior madera teca plegable · 59 cm · Bristol,ACTIVE,gid://shopify/ProductVariant/56762916012356,299.90,329.95
gid://shopify/Product/15512247730500,Mini tumbona exterior madera teca plegable · 59 cm · Bristol,ACTIVE,gid://shopify/ProductVariant/56762916045124,299.90,329.95
gid://shopify/Product/15512247730500,Mini tumbona exterior madera teca plegable · 59 cm · Bristol,ACTIVE,gid://shopify/ProductVariant/56762916077892,299.90,329.95
gid://shopify/Product/15512247730500,Mini tumbona exterior madera teca plegable · 59 cm · Bristol,ACTIVE,gid://shopify/ProductVariant/56762916110660,299.90,329.95
gid://shopify/Product/15512247730500,Mini tumbona exterior madera teca plegable · 59 cm · Bristol,ACTIVE,gid://shopify/ProductVariant/56762916143428,299.90,329.95
gid://shopify/Product/15512247730500,Mini tumbona exterior madera teca plegable · 59 cm · Bristol,ACTIVE,gid://shopify/ProductVariant/56762916176196,299.90,329.95
gid://shopify/Product/15512247730500,Mini tumbona exterior madera teca plegable · 59 cm · Bristol,ACTIVE,gid://shopify/ProductVariant/56762916208964,299.90,329.95
gid://shopify/Product/15512247730500,Mini tumbona exterior madera teca plegable · 59 cm · Bristol,ACTIVE,gid://shopify/ProductVariant/56762916241732,299.90,329.95
gid://shopify/Product/15512247730500,Mini tumbona exterior madera teca plegable · 59 cm · Bristol,ACTIVE,gid://shopify/ProductVariant/56762916274500,299.90,329.95
gid://shopify/Product/15512247730500,Mini tumbona exterior madera teca plegable · 59 cm · Bristol,ACTIVE,gid://shopify/ProductVariant/56762916307268,299.90,329.95
gid://shopify/Product/15512247763268,Mini tumbona exterior aluminio apilable · 57 cm · Marina,ACTIVE,gid://shopify/ProductVariant/56762916340036,213.95,235.95
gid://shopify/Product/15512247763268,Mini tumbona exterior aluminio apilable · 57 cm · Marina,ACTIVE,gid://shopify/ProductVariant/56762916372804,213.95,235.95
gid://shopify/Product/15512247763268,Mini tumbona exterior aluminio apilable · 57 cm · Marina,ACTIVE,gid://shopify/ProductVariant/56762916405572,213.95,235.95
gid://shopify/Product/15512247763268,Mini tumbona exterior aluminio apilable · 57 cm · Marina,ACTIVE,gid://shopify/ProductVariant/56762916438340,213.95,235.95
gid://shopify/Product/15512247763268,Mini tumbona exterior aluminio apilable · 57 cm · Marina,ACTIVE,gid://shopify/ProductVariant/56762916471108,213.95,235.95
gid://shopify/Product/15512247763268,Mini tumbona exterior aluminio apilable · 57 cm · Marina,ACTIVE,gid://shopify/ProductVariant/56762916503876,213.95,235.95
gid://shopify/Product/15512247763268,Mini tumbona exterior aluminio apilable · 57 cm · Marina,ACTIVE,gid://shopify/ProductVariant/56762916536644,213.95,235.95
gid://shopify/Product/15512247763268,Mini tumbona exterior aluminio apilable · 57 cm · Marina,ACTIVE,gid://shopify/ProductVariant/56762916569412,213.95,235.95
gid://shopify/Product/15512247763268,Mini tumbona exterior aluminio apilable · 57 cm · Marina,ACTIVE,gid://shopify/ProductVariant/56762916602180,213.95,235.95
gid://shopify/Product/15512247763268,Mini tumbona exterior aluminio apilable · 57 cm · Marina,ACTIVE,gid://shopify/ProductVariant/56762916634948,213.95,235.95
gid://shopify/Product/15512247763268,Mini tumbona exterior aluminio apilable · 57 cm · Marina,ACTIVE,gid://shopify/ProductVariant/56762916667716,213.95,235.95
gid://shopify/Product/15512247763268,Mini tumbona exterior aluminio apilable · 57 cm · Marina,ACTIVE,gid://shopify/ProductVariant/56762916700484,213.95,235.95
gid://shopify/Product/15512247763268,Mini tumbona exterior aluminio apilable · 57 cm · Marina,ACTIVE,gid://shopify/ProductVariant/56762916733252,213.95,235.95
gid://shopify/Product/15512247763268,Mini tumbona exterior aluminio apilable · 57 cm · Marina,ACTIVE,gid://shopify/ProductVariant/56762916766020,213.95,235.95
gid://shopify/Product/15512247763268,Mini tumbona exterior aluminio apilable · 57 cm · Marina,ACTIVE,gid://shopify/ProductVariant/56762916798788,213.95,235.95
gid://shopify/Product/15512247763268,Mini tumbona exterior aluminio apilable · 57 cm · Marina,ACTIVE,gid://shopify/ProductVariant/56762916831556,213.95,235.95
gid://shopify/Product/15512247763268,Mini tumbona exterior aluminio apilable · 57 cm · Marina,ACTIVE,gid://shopify/ProductVariant/56762916864324,213.95,235.95
gid://shopify/Product/15512247763268,Mini tumbona exterior aluminio apilable · 57 cm · Marina,ACTIVE,gid://shopify/ProductVariant/56762916897092,213.95,235.95
gid://shopify/Product/15512247763268,Mini tumbona exterior aluminio apilable · 57 cm · Marina,ACTIVE,gid://shopify/ProductVariant/56762916929860,213.95,235.95
gid://shopify/Product/15512247763268,Mini tumbona exterior aluminio apilable · 57 cm · Marina,ACTIVE,gid://shopify/ProductVariant/56762916962628,213.95,235.95
gid://shopify/Product/15512247763268,Mini tumbona exterior aluminio apilable · 57 cm · Marina,ACTIVE,gid://shopify/ProductVariant/56762916995396,213.95,235.95
gid://shopify/Product/15512247763268,Mini tumbona exterior aluminio apilable · 57 cm · Marina,ACTIVE,gid://shopify/ProductVariant/56762917028164,213.95,235.95
gid://shopify/Product/15512247763268,Mini tumbona exterior aluminio apilable · 57 cm · Marina,ACTIVE,gid://shopify/ProductVariant/56762917060932,213.95,235.95
gid://shopify/Product/15512247763268,Mini tumbona exterior aluminio apilable · 57 cm · Marina,ACTIVE,gid://shopify/ProductVariant/56762917093700,213.95,235.95
gid://shopify/Product/15512247763268,Mini tumbona exterior aluminio apilable · 57 cm · Marina,ACTIVE,gid://shopify/ProductVariant/56762917126468,213.95,235.95
gid://shopify/Product/15512247763268,Mini tumbona exterior aluminio apilable · 57 cm · Marina,ACTIVE,gid://shopify/ProductVariant/56762917159236,213.95,235.95
gid://shopify/Product/15512247763268,Mini tumbona exterior aluminio apilable · 57 cm · Marina,ACTIVE,gid://shopify/ProductVariant/56762917192004,213.95,235.95
gid://shopify/Product/15512247763268,Mini tumbona exterior aluminio apilable · 57 cm · Marina,ACTIVE,gid://shopify/ProductVariant/56762917224772,213.95,235.95
gid://shopify/Product/15512247763268,Mini tumbona exterior aluminio apilable · 57 cm · Marina,ACTIVE,gid://shopify/ProductVariant/56762917257540,213.95,235.95
gid://shopify/Product/15512247763268,Mini tumbona exterior aluminio apilable · 57 cm · Marina,ACTIVE,gid://shopify/ProductVariant/56762917290308,213.95,235.95
gid://shopify/Product/15512247763268,Mini tumbona exterior aluminio apilable · 57 cm · Marina,ACTIVE,gid://shopify/ProductVariant/56762917323076,213.95,235.95
gid://shopify/Product/15512247763268,Mini tumbona exterior aluminio apilable · 57 cm · Marina,ACTIVE,gid://shopify/ProductVariant/56762917355844,213.95,235.95
gid://shopify/Product/15512247796036,Cama balinesa exterior aluminio · estilo sofisticado | 160 cm,ACTIVE,gid://shopify/ProductVariant/56581962170692,1999.00,2200.00
gid://shopify/Product/15512247861572,Cama balinesa exterior aluminio · estilo minimalista | 198 cm,ACTIVE,gid://shopify/ProductVariant/56581962367300,2815.00,3100.00
gid://shopify/Product/15512247894340,Taburete exterior aluminio · tejido Balliu · Etna,ACTIVE,gid://shopify/ProductVariant/56763028537668,186.95,199.95
gid://shopify/Product/15512247894340,Taburete exterior aluminio · tejido Balliu · Etna,ACTIVE,gid://shopify/ProductVariant/56763028570436,186.95,199.95
gid://shopify/Product/15512247894340,Taburete exterior aluminio · tejido Balliu · Etna,ACTIVE,gid://shopify/ProductVariant/56763028603204,186.95,199.95
gid://shopify/Product/15512247894340,Taburete exterior aluminio · tejido Balliu · Etna,ACTIVE,gid://shopify/ProductVariant/56763028635972,186.95,199.95
gid://shopify/Product/15512247894340,Taburete exterior aluminio · tejido Balliu · Etna,ACTIVE,gid://shopify/ProductVariant/56763028668740,186.95,199.95
gid://shopify/Product/15512247894340,Taburete exterior aluminio · tejido Balliu · Etna,ACTIVE,gid://shopify/ProductVariant/56763028701508,186.95,199.95
gid://shopify/Product/15512247894340,Taburete exterior aluminio · tejido Balliu · Etna,ACTIVE,gid://shopify/ProductVariant/56763028734276,186.95,199.95
gid://shopify/Product/15512247894340,Taburete exterior aluminio · tejido Balliu · Etna,ACTIVE,gid://shopify/ProductVariant/56763028767044,186.95,199.95
gid://shopify/Product/15512247894340,Taburete exterior aluminio · tejido Balliu · Etna,ACTIVE,gid://shopify/ProductVariant/56763028799812,186.95,199.95
gid://shopify/Product/15512247894340,Taburete exterior aluminio · tejido Balliu · Etna,ACTIVE,gid://shopify/ProductVariant/56763028832580,186.95,199.95
gid://shopify/Product/15512247894340,Taburete exterior aluminio · tejido Balliu · Etna,ACTIVE,gid://shopify/ProductVariant/56763028865348,186.95,199.95
gid://shopify/Product/15512247894340,Taburete exterior aluminio · tejido Balliu · Etna,ACTIVE,gid://shopify/ProductVariant/56763028898116,186.95,199.95
gid://shopify/Product/15512247894340,Taburete exterior aluminio · tejido Balliu · Etna,ACTIVE,gid://shopify/ProductVariant/56763028930884,186.95,199.95
gid://shopify/Product/15512247894340,Taburete exterior aluminio · tejido Balliu · Etna,ACTIVE,gid://shopify/ProductVariant/56763028963652,186.95,199.95
gid://shopify/Product/15512247894340,Taburete exterior aluminio · tejido Balliu · Etna,ACTIVE,gid://shopify/ProductVariant/56763028996420,186.95,199.95
gid://shopify/Product/15512247894340,Taburete exterior aluminio · tejido Balliu · Etna,ACTIVE,gid://shopify/ProductVariant/56763029029188,186.95,199.95
gid://shopify/Product/15512247894340,Taburete exterior aluminio · tejido Balliu · Etna,ACTIVE,gid://shopify/ProductVariant/56763029061956,186.95,199.95
gid://shopify/Product/15512247894340,Taburete exterior aluminio · tejido Balliu · Etna,ACTIVE,gid://shopify/ProductVariant/56763029094724,186.95,199.95
gid://shopify/Product/15512247894340,Taburete exterior aluminio · tejido Balliu · Etna,ACTIVE,gid://shopify/ProductVariant/56763029127492,186.95,199.95
gid://shopify/Product/15512247894340,Taburete exterior aluminio · tejido Balliu · Etna,ACTIVE,gid://shopify/ProductVariant/56763029160260,186.95,199.95
gid://shopify/Product/15512247894340,Taburete exterior aluminio · tejido Balliu · Etna,ACTIVE,gid://shopify/ProductVariant/56763029193028,186.95,199.95
gid://shopify/Product/15512247894340,Taburete exterior aluminio · tejido Balliu · Etna,ACTIVE,gid://shopify/ProductVariant/56763029225796,186.95,199.95
gid://shopify/Product/15512247894340,Taburete exterior aluminio · tejido Balliu · Etna,ACTIVE,gid://shopify/ProductVariant/56763029258564,186.95,199.95
gid://shopify/Product/15512247894340,Taburete exterior aluminio · tejido Balliu · Etna,ACTIVE,gid://shopify/ProductVariant/56763029291332,186.95,199.95
gid://shopify/Product/15512247894340,Taburete exterior aluminio · tejido Balliu · Etna,ACTIVE,gid://shopify/ProductVariant/56763029324100,186.95,199.95
gid://shopify/Product/15512247894340,Taburete exterior aluminio · tejido Balliu · Etna,ACTIVE,gid://shopify/ProductVariant/56763029356868,186.95,199.95
gid://shopify/Product/15512247894340,Taburete exterior aluminio · tejido Balliu · Etna,ACTIVE,gid://shopify/ProductVariant/56763029389636,186.95,199.95
gid://shopify/Product/15512247894340,Taburete exterior aluminio · tejido Balliu · Etna,ACTIVE,gid://shopify/ProductVariant/56763029422404,186.95,199.95
gid://shopify/Product/15512247894340,Taburete exterior aluminio · tejido Balliu · Etna,ACTIVE,gid://shopify/ProductVariant/56763029455172,186.95,199.95
gid://shopify/Product/15512247894340,Taburete exterior aluminio · tejido Balliu · Etna,ACTIVE,gid://shopify/ProductVariant/56763029487940,186.95,199.95
gid://shopify/Product/15512247894340,Taburete exterior aluminio · tejido Balliu · Etna,ACTIVE,gid://shopify/ProductVariant/56763029520708,186.95,199.95
gid://shopify/Product/15512247894340,Taburete exterior aluminio · tejido Balliu · Etna,ACTIVE,gid://shopify/ProductVariant/56763029553476,186.95,199.95
gid://shopify/Product/15512247894340,Taburete exterior aluminio · tejido Balliu · Etna,ACTIVE,gid://shopify/ProductVariant/56763029586244,186.95,199.95
gid://shopify/Product/15512247894340,Taburete exterior aluminio · tejido Balliu · Etna,ACTIVE,gid://shopify/ProductVariant/56763029619012,186.95,199.95
gid://shopify/Product/15512247894340,Taburete exterior aluminio · tejido Balliu · Etna,ACTIVE,gid://shopify/ProductVariant/56763029651780,186.95,199.95
gid://shopify/Product/15512247894340,Taburete exterior aluminio · tejido Balliu · Etna,ACTIVE,gid://shopify/ProductVariant/56763029684548,186.95,199.95
gid://shopify/Product/15512247894340,Taburete exterior aluminio · tejido Balliu · Etna,ACTIVE,gid://shopify/ProductVariant/56763029717316,186.95,199.95
gid://shopify/Product/15512247894340,Taburete exterior aluminio · tejido Balliu · Etna,ACTIVE,gid://shopify/ProductVariant/56763029750084,186.95,199.95
gid://shopify/Product/15512247894340,Taburete exterior aluminio · tejido Balliu · Etna,ACTIVE,gid://shopify/ProductVariant/56763029782852,186.95,199.95
gid://shopify/Product/15512247894340,Taburete exterior aluminio · tejido Balliu · Etna,ACTIVE,gid://shopify/ProductVariant/56763029815620,186.95,199.95
gid://shopify/Product/15512247894340,Taburete exterior aluminio · tejido Balliu · Etna,ACTIVE,gid://shopify/ProductVariant/56763029848388,186.95,199.95
gid://shopify/Product/15512247894340,Taburete exterior aluminio · tejido Balliu · Etna,ACTIVE,gid://shopify/ProductVariant/56763029881156,186.95,199.95
gid://shopify/Product/15512247894340,Taburete exterior aluminio · tejido Balliu · Etna,ACTIVE,gid://shopify/ProductVariant/56763029913924,186.95,199.95
gid://shopify/Product/15512247894340,Taburete exterior aluminio · tejido Balliu · Etna,ACTIVE,gid://shopify/ProductVariant/56763029946692,186.95,199.95
gid://shopify/Product/15512247894340,Taburete exterior aluminio · tejido Balliu · Etna,ACTIVE,gid://shopify/ProductVariant/56763029979460,186.95,199.95
gid://shopify/Product/15512247894340,Taburete exterior aluminio · tejido Balliu · Etna,ACTIVE,gid://shopify/ProductVariant/56763030012228,186.95,199.95
gid://shopify/Product/15512247894340,Taburete exterior aluminio · tejido Balliu · Etna,ACTIVE,gid://shopify/ProductVariant/56763030044996,186.95,199.95
gid://shopify/Product/15512247894340,Taburete exterior aluminio · tejido Balliu · Etna,ACTIVE,gid://shopify/ProductVariant/56763030077764,186.95,199.95
gid://shopify/Product/15512247927108,Silla exterior aluminio · tejido Balliu · Etna,ACTIVE,gid://shopify/ProductVariant/56763025391940,181.95,199.95
gid://shopify/Product/15512247927108,Silla exterior aluminio · tejido Balliu · Etna,ACTIVE,gid://shopify/ProductVariant/56763025424708,181.95,199.95
gid://shopify/Product/15512247927108,Silla exterior aluminio · tejido Balliu · Etna,ACTIVE,gid://shopify/ProductVariant/56763025457476,181.95,199.95
gid://shopify/Product/15512247927108,Silla exterior aluminio · tejido Balliu · Etna,ACTIVE,gid://shopify/ProductVariant/56763025490244,181.95,199.95
gid://shopify/Product/15512247927108,Silla exterior aluminio · tejido Balliu · Etna,ACTIVE,gid://shopify/ProductVariant/56763025523012,181.95,199.95
gid://shopify/Product/15512247927108,Silla exterior aluminio · tejido Balliu · Etna,ACTIVE,gid://shopify/ProductVariant/56763025555780,181.95,199.95
gid://shopify/Product/15512247927108,Silla exterior aluminio · tejido Balliu · Etna,ACTIVE,gid://shopify/ProductVariant/56763025588548,181.95,199.95
gid://shopify/Product/15512247927108,Silla exterior aluminio · tejido Balliu · Etna,ACTIVE,gid://shopify/ProductVariant/56763025621316,181.95,199.95
gid://shopify/Product/15512247927108,Silla exterior aluminio · tejido Balliu · Etna,ACTIVE,gid://shopify/ProductVariant/56763025654084,181.95,199.95
gid://shopify/Product/15512247927108,Silla exterior aluminio · tejido Balliu · Etna,ACTIVE,gid://shopify/ProductVariant/56763025686852,181.95,199.95
gid://shopify/Product/15512247927108,Silla exterior aluminio · tejido Balliu · Etna,ACTIVE,gid://shopify/ProductVariant/56763025719620,181.95,199.95
gid://shopify/Product/15512247927108,Silla exterior aluminio · tejido Balliu · Etna,ACTIVE,gid://shopify/ProductVariant/56763025752388,181.95,199.95
gid://shopify/Product/15512247927108,Silla exterior aluminio · tejido Balliu · Etna,ACTIVE,gid://shopify/ProductVariant/56763025785156,181.95,199.95
gid://shopify/Product/15512247927108,Silla exterior aluminio · tejido Balliu · Etna,ACTIVE,gid://shopify/ProductVariant/56763025817924,181.95,199.95
gid://shopify/Product/15512247927108,Silla exterior aluminio · tejido Balliu · Etna,ACTIVE,gid://shopify/ProductVariant/56763025850692,181.95,199.95
gid://shopify/Product/15512247927108,Silla exterior aluminio · tejido Balliu · Etna,ACTIVE,gid://shopify/ProductVariant/56763025883460,181.95,199.95
gid://shopify/Product/15512247927108,Silla exterior aluminio · tejido Balliu · Etna,ACTIVE,gid://shopify/ProductVariant/56763025916228,181.95,199.95
gid://shopify/Product/15512247927108,Silla exterior aluminio · tejido Balliu · Etna,ACTIVE,gid://shopify/ProductVariant/56763025948996,181.95,199.95
gid://shopify/Product/15512247927108,Silla exterior aluminio · tejido Balliu · Etna,ACTIVE,gid://shopify/ProductVariant/56763025981764,181.95,199.95
gid://shopify/Product/15512247927108,Silla exterior aluminio · tejido Balliu · Etna,ACTIVE,gid://shopify/ProductVariant/56763026014532,181.95,199.95
gid://shopify/Product/15512247927108,Silla exterior aluminio · tejido Balliu · Etna,ACTIVE,gid://shopify/ProductVariant/56763026047300,181.95,199.95
gid://shopify/Product/15512247927108,Silla exterior aluminio · tejido Balliu · Etna,ACTIVE,gid://shopify/ProductVariant/56763026080068,181.95,199.95
gid://shopify/Product/15512247927108,Silla exterior aluminio · tejido Balliu · Etna,ACTIVE,gid://shopify/ProductVariant/56763026112836,181.95,199.95
gid://shopify/Product/15512247927108,Silla exterior aluminio · tejido Balliu · Etna,ACTIVE,gid://shopify/ProductVariant/56763026145604,181.95,199.95
gid://shopify/Product/15512247927108,Silla exterior aluminio · tejido Balliu · Etna,ACTIVE,gid://shopify/ProductVariant/56763026178372,181.95,199.95
gid://shopify/Product/15512247927108,Silla exterior aluminio · tejido Balliu · Etna,ACTIVE,gid://shopify/ProductVariant/56763026211140,181.95,199.95
gid://shopify/Product/15512247927108,Silla exterior aluminio · tejido Balliu · Etna,ACTIVE,gid://shopify/ProductVariant/56763026243908,181.95,199.95
gid://shopify/Product/15512247927108,Silla exterior aluminio · tejido Balliu · Etna,ACTIVE,gid://shopify/ProductVariant/56763026276676,181.95,199.95
gid://shopify/Product/15512247927108,Silla exterior aluminio · tejido Balliu · Etna,ACTIVE,gid://shopify/ProductVariant/56763026309444,181.95,199.95
gid://shopify/Product/15512247927108,Silla exterior aluminio · tejido Balliu · Etna,ACTIVE,gid://shopify/ProductVariant/56763026342212,181.95,199.95
gid://shopify/Product/15512247927108,Silla exterior aluminio · tejido Balliu · Etna,ACTIVE,gid://shopify/ProductVariant/56763026374980,181.95,199.95
gid://shopify/Product/15512247927108,Silla exterior aluminio · tejido Balliu · Etna,ACTIVE,gid://shopify/ProductVariant/56763026407748,181.95,199.95
gid://shopify/Product/15512247927108,Silla exterior aluminio · tejido Balliu · Etna,ACTIVE,gid://shopify/ProductVariant/56763026440516,181.95,199.95
gid://shopify/Product/15512247927108,Silla exterior aluminio · tejido Balliu · Etna,ACTIVE,gid://shopify/ProductVariant/56763026473284,181.95,199.95
gid://shopify/Product/15512247927108,Silla exterior aluminio · tejido Balliu · Etna,ACTIVE,gid://shopify/ProductVariant/56763026506052,181.95,199.95
gid://shopify/Product/15512247927108,Silla exterior aluminio · tejido Balliu · Etna,ACTIVE,gid://shopify/ProductVariant/56763026538820,181.95,199.95
gid://shopify/Product/15512247927108,Silla exterior aluminio · tejido Balliu · Etna,ACTIVE,gid://shopify/ProductVariant/56763026571588,181.95,199.95
gid://shopify/Product/15512247927108,Silla exterior aluminio · tejido Balliu · Etna,ACTIVE,gid://shopify/ProductVariant/56763026604356,181.95,199.95
gid://shopify/Product/15512247927108,Silla exterior aluminio · tejido Balliu · Etna,ACTIVE,gid://shopify/ProductVariant/56763026637124,181.95,199.95
gid://shopify/Product/15512247927108,Silla exterior aluminio · tejido Balliu · Etna,ACTIVE,gid://shopify/ProductVariant/56763026669892,181.95,199.95
gid://shopify/Product/15512247927108,Silla exterior aluminio · tejido Balliu · Etna,ACTIVE,gid://shopify/ProductVariant/56763026702660,181.95,199.95
gid://shopify/Product/15512247927108,Silla exterior aluminio · tejido Balliu · Etna,ACTIVE,gid://shopify/ProductVariant/56763026735428,181.95,199.95
gid://shopify/Product/15512247927108,Silla exterior aluminio · tejido Balliu · Etna,ACTIVE,gid://shopify/ProductVariant/56763026768196,181.95,199.95
gid://shopify/Product/15512247927108,Silla exterior aluminio · tejido Balliu · Etna,ACTIVE,gid://shopify/ProductVariant/56763026800964,181.95,199.95
gid://shopify/Product/15512247927108,Silla exterior aluminio · tejido Balliu · Etna,ACTIVE,gid://shopify/ProductVariant/56763026833732,181.95,199.95
gid://shopify/Product/15512247927108,Silla exterior aluminio · tejido Balliu · Etna,ACTIVE,gid://shopify/ProductVariant/56763026866500,181.95,199.95
gid://shopify/Product/15512247927108,Silla exterior aluminio · tejido Balliu · Etna,ACTIVE,gid://shopify/ProductVariant/56763026899268,181.95,199.95
gid://shopify/Product/15512247927108,Silla exterior aluminio · tejido Balliu · Etna,ACTIVE,gid://shopify/ProductVariant/56763026932036,181.95,199.95
gid://shopify/Product/15512247992644,Silla exterior aluminio alta · tejido Balliu · Etna Alta,ACTIVE,gid://shopify/ProductVariant/56763026964804,190.95,210.95
gid://shopify/Product/15512247992644,Silla exterior aluminio alta · tejido Balliu · Etna Alta,ACTIVE,gid://shopify/ProductVariant/56763026997572,190.95,210.95
gid://shopify/Product/15512247992644,Silla exterior aluminio alta · tejido Balliu · Etna Alta,ACTIVE,gid://shopify/ProductVariant/56763027030340,190.95,210.95
gid://shopify/Product/15512247992644,Silla exterior aluminio alta · tejido Balliu · Etna Alta,ACTIVE,gid://shopify/ProductVariant/56763027063108,190.95,210.95
gid://shopify/Product/15512247992644,Silla exterior aluminio alta · tejido Balliu · Etna Alta,ACTIVE,gid://shopify/ProductVariant/56763027095876,190.95,210.95
gid://shopify/Product/15512247992644,Silla exterior aluminio alta · tejido Balliu · Etna Alta,ACTIVE,gid://shopify/ProductVariant/56763027128644,190.95,210.95
gid://shopify/Product/15512247992644,Silla exterior aluminio alta · tejido Balliu · Etna Alta,ACTIVE,gid://shopify/ProductVariant/56763027161412,190.95,210.95
gid://shopify/Product/15512247992644,Silla exterior aluminio alta · tejido Balliu · Etna Alta,ACTIVE,gid://shopify/ProductVariant/56763027194180,190.95,210.95
gid://shopify/Product/15512247992644,Silla exterior aluminio alta · tejido Balliu · Etna Alta,ACTIVE,gid://shopify/ProductVariant/56763027226948,190.95,210.95
gid://shopify/Product/15512247992644,Silla exterior aluminio alta · tejido Balliu · Etna Alta,ACTIVE,gid://shopify/ProductVariant/56763027259716,190.95,210.95
gid://shopify/Product/15512247992644,Silla exterior aluminio alta · tejido Balliu · Etna Alta,ACTIVE,gid://shopify/ProductVariant/56763027292484,190.95,210.95
gid://shopify/Product/15512247992644,Silla exterior aluminio alta · tejido Balliu · Etna Alta,ACTIVE,gid://shopify/ProductVariant/56763027325252,190.95,210.95
gid://shopify/Product/15512247992644,Silla exterior aluminio alta · tejido Balliu · Etna Alta,ACTIVE,gid://shopify/ProductVariant/56763027358020,190.95,210.95
gid://shopify/Product/15512247992644,Silla exterior aluminio alta · tejido Balliu · Etna Alta,ACTIVE,gid://shopify/ProductVariant/56763027390788,190.95,210.95
gid://shopify/Product/15512247992644,Silla exterior aluminio alta · tejido Balliu · Etna Alta,ACTIVE,gid://shopify/ProductVariant/56763027423556,190.95,210.95
gid://shopify/Product/15512247992644,Silla exterior aluminio alta · tejido Balliu · Etna Alta,ACTIVE,gid://shopify/ProductVariant/56763027456324,190.95,210.95
gid://shopify/Product/15512247992644,Silla exterior aluminio alta · tejido Balliu · Etna Alta,ACTIVE,gid://shopify/ProductVariant/56763027489092,190.95,210.95
gid://shopify/Product/15512247992644,Silla exterior aluminio alta · tejido Balliu · Etna Alta,ACTIVE,gid://shopify/ProductVariant/56763027521860,190.95,210.95
gid://shopify/Product/15512247992644,Silla exterior aluminio alta · tejido Balliu · Etna Alta,ACTIVE,gid://shopify/ProductVariant/56763027554628,190.95,210.95
gid://shopify/Product/15512247992644,Silla exterior aluminio alta · tejido Balliu · Etna Alta,ACTIVE,gid://shopify/ProductVariant/56763027587396,190.95,210.95
gid://shopify/Product/15512247992644,Silla exterior aluminio alta · tejido Balliu · Etna Alta,ACTIVE,gid://shopify/ProductVariant/56763027620164,190.95,210.95
gid://shopify/Product/15512247992644,Silla exterior aluminio alta · tejido Balliu · Etna Alta,ACTIVE,gid://shopify/ProductVariant/56763027652932,190.95,210.95
gid://shopify/Product/15512247992644,Silla exterior aluminio alta · tejido Balliu · Etna Alta,ACTIVE,gid://shopify/ProductVariant/56763027685700,190.95,210.95
gid://shopify/Product/15512247992644,Silla exterior aluminio alta · tejido Balliu · Etna Alta,ACTIVE,gid://shopify/ProductVariant/56763027718468,190.95,210.95
gid://shopify/Product/15512247992644,Silla exterior aluminio alta · tejido Balliu · Etna Alta,ACTIVE,gid://shopify/ProductVariant/56763027751236,190.95,210.95
gid://shopify/Product/15512247992644,Silla exterior aluminio alta · tejido Balliu · Etna Alta,ACTIVE,gid://shopify/ProductVariant/56763027784004,190.95,210.95
gid://shopify/Product/15512247992644,Silla exterior aluminio alta · tejido Balliu · Etna Alta,ACTIVE,gid://shopify/ProductVariant/56763027816772,190.95,210.95
gid://shopify/Product/15512247992644,Silla exterior aluminio alta · tejido Balliu · Etna Alta,ACTIVE,gid://shopify/ProductVariant/56763027849540,190.95,210.95
gid://shopify/Product/15512247992644,Silla exterior aluminio alta · tejido Balliu · Etna Alta,ACTIVE,gid://shopify/ProductVariant/56763027882308,190.95,210.95
gid://shopify/Product/15512247992644,Silla exterior aluminio alta · tejido Balliu · Etna Alta,ACTIVE,gid://shopify/ProductVariant/56763027915076,190.95,210.95
gid://shopify/Product/15512247992644,Silla exterior aluminio alta · tejido Balliu · Etna Alta,ACTIVE,gid://shopify/ProductVariant/56763027947844,190.95,210.95
gid://shopify/Product/15512247992644,Silla exterior aluminio alta · tejido Balliu · Etna Alta,ACTIVE,gid://shopify/ProductVariant/56763027980612,190.95,210.95
gid://shopify/Product/15512247992644,Silla exterior aluminio alta · tejido Balliu · Etna Alta,ACTIVE,gid://shopify/ProductVariant/56763028013380,190.95,210.95
gid://shopify/Product/15512247992644,Silla exterior aluminio alta · tejido Balliu · Etna Alta,ACTIVE,gid://shopify/ProductVariant/56763028046148,190.95,210.95
gid://shopify/Product/15512247992644,Silla exterior aluminio alta · tejido Balliu · Etna Alta,ACTIVE,gid://shopify/ProductVariant/56763028078916,190.95,210.95
gid://shopify/Product/15512247992644,Silla exterior aluminio alta · tejido Balliu · Etna Alta,ACTIVE,gid://shopify/ProductVariant/56763028111684,190.95,210.95
gid://shopify/Product/15512247992644,Silla exterior aluminio alta · tejido Balliu · Etna Alta,ACTIVE,gid://shopify/ProductVariant/56763028144452,190.95,210.95
gid://shopify/Product/15512247992644,Silla exterior aluminio alta · tejido Balliu · Etna Alta,ACTIVE,gid://shopify/ProductVariant/56763028177220,190.95,210.95
gid://shopify/Product/15512247992644,Silla exterior aluminio alta · tejido Balliu · Etna Alta,ACTIVE,gid://shopify/ProductVariant/56763028209988,190.95,210.95
gid://shopify/Product/15512247992644,Silla exterior aluminio alta · tejido Balliu · Etna Alta,ACTIVE,gid://shopify/ProductVariant/56763028242756,190.95,210.95
gid://shopify/Product/15512247992644,Silla exterior aluminio alta · tejido Balliu · Etna Alta,ACTIVE,gid://shopify/ProductVariant/56763028275524,190.95,210.95
gid://shopify/Product/15512247992644,Silla exterior aluminio alta · tejido Balliu · Etna Alta,ACTIVE,gid://shopify/ProductVariant/56763028308292,190.95,210.95
gid://shopify/Product/15512247992644,Silla exterior aluminio alta · tejido Balliu · Etna Alta,ACTIVE,gid://shopify/ProductVariant/56763028341060,190.95,210.95
gid://shopify/Product/15512247992644,Silla exterior aluminio alta · tejido Balliu · Etna Alta,ACTIVE,gid://shopify/ProductVariant/56763028373828,190.95,210.95
gid://shopify/Product/15512247992644,Silla exterior aluminio alta · tejido Balliu · Etna Alta,ACTIVE,gid://shopify/ProductVariant/56763028406596,190.95,210.95
gid://shopify/Product/15512247992644,Silla exterior aluminio alta · tejido Balliu · Etna Alta,ACTIVE,gid://shopify/ProductVariant/56763028439364,190.95,210.95
gid://shopify/Product/15512247992644,Silla exterior aluminio alta · tejido Balliu · Etna Alta,ACTIVE,gid://shopify/ProductVariant/56763028472132,190.95,210.95
gid://shopify/Product/15512247992644,Silla exterior aluminio alta · tejido Balliu · Etna Alta,ACTIVE,gid://shopify/ProductVariant/56763028504900,190.95,210.95
gid://shopify/Product/15512248025412,Silla exterior resina · estilo minimalista · Duna,ACTIVE,gid://shopify/ProductVariant/56763024834884,77.95,85.95
gid://shopify/Product/15512248025412,Silla exterior resina · estilo minimalista · Duna,ACTIVE,gid://shopify/ProductVariant/56763024867652,81.95,90.95
gid://shopify/Product/15512248025412,Silla exterior resina · estilo minimalista · Duna,ACTIVE,gid://shopify/ProductVariant/56763024900420,81.95,90.95
gid://shopify/Product/15512248123716,Silla exterior resina · estilo clásico · Bimba,ACTIVE,gid://shopify/ProductVariant/56763024703812,99.90,109.95
gid://shopify/Product/15512248123716,Silla exterior resina · estilo clásico · Bimba,ACTIVE,gid://shopify/ProductVariant/56763024736580,99.90,109.95
gid://shopify/Product/15512248123716,Silla exterior resina · estilo clásico · Bimba,ACTIVE,gid://shopify/ProductVariant/56763024769348,99.90,109.95
gid://shopify/Product/15512248222020,Silla exterior resina apilable · Selva,ACTIVE,gid://shopify/ProductVariant/56763024933188,33.95,44.00
gid://shopify/Product/15512248222020,Silla exterior resina apilable · Selva,ACTIVE,gid://shopify/ProductVariant/56763024965956,40.95,53.00
gid://shopify/Product/15512248320324,Silla exterior resina · Bruna,ACTIVE,gid://shopify/ProductVariant/56763024998724,70.95,78.95
gid://shopify/Product/15512248320324,Silla exterior resina · Bruna,ACTIVE,gid://shopify/ProductVariant/56763025031492,70.95,78.95
gid://shopify/Product/15512248320324,Silla exterior resina · Bruna,ACTIVE,gid://shopify/ProductVariant/56763025064260,84.95,93.95
gid://shopify/Product/15512248320324,Silla exterior resina · Bruna,ACTIVE,gid://shopify/ProductVariant/56763025097028,84.95,93.95
gid://shopify/Product/15512248418628,Silla exterior resina · Vera,ACTIVE,gid://shopify/ProductVariant/56763025129796,78.95,86.95
gid://shopify/Product/15512248418628,Silla exterior resina · Vera,ACTIVE,gid://shopify/ProductVariant/56763025162564,78.95,86.95
gid://shopify/Product/15512248418628,Silla exterior resina · Vera,ACTIVE,gid://shopify/ProductVariant/56763025195332,79.95,87.95
gid://shopify/Product/15512248418628,Silla exterior resina · Vera,ACTIVE,gid://shopify/ProductVariant/56763025228100,79.95,87.95
gid://shopify/Product/15512248418628,Silla exterior resina · Vera,ACTIVE,gid://shopify/ProductVariant/56763025260868,115.95,127.95
gid://shopify/Product/15512248418628,Silla exterior resina · Vera,ACTIVE,gid://shopify/ProductVariant/56763025293636,115.95,127.95
gid://shopify/Product/15512248549700,Silla exterior resina · Venus,ACTIVE,gid://shopify/ProductVariant/56763025326404,65.95,72.95
gid://shopify/Product/15512248615236,Silla exterior con brazos · estilo contemporáneo | 53 cm,DRAFT,gid://shopify/ProductVariant/56581964300612,70.95,77.95
gid://shopify/Product/15512248648004,Silla exterior con brazos resina · estilo funcional,DRAFT,gid://shopify/ProductVariant/56581964333380,89.95,113.80
gid://shopify/Product/15512248680772,Silla exterior aluminio · tejido Balliu · Mila,ACTIVE,gid://shopify/ProductVariant/56763030110532,97.95,107.95
gid://shopify/Product/15512248680772,Silla exterior aluminio · tejido Balliu · Mila,ACTIVE,gid://shopify/ProductVariant/56763030143300,97.95,107.95
gid://shopify/Product/15512248680772,Silla exterior aluminio · tejido Balliu · Mila,ACTIVE,gid://shopify/ProductVariant/56763030176068,97.95,107.95
gid://shopify/Product/15512248680772,Silla exterior aluminio · tejido Balliu · Mila,ACTIVE,gid://shopify/ProductVariant/56763030208836,97.95,107.95
gid://shopify/Product/15512248779076,Silla exterior aluminio · estilo contemporáneo,DRAFT,gid://shopify/ProductVariant/56581964595524,149.90,170.95
gid://shopify/Product/15512248844612,Mesa exterior aluminio,DRAFT,gid://shopify/ProductVariant/56581964661060,108.95,119.95
gid://shopify/Product/15512248877380,Mesa auxiliar exterior resina decorativa · 48×48 cm · Mini Prestige,ACTIVE,gid://shopify/ProductVariant/56762951139652,27.95,36.00
gid://shopify/Product/15512248877380,Mesa auxiliar exterior resina decorativa · 48×48 cm · Mini Prestige,ACTIVE,gid://shopify/ProductVariant/56762951172420,29.95,39.00
gid://shopify/Product/15512248877380,Mesa auxiliar exterior resina decorativa · 48×48 cm · Mini Prestige,ACTIVE,gid://shopify/ProductVariant/56762951205188,29.95,39.00
gid://shopify/Product/15512248877380,Mesa auxiliar exterior resina decorativa · 48×48 cm · Mini Prestige,ACTIVE,gid://shopify/ProductVariant/56762951237956,29.95,39.00
gid://shopify/Product/15512248877380,Mesa auxiliar exterior resina decorativa · 48×48 cm · Mini Prestige,ACTIVE,gid://shopify/ProductVariant/56762951270724,29.95,39.00
gid://shopify/Product/15512248910148,Mesa exterior,DRAFT,gid://shopify/ProductVariant/56581964890436,29.95,38.00
gid://shopify/Product/15512248942916,Mesa auxiliar exterior resina · 48×48 cm · Eva Pro Mini,ACTIVE,gid://shopify/ProductVariant/56762948092228,33.95,44.00
gid://shopify/Product/15512248942916,Mesa auxiliar exterior resina · 48×48 cm · Eva Pro Mini,ACTIVE,gid://shopify/ProductVariant/56762948124996,34.95,45.00
gid://shopify/Product/15512248942916,Mesa auxiliar exterior resina · 48×48 cm · Eva Pro Mini,ACTIVE,gid://shopify/ProductVariant/56762948157764,34.95,45.00
gid://shopify/Product/15512248942916,Mesa auxiliar exterior resina · 48×48 cm · Eva Pro Mini,ACTIVE,gid://shopify/ProductVariant/56762948190532,34.95,45.00
gid://shopify/Product/15512248942916,Mesa auxiliar exterior resina · 48×48 cm · Eva Pro Mini,ACTIVE,gid://shopify/ProductVariant/56762948223300,34.95,45.00
gid://shopify/Product/15512249008452,Mesa auxiliar exterior resina | 48 cm,DRAFT,gid://shopify/ProductVariant/56581965119812,34.95,45.00
gid://shopify/Product/15512249041220,Mesa auxiliar exterior resina · 48×48 cm · Eva Pro BCN,ACTIVE,gid://shopify/ProductVariant/56762948256068,36.95,48.00
gid://shopify/Product/15512249041220,Mesa auxiliar exterior resina · 48×48 cm · Eva Pro BCN,ACTIVE,gid://shopify/ProductVariant/56762948288836,37.95,49.00
gid://shopify/Product/15512249041220,Mesa auxiliar exterior resina · 48×48 cm · Eva Pro BCN,ACTIVE,gid://shopify/ProductVariant/56762948321604,37.95,49.00
gid://shopify/Product/15512249041220,Mesa auxiliar exterior resina · 48×48 cm · Eva Pro BCN,ACTIVE,gid://shopify/ProductVariant/56762948354372,37.95,49.00
gid://shopify/Product/15512249041220,Mesa auxiliar exterior resina · 48×48 cm · Eva Pro BCN,ACTIVE,gid://shopify/ProductVariant/56762948387140,37.95,49.00
gid://shopify/Product/15512249073988,Mesa auxiliar exterior resina | 48 cm,DRAFT,gid://shopify/ProductVariant/56581965185348,37.95,49.00
gid://shopify/Product/15512249106756,Mesa auxiliar exterior aluminio · 48×48 cm tejido · Olimpia,ACTIVE,gid://shopify/ProductVariant/56762948419908,157.95,173.95
gid://shopify/Product/15512249106756,Mesa auxiliar exterior aluminio · 48×48 cm tejido · Olimpia,ACTIVE,gid://shopify/ProductVariant/56762948452676,157.95,173.95
gid://shopify/Product/15512249106756,Mesa auxiliar exterior aluminio · 48×48 cm tejido · Olimpia,ACTIVE,gid://shopify/ProductVariant/56762948485444,157.95,173.95
gid://shopify/Product/15512249106756,Mesa auxiliar exterior aluminio · 48×48 cm tejido · Olimpia,ACTIVE,gid://shopify/ProductVariant/56762948518212,157.95,173.95
gid://shopify/Product/15512249106756,Mesa auxiliar exterior aluminio · 48×48 cm tejido · Olimpia,ACTIVE,gid://shopify/ProductVariant/56762948550980,157.95,173.95
gid://shopify/Product/15512249106756,Mesa auxiliar exterior aluminio · 48×48 cm tejido · Olimpia,ACTIVE,gid://shopify/ProductVariant/56762948583748,157.95,173.95
gid://shopify/Product/15512249106756,Mesa auxiliar exterior aluminio · 48×48 cm tejido · Olimpia,ACTIVE,gid://shopify/ProductVariant/56762948616516,157.95,173.95
gid://shopify/Product/15512249106756,Mesa auxiliar exterior aluminio · 48×48 cm tejido · Olimpia,ACTIVE,gid://shopify/ProductVariant/56762948649284,157.95,173.95
gid://shopify/Product/15512249106756,Mesa auxiliar exterior aluminio · 48×48 cm tejido · Olimpia,ACTIVE,gid://shopify/ProductVariant/56762948682052,157.95,173.95
gid://shopify/Product/15512249106756,Mesa auxiliar exterior aluminio · 48×48 cm tejido · Olimpia,ACTIVE,gid://shopify/ProductVariant/56762948714820,157.95,173.95
gid://shopify/Product/15512249106756,Mesa auxiliar exterior aluminio · 48×48 cm tejido · Olimpia,ACTIVE,gid://shopify/ProductVariant/56762948747588,157.95,173.95
gid://shopify/Product/15512249106756,Mesa auxiliar exterior aluminio · 48×48 cm tejido · Olimpia,ACTIVE,gid://shopify/ProductVariant/56762948780356,157.95,173.95
gid://shopify/Product/15512249106756,Mesa auxiliar exterior aluminio · 48×48 cm tejido · Olimpia,ACTIVE,gid://shopify/ProductVariant/56762948813124,157.95,173.95
gid://shopify/Product/15512249106756,Mesa auxiliar exterior aluminio · 48×48 cm tejido · Olimpia,ACTIVE,gid://shopify/ProductVariant/56762948845892,157.95,173.95
gid://shopify/Product/15512249106756,Mesa auxiliar exterior aluminio · 48×48 cm tejido · Olimpia,ACTIVE,gid://shopify/ProductVariant/56762948878660,157.95,173.95
gid://shopify/Product/15512249106756,Mesa auxiliar exterior aluminio · 48×48 cm tejido · Olimpia,ACTIVE,gid://shopify/ProductVariant/56762948911428,157.95,173.95
gid://shopify/Product/15512249106756,Mesa auxiliar exterior aluminio · 48×48 cm tejido · Olimpia,ACTIVE,gid://shopify/ProductVariant/56762948944196,157.95,173.95
gid://shopify/Product/15512249106756,Mesa auxiliar exterior aluminio · 48×48 cm tejido · Olimpia,ACTIVE,gid://shopify/ProductVariant/56762948976964,157.95,173.95
gid://shopify/Product/15512249106756,Mesa auxiliar exterior aluminio · 48×48 cm tejido · Olimpia,ACTIVE,gid://shopify/ProductVariant/56762949009732,157.95,173.95
gid://shopify/Product/15512249106756,Mesa auxiliar exterior aluminio · 48×48 cm tejido · Olimpia,ACTIVE,gid://shopify/ProductVariant/56762949042500,157.95,173.95
gid://shopify/Product/15512249106756,Mesa auxiliar exterior aluminio · 48×48 cm tejido · Olimpia,ACTIVE,gid://shopify/ProductVariant/56762949075268,157.95,173.95
gid://shopify/Product/15512249106756,Mesa auxiliar exterior aluminio · 48×48 cm tejido · Olimpia,ACTIVE,gid://shopify/ProductVariant/56762949108036,157.95,173.95
gid://shopify/Product/15512249106756,Mesa auxiliar exterior aluminio · 48×48 cm tejido · Olimpia,ACTIVE,gid://shopify/ProductVariant/56762949140804,157.95,173.95
gid://shopify/Product/15512249106756,Mesa auxiliar exterior aluminio · 48×48 cm tejido · Olimpia,ACTIVE,gid://shopify/ProductVariant/56762949173572,157.95,173.95
gid://shopify/Product/15512249106756,Mesa auxiliar exterior aluminio · 48×48 cm tejido · Olimpia,ACTIVE,gid://shopify/ProductVariant/56762949206340,157.95,173.95
gid://shopify/Product/15512249106756,Mesa auxiliar exterior aluminio · 48×48 cm tejido · Olimpia,ACTIVE,gid://shopify/ProductVariant/56762949239108,157.95,173.95
gid://shopify/Product/15512249106756,Mesa auxiliar exterior aluminio · 48×48 cm tejido · Olimpia,ACTIVE,gid://shopify/ProductVariant/56762949271876,157.95,173.95
gid://shopify/Product/15512249106756,Mesa auxiliar exterior aluminio · 48×48 cm tejido · Olimpia,ACTIVE,gid://shopify/ProductVariant/56762949304644,157.95,173.95
gid://shopify/Product/15512249106756,Mesa auxiliar exterior aluminio · 48×48 cm tejido · Olimpia,ACTIVE,gid://shopify/ProductVariant/56762949337412,157.95,173.95
gid://shopify/Product/15512249106756,Mesa auxiliar exterior aluminio · 48×48 cm tejido · Olimpia,ACTIVE,gid://shopify/ProductVariant/56762949370180,157.95,173.95
gid://shopify/Product/15512249106756,Mesa auxiliar exterior aluminio · 48×48 cm tejido · Olimpia,ACTIVE,gid://shopify/ProductVariant/56762949402948,157.95,173.95
gid://shopify/Product/15512249106756,Mesa auxiliar exterior aluminio · 48×48 cm tejido · Olimpia,ACTIVE,gid://shopify/ProductVariant/56762949435716,157.95,173.95
gid://shopify/Product/15512249106756,Mesa auxiliar exterior aluminio · 48×48 cm tejido · Olimpia,ACTIVE,gid://shopify/ProductVariant/56762949468484,157.95,173.95
gid://shopify/Product/15512249106756,Mesa auxiliar exterior aluminio · 48×48 cm tejido · Olimpia,ACTIVE,gid://shopify/ProductVariant/56762949501252,157.95,173.95
gid://shopify/Product/15512249106756,Mesa auxiliar exterior aluminio · 48×48 cm tejido · Olimpia,ACTIVE,gid://shopify/ProductVariant/56762949534020,157.95,173.95
gid://shopify/Product/15512249106756,Mesa auxiliar exterior aluminio · 48×48 cm tejido · Olimpia,ACTIVE,gid://shopify/ProductVariant/56762949566788,157.95,173.95
gid://shopify/Product/15512249106756,Mesa auxiliar exterior aluminio · 48×48 cm tejido · Olimpia,ACTIVE,gid://shopify/ProductVariant/56762949599556,157.95,173.95
gid://shopify/Product/15512249106756,Mesa auxiliar exterior aluminio · 48×48 cm tejido · Olimpia,ACTIVE,gid://shopify/ProductVariant/56762949632324,157.95,173.95
gid://shopify/Product/15512249106756,Mesa auxiliar exterior aluminio · 48×48 cm tejido · Olimpia,ACTIVE,gid://shopify/ProductVariant/56762949665092,157.95,173.95
gid://shopify/Product/15512249106756,Mesa auxiliar exterior aluminio · 48×48 cm tejido · Olimpia,ACTIVE,gid://shopify/ProductVariant/56762949697860,157.95,173.95
gid://shopify/Product/15512249106756,Mesa auxiliar exterior aluminio · 48×48 cm tejido · Olimpia,ACTIVE,gid://shopify/ProductVariant/56762949730628,157.95,173.95
gid://shopify/Product/15512249106756,Mesa auxiliar exterior aluminio · 48×48 cm tejido · Olimpia,ACTIVE,gid://shopify/ProductVariant/56762949763396,157.95,173.95
gid://shopify/Product/15512249106756,Mesa auxiliar exterior aluminio · 48×48 cm tejido · Olimpia,ACTIVE,gid://shopify/ProductVariant/56762949796164,157.95,173.95
gid://shopify/Product/15512249106756,Mesa auxiliar exterior aluminio · 48×48 cm tejido · Olimpia,ACTIVE,gid://shopify/ProductVariant/56762949828932,157.95,173.95
gid://shopify/Product/15512249106756,Mesa auxiliar exterior aluminio · 48×48 cm tejido · Olimpia,ACTIVE,gid://shopify/ProductVariant/56762949861700,157.95,173.95
gid://shopify/Product/15512249106756,Mesa auxiliar exterior aluminio · 48×48 cm tejido · Olimpia,ACTIVE,gid://shopify/ProductVariant/56762949894468,157.95,173.95
gid://shopify/Product/15512249106756,Mesa auxiliar exterior aluminio · 48×48 cm tejido · Olimpia,ACTIVE,gid://shopify/ProductVariant/56762949927236,157.95,173.95
gid://shopify/Product/15512249106756,Mesa auxiliar exterior aluminio · 48×48 cm tejido · Olimpia,ACTIVE,gid://shopify/ProductVariant/56762949960004,157.95,173.95
gid://shopify/Product/15512249172292,Mesa auxiliar exterior aluminio · Ø42 cm · Noa,ACTIVE,gid://shopify/ProductVariant/56762950484292,137.95,149.95
gid://shopify/Product/15512249172292,Mesa auxiliar exterior aluminio · Ø42 cm · Noa,ACTIVE,gid://shopify/ProductVariant/56762950517060,137.95,149.95
gid://shopify/Product/15512249172292,Mesa auxiliar exterior aluminio · Ø42 cm · Noa,ACTIVE,gid://shopify/ProductVariant/56762950549828,130.95,144.95
gid://shopify/Product/15512249172292,Mesa auxiliar exterior aluminio · Ø42 cm · Noa,ACTIVE,gid://shopify/ProductVariant/56762950582596,137.95,149.95
gid://shopify/Product/15512249172292,Mesa auxiliar exterior aluminio · Ø42 cm · Noa,ACTIVE,gid://shopify/ProductVariant/56762950615364,137.95,149.95
gid://shopify/Product/15512249205060,Mesa auxiliar exterior aluminio,DRAFT,gid://shopify/ProductVariant/56581965447492,137.95,149.95
gid://shopify/Product/15512249368900,Mesa auxiliar exterior · aluminio HPL 45×45 cm · Etna,ACTIVE,gid://shopify/ProductVariant/56762950648132,167.95,184.95
gid://shopify/Product/15512249368900,Mesa auxiliar exterior · aluminio HPL 45×45 cm · Etna,ACTIVE,gid://shopify/ProductVariant/56762950680900,167.95,184.95
gid://shopify/Product/15512249368900,Mesa auxiliar exterior · aluminio HPL 45×45 cm · Etna,ACTIVE,gid://shopify/ProductVariant/56762950713668,167.95,184.95
gid://shopify/Product/15512249368900,Mesa auxiliar exterior · aluminio HPL 45×45 cm · Etna,ACTIVE,gid://shopify/ProductVariant/56762950746436,167.95,184.95
gid://shopify/Product/15512249368900,Mesa auxiliar exterior · aluminio HPL 45×45 cm · Etna,ACTIVE,gid://shopify/ProductVariant/56762950779204,167.95,184.95
gid://shopify/Product/15512249368900,Mesa auxiliar exterior · aluminio HPL 45×45 cm · Etna,ACTIVE,gid://shopify/ProductVariant/56762950811972,167.95,184.95
gid://shopify/Product/15512249368900,Mesa auxiliar exterior · aluminio HPL 45×45 cm · Etna,ACTIVE,gid://shopify/ProductVariant/56762950844740,167.95,184.95
gid://shopify/Product/15512249368900,Mesa auxiliar exterior · aluminio HPL 45×45 cm · Etna,ACTIVE,gid://shopify/ProductVariant/56762950877508,167.95,184.95
gid://shopify/Product/15512249368900,Mesa auxiliar exterior · aluminio HPL 45×45 cm · Etna,ACTIVE,gid://shopify/ProductVariant/56762950910276,167.95,184.95
gid://shopify/Product/15512249368900,Mesa auxiliar exterior · aluminio HPL 45×45 cm · Etna,ACTIVE,gid://shopify/ProductVariant/56762950943044,167.95,184.95
gid://shopify/Product/15512249368900,Mesa auxiliar exterior · aluminio HPL 45×45 cm · Etna,ACTIVE,gid://shopify/ProductVariant/56762950975812,167.95,184.95
gid://shopify/Product/15512249368900,Mesa auxiliar exterior · aluminio HPL 45×45 cm · Etna,ACTIVE,gid://shopify/ProductVariant/56762951008580,167.95,184.95
gid://shopify/Product/15512249368900,Mesa auxiliar exterior · aluminio HPL 45×45 cm · Etna,ACTIVE,gid://shopify/ProductVariant/56762951041348,167.95,184.95
gid://shopify/Product/15512249368900,Mesa auxiliar exterior · aluminio HPL 45×45 cm · Etna,ACTIVE,gid://shopify/ProductVariant/56762951074116,167.95,184.95
gid://shopify/Product/15512249368900,Mesa auxiliar exterior · aluminio HPL 45×45 cm · Etna,ACTIVE,gid://shopify/ProductVariant/56762951106884,167.95,184.95
gid://shopify/Product/15512249401668,Mesa exterior resina · Werzalit · Selva,ACTIVE,gid://shopify/ProductVariant/56762991804740,181.95,199.95
gid://shopify/Product/15512249401668,Mesa exterior resina · Werzalit · Selva,ACTIVE,gid://shopify/ProductVariant/56762991870276,221.95,244.95
gid://shopify/Product/15512249401668,Mesa exterior resina · Werzalit · Selva,ACTIVE,gid://shopify/ProductVariant/56762991903044,220.95,243.95
gid://shopify/Product/15512249401668,Mesa exterior resina · Werzalit · Selva,ACTIVE,gid://shopify/ProductVariant/56762991935812,243.95,268.95
gid://shopify/Product/15512249401668,Mesa exterior resina · Werzalit · Selva,ACTIVE,gid://shopify/ProductVariant/56762991968580,315.95,347.95
gid://shopify/Product/15512249434436,Mesa exterior resina | Ø80 cm,DRAFT,gid://shopify/ProductVariant/56581965807940,188.95,199.95
gid://shopify/Product/15512249467204,Mesa exterior resina | Ø90 cm,DRAFT,gid://shopify/ProductVariant/56581965840708,221.95,243.95
gid://shopify/Product/15512249499972,Mesa exterior resina | 70×70 cm,DRAFT,gid://shopify/ProductVariant/56581965873476,220.95,242.95
gid://shopify/Product/15512249565508,Mesa exterior resina | 80×80 cm,DRAFT,gid://shopify/ProductVariant/56581965906244,243.95,268.95
gid://shopify/Product/15512249598276,Mesa exterior resina | 120×80 cm,DRAFT,gid://shopify/ProductVariant/56581966102852,315.95,347.95
gid://shopify/Product/15512249631044,Mesa exterior aluminio · HPL · Brunei,ACTIVE,gid://shopify/ProductVariant/56763001667908,478.95,526.95
gid://shopify/Product/15512249631044,Mesa exterior aluminio · HPL · Brunei,ACTIVE,gid://shopify/ProductVariant/56763001700676,478.95,526.95
gid://shopify/Product/15512249631044,Mesa exterior aluminio · HPL · Brunei,ACTIVE,gid://shopify/ProductVariant/56763001733444,478.95,526.95
gid://shopify/Product/15512249631044,Mesa exterior aluminio · HPL · Brunei,ACTIVE,gid://shopify/ProductVariant/56763001766212,478.95,526.95
gid://shopify/Product/15512249631044,Mesa exterior aluminio · HPL · Brunei,ACTIVE,gid://shopify/ProductVariant/56763001798980,478.95,526.95
gid://shopify/Product/15512249631044,Mesa exterior aluminio · HPL · Brunei,ACTIVE,gid://shopify/ProductVariant/56763001831748,478.95,526.95
gid://shopify/Product/15512249631044,Mesa exterior aluminio · HPL · Brunei,ACTIVE,gid://shopify/ProductVariant/56763001864516,478.95,526.95
gid://shopify/Product/15512249631044,Mesa exterior aluminio · HPL · Brunei,ACTIVE,gid://shopify/ProductVariant/56763001897284,478.95,526.95
gid://shopify/Product/15512249631044,Mesa exterior aluminio · HPL · Brunei,ACTIVE,gid://shopify/ProductVariant/56763001930052,478.95,526.95
gid://shopify/Product/15512249631044,Mesa exterior aluminio · HPL · Brunei,ACTIVE,gid://shopify/ProductVariant/56763001962820,478.95,526.95
gid://shopify/Product/15512249631044,Mesa exterior aluminio · HPL · Brunei,ACTIVE,gid://shopify/ProductVariant/56763001995588,478.95,526.95
gid://shopify/Product/15512249631044,Mesa exterior aluminio · HPL · Brunei,ACTIVE,gid://shopify/ProductVariant/56763002028356,478.95,526.95
gid://shopify/Product/15512249631044,Mesa exterior aluminio · HPL · Brunei,ACTIVE,gid://shopify/ProductVariant/56763002061124,478.95,526.95
gid://shopify/Product/15512249631044,Mesa exterior aluminio · HPL · Brunei,ACTIVE,gid://shopify/ProductVariant/56763002093892,478.95,526.95
gid://shopify/Product/15512249631044,Mesa exterior aluminio · HPL · Brunei,ACTIVE,gid://shopify/ProductVariant/56763002126660,478.95,526.95
gid://shopify/Product/15512249631044,Mesa exterior aluminio · HPL · Brunei,ACTIVE,gid://shopify/ProductVariant/56763002159428,639.00,700.00
gid://shopify/Product/15512249631044,Mesa exterior aluminio · HPL · Brunei,ACTIVE,gid://shopify/ProductVariant/56763002192196,639.00,700.00
gid://shopify/Product/15512249631044,Mesa exterior aluminio · HPL · Brunei,ACTIVE,gid://shopify/ProductVariant/56763002224964,639.00,700.00
gid://shopify/Product/15512249631044,Mesa exterior aluminio · HPL · Brunei,ACTIVE,gid://shopify/ProductVariant/56763002257732,639.00,700.00
gid://shopify/Product/15512249631044,Mesa exterior aluminio · HPL · Brunei,ACTIVE,gid://shopify/ProductVariant/56763002290500,639.00,700.00
gid://shopify/Product/15512249631044,Mesa exterior aluminio · HPL · Brunei,ACTIVE,gid://shopify/ProductVariant/56763002323268,639.00,700.00
gid://shopify/Product/15512249631044,Mesa exterior aluminio · HPL · Brunei,ACTIVE,gid://shopify/ProductVariant/56763002356036,639.00,700.00
gid://shopify/Product/15512249631044,Mesa exterior aluminio · HPL · Brunei,ACTIVE,gid://shopify/ProductVariant/56763002388804,639.00,700.00
gid://shopify/Product/15512249631044,Mesa exterior aluminio · HPL · Brunei,ACTIVE,gid://shopify/ProductVariant/56763002421572,639.00,700.00
gid://shopify/Product/15512249631044,Mesa exterior aluminio · HPL · Brunei,ACTIVE,gid://shopify/ProductVariant/56763002454340,639.00,700.00
gid://shopify/Product/15512249631044,Mesa exterior aluminio · HPL · Brunei,ACTIVE,gid://shopify/ProductVariant/56763002487108,639.00,700.00
gid://shopify/Product/15512249631044,Mesa exterior aluminio · HPL · Brunei,ACTIVE,gid://shopify/ProductVariant/56763002519876,639.00,700.00
gid://shopify/Product/15512249631044,Mesa exterior aluminio · HPL · Brunei,ACTIVE,gid://shopify/ProductVariant/56763002552644,639.00,700.00
gid://shopify/Product/15512249631044,Mesa exterior aluminio · HPL · Brunei,ACTIVE,gid://shopify/ProductVariant/56763002585412,639.00,700.00
gid://shopify/Product/15512249631044,Mesa exterior aluminio · HPL · Brunei,ACTIVE,gid://shopify/ProductVariant/56763002618180,639.00,700.00
gid://shopify/Product/15512249631044,Mesa exterior aluminio · HPL · Brunei,ACTIVE,gid://shopify/ProductVariant/56763002650948,769.00,850.00
gid://shopify/Product/15512249631044,Mesa exterior aluminio · HPL · Brunei,ACTIVE,gid://shopify/ProductVariant/56763002683716,769.00,850.00
gid://shopify/Product/15512249631044,Mesa exterior aluminio · HPL · Brunei,ACTIVE,gid://shopify/ProductVariant/56763002716484,769.00,850.00
gid://shopify/Product/15512249631044,Mesa exterior aluminio · HPL · Brunei,ACTIVE,gid://shopify/ProductVariant/56763002749252,769.00,850.00
gid://shopify/Product/15512249631044,Mesa exterior aluminio · HPL · Brunei,ACTIVE,gid://shopify/ProductVariant/56763002782020,769.00,850.00
gid://shopify/Product/15512249631044,Mesa exterior aluminio · HPL · Brunei,ACTIVE,gid://shopify/ProductVariant/56763002814788,769.00,850.00
gid://shopify/Product/15512249631044,Mesa exterior aluminio · HPL · Brunei,ACTIVE,gid://shopify/ProductVariant/56763002847556,769.00,850.00
gid://shopify/Product/15512249631044,Mesa exterior aluminio · HPL · Brunei,ACTIVE,gid://shopify/ProductVariant/56763002880324,769.00,850.00
gid://shopify/Product/15512249631044,Mesa exterior aluminio · HPL · Brunei,ACTIVE,gid://shopify/ProductVariant/56763002913092,769.00,850.00
gid://shopify/Product/15512249631044,Mesa exterior aluminio · HPL · Brunei,ACTIVE,gid://shopify/ProductVariant/56763002945860,769.00,850.00
gid://shopify/Product/15512249631044,Mesa exterior aluminio · HPL · Brunei,ACTIVE,gid://shopify/ProductVariant/56763002978628,769.00,850.00
gid://shopify/Product/15512249631044,Mesa exterior aluminio · HPL · Brunei,ACTIVE,gid://shopify/ProductVariant/56763003011396,769.00,850.00
gid://shopify/Product/15512249631044,Mesa exterior aluminio · HPL · Brunei,ACTIVE,gid://shopify/ProductVariant/56763003044164,769.00,850.00
gid://shopify/Product/15512249631044,Mesa exterior aluminio · HPL · Brunei,ACTIVE,gid://shopify/ProductVariant/56763003076932,769.00,850.00
gid://shopify/Product/15512249631044,Mesa exterior aluminio · HPL · Brunei,ACTIVE,gid://shopify/ProductVariant/56763003109700,769.00,850.00
gid://shopify/Product/15512249631044,Mesa exterior aluminio · HPL · Brunei,ACTIVE,gid://shopify/ProductVariant/56763003142468,945.00,1000.00
gid://shopify/Product/15512249631044,Mesa exterior aluminio · HPL · Brunei,ACTIVE,gid://shopify/ProductVariant/56763003175236,945.00,1000.00
gid://shopify/Product/15512249631044,Mesa exterior aluminio · HPL · Brunei,ACTIVE,gid://shopify/ProductVariant/56763003208004,945.00,1000.00
gid://shopify/Product/15512249631044,Mesa exterior aluminio · HPL · Brunei,ACTIVE,gid://shopify/ProductVariant/56763003240772,945.00,1000.00
gid://shopify/Product/15512249631044,Mesa exterior aluminio · HPL · Brunei,ACTIVE,gid://shopify/ProductVariant/56763003273540,945.00,1000.00
gid://shopify/Product/15512249631044,Mesa exterior aluminio · HPL · Brunei,ACTIVE,gid://shopify/ProductVariant/56763003306308,945.00,1000.00
gid://shopify/Product/15512249631044,Mesa exterior aluminio · HPL · Brunei,ACTIVE,gid://shopify/ProductVariant/56763003339076,945.00,1000.00
gid://shopify/Product/15512249631044,Mesa exterior aluminio · HPL · Brunei,ACTIVE,gid://shopify/ProductVariant/56763003371844,945.00,1000.00
gid://shopify/Product/15512249631044,Mesa exterior aluminio · HPL · Brunei,ACTIVE,gid://shopify/ProductVariant/56763003404612,945.00,1000.00
gid://shopify/Product/15512249631044,Mesa exterior aluminio · HPL · Brunei,ACTIVE,gid://shopify/ProductVariant/56763003437380,945.00,1000.00
gid://shopify/Product/15512249631044,Mesa exterior aluminio · HPL · Brunei,ACTIVE,gid://shopify/ProductVariant/56763003470148,945.00,1000.00
gid://shopify/Product/15512249631044,Mesa exterior aluminio · HPL · Brunei,ACTIVE,gid://shopify/ProductVariant/56763003502916,945.00,1000.00
gid://shopify/Product/15512249631044,Mesa exterior aluminio · HPL · Brunei,ACTIVE,gid://shopify/ProductVariant/56763003535684,945.00,1000.00
gid://shopify/Product/15512249631044,Mesa exterior aluminio · HPL · Brunei,ACTIVE,gid://shopify/ProductVariant/56763003568452,945.00,1000.00
gid://shopify/Product/15512249631044,Mesa exterior aluminio · HPL · Brunei,ACTIVE,gid://shopify/ProductVariant/56763003601220,945.00,1000.00
gid://shopify/Product/15512249991492,Mesa exterior HPL | 240×90 cm,DRAFT,gid://shopify/ProductVariant/56581966758212,1285.00,1400.00
gid://shopify/Product/15512250024260,Mesa exterior HPL | 240×90 cm,DRAFT,gid://shopify/ProductVariant/56581966790980,1295.00,1400.00
gid://shopify/Product/15512250057028,Mesa extensible exterior aluminio · HPL · Atlanta,ACTIVE,gid://shopify/ProductVariant/56762993967428,1275.00,1400.00
gid://shopify/Product/15512250057028,Mesa extensible exterior aluminio · HPL · Atlanta,ACTIVE,gid://shopify/ProductVariant/56762994000196,1275.00,1400.00
gid://shopify/Product/15512250057028,Mesa extensible exterior aluminio · HPL · Atlanta,ACTIVE,gid://shopify/ProductVariant/56762994032964,1275.00,1400.00
gid://shopify/Product/15512250057028,Mesa extensible exterior aluminio · HPL · Atlanta,ACTIVE,gid://shopify/ProductVariant/56762994065732,1275.00,1400.00
gid://shopify/Product/15512250057028,Mesa extensible exterior aluminio · HPL · Atlanta,ACTIVE,gid://shopify/ProductVariant/56762994098500,1275.00,1400.00
gid://shopify/Product/15512250057028,Mesa extensible exterior aluminio · HPL · Atlanta,ACTIVE,gid://shopify/ProductVariant/56762994131268,1275.00,1400.00
gid://shopify/Product/15512250057028,Mesa extensible exterior aluminio · HPL · Atlanta,ACTIVE,gid://shopify/ProductVariant/56762994164036,1275.00,1400.00
gid://shopify/Product/15512250057028,Mesa extensible exterior aluminio · HPL · Atlanta,ACTIVE,gid://shopify/ProductVariant/56762994196804,1275.00,1400.00
gid://shopify/Product/15512250057028,Mesa extensible exterior aluminio · HPL · Atlanta,ACTIVE,gid://shopify/ProductVariant/56762994229572,1275.00,1400.00
gid://shopify/Product/15512250057028,Mesa extensible exterior aluminio · HPL · Atlanta,ACTIVE,gid://shopify/ProductVariant/56762994262340,1275.00,1400.00
gid://shopify/Product/15512250057028,Mesa extensible exterior aluminio · HPL · Atlanta,ACTIVE,gid://shopify/ProductVariant/56762994295108,1275.00,1400.00
gid://shopify/Product/15512250057028,Mesa extensible exterior aluminio · HPL · Atlanta,ACTIVE,gid://shopify/ProductVariant/56762994327876,1275.00,1400.00
gid://shopify/Product/15512250057028,Mesa extensible exterior aluminio · HPL · Atlanta,ACTIVE,gid://shopify/ProductVariant/56762994360644,1275.00,1400.00
gid://shopify/Product/15512250057028,Mesa extensible exterior aluminio · HPL · Atlanta,ACTIVE,gid://shopify/ProductVariant/56762994393412,1275.00,1400.00
gid://shopify/Product/15512250057028,Mesa extensible exterior aluminio · HPL · Atlanta,ACTIVE,gid://shopify/ProductVariant/56762994426180,1275.00,1400.00
gid://shopify/Product/15512250057028,Mesa extensible exterior aluminio · HPL · Atlanta,ACTIVE,gid://shopify/ProductVariant/56762994458948,1670.00,1800.00
gid://shopify/Product/15512250057028,Mesa extensible exterior aluminio · HPL · Atlanta,ACTIVE,gid://shopify/ProductVariant/56762994491716,1670.00,1800.00
gid://shopify/Product/15512250057028,Mesa extensible exterior aluminio · HPL · Atlanta,ACTIVE,gid://shopify/ProductVariant/56762994524484,1670.00,1800.00
gid://shopify/Product/15512250057028,Mesa extensible exterior aluminio · HPL · Atlanta,ACTIVE,gid://shopify/ProductVariant/56762994557252,1670.00,1800.00
gid://shopify/Product/15512250057028,Mesa extensible exterior aluminio · HPL · Atlanta,ACTIVE,gid://shopify/ProductVariant/56762994590020,1670.00,1800.00
gid://shopify/Product/15512250057028,Mesa extensible exterior aluminio · HPL · Atlanta,ACTIVE,gid://shopify/ProductVariant/56762994622788,1670.00,1800.00
gid://shopify/Product/15512250057028,Mesa extensible exterior aluminio · HPL · Atlanta,ACTIVE,gid://shopify/ProductVariant/56762994655556,1670.00,1800.00
gid://shopify/Product/15512250057028,Mesa extensible exterior aluminio · HPL · Atlanta,ACTIVE,gid://shopify/ProductVariant/56762994688324,1670.00,1800.00
gid://shopify/Product/15512250057028,Mesa extensible exterior aluminio · HPL · Atlanta,ACTIVE,gid://shopify/ProductVariant/56762994721092,1670.00,1800.00
gid://shopify/Product/15512250057028,Mesa extensible exterior aluminio · HPL · Atlanta,ACTIVE,gid://shopify/ProductVariant/56762994753860,1670.00,1800.00
gid://shopify/Product/15512250057028,Mesa extensible exterior aluminio · HPL · Atlanta,ACTIVE,gid://shopify/ProductVariant/56762994786628,1670.00,1800.00
gid://shopify/Product/15512250057028,Mesa extensible exterior aluminio · HPL · Atlanta,ACTIVE,gid://shopify/ProductVariant/56762994819396,1670.00,1800.00
gid://shopify/Product/15512250057028,Mesa extensible exterior aluminio · HPL · Atlanta,ACTIVE,gid://shopify/ProductVariant/56762994852164,1670.00,1800.00
gid://shopify/Product/15512250057028,Mesa extensible exterior aluminio · HPL · Atlanta,ACTIVE,gid://shopify/ProductVariant/56762994884932,1670.00,1800.00
gid://shopify/Product/15512250057028,Mesa extensible exterior aluminio · HPL · Atlanta,ACTIVE,gid://shopify/ProductVariant/56762994917700,1670.00,1800.00
gid://shopify/Product/15512250122564,Mesa exterior | 200/260×100 cm,DRAFT,gid://shopify/ProductVariant/56581967020356,1670.00,1800.00
gid://shopify/Product/15512250155332,Mesa extensible exterior aluminio · HPL · Java,ACTIVE,gid://shopify/ProductVariant/56762994950468,1575.00,1700.00
gid://shopify/Product/15512250155332,Mesa extensible exterior aluminio · HPL · Java,ACTIVE,gid://shopify/ProductVariant/56762994983236,1575.00,1700.00
gid://shopify/Product/15512250155332,Mesa extensible exterior aluminio · HPL · Java,ACTIVE,gid://shopify/ProductVariant/56762995016004,1575.00,1700.00
gid://shopify/Product/15512250155332,Mesa extensible exterior aluminio · HPL · Java,ACTIVE,gid://shopify/ProductVariant/56762995048772,1575.00,1700.00
gid://shopify/Product/15512250155332,Mesa extensible exterior aluminio · HPL · Java,ACTIVE,gid://shopify/ProductVariant/56762995081540,1575.00,1700.00
gid://shopify/Product/15512250155332,Mesa extensible exterior aluminio · HPL · Java,ACTIVE,gid://shopify/ProductVariant/56762995114308,1575.00,1700.00
gid://shopify/Product/15512250155332,Mesa extensible exterior aluminio · HPL · Java,ACTIVE,gid://shopify/ProductVariant/56762995147076,1575.00,1700.00
gid://shopify/Product/15512250155332,Mesa extensible exterior aluminio · HPL · Java,ACTIVE,gid://shopify/ProductVariant/56762995179844,1575.00,1700.00
gid://shopify/Product/15512250155332,Mesa extensible exterior aluminio · HPL · Java,ACTIVE,gid://shopify/ProductVariant/56762995212612,1575.00,1700.00
gid://shopify/Product/15512250155332,Mesa extensible exterior aluminio · HPL · Java,ACTIVE,gid://shopify/ProductVariant/56762995245380,1575.00,1700.00
gid://shopify/Product/15512250155332,Mesa extensible exterior aluminio · HPL · Java,ACTIVE,gid://shopify/ProductVariant/56762995278148,1575.00,1700.00
gid://shopify/Product/15512250155332,Mesa extensible exterior aluminio · HPL · Java,ACTIVE,gid://shopify/ProductVariant/56762995310916,1575.00,1700.00
gid://shopify/Product/15512250155332,Mesa extensible exterior aluminio · HPL · Java,ACTIVE,gid://shopify/ProductVariant/56762995343684,1575.00,1700.00
gid://shopify/Product/15512250155332,Mesa extensible exterior aluminio · HPL · Java,ACTIVE,gid://shopify/ProductVariant/56762995376452,1575.00,1700.00
gid://shopify/Product/15512250155332,Mesa extensible exterior aluminio · HPL · Java,ACTIVE,gid://shopify/ProductVariant/56762995409220,1575.00,1700.00
gid://shopify/Product/15512250155332,Mesa extensible exterior aluminio · HPL · Java,ACTIVE,gid://shopify/ProductVariant/56762995441988,2019.00,2200.00
gid://shopify/Product/15512250155332,Mesa extensible exterior aluminio · HPL · Java,ACTIVE,gid://shopify/ProductVariant/56762995474756,2019.00,2200.00
gid://shopify/Product/15512250155332,Mesa extensible exterior aluminio · HPL · Java,ACTIVE,gid://shopify/ProductVariant/56762995507524,2019.00,2200.00
gid://shopify/Product/15512250155332,Mesa extensible exterior aluminio · HPL · Java,ACTIVE,gid://shopify/ProductVariant/56762995540292,2019.00,2200.00
gid://shopify/Product/15512250155332,Mesa extensible exterior aluminio · HPL · Java,ACTIVE,gid://shopify/ProductVariant/56762995573060,2019.00,2200.00
gid://shopify/Product/15512250155332,Mesa extensible exterior aluminio · HPL · Java,ACTIVE,gid://shopify/ProductVariant/56762995605828,2019.00,2200.00
gid://shopify/Product/15512250155332,Mesa extensible exterior aluminio · HPL · Java,ACTIVE,gid://shopify/ProductVariant/56762995638596,2019.00,2200.00
gid://shopify/Product/15512250155332,Mesa extensible exterior aluminio · HPL · Java,ACTIVE,gid://shopify/ProductVariant/56762995671364,2019.00,2200.00
gid://shopify/Product/15512250155332,Mesa extensible exterior aluminio · HPL · Java,ACTIVE,gid://shopify/ProductVariant/56762995704132,2019.00,2200.00
gid://shopify/Product/15512250155332,Mesa extensible exterior aluminio · HPL · Java,ACTIVE,gid://shopify/ProductVariant/56762995736900,2019.00,2200.00
gid://shopify/Product/15512250155332,Mesa extensible exterior aluminio · HPL · Java,ACTIVE,gid://shopify/ProductVariant/56762995769668,2019.00,2200.00
gid://shopify/Product/15512250155332,Mesa extensible exterior aluminio · HPL · Java,ACTIVE,gid://shopify/ProductVariant/56762995802436,2019.00,2200.00
gid://shopify/Product/15512250155332,Mesa extensible exterior aluminio · HPL · Java,ACTIVE,gid://shopify/ProductVariant/56762995835204,2019.00,2200.00
gid://shopify/Product/15512250155332,Mesa extensible exterior aluminio · HPL · Java,ACTIVE,gid://shopify/ProductVariant/56762995867972,2019.00,2200.00
gid://shopify/Product/15512250155332,Mesa extensible exterior aluminio · HPL · Java,ACTIVE,gid://shopify/ProductVariant/56762995900740,2019.00,2200.00
gid://shopify/Product/15512250188100,Mesa exterior HPL | 140/180×100 cm,DRAFT,gid://shopify/ProductVariant/56581967085892,1595.00,1700.00
gid://shopify/Product/15512250253636,Mesa exterior HPL | 200/260×100 cm,DRAFT,gid://shopify/ProductVariant/56581967282500,2019.00,2200.00
gid://shopify/Product/15512250286404,Mesa exterior HPL | 200/260×100 cm,DRAFT,gid://shopify/ProductVariant/56581967413572,2299.00,2500.00
gid://shopify/Product/15512250319172,Mesa alta exterior HPL,DRAFT,gid://shopify/ProductVariant/56581967446340,515.00,550.00
gid://shopify/Product/15512250384708,Mesa alta exterior HPL,DRAFT,gid://shopify/ProductVariant/56581967642948,525.00,575.00
gid://shopify/Product/15512250417476,Mesa exterior HPL,DRAFT,gid://shopify/ProductVariant/56581967675716,349.95,384.95
gid://shopify/Product/15512250450244,Mesa exterior HPL,DRAFT,gid://shopify/ProductVariant/56581967708484,387.95,426.95
gid://shopify/Product/15512250515780,Mesa exterior HPL,DRAFT,gid://shopify/ProductVariant/56581967970628,387.95,425.95
gid://shopify/Product/15512250548548,Mesa exterior HPL,DRAFT,gid://shopify/ProductVariant/56581968003396,439.95,483.95
gid://shopify/Product/15512250581316,Mesa exterior aluminio redonda · Santavila Capri,DRAFT,gid://shopify/ProductVariant/56581968036164,389.95,428.95
gid://shopify/Product/15512250581316,Mesa exterior aluminio redonda · Santavila Capri,DRAFT,gid://shopify/ProductVariant/56712066990404,442.95,487.95
gid://shopify/Product/15512250679620,Mesa exterior aluminio · HPL · Capri,ACTIVE,gid://shopify/ProductVariant/56763003633988,349.95,384.95
gid://shopify/Product/15512250679620,Mesa exterior aluminio · HPL · Capri,ACTIVE,gid://shopify/ProductVariant/56763003666756,349.95,384.95
gid://shopify/Product/15512250679620,Mesa exterior aluminio · HPL · Capri,ACTIVE,gid://shopify/ProductVariant/56763003699524,349.95,384.95
gid://shopify/Product/15512250679620,Mesa exterior aluminio · HPL · Capri,ACTIVE,gid://shopify/ProductVariant/56763003732292,349.95,384.95
gid://shopify/Product/15512250679620,Mesa exterior aluminio · HPL · Capri,ACTIVE,gid://shopify/ProductVariant/56763003765060,349.95,384.95
gid://shopify/Product/15512250679620,Mesa exterior aluminio · HPL · Capri,ACTIVE,gid://shopify/ProductVariant/56763003797828,349.95,384.95
gid://shopify/Product/15512250679620,Mesa exterior aluminio · HPL · Capri,ACTIVE,gid://shopify/ProductVariant/56763003830596,349.95,384.95
gid://shopify/Product/15512250679620,Mesa exterior aluminio · HPL · Capri,ACTIVE,gid://shopify/ProductVariant/56763003863364,349.95,384.95
gid://shopify/Product/15512250679620,Mesa exterior aluminio · HPL · Capri,ACTIVE,gid://shopify/ProductVariant/56763003896132,349.95,384.95
gid://shopify/Product/15512250679620,Mesa exterior aluminio · HPL · Capri,ACTIVE,gid://shopify/ProductVariant/56763003928900,349.95,384.95
gid://shopify/Product/15512250679620,Mesa exterior aluminio · HPL · Capri,ACTIVE,gid://shopify/ProductVariant/56763003961668,349.95,384.95
gid://shopify/Product/15512250679620,Mesa exterior aluminio · HPL · Capri,ACTIVE,gid://shopify/ProductVariant/56763003994436,349.95,384.95
gid://shopify/Product/15512250679620,Mesa exterior aluminio · HPL · Capri,ACTIVE,gid://shopify/ProductVariant/56763004027204,349.95,384.95
gid://shopify/Product/15512250679620,Mesa exterior aluminio · HPL · Capri,ACTIVE,gid://shopify/ProductVariant/56763004059972,349.95,384.95
gid://shopify/Product/15512250679620,Mesa exterior aluminio · HPL · Capri,ACTIVE,gid://shopify/ProductVariant/56763004092740,349.95,384.95
gid://shopify/Product/15512250679620,Mesa exterior aluminio · HPL · Capri,ACTIVE,gid://shopify/ProductVariant/56763004617028,389.95,428.95
gid://shopify/Product/15512250679620,Mesa exterior aluminio · HPL · Capri,ACTIVE,gid://shopify/ProductVariant/56763004649796,389.95,428.95
gid://shopify/Product/15512250679620,Mesa exterior aluminio · HPL · Capri,ACTIVE,gid://shopify/ProductVariant/56763004682564,389.95,428.95
gid://shopify/Product/15512250679620,Mesa exterior aluminio · HPL · Capri,ACTIVE,gid://shopify/ProductVariant/56763004715332,389.95,428.95
gid://shopify/Product/15512250679620,Mesa exterior aluminio · HPL · Capri,ACTIVE,gid://shopify/ProductVariant/56763004748100,389.95,428.95
gid://shopify/Product/15512250679620,Mesa exterior aluminio · HPL · Capri,ACTIVE,gid://shopify/ProductVariant/56763004780868,389.95,428.95
gid://shopify/Product/15512250679620,Mesa exterior aluminio · HPL · Capri,ACTIVE,gid://shopify/ProductVariant/56763004813636,389.95,428.95
gid://shopify/Product/15512250679620,Mesa exterior aluminio · HPL · Capri,ACTIVE,gid://shopify/ProductVariant/56763004846404,389.95,428.95
gid://shopify/Product/15512250679620,Mesa exterior aluminio · HPL · Capri,ACTIVE,gid://shopify/ProductVariant/56763004879172,389.95,428.95
gid://shopify/Product/15512250679620,Mesa exterior aluminio · HPL · Capri,ACTIVE,gid://shopify/ProductVariant/56763004911940,389.95,428.95
gid://shopify/Product/15512250679620,Mesa exterior aluminio · HPL · Capri,ACTIVE,gid://shopify/ProductVariant/56763004944708,389.95,428.95
gid://shopify/Product/15512250679620,Mesa exterior aluminio · HPL · Capri,ACTIVE,gid://shopify/ProductVariant/56763004977476,389.95,428.95
gid://shopify/Product/15512250679620,Mesa exterior aluminio · HPL · Capri,ACTIVE,gid://shopify/ProductVariant/56763005010244,389.95,428.95
gid://shopify/Product/15512250679620,Mesa exterior aluminio · HPL · Capri,ACTIVE,gid://shopify/ProductVariant/56763005043012,389.95,428.95
gid://shopify/Product/15512250679620,Mesa exterior aluminio · HPL · Capri,ACTIVE,gid://shopify/ProductVariant/56763005075780,389.95,428.95
gid://shopify/Product/15512250679620,Mesa exterior aluminio · HPL · Capri,ACTIVE,gid://shopify/ProductVariant/56763005108548,378.95,399.95
gid://shopify/Product/15512250679620,Mesa exterior aluminio · HPL · Capri,ACTIVE,gid://shopify/ProductVariant/56763005141316,378.95,399.95
gid://shopify/Product/15512250679620,Mesa exterior aluminio · HPL · Capri,ACTIVE,gid://shopify/ProductVariant/56763005174084,378.95,399.95
gid://shopify/Product/15512250679620,Mesa exterior aluminio · HPL · Capri,ACTIVE,gid://shopify/ProductVariant/56763005206852,378.95,399.95
gid://shopify/Product/15512250679620,Mesa exterior aluminio · HPL · Capri,ACTIVE,gid://shopify/ProductVariant/56763005239620,378.95,399.95
gid://shopify/Product/15512250679620,Mesa exterior aluminio · HPL · Capri,ACTIVE,gid://shopify/ProductVariant/56763005272388,378.95,399.95
gid://shopify/Product/15512250679620,Mesa exterior aluminio · HPL · Capri,ACTIVE,gid://shopify/ProductVariant/56763005305156,378.95,399.95
gid://shopify/Product/15512250679620,Mesa exterior aluminio · HPL · Capri,ACTIVE,gid://shopify/ProductVariant/56763005337924,378.95,399.95
gid://shopify/Product/15512250679620,Mesa exterior aluminio · HPL · Capri,ACTIVE,gid://shopify/ProductVariant/56763005370692,378.95,399.95
gid://shopify/Product/15512250679620,Mesa exterior aluminio · HPL · Capri,ACTIVE,gid://shopify/ProductVariant/56763005403460,378.95,399.95
gid://shopify/Product/15512250679620,Mesa exterior aluminio · HPL · Capri,ACTIVE,gid://shopify/ProductVariant/56763005436228,378.95,399.95
gid://shopify/Product/15512250679620,Mesa exterior aluminio · HPL · Capri,ACTIVE,gid://shopify/ProductVariant/56763005468996,378.95,399.95
gid://shopify/Product/15512250679620,Mesa exterior aluminio · HPL · Capri,ACTIVE,gid://shopify/ProductVariant/56763005501764,378.95,399.95
gid://shopify/Product/15512250679620,Mesa exterior aluminio · HPL · Capri,ACTIVE,gid://shopify/ProductVariant/56763005534532,378.95,399.95
gid://shopify/Product/15512250679620,Mesa exterior aluminio · HPL · Capri,ACTIVE,gid://shopify/ProductVariant/56763005567300,378.95,399.95
gid://shopify/Product/15512250679620,Mesa exterior aluminio · HPL · Capri,ACTIVE,gid://shopify/ProductVariant/56763005600068,399.90,439.95
gid://shopify/Product/15512250679620,Mesa exterior aluminio · HPL · Capri,ACTIVE,gid://shopify/ProductVariant/56763005632836,399.90,439.95
gid://shopify/Product/15512250679620,Mesa exterior aluminio · HPL · Capri,ACTIVE,gid://shopify/ProductVariant/56763005665604,399.90,439.95
gid://shopify/Product/15512250679620,Mesa exterior aluminio · HPL · Capri,ACTIVE,gid://shopify/ProductVariant/56763005698372,399.90,439.95
gid://shopify/Product/15512250679620,Mesa exterior aluminio · HPL · Capri,ACTIVE,gid://shopify/ProductVariant/56763005731140,399.90,439.95
gid://shopify/Product/15512250679620,Mesa exterior aluminio · HPL · Capri,ACTIVE,gid://shopify/ProductVariant/56763005763908,399.90,439.95
gid://shopify/Product/15512250679620,Mesa exterior aluminio · HPL · Capri,ACTIVE,gid://shopify/ProductVariant/56763005796676,399.90,439.95
gid://shopify/Product/15512250679620,Mesa exterior aluminio · HPL · Capri,ACTIVE,gid://shopify/ProductVariant/56763005829444,399.90,439.95
gid://shopify/Product/15512250679620,Mesa exterior aluminio · HPL · Capri,ACTIVE,gid://shopify/ProductVariant/56763005862212,399.90,439.95
gid://shopify/Product/15512250679620,Mesa exterior aluminio · HPL · Capri,ACTIVE,gid://shopify/ProductVariant/56763005894980,399.90,439.95
gid://shopify/Product/15512250679620,Mesa exterior aluminio · HPL · Capri,ACTIVE,gid://shopify/ProductVariant/56763005927748,399.90,439.95
gid://shopify/Product/15512250679620,Mesa exterior aluminio · HPL · Capri,ACTIVE,gid://shopify/ProductVariant/56763005960516,399.90,439.95
gid://shopify/Product/15512250679620,Mesa exterior aluminio · HPL · Capri,ACTIVE,gid://shopify/ProductVariant/56763005993284,399.90,439.95
gid://shopify/Product/15512250679620,Mesa exterior aluminio · HPL · Capri,ACTIVE,gid://shopify/ProductVariant/56763006026052,399.90,439.95
gid://shopify/Product/15512250679620,Mesa exterior aluminio · HPL · Capri,ACTIVE,gid://shopify/ProductVariant/56763006058820,399.90,439.95
gid://shopify/Product/15512251072836,Mesa alta exterior HPL,DRAFT,gid://shopify/ProductVariant/56581969084740,449.90,502.93
gid://shopify/Product/15512251105604,Mesa alta exterior · aluminio HPL 110 cm,ACTIVE,gid://shopify/ProductVariant/56762945503556,529.00,575.00
gid://shopify/Product/15512251138372,Mesa alta exterior HPL,DRAFT,gid://shopify/ProductVariant/56581969314116,595.00,650.00
gid://shopify/Product/15512251203908,Mesa exterior HPL | 70×70 cm,DRAFT,gid://shopify/ProductVariant/56581969510724,332.95,349.95
gid://shopify/Product/15512251236676,Mesa exterior HPL | 70×70 cm,DRAFT,gid://shopify/ProductVariant/56581969543492,330.95,349.95
gid://shopify/Product/15512251302212,Mesa exterior HPL | 80×80 cm,DRAFT,gid://shopify/ProductVariant/56581969740100,348.95,382.95
gid://shopify/Product/15512251334980,Mesa exterior HPL | 80×80 cm,DRAFT,gid://shopify/ProductVariant/56581969772868,384.95,422.95
gid://shopify/Product/15512251367748,Mesa exterior HPL | 70×70 cm,DRAFT,gid://shopify/ProductVariant/56581969805636,421.95,449.95
gid://shopify/Product/15512251433284,Mesa exterior aluminio · HPL · Altea,ACTIVE,gid://shopify/ProductVariant/56762998915396,480.95,449.95
gid://shopify/Product/15512251433284,Mesa exterior aluminio · HPL · Altea,ACTIVE,gid://shopify/ProductVariant/56762998948164,480.95,449.95
gid://shopify/Product/15512251433284,Mesa exterior aluminio · HPL · Altea,ACTIVE,gid://shopify/ProductVariant/56762998980932,480.95,449.95
gid://shopify/Product/15512251433284,Mesa exterior aluminio · HPL · Altea,ACTIVE,gid://shopify/ProductVariant/56762999013700,480.95,449.95
gid://shopify/Product/15512251433284,Mesa exterior aluminio · HPL · Altea,ACTIVE,gid://shopify/ProductVariant/56762999046468,480.95,449.95
gid://shopify/Product/15512251433284,Mesa exterior aluminio · HPL · Altea,ACTIVE,gid://shopify/ProductVariant/56762999079236,480.95,449.95
gid://shopify/Product/15512251433284,Mesa exterior aluminio · HPL · Altea,ACTIVE,gid://shopify/ProductVariant/56762999112004,480.95,449.95
gid://shopify/Product/15512251433284,Mesa exterior aluminio · HPL · Altea,ACTIVE,gid://shopify/ProductVariant/56762999144772,480.95,449.95
gid://shopify/Product/15512251433284,Mesa exterior aluminio · HPL · Altea,ACTIVE,gid://shopify/ProductVariant/56762999177540,480.95,449.95
gid://shopify/Product/15512251433284,Mesa exterior aluminio · HPL · Altea,ACTIVE,gid://shopify/ProductVariant/56762999210308,480.95,449.95
gid://shopify/Product/15512251433284,Mesa exterior aluminio · HPL · Altea,ACTIVE,gid://shopify/ProductVariant/56762999243076,480.95,449.95
gid://shopify/Product/15512251433284,Mesa exterior aluminio · HPL · Altea,ACTIVE,gid://shopify/ProductVariant/56762999275844,480.95,449.95
gid://shopify/Product/15512251433284,Mesa exterior aluminio · HPL · Altea,ACTIVE,gid://shopify/ProductVariant/56762999308612,480.95,449.95
gid://shopify/Product/15512251433284,Mesa exterior aluminio · HPL · Altea,ACTIVE,gid://shopify/ProductVariant/56762999341380,480.95,449.95
gid://shopify/Product/15512251433284,Mesa exterior aluminio · HPL · Altea,ACTIVE,gid://shopify/ProductVariant/56762999374148,480.95,449.95
gid://shopify/Product/15512251433284,Mesa exterior aluminio · HPL · Altea,ACTIVE,gid://shopify/ProductVariant/56762999406916,480.95,449.95
gid://shopify/Product/15512251433284,Mesa exterior aluminio · HPL · Altea,ACTIVE,gid://shopify/ProductVariant/56762999439684,480.95,449.95
gid://shopify/Product/15512251433284,Mesa exterior aluminio · HPL · Altea,ACTIVE,gid://shopify/ProductVariant/56762999472452,480.95,449.95
gid://shopify/Product/15512251433284,Mesa exterior aluminio · HPL · Altea,ACTIVE,gid://shopify/ProductVariant/56762999505220,480.95,449.95
gid://shopify/Product/15512251433284,Mesa exterior aluminio · HPL · Altea,ACTIVE,gid://shopify/ProductVariant/56762999537988,480.95,449.95
gid://shopify/Product/15512251466052,Mesa exterior aluminio | 80×80 cm,DRAFT,gid://shopify/ProductVariant/56581970035012,422.95,449.95
gid://shopify/Product/15512251498820,Mesa exterior aluminio | 80×80 cm,DRAFT,gid://shopify/ProductVariant/56581970067780,481.95,529.95
gid://shopify/Product/15512251564356,Mesa exterior aluminio | Ø80 cm,DRAFT,gid://shopify/ProductVariant/56581970264388,382.95,420.95
gid://shopify/Product/15512251597124,Mesa exterior aluminio | Ø80 cm,DRAFT,gid://shopify/ProductVariant/56581970297156,392.95,432.95
gid://shopify/Product/15512251662660,Mesa exterior aluminio | 120×80 cm,DRAFT,gid://shopify/ProductVariant/56581970493764,675.00,750.00
gid://shopify/Product/15512251695428,Mesa exterior aluminio | 75 cm,DRAFT,gid://shopify/ProductVariant/56581970526532,689.00,750.00
gid://shopify/Product/15512251728196,Mesa exterior aluminio · 75×75 cm · Ágata,ACTIVE,gid://shopify/ProductVariant/56762999570756,347.95,382.95
gid://shopify/Product/15512251728196,Mesa exterior aluminio · 75×75 cm · Ágata,ACTIVE,gid://shopify/ProductVariant/56762999603524,347.95,382.95
gid://shopify/Product/15512251793732,Mesa exterior aluminio | 75 cm,DRAFT,gid://shopify/ProductVariant/56581970821444,505.00,550.00
gid://shopify/Product/15512251826500,Mesa exterior aluminio · 72×72 cm · Nora,ACTIVE,gid://shopify/ProductVariant/56762999636292,224.95,247.95
gid://shopify/Product/15512251826500,Mesa exterior aluminio · 72×72 cm · Nora,ACTIVE,gid://shopify/ProductVariant/56762999669060,224.95,247.95
gid://shopify/Product/15512251892036,Sofá exterior aluminio · estilo elegante | 62 cm,ACTIVE,gid://shopify/ProductVariant/56581971050820,525.00,575.00
gid://shopify/Product/15512251892036,Sofá exterior aluminio · estilo elegante | 62 cm,ACTIVE,gid://shopify/ProductVariant/56670292607300,665.00,700.00
gid://shopify/Product/15512251892036,Sofá exterior aluminio · estilo elegante | 62 cm,ACTIVE,gid://shopify/ProductVariant/56670292640068,995.00,1100.00
gid://shopify/Product/15512252023108,Mesa de centro exterior · aluminio HPL 74×54 cm · Olimpia Central,ACTIVE,gid://shopify/ProductVariant/56762949992772,227.95,249.95
gid://shopify/Product/15512252023108,Mesa de centro exterior · aluminio HPL 74×54 cm · Olimpia Central,ACTIVE,gid://shopify/ProductVariant/56762950025540,227.95,249.95
gid://shopify/Product/15512252023108,Mesa de centro exterior · aluminio HPL 74×54 cm · Olimpia Central,ACTIVE,gid://shopify/ProductVariant/56762950058308,227.95,249.95
gid://shopify/Product/15512252023108,Mesa de centro exterior · aluminio HPL 74×54 cm · Olimpia Central,ACTIVE,gid://shopify/ProductVariant/56762950091076,227.95,249.95
gid://shopify/Product/15512252023108,Mesa de centro exterior · aluminio HPL 74×54 cm · Olimpia Central,ACTIVE,gid://shopify/ProductVariant/56762950123844,227.95,249.95
gid://shopify/Product/15512252023108,Mesa de centro exterior · aluminio HPL 74×54 cm · Olimpia Central,ACTIVE,gid://shopify/ProductVariant/56762950156612,227.95,249.95
gid://shopify/Product/15512252023108,Mesa de centro exterior · aluminio HPL 74×54 cm · Olimpia Central,ACTIVE,gid://shopify/ProductVariant/56762950189380,227.95,249.95
gid://shopify/Product/15512252023108,Mesa de centro exterior · aluminio HPL 74×54 cm · Olimpia Central,ACTIVE,gid://shopify/ProductVariant/56762950222148,227.95,249.95
gid://shopify/Product/15512252023108,Mesa de centro exterior · aluminio HPL 74×54 cm · Olimpia Central,ACTIVE,gid://shopify/ProductVariant/56762950254916,227.95,249.95
gid://shopify/Product/15512252023108,Mesa de centro exterior · aluminio HPL 74×54 cm · Olimpia Central,ACTIVE,gid://shopify/ProductVariant/56762950287684,227.95,249.95
gid://shopify/Product/15512252023108,Mesa de centro exterior · aluminio HPL 74×54 cm · Olimpia Central,ACTIVE,gid://shopify/ProductVariant/56762950320452,227.95,249.95
gid://shopify/Product/15512252023108,Mesa de centro exterior · aluminio HPL 74×54 cm · Olimpia Central,ACTIVE,gid://shopify/ProductVariant/56762950353220,227.95,249.95
gid://shopify/Product/15512252023108,Mesa de centro exterior · aluminio HPL 74×54 cm · Olimpia Central,ACTIVE,gid://shopify/ProductVariant/56762950385988,227.95,249.95
gid://shopify/Product/15512252023108,Mesa de centro exterior · aluminio HPL 74×54 cm · Olimpia Central,ACTIVE,gid://shopify/ProductVariant/56762950418756,227.95,249.95
gid://shopify/Product/15512252023108,Mesa de centro exterior · aluminio HPL 74×54 cm · Olimpia Central,ACTIVE,gid://shopify/ProductVariant/56762950451524,227.95,249.95
gid://shopify/Product/15512252055876,Mesa auxiliar exterior aluminio | 54 cm,DRAFT,gid://shopify/ProductVariant/56581971214660,242.95,266.95
gid://shopify/Product/15512252088644,Mesa auxiliar exterior aluminio | 54 cm,DRAFT,gid://shopify/ProductVariant/56581971247428,229.95,249.95
gid://shopify/Product/15512252121412,Mesa auxiliar exterior aluminio | 54 cm,DRAFT,gid://shopify/ProductVariant/56581971280196,249.90,280.95
gid://shopify/Product/15512252154180,Sofá exterior aluminio · estilo contemporáneo | 77 cm,ACTIVE,gid://shopify/ProductVariant/56581971312964,685.00,750.00
gid://shopify/Product/15512252154180,Sofá exterior aluminio · estilo contemporáneo | 77 cm,ACTIVE,gid://shopify/ProductVariant/56670292508996,1139.00,1200.00
gid://shopify/Product/15512252154180,Sofá exterior aluminio · estilo contemporáneo | 77 cm,ACTIVE,gid://shopify/ProductVariant/56670292541764,1560.00,1700.00
gid://shopify/Product/15512252252484,Mesa de centro exterior · aluminio HPL 110×60 cm,ACTIVE,gid://shopify/ProductVariant/56762946191684,349.90,384.95
gid://shopify/Product/15512252252484,Mesa de centro exterior · aluminio HPL 110×60 cm,ACTIVE,gid://shopify/ProductVariant/56762946224452,349.90,384.95
gid://shopify/Product/15512252252484,Mesa de centro exterior · aluminio HPL 110×60 cm,ACTIVE,gid://shopify/ProductVariant/56762946257220,349.90,384.95
gid://shopify/Product/15512252252484,Mesa de centro exterior · aluminio HPL 110×60 cm,ACTIVE,gid://shopify/ProductVariant/56762946289988,349.90,384.95
gid://shopify/Product/15512252252484,Mesa de centro exterior · aluminio HPL 110×60 cm,ACTIVE,gid://shopify/ProductVariant/56762946322756,349.90,384.95
gid://shopify/Product/15512252252484,Mesa de centro exterior · aluminio HPL 110×60 cm,ACTIVE,gid://shopify/ProductVariant/56762946355524,349.90,384.95
gid://shopify/Product/15512252252484,Mesa de centro exterior · aluminio HPL 110×60 cm,ACTIVE,gid://shopify/ProductVariant/56762946388292,349.90,384.95
gid://shopify/Product/15512252252484,Mesa de centro exterior · aluminio HPL 110×60 cm,ACTIVE,gid://shopify/ProductVariant/56762946421060,349.90,384.95
gid://shopify/Product/15512252252484,Mesa de centro exterior · aluminio HPL 110×60 cm,ACTIVE,gid://shopify/ProductVariant/56762946453828,349.90,384.95
gid://shopify/Product/15512252252484,Mesa de centro exterior · aluminio HPL 110×60 cm,ACTIVE,gid://shopify/ProductVariant/56762946486596,349.90,384.95
gid://shopify/Product/15512252252484,Mesa de centro exterior · aluminio HPL 110×60 cm,ACTIVE,gid://shopify/ProductVariant/56762946519364,349.90,384.95
gid://shopify/Product/15512252252484,Mesa de centro exterior · aluminio HPL 110×60 cm,ACTIVE,gid://shopify/ProductVariant/56762946552132,349.90,384.95
gid://shopify/Product/15512252252484,Mesa de centro exterior · aluminio HPL 110×60 cm,ACTIVE,gid://shopify/ProductVariant/56762946584900,349.90,384.95
gid://shopify/Product/15512252252484,Mesa de centro exterior · aluminio HPL 110×60 cm,ACTIVE,gid://shopify/ProductVariant/56762946617668,349.90,384.95
gid://shopify/Product/15512252252484,Mesa de centro exterior · aluminio HPL 110×60 cm,ACTIVE,gid://shopify/ProductVariant/56762946650436,349.90,384.95
gid://shopify/Product/15512252350788,Parasol exterior acrílico · Ø200 cm · Pamela acrílico,ACTIVE,gid://shopify/ProductVariant/56760513167684,399.90,439.95
gid://shopify/Product/15512252350788,Parasol exterior acrílico · Ø200 cm · Pamela acrílico,ACTIVE,gid://shopify/ProductVariant/56760513200452,399.90,439.95
gid://shopify/Product/15512252350788,Parasol exterior acrílico · Ø200 cm · Pamela acrílico,ACTIVE,gid://shopify/ProductVariant/56760513233220,399.90,439.95
gid://shopify/Product/15512252350788,Parasol exterior acrílico · Ø200 cm · Pamela acrílico,ACTIVE,gid://shopify/ProductVariant/56760513265988,399.90,439.95
gid://shopify/Product/15512252350788,Parasol exterior acrílico · Ø200 cm · Pamela acrílico,ACTIVE,gid://shopify/ProductVariant/56760513298756,399.90,439.95
gid://shopify/Product/15512252350788,Parasol exterior acrílico · Ø200 cm · Pamela acrílico,ACTIVE,gid://shopify/ProductVariant/56760513331524,399.90,439.95
gid://shopify/Product/15512252350788,Parasol exterior acrílico · Ø200 cm · Pamela acrílico,ACTIVE,gid://shopify/ProductVariant/56760513364292,399.90,439.95
gid://shopify/Product/15512252350788,Parasol exterior acrílico · Ø200 cm · Pamela acrílico,ACTIVE,gid://shopify/ProductVariant/56760513397060,399.90,439.95
gid://shopify/Product/15512252350788,Parasol exterior acrílico · Ø200 cm · Pamela acrílico,ACTIVE,gid://shopify/ProductVariant/56760513429828,399.90,439.95
gid://shopify/Product/15512252350788,Parasol exterior acrílico · Ø200 cm · Pamela acrílico,ACTIVE,gid://shopify/ProductVariant/56760513462596,399.90,439.95
gid://shopify/Product/15512252350788,Parasol exterior acrílico · Ø200 cm · Pamela acrílico,ACTIVE,gid://shopify/ProductVariant/56760513495364,399.90,439.95
gid://shopify/Product/15512252350788,Parasol exterior acrílico · Ø200 cm · Pamela acrílico,ACTIVE,gid://shopify/ProductVariant/56760513528132,399.90,439.95
gid://shopify/Product/15512252350788,Parasol exterior acrílico · Ø200 cm · Pamela acrílico,ACTIVE,gid://shopify/ProductVariant/56760513560900,399.90,439.95
gid://shopify/Product/15512252350788,Parasol exterior acrílico · Ø200 cm · Pamela acrílico,ACTIVE,gid://shopify/ProductVariant/56760513593668,399.90,439.95
gid://shopify/Product/15512252350788,Parasol exterior acrílico · Ø200 cm · Pamela acrílico,ACTIVE,gid://shopify/ProductVariant/56760513626436,399.90,439.95
gid://shopify/Product/15512252350788,Parasol exterior acrílico · Ø200 cm · Pamela acrílico,ACTIVE,gid://shopify/ProductVariant/56760513659204,399.90,439.95
gid://shopify/Product/15512252350788,Parasol exterior acrílico · Ø200 cm · Pamela acrílico,ACTIVE,gid://shopify/ProductVariant/56760513691972,399.90,439.95
gid://shopify/Product/15512252350788,Parasol exterior acrílico · Ø200 cm · Pamela acrílico,ACTIVE,gid://shopify/ProductVariant/56760513724740,399.90,439.95
gid://shopify/Product/15512252350788,Parasol exterior acrílico · Ø200 cm · Pamela acrílico,ACTIVE,gid://shopify/ProductVariant/56760513757508,399.90,439.95
gid://shopify/Product/15512252350788,Parasol exterior acrílico · Ø200 cm · Pamela acrílico,ACTIVE,gid://shopify/ProductVariant/56760513790276,399.90,439.95
gid://shopify/Product/15512252350788,Parasol exterior acrílico · Ø200 cm · Pamela acrílico,ACTIVE,gid://shopify/ProductVariant/56760513823044,399.90,439.95
gid://shopify/Product/15512252350788,Parasol exterior acrílico · Ø200 cm · Pamela acrílico,ACTIVE,gid://shopify/ProductVariant/56760513855812,399.90,439.95
gid://shopify/Product/15512252350788,Parasol exterior acrílico · Ø200 cm · Pamela acrílico,ACTIVE,gid://shopify/ProductVariant/56760513888580,399.90,439.95
gid://shopify/Product/15512252350788,Parasol exterior acrílico · Ø200 cm · Pamela acrílico,ACTIVE,gid://shopify/ProductVariant/56760513921348,399.90,439.95
gid://shopify/Product/15512252383556,Parasol exterior tela · Ø200 cm · Pamela tela,DRAFT,gid://shopify/ProductVariant/56760524341572,384.95,423.95
gid://shopify/Product/15512252383556,Parasol exterior tela · Ø200 cm · Pamela tela,DRAFT,gid://shopify/ProductVariant/56760524374340,384.95,423.95
gid://shopify/Product/15512252383556,Parasol exterior tela · Ø200 cm · Pamela tela,DRAFT,gid://shopify/ProductVariant/56760524407108,384.95,423.95
gid://shopify/Product/15512252383556,Parasol exterior tela · Ø200 cm · Pamela tela,DRAFT,gid://shopify/ProductVariant/56760524439876,384.95,423.95
gid://shopify/Product/15512252383556,Parasol exterior tela · Ø200 cm · Pamela tela,DRAFT,gid://shopify/ProductVariant/56760524472644,384.95,423.95
gid://shopify/Product/15512252383556,Parasol exterior tela · Ø200 cm · Pamela tela,DRAFT,gid://shopify/ProductVariant/56760524505412,384.95,423.95
gid://shopify/Product/15512252383556,Parasol exterior tela · Ø200 cm · Pamela tela,DRAFT,gid://shopify/ProductVariant/56760524538180,384.95,423.95
gid://shopify/Product/15512252383556,Parasol exterior tela · Ø200 cm · Pamela tela,DRAFT,gid://shopify/ProductVariant/56760524570948,384.95,423.95
gid://shopify/Product/15512252383556,Parasol exterior tela · Ø200 cm · Pamela tela,DRAFT,gid://shopify/ProductVariant/56760524603716,384.95,423.95
gid://shopify/Product/15512252383556,Parasol exterior tela · Ø200 cm · Pamela tela,DRAFT,gid://shopify/ProductVariant/56760524636484,384.95,423.95
gid://shopify/Product/15512252383556,Parasol exterior tela · Ø200 cm · Pamela tela,DRAFT,gid://shopify/ProductVariant/56760524669252,384.95,423.95
gid://shopify/Product/15512252383556,Parasol exterior tela · Ø200 cm · Pamela tela,DRAFT,gid://shopify/ProductVariant/56760524702020,384.95,423.95
gid://shopify/Product/15512252383556,Parasol exterior tela · Ø200 cm · Pamela tela,DRAFT,gid://shopify/ProductVariant/56760524734788,384.95,423.95
gid://shopify/Product/15512252383556,Parasol exterior tela · Ø200 cm · Pamela tela,DRAFT,gid://shopify/ProductVariant/56760524767556,384.95,423.95
gid://shopify/Product/15512252383556,Parasol exterior tela · Ø200 cm · Pamela tela,DRAFT,gid://shopify/ProductVariant/56760524800324,384.95,423.95
gid://shopify/Product/15512252383556,Parasol exterior tela · Ø200 cm · Pamela tela,DRAFT,gid://shopify/ProductVariant/56760524833092,384.95,423.95
gid://shopify/Product/15512252383556,Parasol exterior tela · Ø200 cm · Pamela tela,DRAFT,gid://shopify/ProductVariant/56760524865860,384.95,423.95
gid://shopify/Product/15512252383556,Parasol exterior tela · Ø200 cm · Pamela tela,DRAFT,gid://shopify/ProductVariant/56760524898628,384.95,423.95
gid://shopify/Product/15512252383556,Parasol exterior tela · Ø200 cm · Pamela tela,DRAFT,gid://shopify/ProductVariant/56760524931396,384.95,423.95
gid://shopify/Product/15512252383556,Parasol exterior tela · Ø200 cm · Pamela tela,DRAFT,gid://shopify/ProductVariant/56760524964164,384.95,423.95
gid://shopify/Product/15512252383556,Parasol exterior tela · Ø200 cm · Pamela tela,DRAFT,gid://shopify/ProductVariant/56760524996932,384.95,423.95
gid://shopify/Product/15512252383556,Parasol exterior tela · Ø200 cm · Pamela tela,DRAFT,gid://shopify/ProductVariant/56760525029700,384.95,423.95
gid://shopify/Product/15512252383556,Parasol exterior tela · Ø200 cm · Pamela tela,DRAFT,gid://shopify/ProductVariant/56760525062468,384.95,423.95
gid://shopify/Product/15512252383556,Parasol exterior tela · Ø200 cm · Pamela tela,DRAFT,gid://shopify/ProductVariant/56760525095236,384.95,423.95
gid://shopify/Product/15512252383556,Parasol exterior tela · Ø200 cm · Pamela tela,DRAFT,gid://shopify/ProductVariant/56760525128004,384.95,423.95
gid://shopify/Product/15512252383556,Parasol exterior tela · Ø200 cm · Pamela tela,DRAFT,gid://shopify/ProductVariant/56760525160772,384.95,423.95
gid://shopify/Product/15512252383556,Parasol exterior tela · Ø200 cm · Pamela tela,DRAFT,gid://shopify/ProductVariant/56760525193540,384.95,423.95
gid://shopify/Product/15512252383556,Parasol exterior tela · Ø200 cm · Pamela tela,DRAFT,gid://shopify/ProductVariant/56760525226308,384.95,423.95
gid://shopify/Product/15512252383556,Parasol exterior tela · Ø200 cm · Pamela tela,DRAFT,gid://shopify/ProductVariant/56760525259076,384.95,423.95
gid://shopify/Product/15512252383556,Parasol exterior tela · Ø200 cm · Pamela tela,DRAFT,gid://shopify/ProductVariant/56760525291844,384.95,423.95
gid://shopify/Product/15512252383556,Parasol exterior tela · Ø200 cm · Pamela tela,DRAFT,gid://shopify/ProductVariant/56760525324612,384.95,423.95
gid://shopify/Product/15512252383556,Parasol exterior tela · Ø200 cm · Pamela tela,DRAFT,gid://shopify/ProductVariant/56760525357380,384.95,423.95
gid://shopify/Product/15512252383556,Parasol exterior tela · Ø200 cm · Pamela tela,DRAFT,gid://shopify/ProductVariant/56760525390148,384.95,423.95
gid://shopify/Product/15512252383556,Parasol exterior tela · Ø200 cm · Pamela tela,DRAFT,gid://shopify/ProductVariant/56760525422916,384.95,423.95
gid://shopify/Product/15512252383556,Parasol exterior tela · Ø200 cm · Pamela tela,DRAFT,gid://shopify/ProductVariant/56760525455684,384.95,423.95
gid://shopify/Product/15512252383556,Parasol exterior tela · Ø200 cm · Pamela tela,DRAFT,gid://shopify/ProductVariant/56760525488452,384.95,423.95
gid://shopify/Product/15512252383556,Parasol exterior tela · Ø200 cm · Pamela tela,DRAFT,gid://shopify/ProductVariant/56760525521220,384.95,423.95
gid://shopify/Product/15512252383556,Parasol exterior tela · Ø200 cm · Pamela tela,DRAFT,gid://shopify/ProductVariant/56760525553988,384.95,423.95
gid://shopify/Product/15512252383556,Parasol exterior tela · Ø200 cm · Pamela tela,DRAFT,gid://shopify/ProductVariant/56760525586756,384.95,423.95
gid://shopify/Product/15512252383556,Parasol exterior tela · Ø200 cm · Pamela tela,DRAFT,gid://shopify/ProductVariant/56760525619524,384.95,423.95
gid://shopify/Product/15512252383556,Parasol exterior tela · Ø200 cm · Pamela tela,DRAFT,gid://shopify/ProductVariant/56760525652292,384.95,423.95
gid://shopify/Product/15512252383556,Parasol exterior tela · Ø200 cm · Pamela tela,DRAFT,gid://shopify/ProductVariant/56760525685060,384.95,423.95
gid://shopify/Product/15512252383556,Parasol exterior tela · Ø200 cm · Pamela tela,DRAFT,gid://shopify/ProductVariant/56760525717828,384.95,423.95
gid://shopify/Product/15512252383556,Parasol exterior tela · Ø200 cm · Pamela tela,DRAFT,gid://shopify/ProductVariant/56760525750596,384.95,423.95
gid://shopify/Product/15512252383556,Parasol exterior tela · Ø200 cm · Pamela tela,DRAFT,gid://shopify/ProductVariant/56760525783364,384.95,423.95
gid://shopify/Product/15512252383556,Parasol exterior tela · Ø200 cm · Pamela tela,DRAFT,gid://shopify/ProductVariant/56760525816132,384.95,423.95
gid://shopify/Product/15512252383556,Parasol exterior tela · Ø200 cm · Pamela tela,DRAFT,gid://shopify/ProductVariant/56760525848900,384.95,423.95
gid://shopify/Product/15512252383556,Parasol exterior tela · Ø200 cm · Pamela tela,DRAFT,gid://shopify/ProductVariant/56760525881668,384.95,423.95
gid://shopify/Product/15512252383556,Parasol exterior tela · Ø200 cm · Pamela tela,DRAFT,gid://shopify/ProductVariant/56760525914436,384.95,423.95
gid://shopify/Product/15512252383556,Parasol exterior tela · Ø200 cm · Pamela tela,DRAFT,gid://shopify/ProductVariant/56760525947204,384.95,423.95
gid://shopify/Product/15512252383556,Parasol exterior tela · Ø200 cm · Pamela tela,DRAFT,gid://shopify/ProductVariant/56760525979972,384.95,423.95
gid://shopify/Product/15512252383556,Parasol exterior tela · Ø200 cm · Pamela tela,DRAFT,gid://shopify/ProductVariant/56760526012740,384.95,423.95
gid://shopify/Product/15512252383556,Parasol exterior tela · Ø200 cm · Pamela tela,DRAFT,gid://shopify/ProductVariant/56760526045508,384.95,423.95
gid://shopify/Product/15512252383556,Parasol exterior tela · Ø200 cm · Pamela tela,DRAFT,gid://shopify/ProductVariant/56760526078276,384.95,423.95
gid://shopify/Product/15512252383556,Parasol exterior tela · Ø200 cm · Pamela tela,DRAFT,gid://shopify/ProductVariant/56760526111044,384.95,423.95
gid://shopify/Product/15512252383556,Parasol exterior tela · Ø200 cm · Pamela tela,DRAFT,gid://shopify/ProductVariant/56760526143812,384.95,423.95
gid://shopify/Product/15512252383556,Parasol exterior tela · Ø200 cm · Pamela tela,DRAFT,gid://shopify/ProductVariant/56760526176580,384.95,423.95
gid://shopify/Product/15512252383556,Parasol exterior tela · Ø200 cm · Pamela tela,DRAFT,gid://shopify/ProductVariant/56760526209348,384.95,423.95
gid://shopify/Product/15512252383556,Parasol exterior tela · Ø200 cm · Pamela tela,DRAFT,gid://shopify/ProductVariant/56760526242116,384.95,423.95
gid://shopify/Product/15512252383556,Parasol exterior tela · Ø200 cm · Pamela tela,DRAFT,gid://shopify/ProductVariant/56760526274884,384.95,423.95
gid://shopify/Product/15512252383556,Parasol exterior tela · Ø200 cm · Pamela tela,DRAFT,gid://shopify/ProductVariant/56760526307652,384.95,423.95
gid://shopify/Product/15512252383556,Parasol exterior tela · Ø200 cm · Pamela tela,DRAFT,gid://shopify/ProductVariant/56760526340420,384.95,423.95
gid://shopify/Product/15512252383556,Parasol exterior tela · Ø200 cm · Pamela tela,DRAFT,gid://shopify/ProductVariant/56760526373188,384.95,423.95
gid://shopify/Product/15512252383556,Parasol exterior tela · Ø200 cm · Pamela tela,DRAFT,gid://shopify/ProductVariant/56760526405956,384.95,423.95
gid://shopify/Product/15512252842308,Parasol exterior tela · Ø200/Ø250 cm · Ocean tela,ACTIVE,gid://shopify/ProductVariant/56760535384388,381.95,420.95
gid://shopify/Product/15512252842308,Parasol exterior tela · Ø200/Ø250 cm · Ocean tela,ACTIVE,gid://shopify/ProductVariant/56760535417156,381.95,420.95
gid://shopify/Product/15512252842308,Parasol exterior tela · Ø200/Ø250 cm · Ocean tela,ACTIVE,gid://shopify/ProductVariant/56760535449924,381.95,420.95
gid://shopify/Product/15512252907844,Parasol exterior acrílico · Ø200/Ø250 cm · Ocean acrílico,ACTIVE,gid://shopify/ProductVariant/56760533123396,398.95,438.95
gid://shopify/Product/15512252907844,Parasol exterior acrílico · Ø200/Ø250 cm · Ocean acrílico,ACTIVE,gid://shopify/ProductVariant/56760533156164,398.95,438.95
gid://shopify/Product/15512252907844,Parasol exterior acrílico · Ø200/Ø250 cm · Ocean acrílico,ACTIVE,gid://shopify/ProductVariant/56760533188932,398.95,438.95
gid://shopify/Product/15512252907844,Parasol exterior acrílico · Ø200/Ø250 cm · Ocean acrílico,ACTIVE,gid://shopify/ProductVariant/56760533221700,398.95,438.95
gid://shopify/Product/15512252907844,Parasol exterior acrílico · Ø200/Ø250 cm · Ocean acrílico,ACTIVE,gid://shopify/ProductVariant/56760533254468,398.95,438.95
gid://shopify/Product/15512252907844,Parasol exterior acrílico · Ø200/Ø250 cm · Ocean acrílico,ACTIVE,gid://shopify/ProductVariant/56760533287236,398.95,438.95
gid://shopify/Product/15512252907844,Parasol exterior acrílico · Ø200/Ø250 cm · Ocean acrílico,ACTIVE,gid://shopify/ProductVariant/56760533320004,398.95,438.95
gid://shopify/Product/15512252907844,Parasol exterior acrílico · Ø200/Ø250 cm · Ocean acrílico,ACTIVE,gid://shopify/ProductVariant/56760533352772,398.95,438.95
gid://shopify/Product/15512252907844,Parasol exterior acrílico · Ø200/Ø250 cm · Ocean acrílico,ACTIVE,gid://shopify/ProductVariant/56760533385540,398.95,438.95
gid://shopify/Product/15512252907844,Parasol exterior acrílico · Ø200/Ø250 cm · Ocean acrílico,ACTIVE,gid://shopify/ProductVariant/56760533418308,398.95,438.95
gid://shopify/Product/15512252907844,Parasol exterior acrílico · Ø200/Ø250 cm · Ocean acrílico,ACTIVE,gid://shopify/ProductVariant/56760533451076,398.95,438.95
gid://shopify/Product/15512252907844,Parasol exterior acrílico · Ø200/Ø250 cm · Ocean acrílico,ACTIVE,gid://shopify/ProductVariant/56760533483844,398.95,438.95
gid://shopify/Product/15512252907844,Parasol exterior acrílico · Ø200/Ø250 cm · Ocean acrílico,ACTIVE,gid://shopify/ProductVariant/56760533516612,399.90,439.95
gid://shopify/Product/15512252907844,Parasol exterior acrílico · Ø200/Ø250 cm · Ocean acrílico,ACTIVE,gid://shopify/ProductVariant/56760533549380,399.90,439.95
gid://shopify/Product/15512252907844,Parasol exterior acrílico · Ø200/Ø250 cm · Ocean acrílico,ACTIVE,gid://shopify/ProductVariant/56760533582148,399.90,439.95
gid://shopify/Product/15512252907844,Parasol exterior acrílico · Ø200/Ø250 cm · Ocean acrílico,ACTIVE,gid://shopify/ProductVariant/56760533614916,399.90,439.95
gid://shopify/Product/15512252907844,Parasol exterior acrílico · Ø200/Ø250 cm · Ocean acrílico,ACTIVE,gid://shopify/ProductVariant/56760533647684,399.90,439.95
gid://shopify/Product/15512252907844,Parasol exterior acrílico · Ø200/Ø250 cm · Ocean acrílico,ACTIVE,gid://shopify/ProductVariant/56760533680452,399.90,439.95
gid://shopify/Product/15512252907844,Parasol exterior acrílico · Ø200/Ø250 cm · Ocean acrílico,ACTIVE,gid://shopify/ProductVariant/56760533713220,399.90,439.95
gid://shopify/Product/15512252907844,Parasol exterior acrílico · Ø200/Ø250 cm · Ocean acrílico,ACTIVE,gid://shopify/ProductVariant/56760533745988,399.90,439.95
gid://shopify/Product/15512252907844,Parasol exterior acrílico · Ø200/Ø250 cm · Ocean acrílico,ACTIVE,gid://shopify/ProductVariant/56760533778756,399.90,439.95
gid://shopify/Product/15512252907844,Parasol exterior acrílico · Ø200/Ø250 cm · Ocean acrílico,ACTIVE,gid://shopify/ProductVariant/56760533811524,399.90,439.95
gid://shopify/Product/15512252907844,Parasol exterior acrílico · Ø200/Ø250 cm · Ocean acrílico,ACTIVE,gid://shopify/ProductVariant/56760533844292,399.90,439.95
gid://shopify/Product/15512252907844,Parasol exterior acrílico · Ø200/Ø250 cm · Ocean acrílico,ACTIVE,gid://shopify/ProductVariant/56760533877060,399.90,439.95
gid://shopify/Product/15512252973380,Parasol redondo exterior · aluminio Ø300 cm · Garbí,ACTIVE,gid://shopify/ProductVariant/56760537579844,1049.00,1150.00
gid://shopify/Product/15512252973380,Parasol redondo exterior · aluminio Ø300 cm · Garbí,ACTIVE,gid://shopify/ProductVariant/56760537612612,1049.00,1150.00
gid://shopify/Product/15512252973380,Parasol redondo exterior · aluminio Ø300 cm · Garbí,ACTIVE,gid://shopify/ProductVariant/56760537645380,1049.00,1150.00
gid://shopify/Product/15512253006148,Parasol cuadrado exterior · aluminio 300×300 cm · Brisa,ACTIVE,gid://shopify/ProductVariant/56759650058564,1049.00,1150.00
gid://shopify/Product/15512253006148,Parasol cuadrado exterior · aluminio 300×300 cm · Brisa,ACTIVE,gid://shopify/ProductVariant/56759650091332,1049.00,1150.00
gid://shopify/Product/15512253006148,Parasol cuadrado exterior · aluminio 300×300 cm · Brisa,ACTIVE,gid://shopify/ProductVariant/56759650124100,1049.00,1150.00
gid://shopify/Product/15512253038916,Parasol lateral exterior · aluminio 300×300 cm · Roma,ACTIVE,gid://shopify/ProductVariant/56760540528964,1899.00,2100.00
gid://shopify/Product/15512253038916,Parasol lateral exterior · aluminio 300×300 cm · Roma,ACTIVE,gid://shopify/ProductVariant/56760540561732,1899.00,2100.00
gid://shopify/Product/15512253038916,Parasol lateral exterior · aluminio 300×300 cm · Roma,ACTIVE,gid://shopify/ProductVariant/56760540594500,1899.00,2100.00
gid://shopify/Product/15512253104452,Accesorio exterior resina,DRAFT,gid://shopify/ProductVariant/56581978227012,89.95,98.95
gid://shopify/Product/15512253137220,Accesorio exterior resina,DRAFT,gid://shopify/ProductVariant/56581980717380,149.90,168.95
gid://shopify/Product/15512253202756,Colchoneta exterior para tumbona,ACTIVE,gid://shopify/ProductVariant/56581980782916,115.95,127.95
gid://shopify/Product/15512253202756,Colchoneta exterior para tumbona,ACTIVE,gid://shopify/ProductVariant/56670293885252,131.95,145.95
gid://shopify/Product/15512253202756,Colchoneta exterior para tumbona,ACTIVE,gid://shopify/ProductVariant/56670293918020,190.95,210.95
gid://shopify/Product/15512253202756,Colchoneta exterior para tumbona,ACTIVE,gid://shopify/ProductVariant/56762917388612,115.95,127.95
gid://shopify/Product/15512253202756,Colchoneta exterior para tumbona,ACTIVE,gid://shopify/ProductVariant/56762917421380,131.95,145.95
gid://shopify/Product/15512253202756,Colchoneta exterior para tumbona,ACTIVE,gid://shopify/ProductVariant/56762917454148,190.95,210.95
gid://shopify/Product/15512253333828,Mobiliario exterior resina | 28 cm,ACTIVE,gid://shopify/ProductVariant/56581981045060,67.95,74.95
gid://shopify/Product/15512253366596,Pie de parasol · 40 kg,ACTIVE,gid://shopify/ProductVariant/56760543543620,164.95,181.95
gid://shopify/Product/15512253366596,Pie de parasol · 40 kg,ACTIVE,gid://shopify/ProductVariant/56760543576388,126.95,139.95
gid://shopify/Product/15512253464900,Base de hormigón para parasol,ACTIVE,gid://shopify/ProductVariant/56760545018180,51.95,57.95
gid://shopify/Product/15512253464900,Base de hormigón para parasol,ACTIVE,gid://shopify/ProductVariant/56760545050948,99.90,109.95
gid://shopify/Product/15512253661508,Funda protectora para tumbona exterior,ACTIVE,gid://shopify/ProductVariant/56581981765956,79.95,87.95
gid://shopify/Product/15512253661508,Funda protectora para tumbona exterior,ACTIVE,gid://shopify/ProductVariant/56670294016324,249.90,274.95
gid://shopify/Product/15512253661508,Funda protectora para tumbona exterior,ACTIVE,gid://shopify/ProductVariant/56670294049092,329.95,349.95
gid://shopify/Product/15512253727044,Funda protectora exterior acrílico,ACTIVE,gid://shopify/ProductVariant/56581981798724,36.95,48.00
gid://shopify/Product/15512253759812,Funda protectora para sofá exterior,ACTIVE,gid://shopify/ProductVariant/56581981995332,129.95,142.95
gid://shopify/Product/15512253759812,Funda protectora para sofá exterior,ACTIVE,gid://shopify/ProductVariant/56670293950788,186.95,199.95
gid://shopify/Product/15512253759812,Funda protectora para sofá exterior,ACTIVE,gid://shopify/ProductVariant/56670293983556,227.95,249.95
gid://shopify/Product/15512253890884,Funda protectora exterior,ACTIVE,gid://shopify/ProductVariant/56581982257476,84.95,93.95
gid://shopify/Product/15512253956420,Cojín exterior,DRAFT,gid://shopify/ProductVariant/56581982454084,53.95,59.95
gid://shopify/Product/15512253989188,Limpiador para mobiliario exterior,DRAFT,gid://shopify/ProductVariant/56581982486852,23.95,30.00
gid://shopify/Product/15553968570692,Parasol cuadrado exterior · aluminio 200×200 cm · Ágora,DRAFT,gid://shopify/ProductVariant/56761147064644,426.95,449.95
gid://shopify/Product/15553968570692,Parasol cuadrado exterior · aluminio 200×200 cm · Ágora,DRAFT,gid://shopify/ProductVariant/56761147097412,426.95,449.95
gid://shopify/Product/15553968570692,Parasol cuadrado exterior · aluminio 200×200 cm · Ágora,DRAFT,gid://shopify/ProductVariant/56761147130180,426.95,449.95
gid://shopify/Product/15553968570692,Parasol cuadrado exterior · aluminio 200×200 cm · Ágora,DRAFT,gid://shopify/ProductVariant/56761147162948,426.95,449.95
gid://shopify/Product/15553968570692,Parasol cuadrado exterior · aluminio 200×200 cm · Ágora,DRAFT,gid://shopify/ProductVariant/56761147195716,426.95,449.95
gid://shopify/Product/15553968570692,Parasol cuadrado exterior · aluminio 200×200 cm · Ágora,DRAFT,gid://shopify/ProductVariant/56761147228484,426.95,449.95
gid://shopify/Product/15553968570692,Parasol cuadrado exterior · aluminio 200×200 cm · Ágora,DRAFT,gid://shopify/ProductVariant/56761147261252,399.90,439.95
gid://shopify/Product/15553968570692,Parasol cuadrado exterior · aluminio 200×200 cm · Ágora,DRAFT,gid://shopify/ProductVariant/56761147294020,399.90,439.95
gid://shopify/Product/15553968570692,Parasol cuadrado exterior · aluminio 200×200 cm · Ágora,DRAFT,gid://shopify/ProductVariant/56761147326788,399.90,439.95
gid://shopify/Product/15554650210628,Tumbona exterior resina · 75 cm tablillas · Carmen T,DRAFT,gid://shopify/ProductVariant/56762913358148,199.90,219.95
gid://shopify/Product/15554650210628,Tumbona exterior resina · 75 cm tablillas · Carmen T,DRAFT,gid://shopify/ProductVariant/56762913390916,219.95,241.95
gid://shopify/Product/15554650210628,Tumbona exterior resina · 75 cm tablillas · Carmen T,DRAFT,gid://shopify/ProductVariant/56762913423684,219.95,241.95
gid://shopify/Product/15554650210628,Tumbona exterior resina · 75 cm tablillas · Carmen T,DRAFT,gid://shopify/ProductVariant/56762913456452,219.95,241.95
gid://shopify/Product/15554650210628,Tumbona exterior resina · 75 cm tablillas · Carmen T,DRAFT,gid://shopify/ProductVariant/56762913489220,219.95,241.95
gid://shopify/Product/15554650243396,Tumbona exterior resina playa · 75 cm tablillas · Lola T,DRAFT,gid://shopify/ProductVariant/56762913554756,199.90,219.95
gid://shopify/Product/15554650243396,Tumbona exterior resina playa · 75 cm tablillas · Lola T,DRAFT,gid://shopify/ProductVariant/56762913587524,212.95,234.95
gid://shopify/Product/15554650243396,Tumbona exterior resina playa · 75 cm tablillas · Lola T,DRAFT,gid://shopify/ProductVariant/56762913620292,212.95,234.95
gid://shopify/Product/15554650243396,Tumbona exterior resina playa · 75 cm tablillas · Lola T,DRAFT,gid://shopify/ProductVariant/56762913653060,212.95,234.95
gid://shopify/Product/15554650243396,Tumbona exterior resina playa · 75 cm tablillas · Lola T,DRAFT,gid://shopify/ProductVariant/56762913685828,212.95,234.95
gid://shopify/Product/15554662203716,Mesa exterior aluminio · HPL 120×80 cm · Capri Doble,DRAFT,gid://shopify/ProductVariant/56762998423876,535.00,575.00
gid://shopify/Product/15554662203716,Mesa exterior aluminio · HPL 120×80 cm · Capri Doble,DRAFT,gid://shopify/ProductVariant/56762998456644,535.00,575.00
gid://shopify/Product/15554662203716,Mesa exterior aluminio · HPL 120×80 cm · Capri Doble,DRAFT,gid://shopify/ProductVariant/56762998489412,535.00,575.00
gid://shopify/Product/15554662203716,Mesa exterior aluminio · HPL 120×80 cm · Capri Doble,DRAFT,gid://shopify/ProductVariant/56762998522180,535.00,575.00
gid://shopify/Product/15554662203716,Mesa exterior aluminio · HPL 120×80 cm · Capri Doble,DRAFT,gid://shopify/ProductVariant/56762998554948,535.00,575.00
gid://shopify/Product/15554662203716,Mesa exterior aluminio · HPL 120×80 cm · Capri Doble,DRAFT,gid://shopify/ProductVariant/56762998587716,535.00,575.00
gid://shopify/Product/15554662203716,Mesa exterior aluminio · HPL 120×80 cm · Capri Doble,DRAFT,gid://shopify/ProductVariant/56762998620484,535.00,575.00
gid://shopify/Product/15554662203716,Mesa exterior aluminio · HPL 120×80 cm · Capri Doble,DRAFT,gid://shopify/ProductVariant/56762998653252,535.00,575.00
gid://shopify/Product/15554662203716,Mesa exterior aluminio · HPL 120×80 cm · Capri Doble,DRAFT,gid://shopify/ProductVariant/56762998686020,535.00,575.00
gid://shopify/Product/15554662203716,Mesa exterior aluminio · HPL 120×80 cm · Capri Doble,DRAFT,gid://shopify/ProductVariant/56762998718788,535.00,575.00
gid://shopify/Product/15554662203716,Mesa exterior aluminio · HPL 120×80 cm · Capri Doble,DRAFT,gid://shopify/ProductVariant/56762998751556,535.00,575.00
gid://shopify/Product/15554662203716,Mesa exterior aluminio · HPL 120×80 cm · Capri Doble,DRAFT,gid://shopify/ProductVariant/56762998784324,535.00,575.00
gid://shopify/Product/15554662203716,Mesa exterior aluminio · HPL 120×80 cm · Capri Doble,DRAFT,gid://shopify/ProductVariant/56762998817092,535.00,575.00
gid://shopify/Product/15554662203716,Mesa exterior aluminio · HPL 120×80 cm · Capri Doble,DRAFT,gid://shopify/ProductVariant/56762998849860,535.00,575.00
gid://shopify/Product/15554662203716,Mesa exterior aluminio · HPL 120×80 cm · Capri Doble,DRAFT,gid://shopify/ProductVariant/56762998882628,535.00,575.00
