handle,sku,fuente,price_antes,price_despues,compare_antes,compare_despues,status,error
sillon-exterior-aluminio-estilo-envolvente-9890-cm,557-010881,excel_col_G,1189.00,1189.00,1300.00,1300.00,SIN_CAMBIOS,
sofa-terraza-aluminio-2-plazas-estilo-contemporaneo-16690-cm,557-010882,excel_col_G,1779.00,1779.00,1900.00,1900.00,SIN_CAMBIOS,
sofa-terraza-aluminio-3-plazas-estilo-contemporaneo-22090-cm,557-010879,excel_col_G,2349.00,2349.00,2600.00,2600.00,SIN_CAMBIOS,
set-jardin-contemporaneo-sofa-2-plazas-2-sillones-mesa,557-010884,psy(shopify),359.50,349.90,435.00,384.95,OK,
set-jardin-aluminio-2-plazas-contemporaneo-sofa-2-plazas-2-sillones-mesa,557-010884,psy(shopify),4679.00,4679.00,5100.00,5100.00,SIN_CAMBIOS,
set-jardin-aluminio-3-plazas-contemporaneo-sofa-3-plazas-2-sillones-mesa,557-010885,excel_col_G,5249.00,5249.00,5800.00,5800.00,SIN_CAMBIOS,
sillon-exterior-estilo-elegante-7275-cm,557-010935,excel_col_G,795.00,795.00,850.00,850.00,SIN_CAMBIOS,
sofa-terraza-2-plazas-estilo-envolvente-13575-cm,557-010936,excel_col_G,1169.00,1169.00,1300.00,1300.00,SIN_CAMBIOS,
sofa-terraza-3-plazas-estilo-sofisticado-19475-cm,557-010937,excel_col_G,1485.00,1485.00,1600.00,1600.00,SIN_CAMBIOS,
mesa-de-centro-exterior-90-cm-altura-40-cm,557-1071,excel_col_G,338.95,338.95,372.95,372.95,SIN_CAMBIOS,
mesa-de-centro-exterior-120-cm-altura-40-cm,557-1563,psy(shopify),322.31,322.95,390.00,349.95,OK,
set-jardin-2-plazas-elegante-sofa-2-plazas-2-sillones-mesa,557-010938,excel_col_G,3095.00,3095.00,3400.00,3400.00,SIN_CAMBIOS,
set-jardin-3-plazas-sofisticado-sofa-3-plazas-2-sillones-mesa,557-010939,excel_col_G,3540.00,3540.00,3900.00,3900.00,SIN_CAMBIOS,
sillon-exterior-estilo-versatil-7783-cm,600-010021,excel_col_G,959.00,959.00,1050.00,1050.00,SIN_CAMBIOS,
sofa-terraza-2-plazas-estilo-estilizado-14383-cm,600-010022,excel_col_G,1399.00,1399.00,1500.00,1500.00,SIN_CAMBIOS,
sofa-terraza-3-plazas-estilo-contemporaneo-18583-cm,600-010023,excel_col_G,1775.00,1775.00,1900.00,1900.00,SIN_CAMBIOS,
mesa-de-centro-exterior-hpl-70-cm-altura-45-cm,600-010024,excel_col_G,505.00,505.00,550.00,550.00,SIN_CAMBIOS,
reposapies-exterior-734640-cm,600-010025,excel_col_G,387.95,387.95,425.95,426.95,OK,
set-jardin-2-plazas-moderno-sofa-2-plazas-2-sillones-mesa,600-010026,excel_col_G,3819.00,3819.00,4200.00,4200.00,SIN_CAMBIOS,
set-jardin-3-plazas-contemporaneo-sofa-3-plazas-2-sillones-mesa,600-010027,excel_col_G,4195.00,4195.00,4600.00,4600.00,SIN_CAMBIOS,
sillon-exterior-estilo-elegante-6590-cm,557-010813,excel_col_G,1019.00,1019.00,1100.00,1100.00,SIN_CAMBIOS,
sofa-terraza-2-plazas-estilo-contemporaneo-13090-cm,557-010814,excel_col_G,1455.00,1455.00,1600.00,1600.00,SIN_CAMBIOS,
sofa-terraza-3-plazas-estilo-contemporaneo-18590-cm,557-010815,excel_col_G,1840.00,1840.00,2000.00,2000.00,SIN_CAMBIOS,
reposapies-exterior-605040-cm,557-010785,excel_col_G,326.95,326.95,349.95,349.95,SIN_CAMBIOS,
set-jardin-2-plazas-elegante-sofa-2-plazas-2-sillones-mesa-2,557-010816,excel_col_G,3825.00,3825.00,4200.00,4200.00,SIN_CAMBIOS,
set-jardin-3-plazas-sofisticado-sofa-3-plazas-2-sillones-mesa-2,557-010817,excel_col_G,4345.00,4345.00,4800.00,4800.00,SIN_CAMBIOS,
sillon-exterior-estilo-envolvente-7582-cm,557-1089,excel_col_G,795.00,795.00,850.00,850.00,SIN_CAMBIOS,
sofa-terraza-3-plazas-estilo-contemporaneo-19882-cm,557-1090,excel_col_G,1489.00,1489.00,1600.00,1600.00,SIN_CAMBIOS,
sofa-terraza-2-plazas-estilo-contemporaneo-15082-cm,557-1091,excel_col_G,1055.00,1055.00,1150.00,1150.00,SIN_CAMBIOS,
mesa-de-centro-exterior-125-cm-altura-38-cm,557-1092,excel_col_G,375.95,375.95,399.95,399.95,SIN_CAMBIOS,
set-jardin-2-plazas-elegante-sofa-2-plazas-2-sillones-mesa-3,557-1094,excel_col_G,3015.00,3015.00,3300.00,3300.00,SIN_CAMBIOS,
set-jardin-3-plazas-sofisticado-sofa-3-plazas-2-sillones-mesa-3,557-1095,excel_col_G,3449.00,3449.00,3800.00,3800.00,SIN_CAMBIOS,
sillon-exterior-estilo-estilizado-7069-cm,600-010090,excel_col_G,975.00,975.00,1050.00,1050.00,SIN_CAMBIOS,
sofa-terraza-2-plazas-estilo-contemporaneo-16269-cm,600-010091,excel_col_G,1389.00,1389.00,1500.00,1500.00,SIN_CAMBIOS,
sofa-terraza-3-plazas-estilo-elegante-22069-cm,600-010092,excel_col_G,1919.00,1919.00,2100.00,2100.00,SIN_CAMBIOS,
reposapies-exterior-504540-cm,600-010093,excel_col_G,187.95,187.95,199.95,199.95,SIN_CAMBIOS,
sillon-exterior-estilo-elegante-6578-cm,557-011090,excel_col_G,515.00,515.00,550.00,550.00,SIN_CAMBIOS,
sofa-terraza-2-plazas-estilo-contemporaneo-12078-cm,557-011091,excel_col_G,875.00,875.00,950.00,950.00,SIN_CAMBIOS,
sofa-terraza-3-plazas-estilo-sofisticado-17578-cm,557-011092,excel_col_G,1145.00,1145.00,1250.00,1250.00,SIN_CAMBIOS,
mesa-de-centro-exterior-90-cm-altura-41-cm,557-011075,excel_col_G,338.95,338.95,372.95,372.95,SIN_CAMBIOS,
mesa-de-centro-exterior-120-cm-altura-41-cm,557-011076,excel_col_G,449.90,449.90,499.95,494.95,OK,
set-jardin-2-plazas-moderno-sofa-2-plazas-2-sillones-mesa-2,557-011094,excel_col_G,2239.00,2239.00,2500.00,2500.00,SIN_CAMBIOS,
set-jardin-3-plazas-elegante-sofa-3-plazas-2-sillones-mesa,557-011095,excel_col_G,2645.00,2645.00,2900.00,2900.00,SIN_CAMBIOS,
sillon-exterior-estilo-versatil-76100-cm,557-010726,excel_col_G,599.00,599.00,650.00,650.00,SIN_CAMBIOS,
sofa-terraza-2-plazas-estilo-contemporaneo-145100-cm,557-010727,excel_col_G,950.00,950.00,1000.00,1000.00,SIN_CAMBIOS,
sofa-terraza-3-plazas-estilo-sofisticado-212100-cm,557-010728,excel_col_G,1205.00,1205.00,1300.00,1300.00,SIN_CAMBIOS,
set-jardin-2-plazas-elegante-sofa-2-plazas-2-sillones-mesa-4,557-010729,excel_col_G,2815.00,2815.00,3100.00,3100.00,SIN_CAMBIOS,
set-jardin-3-plazas-sofisticado-sofa-3-plazas-2-sillones-mesa-4,557-010730,excel_col_G,3140.00,3140.00,3500.00,3500.00,SIN_CAMBIOS,
reposapies-exterior-855043-cm,557-0185,excel_col_G,349.90,349.90,392.95,384.95,OK,
sillon-exterior-estilo-elegante-80104-cm,557-010478,excel_col_G,1019.00,1019.00,1100.00,1100.00,SIN_CAMBIOS,
sofa-terraza-2-plazas-estilo-contemporaneo-164104-cm,557-010479,excel_col_G,1580.00,1580.00,1700.00,1700.00,SIN_CAMBIOS,
sofa-terraza-3-plazas-estilo-contemporaneo-215104-cm,557-010480,excel_col_G,2109.00,2109.00,2300.00,2300.00,SIN_CAMBIOS,
mesa-de-centro-exterior-125-cm-altura-42-cm,557-0008,excel_col_G,569.00,569.00,600.00,600.00,SIN_CAMBIOS,
reposapies-exterior-855043-cm-2,557-010482,excel_col_G,399.90,399.90,449.95,439.95,OK,
set-jardin-2-plazas-elegante-sofa-2-plazas-2-sillones-mesa-5,557-0793,excel_col_G,4175.00,4175.00,4600.00,4600.00,SIN_CAMBIOS,
set-jardin-3-plazas-contemporaneo-sofa-3-plazas-2-sillones-mesa-2,557-010483,excel_col_G,4709.00,4709.00,5200.00,5200.00,SIN_CAMBIOS,
sillon-exterior-bicolor-estilo-bicolor-7376-cm,558-0051,excel_col_G,945.00,945.00,1000.00,1000.00,SIN_CAMBIOS,
sofa-terraza-bicolor-2-plazas-estilo-bicolor-14076-cm,558-0070,excel_col_G,1365.00,1365.00,1500.00,1500.00,SIN_CAMBIOS,
sofa-terraza-bicolor-3-plazas-estilo-bicolor-20076-cm,558-0052,excel_col_G,1685.00,1685.00,1800.00,1800.00,SIN_CAMBIOS,
mesa-de-centro-exterior-hpl-120-cm-altura-40-cm,558-0033,excel_col_G,715.00,715.00,800.00,800.00,SIN_CAMBIOS,
mesa-de-centro-exterior-hpl-135-cm-altura-40-cm,558-0039,excel_col_G,835.00,835.00,900.00,900.00,SIN_CAMBIOS,
reposapies-exterior-bicolor-704544-cm,558-0049,excel_col_G,509.00,509.00,550.00,550.00,SIN_CAMBIOS,
set-jardin-bicolor-2-plazas-bicolor-sofa-2-plazas-2-sillones-mesa,558-0066,excel_col_G,3965.00,3965.00,4400.00,4400.00,SIN_CAMBIOS,
set-jardin-bicolor-3-plazas-bicolor-sofa-3-plazas-2-sillones-mesa,558-0050,excel_col_G,4405.00,4405.00,4800.00,4800.00,SIN_CAMBIOS,
sillon-exterior-estilo-versatil-7685-cm,557-010716,excel_col_G,645.00,645.00,700.00,700.00,SIN_CAMBIOS,
sofa-terraza-2-plazas-estilo-contemporaneo-13785-cm,557-010717,excel_col_G,909.00,909.00,1000.00,1000.00,SIN_CAMBIOS,
sofa-terraza-3-plazas-estilo-contemporaneo-19685-cm,557-010718,excel_col_G,1175.00,1175.00,1300.00,1300.00,SIN_CAMBIOS,
set-jardin-2-plazas-contemporaneo-sofa-2-plazas-2-sillones-mesa,557-010719,excel_col_G,2535.00,2535.00,2800.00,2800.00,SIN_CAMBIOS,
set-jardin-3-plazas-contemporaneo-sofa-3-plazas-2-sillones-mesa-3,557-010720,excel_col_G,2899.00,2899.00,3200.00,3200.00,SIN_CAMBIOS,
sillon-exterior-estilo-moderno-7085-cm,557-010103,excel_col_G,585.00,585.00,650.00,650.00,SIN_CAMBIOS,
sofa-terraza-2-plazas-estilo-elegante-15085-cm,557-010104,excel_col_G,909.00,909.00,1000.00,1000.00,SIN_CAMBIOS,
sofa-terraza-3-plazas-estilo-contemporaneo-19085-cm,557-010105,excel_col_G,1175.00,1175.00,1300.00,1300.00,SIN_CAMBIOS,
set-jardin-2-plazas-contemporaneo-sofa-2-plazas-2-sillones-mesa-2,557-010106,excel_col_G,2405.00,2405.00,2600.00,2600.00,SIN_CAMBIOS,
set-jardin-3-plazas-elegante-sofa-3-plazas-2-sillones-mesa-2,557-010107,excel_col_G,2779.00,2779.00,3100.00,3100.00,SIN_CAMBIOS,
mesa-de-centro-exterior-90-cm-altura-40-cm-2,557-1070,excel_col_G,332.95,332.95,349.95,349.95,SIN_CAMBIOS,
mesa-de-centro-exterior-120-cm-altura-40-cm-2,557-1563,psy(shopify),441.95,441.95,485.95,486.95,OK,
sillon-exterior-estilo-contemporaneo-68115-cm,557-0794,excel_col_G,559.00,559.00,600.00,600.00,SIN_CAMBIOS,
sofa-terraza-2-plazas-estilo-moderno-128115-cm,557-0795,excel_col_G,909.00,909.00,1000.00,1000.00,SIN_CAMBIOS,
sofa-terraza-3-plazas-estilo-contemporaneo-188115-cm,557-0796,excel_col_G,1199.00,1199.00,1300.00,1300.00,SIN_CAMBIOS,
set-jardin-2-plazas-moderno-sofa-2-plazas-2-sillones-mesa-3,557-0798,excel_col_G,2355.00,2355.00,2600.00,2600.00,SIN_CAMBIOS,
set-jardin-3-plazas-contemporaneo-sofa-3-plazas-2-sillones-mesa-4,557-0799,excel_col_G,2755.00,2755.00,3000.00,3000.00,SIN_CAMBIOS,
sillon-exterior-estilo-versatil-6470-cm,557-010146,excel_col_G,589.00,589.00,650.00,650.00,SIN_CAMBIOS,
sofa-terraza-2-plazas-estilo-elegante-13170-cm,557-010148,excel_col_G,845.00,845.00,900.00,900.00,SIN_CAMBIOS,
sofa-terraza-3-plazas-estilo-moderno-18570-cm,557-010147,psy(shopify),785.12,789.00,950.00,850.00,OK,
mesa-de-centro-exterior-hpl-90-cm-altura-40-cm,557-010153,excel_col_G,332.95,332.95,349.95,349.95,SIN_CAMBIOS,
mesa-de-centro-exterior-hpl-120-cm-altura-40-cm-2,557-010154,excel_col_G,441.95,441.95,485.95,486.95,OK,
set-jardin-2-plazas-moderno-sofa-2-plazas-2-sillones-mesa-4,557-010149,excel_col_G,2349.00,2349.00,2600.00,2600.00,SIN_CAMBIOS,
set-jardin-3-plazas-contemporaneo-sofa-3-plazas-2-sillones-mesa-5,557-010147,psy(shopify),2765.00,2765.00,3000.00,3000.00,SIN_CAMBIOS,
pergola-aluminio-para-jardin-300300250-cm,557-0919,excel_col_G,2045.00,2045.00,2200.00,2200.00,SIN_CAMBIOS,
sillon-exterior-estilo-urbano-6670-cm,557-01951,excel_col_G,449.90,449.90,499.95,494.95,OK,
sofa-terraza-2-plazas-estilo-contemporaneo-13370-cm,557-01952,excel_col_G,715.00,715.00,800.00,800.00,SIN_CAMBIOS,
sofa-terraza-3-plazas-estilo-moderno-18770-cm,557-01953,excel_col_G,1029.00,1029.00,1100.00,1100.00,SIN_CAMBIOS,
set-jardin-2-plazas-contemporaneo-sofa-2-plazas-2-sillones-mesa-3,557-01954,excel_col_G,1995.00,1995.00,2200.00,2200.00,SIN_CAMBIOS,
set-jardin-3-plazas-urbano-sofa-3-plazas-2-sillones-mesa,557-01955,excel_col_G,2405.00,2405.00,2600.00,2600.00,SIN_CAMBIOS,
set-rinconera-exterior-hpl-sofisticado-sofa-de-esquina-mesa-de-centro,557-010705,excel_col_G,2899.00,2899.00,3200.00,3200.00,SIN_CAMBIOS,
set-rinconera-exterior-hpl-elegante-sofa-de-esquina-mesa-de-centro,557-010026,excel_col_G,3795.00,3795.00,4200.00,4200.00,SIN_CAMBIOS,
set-rinconera-exterior-hpl-moderno-sofa-de-esquina-mesa-de-centro,557-010123,excel_col_G,4225.00,4225.00,4600.00,4600.00,SIN_CAMBIOS,
set-rinconera-exterior-contemporaneo-sofa-de-esquina-mesa-de-centro,557-1164,excel_col_G,2579.00,2579.00,2800.00,2800.00,SIN_CAMBIOS,
set-rinconera-exterior-sofisticado-sofa-de-esquina-mesa-de-centro,557-010048,excel_col_G,3819.00,3819.00,4200.00,4200.00,SIN_CAMBIOS,
mesa-comedor-exterior-hpl-13590-cm,557-010177,excel_col_G,660.00,660.00,700.00,700.00,SIN_CAMBIOS,
mesa-comedor-exterior-hpl-13590-cm,123-0017,excel_col_G,720.00,720.00,800.00,800.00,SIN_CAMBIOS,
silla-exterior-estilo-estilizado,123-0002,excel_col_G,199.95,199.95,219.95,219.95,SIN_CAMBIOS,
silla-exterior-estilo-contemporaneo,123-0001,excel_col_G,175.95,175.95,193.95,193.95,SIN_CAMBIOS,
mesa-comedor-exterior-hpl-10090-cm,123-0013,excel_col_G,585.00,585.00,650.00,650.00,SIN_CAMBIOS,
mesa-comedor-exterior-hpl-15090-cm,557-011019,excel_col_G,669.00,669.00,725.00,725.00,SIN_CAMBIOS,
sillon-exterior-estilo-versatil-58100-cm,123-0011,excel_col_G,114.95,114.95,126.95,126.95,SIN_CAMBIOS,
base-de-parasol-25-kg,921-0026,excel_col_G,78.95,78.95,86.95,86.95,SIN_CAMBIOS,
set-losas-cemento-para-base-de-parasol,921-0009,excel_col_G,217.95,217.95,239.95,239.95,SIN_CAMBIOS,
balancin-jardin-exterior-148194-cm,557-010143,excel_col_G,1805.00,1805.00,2000.00,2000.00,SIN_CAMBIOS,
banco-jardin-con-mesa-integrada-220-cm,557-010947,excel_col_G,2899.00,2899.00,3200.00,3200.00,SIN_CAMBIOS,
banco-de-exterior-150-cm,557-010016,excel_col_G,423.95,423.95,449.95,449.95,SIN_CAMBIOS,
banco-de-exterior-108-cm,557-011350,excel_col_G,381.95,381.95,399.95,420.95,OK,
balliu-tumbona-de-exterior-resina-923110d9,SV-EVAPRO-T-BLANCO,psy(shopify),219.66,219.95,241.95,241.95,OK,
balliu-tumbona-de-exterior-resina-923110d9,SV-EVAPRO-T-ARENA,psy(shopify),242.13,242.95,241.95,267.95,OK,
balliu-tumbona-de-exterior-resina-923110d9,SV-EVAPRO-T-BRONCE,psy(shopify),242.13,242.95,241.95,267.95,OK,
balliu-tumbona-de-exterior-resina-923110d9,SV-EVAPRO-T-GRIS-OSC,psy(shopify),242.13,242.95,241.95,267.95,OK,
balliu-tumbona-de-exterior-resina-923110d9,SV-EVAPRO-T-TORTOLA,psy(shopify),242.13,242.95,241.95,267.95,OK,
balliu-tumbona-de-exterior-resina-b19af1ea,SV-EVAPRO-BLANCO-AZUL,psy(shopify),228.44,228.95,239.95,249.95,OK,
balliu-tumbona-de-exterior-resina-b19af1ea,SV-EVAPRO-BLANCO-AMARILLO,psy(shopify),228.44,228.95,239.95,249.95,OK,
balliu-tumbona-de-exterior-resina-b19af1ea,SV-EVAPRO-BLANCO-NARANJA,psy(shopify),228.44,228.95,239.95,249.95,OK,
balliu-tumbona-de-exterior-resina-b19af1ea,SV-EVAPRO-BLANCO-VERDE-CLARO,psy(shopify),228.44,228.95,239.95,249.95,OK,
balliu-tumbona-de-exterior-resina-b19af1ea,SV-EVAPRO-BLANCO-BLANCO,psy(shopify),228.44,228.95,239.95,249.95,OK,
balliu-tumbona-de-exterior-resina-b19af1ea,SV-EVAPRO-BLANCO-NATURAL,psy(shopify),228.44,228.95,239.95,249.95,OK,
balliu-tumbona-de-exterior-resina-b19af1ea,SV-EVAPRO-BLANCO-CAPUCHINO,psy(shopify),228.44,228.95,239.95,249.95,OK,
balliu-tumbona-de-exterior-resina-b19af1ea,SV-EVAPRO-BLANCO-CAQUI,psy(shopify),228.44,228.95,239.95,249.95,OK,
balliu-tumbona-de-exterior-resina-b19af1ea,SV-EVAPRO-BLANCO-MARRON-OSC,psy(shopify),228.44,228.95,239.95,249.95,OK,
balliu-tumbona-de-exterior-resina-b19af1ea,SV-EVAPRO-BLANCO-ARENA,psy(shopify),228.44,228.95,239.95,249.95,OK,
balliu-tumbona-de-exterior-resina-b19af1ea,SV-EVAPRO-BLANCO-VERDE-OSC,psy(shopify),228.44,228.95,239.95,249.95,OK,
balliu-tumbona-de-exterior-resina-b19af1ea,SV-EVAPRO-BLANCO-AZUL-CEL,psy(shopify),228.44,228.95,239.95,249.95,OK,
balliu-tumbona-de-exterior-resina-b19af1ea,SV-EVAPRO-BLANCO-CENIZA,psy(shopify),228.44,228.95,239.95,249.95,OK,
balliu-tumbona-de-exterior-resina-b19af1ea,SV-EVAPRO-BLANCO-AZUL-MAR,psy(shopify),228.44,228.95,239.95,249.95,OK,
balliu-tumbona-de-exterior-resina-b19af1ea,SV-EVAPRO-BLANCO-GRIS-OSC,psy(shopify),228.44,228.95,239.95,249.95,OK,
balliu-tumbona-de-exterior-resina-b19af1ea,SV-EVAPRO-BLANCO-AZUL-ACERO,psy(shopify),228.44,228.95,239.95,249.95,OK,
balliu-tumbona-de-exterior-resina-b19af1ea,SV-EVAPRO-ARENA-AZUL,psy(shopify),242.13,242.95,239.95,267.95,OK,
balliu-tumbona-de-exterior-resina-b19af1ea,SV-EVAPRO-ARENA-AMARILLO,psy(shopify),242.13,242.95,239.95,267.95,OK,
balliu-tumbona-de-exterior-resina-b19af1ea,SV-EVAPRO-ARENA-NARANJA,psy(shopify),242.13,242.95,239.95,267.95,OK,
balliu-tumbona-de-exterior-resina-b19af1ea,SV-EVAPRO-ARENA-VERDE-CLARO,psy(shopify),242.13,242.95,239.95,267.95,OK,
balliu-tumbona-de-exterior-resina-b19af1ea,SV-EVAPRO-ARENA-BLANCO,psy(shopify),242.13,242.95,239.95,267.95,OK,
balliu-tumbona-de-exterior-resina-b19af1ea,SV-EVAPRO-ARENA-NATURAL,psy(shopify),242.13,242.95,239.95,267.95,OK,
balliu-tumbona-de-exterior-resina-b19af1ea,SV-EVAPRO-ARENA-CAPUCHINO,psy(shopify),242.13,242.95,239.95,267.95,OK,
balliu-tumbona-de-exterior-resina-b19af1ea,SV-EVAPRO-ARENA-CAQUI,psy(shopify),242.13,242.95,239.95,267.95,OK,
balliu-tumbona-de-exterior-resina-b19af1ea,SV-EVAPRO-ARENA-MARRON-OSC,psy(shopify),242.13,242.95,239.95,267.95,OK,
balliu-tumbona-de-exterior-resina-b19af1ea,SV-EVAPRO-ARENA-ARENA,psy(shopify),242.13,242.95,239.95,267.95,OK,
balliu-tumbona-de-exterior-resina-b19af1ea,SV-EVAPRO-ARENA-VERDE-OSC,psy(shopify),242.13,242.95,239.95,267.95,OK,
balliu-tumbona-de-exterior-resina-b19af1ea,SV-EVAPRO-ARENA-AZUL-CEL,psy(shopify),242.13,242.95,239.95,267.95,OK,
balliu-tumbona-de-exterior-resina-b19af1ea,SV-EVAPRO-ARENA-CENIZA,psy(shopify),242.13,242.95,239.95,267.95,OK,
balliu-tumbona-de-exterior-resina-b19af1ea,SV-EVAPRO-ARENA-AZUL-MAR,psy(shopify),242.13,242.95,239.95,267.95,OK,
balliu-tumbona-de-exterior-resina-b19af1ea,SV-EVAPRO-ARENA-GRIS-OSC,psy(shopify),242.13,242.95,239.95,267.95,OK,
balliu-tumbona-de-exterior-resina-b19af1ea,SV-EVAPRO-ARENA-AZUL-ACERO,psy(shopify),242.13,242.95,239.95,267.95,OK,
balliu-tumbona-de-exterior-resina-b19af1ea,SV-EVAPRO-BRONCE-AZUL,psy(shopify),242.13,242.95,239.95,267.95,OK,
balliu-tumbona-de-exterior-resina-b19af1ea,SV-EVAPRO-BRONCE-AMARILLO,psy(shopify),242.13,242.95,239.95,267.95,OK,
balliu-tumbona-de-exterior-resina-b19af1ea,SV-EVAPRO-BRONCE-NARANJA,psy(shopify),242.13,242.95,239.95,267.95,OK,
balliu-tumbona-de-exterior-resina-b19af1ea,SV-EVAPRO-BRONCE-VERDE-CLARO,psy(shopify),242.13,242.95,239.95,267.95,OK,
balliu-tumbona-de-exterior-resina-b19af1ea,SV-EVAPRO-BRONCE-BLANCO,psy(shopify),242.13,242.95,239.95,267.95,OK,
balliu-tumbona-de-exterior-resina-b19af1ea,SV-EVAPRO-BRONCE-NATURAL,psy(shopify),242.13,242.95,239.95,267.95,OK,
balliu-tumbona-de-exterior-resina-b19af1ea,SV-EVAPRO-BRONCE-CAPUCHINO,psy(shopify),242.13,242.95,239.95,267.95,OK,
balliu-tumbona-de-exterior-resina-b19af1ea,SV-EVAPRO-BRONCE-CAQUI,psy(shopify),242.13,242.95,239.95,267.95,OK,
balliu-tumbona-de-exterior-resina-b19af1ea,SV-EVAPRO-BRONCE-MARRON-OSC,psy(shopify),242.13,242.95,239.95,267.95,OK,
balliu-tumbona-de-exterior-resina-b19af1ea,SV-EVAPRO-BRONCE-ARENA,psy(shopify),242.13,242.95,239.95,267.95,OK,
balliu-tumbona-de-exterior-resina-b19af1ea,SV-EVAPRO-BRONCE-VERDE-OSC,psy(shopify),242.13,242.95,239.95,267.95,OK,
balliu-tumbona-de-exterior-resina-b19af1ea,SV-EVAPRO-BRONCE-AZUL-CEL,psy(shopify),242.13,242.95,239.95,267.95,OK,
balliu-tumbona-de-exterior-resina-b19af1ea,SV-EVAPRO-BRONCE-CENIZA,psy(shopify),242.13,242.95,239.95,267.95,OK,
balliu-tumbona-de-exterior-resina-b19af1ea,SV-EVAPRO-BRONCE-AZUL-MAR,psy(shopify),242.13,242.95,239.95,267.95,OK,
balliu-tumbona-de-exterior-resina-b19af1ea,SV-EVAPRO-BRONCE-GRIS-OSC,psy(shopify),242.13,242.95,239.95,267.95,OK,
balliu-tumbona-de-exterior-resina-b19af1ea,SV-EVAPRO-BRONCE-AZUL-ACERO,psy(shopify),242.13,242.95,239.95,267.95,OK,
balliu-tumbona-de-exterior-resina-b19af1ea,SV-EVAPRO-GRIS-OSC-AZUL,psy(shopify),242.13,242.95,239.95,267.95,OK,
balliu-tumbona-de-exterior-resina-b19af1ea,SV-EVAPRO-GRIS-OSC-AMARILLO,psy(shopify),242.13,242.95,239.95,267.95,OK,
balliu-tumbona-de-exterior-resina-b19af1ea,SV-EVAPRO-GRIS-OSC-NARANJA,psy(shopify),242.13,242.95,239.95,267.95,OK,
balliu-tumbona-de-exterior-resina-b19af1ea,SV-EVAPRO-GRIS-OSC-VERDE-CLARO,psy(shopify),242.13,242.95,239.95,267.95,OK,
balliu-tumbona-de-exterior-resina-b19af1ea,SV-EVAPRO-GRIS-OSC-BLANCO,psy(shopify),242.13,242.95,239.95,267.95,OK,
balliu-tumbona-de-exterior-resina-b19af1ea,SV-EVAPRO-GRIS-OSC-NATURAL,psy(shopify),242.13,242.95,239.95,267.95,OK,
balliu-tumbona-de-exterior-resina-b19af1ea,SV-EVAPRO-GRIS-OSC-CAPUCHINO,psy(shopify),242.13,242.95,239.95,267.95,OK,
balliu-tumbona-de-exterior-resina-b19af1ea,SV-EVAPRO-GRIS-OSC-CAQUI,psy(shopify),242.13,242.95,239.95,267.95,OK,
balliu-tumbona-de-exterior-resina-b19af1ea,SV-EVAPRO-GRIS-OSC-MARRON-OSC,psy(shopify),242.13,242.95,239.95,267.95,OK,
balliu-tumbona-de-exterior-resina-b19af1ea,SV-EVAPRO-GRIS-OSC-ARENA,psy(shopify),242.13,242.95,239.95,267.95,OK,
balliu-tumbona-de-exterior-resina-b19af1ea,SV-EVAPRO-GRIS-OSC-VERDE-OSC,psy(shopify),242.13,242.95,239.95,267.95,OK,
balliu-tumbona-de-exterior-resina-b19af1ea,SV-EVAPRO-GRIS-OSC-AZUL-CEL,psy(shopify),242.13,242.95,239.95,267.95,OK,
balliu-tumbona-de-exterior-resina-b19af1ea,SV-EVAPRO-GRIS-OSC-CENIZA,psy(shopify),242.13,242.95,239.95,267.95,OK,
balliu-tumbona-de-exterior-resina-b19af1ea,SV-EVAPRO-GRIS-OSC-AZUL-MAR,psy(shopify),242.13,242.95,239.95,267.95,OK,
balliu-tumbona-de-exterior-resina-b19af1ea,SV-EVAPRO-GRIS-OSC-GRIS-OSC,psy(shopify),242.13,242.95,239.95,267.95,OK,
balliu-tumbona-de-exterior-resina-b19af1ea,SV-EVAPRO-GRIS-OSC-AZUL-ACERO,psy(shopify),242.13,242.95,239.95,267.95,OK,
balliu-tumbona-de-exterior-resina-b19af1ea,SV-EVAPRO-TORTOLA-AZUL,psy(shopify),242.13,242.95,239.95,267.95,OK,
balliu-tumbona-de-exterior-resina-b19af1ea,SV-EVAPRO-TORTOLA-AMARILLO,psy(shopify),242.13,242.95,239.95,267.95,OK,
balliu-tumbona-de-exterior-resina-b19af1ea,SV-EVAPRO-TORTOLA-NARANJA,psy(shopify),242.13,242.95,239.95,267.95,OK,
balliu-tumbona-de-exterior-resina-b19af1ea,SV-EVAPRO-TORTOLA-VERDE-CLARO,psy(shopify),242.13,242.95,239.95,267.95,OK,
balliu-tumbona-de-exterior-resina-b19af1ea,SV-EVAPRO-TORTOLA-BLANCO,psy(shopify),242.13,242.95,239.95,267.95,OK,
balliu-tumbona-de-exterior-resina-b19af1ea,SV-EVAPRO-TORTOLA-NATURAL,psy(shopify),242.13,242.95,239.95,267.95,OK,
balliu-tumbona-de-exterior-resina-b19af1ea,SV-EVAPRO-TORTOLA-CAPUCHINO,psy(shopify),242.13,242.95,239.95,267.95,OK,
balliu-tumbona-de-exterior-resina-b19af1ea,SV-EVAPRO-TORTOLA-CAQUI,psy(shopify),242.13,242.95,239.95,267.95,OK,
balliu-tumbona-de-exterior-resina-b19af1ea,SV-EVAPRO-TORTOLA-MARRON-OSC,psy(shopify),242.13,242.95,239.95,267.95,OK,
balliu-tumbona-de-exterior-resina-b19af1ea,SV-EVAPRO-TORTOLA-ARENA,psy(shopify),242.13,242.95,239.95,267.95,OK,
balliu-tumbona-de-exterior-resina-b19af1ea,SV-EVAPRO-TORTOLA-VERDE-OSC,psy(shopify),242.13,242.95,239.95,267.95,OK,
balliu-tumbona-de-exterior-resina-b19af1ea,SV-EVAPRO-TORTOLA-AZUL-CEL,psy(shopify),242.13,242.95,239.95,267.95,OK,
balliu-tumbona-de-exterior-resina-b19af1ea,SV-EVAPRO-TORTOLA-CENIZA,psy(shopify),242.13,242.95,239.95,267.95,OK,
balliu-tumbona-de-exterior-resina-b19af1ea,SV-EVAPRO-TORTOLA-AZUL-MAR,psy(shopify),242.13,242.95,239.95,267.95,OK,
balliu-tumbona-de-exterior-resina-b19af1ea,SV-EVAPRO-TORTOLA-GRIS-OSC,psy(shopify),242.13,242.95,239.95,267.95,OK,
balliu-tumbona-de-exterior-resina-b19af1ea,SV-EVAPRO-TORTOLA-AZUL-ACERO,psy(shopify),242.13,242.95,239.95,267.95,OK,
balliu-tumbona-de-exterior-resina-75-cm-009e68e4,SV-CARMEN-BLANCO-AZUL,psy(shopify),183.23,183.95,241.95,199.95,OK,
balliu-tumbona-de-exterior-resina-75-cm-009e68e4,SV-CARMEN-BLANCO-AMARILLO,psy(shopify),183.23,183.95,241.95,199.95,OK,
balliu-tumbona-de-exterior-resina-75-cm-009e68e4,SV-CARMEN-BLANCO-NARANJA,psy(shopify),183.23,183.95,241.95,199.95,OK,
balliu-tumbona-de-exterior-resina-75-cm-009e68e4,SV-CARMEN-BLANCO-VERDE-CLARO,psy(shopify),183.23,183.95,241.95,199.95,OK,
balliu-tumbona-de-exterior-resina-75-cm-009e68e4,SV-CARMEN-BLANCO-BLANCO,psy(shopify),183.23,183.95,241.95,199.95,OK,
balliu-tumbona-de-exterior-resina-75-cm-009e68e4,SV-CARMEN-BLANCO-NATURAL,psy(shopify),183.23,183.95,241.95,199.95,OK,
balliu-tumbona-de-exterior-resina-75-cm-009e68e4,SV-CARMEN-BLANCO-CAPUCHINO,psy(shopify),183.23,183.95,241.95,199.95,OK,
balliu-tumbona-de-exterior-resina-75-cm-009e68e4,SV-CARMEN-BLANCO-CAQUI,psy(shopify),183.23,183.95,241.95,199.95,OK,
balliu-tumbona-de-exterior-resina-75-cm-009e68e4,SV-CARMEN-BLANCO-MARRON-OSC,psy(shopify),183.23,183.95,241.95,199.95,OK,
balliu-tumbona-de-exterior-resina-75-cm-009e68e4,SV-CARMEN-BLANCO-ARENA,psy(shopify),183.23,183.95,241.95,199.95,OK,
balliu-tumbona-de-exterior-resina-75-cm-009e68e4,SV-CARMEN-BLANCO-VERDE-OSC,psy(shopify),183.23,183.95,241.95,199.95,OK,
balliu-tumbona-de-exterior-resina-75-cm-009e68e4,SV-CARMEN-BLANCO-AZUL-CEL,psy(shopify),183.23,183.95,241.95,199.95,OK,
balliu-tumbona-de-exterior-resina-75-cm-009e68e4,SV-CARMEN-BLANCO-CENIZA,psy(shopify),183.23,183.95,241.95,199.95,OK,
balliu-tumbona-de-exterior-resina-75-cm-009e68e4,SV-CARMEN-BLANCO-AZUL-MAR,psy(shopify),183.23,183.95,241.95,199.95,OK,
balliu-tumbona-de-exterior-resina-75-cm-009e68e4,SV-CARMEN-BLANCO-GRIS-OSC,psy(shopify),183.23,183.95,241.95,199.95,OK,
balliu-tumbona-de-exterior-resina-75-cm-009e68e4,SV-CARMEN-BLANCO-AZUL-ACERO,psy(shopify),183.23,183.95,241.95,199.95,OK,
balliu-tumbona-de-exterior-resina-75-cm-009e68e4,SV-CARMEN-ARENA-AZUL,psy(shopify),188.28,188.95,241.95,199.95,OK,
balliu-tumbona-de-exterior-resina-75-cm-009e68e4,SV-CARMEN-ARENA-AMARILLO,psy(shopify),188.28,188.95,241.95,199.95,OK,
balliu-tumbona-de-exterior-resina-75-cm-009e68e4,SV-CARMEN-ARENA-NARANJA,psy(shopify),188.28,188.95,241.95,199.95,OK,
balliu-tumbona-de-exterior-resina-75-cm-009e68e4,SV-CARMEN-ARENA-VERDE-CLARO,psy(shopify),188.28,188.95,241.95,199.95,OK,
balliu-tumbona-de-exterior-resina-75-cm-009e68e4,SV-CARMEN-ARENA-BLANCO,psy(shopify),188.28,188.95,241.95,199.95,OK,
balliu-tumbona-de-exterior-resina-75-cm-009e68e4,SV-CARMEN-ARENA-NATURAL,psy(shopify),188.28,188.95,241.95,199.95,OK,
balliu-tumbona-de-exterior-resina-75-cm-009e68e4,SV-CARMEN-ARENA-CAPUCHINO,psy(shopify),188.28,188.95,241.95,199.95,OK,
balliu-tumbona-de-exterior-resina-75-cm-009e68e4,SV-CARMEN-ARENA-CAQUI,psy(shopify),188.28,188.95,241.95,199.95,OK,
balliu-tumbona-de-exterior-resina-75-cm-009e68e4,SV-CARMEN-ARENA-MARRON-OSC,psy(shopify),188.28,188.95,241.95,199.95,OK,
balliu-tumbona-de-exterior-resina-75-cm-009e68e4,SV-CARMEN-ARENA-ARENA,psy(shopify),188.28,188.95,241.95,199.95,OK,
balliu-tumbona-de-exterior-resina-75-cm-009e68e4,SV-CARMEN-ARENA-VERDE-OSC,psy(shopify),188.28,188.95,241.95,199.95,OK,
balliu-tumbona-de-exterior-resina-75-cm-009e68e4,SV-CARMEN-ARENA-AZUL-CEL,psy(shopify),188.28,188.95,241.95,199.95,OK,
balliu-tumbona-de-exterior-resina-75-cm-009e68e4,SV-CARMEN-ARENA-CENIZA,psy(shopify),188.28,188.95,241.95,199.95,OK,
balliu-tumbona-de-exterior-resina-75-cm-009e68e4,SV-CARMEN-ARENA-AZUL-MAR,psy(shopify),188.28,188.95,241.95,199.95,OK,
balliu-tumbona-de-exterior-resina-75-cm-009e68e4,SV-CARMEN-ARENA-GRIS-OSC,psy(shopify),188.28,188.95,241.95,199.95,OK,
balliu-tumbona-de-exterior-resina-75-cm-009e68e4,SV-CARMEN-ARENA-AZUL-ACERO,psy(shopify),188.28,188.95,241.95,199.95,OK,
balliu-tumbona-de-exterior-resina-75-cm-009e68e4,SV-CARMEN-BRONCE-AZUL,psy(shopify),188.28,188.95,241.95,199.95,OK,
balliu-tumbona-de-exterior-resina-75-cm-009e68e4,SV-CARMEN-BRONCE-AMARILLO,psy(shopify),188.28,188.95,241.95,199.95,OK,
balliu-tumbona-de-exterior-resina-75-cm-009e68e4,SV-CARMEN-BRONCE-NARANJA,psy(shopify),188.28,188.95,241.95,199.95,OK,
balliu-tumbona-de-exterior-resina-75-cm-009e68e4,SV-CARMEN-BRONCE-VERDE-CLARO,psy(shopify),188.28,188.95,241.95,199.95,OK,
balliu-tumbona-de-exterior-resina-75-cm-009e68e4,SV-CARMEN-BRONCE-BLANCO,psy(shopify),188.28,188.95,241.95,199.95,OK,
balliu-tumbona-de-exterior-resina-75-cm-009e68e4,SV-CARMEN-BRONCE-NATURAL,psy(shopify),188.28,188.95,241.95,199.95,OK,
balliu-tumbona-de-exterior-resina-75-cm-009e68e4,SV-CARMEN-BRONCE-CAPUCHINO,psy(shopify),188.28,188.95,241.95,199.95,OK,
balliu-tumbona-de-exterior-resina-75-cm-009e68e4,SV-CARMEN-BRONCE-CAQUI,psy(shopify),188.28,188.95,241.95,199.95,OK,
balliu-tumbona-de-exterior-resina-75-cm-009e68e4,SV-CARMEN-BRONCE-MARRON-OSC,psy(shopify),188.28,188.95,241.95,199.95,OK,
balliu-tumbona-de-exterior-resina-75-cm-009e68e4,SV-CARMEN-BRONCE-ARENA,psy(shopify),188.28,188.95,241.95,199.95,OK,
balliu-tumbona-de-exterior-resina-75-cm-009e68e4,SV-CARMEN-BRONCE-VERDE-OSC,psy(shopify),188.28,188.95,241.95,199.95,OK,
balliu-tumbona-de-exterior-resina-75-cm-009e68e4,SV-CARMEN-BRONCE-AZUL-CEL,psy(shopify),188.28,188.95,241.95,199.95,OK,
balliu-tumbona-de-exterior-resina-75-cm-009e68e4,SV-CARMEN-BRONCE-CENIZA,psy(shopify),188.28,188.95,241.95,199.95,OK,
balliu-tumbona-de-exterior-resina-75-cm-009e68e4,SV-CARMEN-BRONCE-AZUL-MAR,psy(shopify),188.28,188.95,241.95,199.95,OK,
balliu-tumbona-de-exterior-resina-75-cm-009e68e4,SV-CARMEN-BRONCE-GRIS-OSC,psy(shopify),188.28,188.95,241.95,199.95,OK,
balliu-tumbona-de-exterior-resina-75-cm-009e68e4,SV-CARMEN-BRONCE-AZUL-ACERO,psy(shopify),188.28,188.95,241.95,199.95,OK,
balliu-tumbona-de-exterior-resina-75-cm-009e68e4,SV-CARMEN-GRIS-OSC-AZUL,psy(shopify),188.28,188.95,241.95,199.95,OK,
balliu-tumbona-de-exterior-resina-75-cm-009e68e4,SV-CARMEN-GRIS-OSC-AMARILLO,psy(shopify),188.28,188.95,241.95,199.95,OK,
balliu-tumbona-de-exterior-resina-75-cm-009e68e4,SV-CARMEN-GRIS-OSC-NARANJA,psy(shopify),188.28,188.95,241.95,199.95,OK,
balliu-tumbona-de-exterior-resina-75-cm-009e68e4,SV-CARMEN-GRIS-OSC-VERDE-CLARO,psy(shopify),188.28,188.95,241.95,199.95,OK,
balliu-tumbona-de-exterior-resina-75-cm-009e68e4,SV-CARMEN-GRIS-OSC-BLANCO,psy(shopify),188.28,188.95,241.95,199.95,OK,
balliu-tumbona-de-exterior-resina-75-cm-009e68e4,SV-CARMEN-GRIS-OSC-NATURAL,psy(shopify),188.28,188.95,241.95,199.95,OK,
balliu-tumbona-de-exterior-resina-75-cm-009e68e4,SV-CARMEN-GRIS-OSC-CAPUCHINO,psy(shopify),188.28,188.95,241.95,199.95,OK,
balliu-tumbona-de-exterior-resina-75-cm-009e68e4,SV-CARMEN-GRIS-OSC-CAQUI,psy(shopify),188.28,188.95,241.95,199.95,OK,
balliu-tumbona-de-exterior-resina-75-cm-009e68e4,SV-CARMEN-GRIS-OSC-MARRON-OSC,psy(shopify),188.28,188.95,241.95,199.95,OK,
balliu-tumbona-de-exterior-resina-75-cm-009e68e4,SV-CARMEN-GRIS-OSC-ARENA,psy(shopify),188.28,188.95,241.95,199.95,OK,
balliu-tumbona-de-exterior-resina-75-cm-009e68e4,SV-CARMEN-GRIS-OSC-VERDE-OSC,psy(shopify),188.28,188.95,241.95,199.95,OK,
balliu-tumbona-de-exterior-resina-75-cm-009e68e4,SV-CARMEN-GRIS-OSC-AZUL-CEL,psy(shopify),188.28,188.95,241.95,199.95,OK,
balliu-tumbona-de-exterior-resina-75-cm-009e68e4,SV-CARMEN-GRIS-OSC-CENIZA,psy(shopify),188.28,188.95,241.95,199.95,OK,
balliu-tumbona-de-exterior-resina-75-cm-009e68e4,SV-CARMEN-GRIS-OSC-AZUL-MAR,psy(shopify),188.28,188.95,241.95,199.95,OK,
balliu-tumbona-de-exterior-resina-75-cm-009e68e4,SV-CARMEN-GRIS-OSC-GRIS-OSC,psy(shopify),188.28,188.95,241.95,199.95,OK,
balliu-tumbona-de-exterior-resina-75-cm-009e68e4,SV-CARMEN-GRIS-OSC-AZUL-ACERO,psy(shopify),188.28,188.95,241.95,199.95,OK,
balliu-tumbona-de-exterior-resina-75-cm-009e68e4,SV-CARMEN-MADERA-AZUL,psy(shopify),188.28,188.95,241.95,199.95,OK,
balliu-tumbona-de-exterior-resina-75-cm-009e68e4,SV-CARMEN-MADERA-AMARILLO,psy(shopify),188.28,188.95,241.95,199.95,OK,
balliu-tumbona-de-exterior-resina-75-cm-009e68e4,SV-CARMEN-MADERA-NARANJA,psy(shopify),188.28,188.95,241.95,199.95,OK,
balliu-tumbona-de-exterior-resina-75-cm-009e68e4,SV-CARMEN-MADERA-VERDE-CLARO,psy(shopify),188.28,188.95,241.95,199.95,OK,
balliu-tumbona-de-exterior-resina-75-cm-009e68e4,SV-CARMEN-MADERA-BLANCO,psy(shopify),188.28,188.95,241.95,199.95,OK,
balliu-tumbona-de-exterior-resina-75-cm-009e68e4,SV-CARMEN-MADERA-NATURAL,psy(shopify),188.28,188.95,241.95,199.95,OK,
balliu-tumbona-de-exterior-resina-75-cm-009e68e4,SV-CARMEN-MADERA-CAPUCHINO,psy(shopify),188.28,188.95,241.95,199.95,OK,
balliu-tumbona-de-exterior-resina-75-cm-009e68e4,SV-CARMEN-MADERA-CAQUI,psy(shopify),188.28,188.95,241.95,199.95,OK,
balliu-tumbona-de-exterior-resina-75-cm-009e68e4,SV-CARMEN-MADERA-MARRON-OSC,psy(shopify),188.28,188.95,241.95,199.95,OK,
balliu-tumbona-de-exterior-resina-75-cm-009e68e4,SV-CARMEN-MADERA-ARENA,psy(shopify),188.28,188.95,241.95,199.95,OK,
balliu-tumbona-de-exterior-resina-75-cm-009e68e4,SV-CARMEN-MADERA-VERDE-OSC,psy(shopify),188.28,188.95,241.95,199.95,OK,
balliu-tumbona-de-exterior-resina-75-cm-009e68e4,SV-CARMEN-MADERA-AZUL-CEL,psy(shopify),188.28,188.95,241.95,199.95,OK,
balliu-tumbona-de-exterior-resina-75-cm-009e68e4,SV-CARMEN-MADERA-CENIZA,psy(shopify),188.28,188.95,241.95,199.95,OK,
balliu-tumbona-de-exterior-resina-75-cm-009e68e4,SV-CARMEN-MADERA-AZUL-MAR,psy(shopify),188.28,188.95,241.95,199.95,OK,
balliu-tumbona-de-exterior-resina-75-cm-009e68e4,SV-CARMEN-MADERA-GRIS-OSC,psy(shopify),188.28,188.95,241.95,199.95,OK,
balliu-tumbona-de-exterior-resina-75-cm-009e68e4,SV-CARMEN-MADERA-AZUL-ACERO,psy(shopify),188.28,188.95,241.95,199.95,OK,
balliu-tumbona-de-exterior-resina-75-cm-aca076ae,SV-LOLA-BLANCO-AZUL,psy(shopify),182.17,182.95,233.95,199.95,OK,
balliu-tumbona-de-exterior-resina-75-cm-aca076ae,SV-LOLA-BLANCO-AMARILLO,psy(shopify),182.17,182.95,233.95,199.95,OK,
balliu-tumbona-de-exterior-resina-75-cm-aca076ae,SV-LOLA-BLANCO-NARANJA,psy(shopify),182.17,182.95,233.95,199.95,OK,
balliu-tumbona-de-exterior-resina-75-cm-aca076ae,SV-LOLA-BLANCO-VERDE-CLARO,psy(shopify),182.17,182.95,233.95,199.95,OK,
balliu-tumbona-de-exterior-resina-75-cm-aca076ae,SV-LOLA-BLANCO-BLANCO,psy(shopify),182.17,182.95,233.95,199.95,OK,
balliu-tumbona-de-exterior-resina-75-cm-aca076ae,SV-LOLA-BLANCO-NATURAL,psy(shopify),182.17,182.95,233.95,199.95,OK,
balliu-tumbona-de-exterior-resina-75-cm-aca076ae,SV-LOLA-BLANCO-CAPUCHINO,psy(shopify),182.17,182.95,233.95,199.95,OK,
balliu-tumbona-de-exterior-resina-75-cm-aca076ae,SV-LOLA-BLANCO-CAQUI,psy(shopify),182.17,182.95,233.95,199.95,OK,
balliu-tumbona-de-exterior-resina-75-cm-aca076ae,SV-LOLA-BLANCO-MARRON-OSC,psy(shopify),182.17,182.95,233.95,199.95,OK,
balliu-tumbona-de-exterior-resina-75-cm-aca076ae,SV-LOLA-BLANCO-ARENA,psy(shopify),182.17,182.95,233.95,199.95,OK,
balliu-tumbona-de-exterior-resina-75-cm-aca076ae,SV-LOLA-BLANCO-VERDE-OSC,psy(shopify),182.17,182.95,233.95,199.95,OK,
balliu-tumbona-de-exterior-resina-75-cm-aca076ae,SV-LOLA-BLANCO-AZUL-CEL,psy(shopify),182.17,182.95,233.95,199.95,OK,
balliu-tumbona-de-exterior-resina-75-cm-aca076ae,SV-LOLA-BLANCO-CENIZA,psy(shopify),182.17,182.95,233.95,199.95,OK,
balliu-tumbona-de-exterior-resina-75-cm-aca076ae,SV-LOLA-BLANCO-AZUL-MAR,psy(shopify),182.17,182.95,233.95,199.95,OK,
balliu-tumbona-de-exterior-resina-75-cm-aca076ae,SV-LOLA-BLANCO-GRIS-OSC,psy(shopify),182.17,182.95,233.95,199.95,OK,
balliu-tumbona-de-exterior-resina-75-cm-aca076ae,SV-LOLA-BLANCO-AZUL-ACERO,psy(shopify),182.17,182.95,233.95,199.95,OK,
balliu-tumbona-de-exterior-resina-75-cm-aca076ae,SV-LOLA-ARENA-AZUL,psy(shopify),187.74,187.95,233.95,199.95,OK,
balliu-tumbona-de-exterior-resina-75-cm-aca076ae,SV-LOLA-ARENA-AMARILLO,psy(shopify),187.74,187.95,233.95,199.95,OK,
balliu-tumbona-de-exterior-resina-75-cm-aca076ae,SV-LOLA-ARENA-NARANJA,psy(shopify),187.74,187.95,233.95,199.95,OK,
balliu-tumbona-de-exterior-resina-75-cm-aca076ae,SV-LOLA-ARENA-VERDE-CLARO,psy(shopify),187.74,187.95,233.95,199.95,OK,
balliu-tumbona-de-exterior-resina-75-cm-aca076ae,SV-LOLA-ARENA-BLANCO,psy(shopify),187.74,187.95,233.95,199.95,OK,
balliu-tumbona-de-exterior-resina-75-cm-aca076ae,SV-LOLA-ARENA-NATURAL,psy(shopify),187.74,187.95,233.95,199.95,OK,
balliu-tumbona-de-exterior-resina-75-cm-aca076ae,SV-LOLA-ARENA-CAPUCHINO,psy(shopify),187.74,187.95,233.95,199.95,OK,
balliu-tumbona-de-exterior-resina-75-cm-aca076ae,SV-LOLA-ARENA-CAQUI,psy(shopify),187.74,187.95,233.95,199.95,OK,
balliu-tumbona-de-exterior-resina-75-cm-aca076ae,SV-LOLA-ARENA-MARRON-OSC,psy(shopify),187.74,187.95,233.95,199.95,OK,
balliu-tumbona-de-exterior-resina-75-cm-aca076ae,SV-LOLA-ARENA-ARENA,psy(shopify),187.74,187.95,233.95,199.95,OK,
balliu-tumbona-de-exterior-resina-75-cm-aca076ae,SV-LOLA-ARENA-VERDE-OSC,psy(shopify),187.74,187.95,233.95,199.95,OK,
balliu-tumbona-de-exterior-resina-75-cm-aca076ae,SV-LOLA-ARENA-AZUL-CEL,psy(shopify),187.74,187.95,233.95,199.95,OK,
balliu-tumbona-de-exterior-resina-75-cm-aca076ae,SV-LOLA-ARENA-CENIZA,psy(shopify),187.74,187.95,233.95,199.95,OK,
balliu-tumbona-de-exterior-resina-75-cm-aca076ae,SV-LOLA-ARENA-AZUL-MAR,psy(shopify),187.74,187.95,233.95,199.95,OK,
balliu-tumbona-de-exterior-resina-75-cm-aca076ae,SV-LOLA-ARENA-GRIS-OSC,psy(shopify),187.74,187.95,233.95,199.95,OK,
balliu-tumbona-de-exterior-resina-75-cm-aca076ae,SV-LOLA-ARENA-AZUL-ACERO,psy(shopify),187.74,187.95,233.95,199.95,OK,
balliu-tumbona-de-exterior-resina-75-cm-aca076ae,SV-LOLA-BRONCE-AZUL,psy(shopify),187.74,187.95,233.95,199.95,OK,
balliu-tumbona-de-exterior-resina-75-cm-aca076ae,SV-LOLA-BRONCE-AMARILLO,psy(shopify),187.74,187.95,233.95,199.95,OK,
balliu-tumbona-de-exterior-resina-75-cm-aca076ae,SV-LOLA-BRONCE-NARANJA,psy(shopify),187.74,187.95,233.95,199.95,OK,
balliu-tumbona-de-exterior-resina-75-cm-aca076ae,SV-LOLA-BRONCE-VERDE-CLARO,psy(shopify),187.74,187.95,233.95,199.95,OK,
balliu-tumbona-de-exterior-resina-75-cm-aca076ae,SV-LOLA-BRONCE-BLANCO,psy(shopify),187.74,187.95,233.95,199.95,OK,
balliu-tumbona-de-exterior-resina-75-cm-aca076ae,SV-LOLA-BRONCE-NATURAL,psy(shopify),187.74,187.95,233.95,199.95,OK,
balliu-tumbona-de-exterior-resina-75-cm-aca076ae,SV-LOLA-BRONCE-CAPUCHINO,psy(shopify),187.74,187.95,233.95,199.95,OK,
balliu-tumbona-de-exterior-resina-75-cm-aca076ae,SV-LOLA-BRONCE-CAQUI,psy(shopify),187.74,187.95,233.95,199.95,OK,
balliu-tumbona-de-exterior-resina-75-cm-aca076ae,SV-LOLA-BRONCE-MARRON-OSC,psy(shopify),187.74,187.95,233.95,199.95,OK,
balliu-tumbona-de-exterior-resina-75-cm-aca076ae,SV-LOLA-BRONCE-ARENA,psy(shopify),187.74,187.95,233.95,199.95,OK,
balliu-tumbona-de-exterior-resina-75-cm-aca076ae,SV-LOLA-BRONCE-VERDE-OSC,psy(shopify),187.74,187.95,233.95,199.95,OK,
balliu-tumbona-de-exterior-resina-75-cm-aca076ae,SV-LOLA-BRONCE-AZUL-CEL,psy(shopify),187.74,187.95,233.95,199.95,OK,
balliu-tumbona-de-exterior-resina-75-cm-aca076ae,SV-LOLA-BRONCE-CENIZA,psy(shopify),187.74,187.95,233.95,199.95,OK,
balliu-tumbona-de-exterior-resina-75-cm-aca076ae,SV-LOLA-BRONCE-AZUL-MAR,psy(shopify),187.74,187.95,233.95,199.95,OK,
balliu-tumbona-de-exterior-resina-75-cm-aca076ae,SV-LOLA-BRONCE-GRIS-OSC,psy(shopify),187.74,187.95,233.95,199.95,OK,
balliu-tumbona-de-exterior-resina-75-cm-aca076ae,SV-LOLA-BRONCE-AZUL-ACERO,psy(shopify),187.74,187.95,233.95,199.95,OK,
balliu-tumbona-de-exterior-resina-75-cm-aca076ae,SV-LOLA-GRIS-OSC-AZUL,psy(shopify),187.74,187.95,233.95,199.95,OK,
balliu-tumbona-de-exterior-resina-75-cm-aca076ae,SV-LOLA-GRIS-OSC-AMARILLO,psy(shopify),187.74,187.95,233.95,199.95,OK,
balliu-tumbona-de-exterior-resina-75-cm-aca076ae,SV-LOLA-GRIS-OSC-NARANJA,psy(shopify),187.74,187.95,233.95,199.95,OK,
balliu-tumbona-de-exterior-resina-75-cm-aca076ae,SV-LOLA-GRIS-OSC-VERDE-CLARO,psy(shopify),187.74,187.95,233.95,199.95,OK,
balliu-tumbona-de-exterior-resina-75-cm-aca076ae,SV-LOLA-GRIS-OSC-BLANCO,psy(shopify),187.74,187.95,233.95,199.95,OK,
balliu-tumbona-de-exterior-resina-75-cm-aca076ae,SV-LOLA-GRIS-OSC-NATURAL,psy(shopify),187.74,187.95,233.95,199.95,OK,
balliu-tumbona-de-exterior-resina-75-cm-aca076ae,SV-LOLA-GRIS-OSC-CAPUCHINO,psy(shopify),187.74,187.95,233.95,199.95,OK,
balliu-tumbona-de-exterior-resina-75-cm-aca076ae,SV-LOLA-GRIS-OSC-CAQUI,psy(shopify),187.74,187.95,233.95,199.95,OK,
balliu-tumbona-de-exterior-resina-75-cm-aca076ae,SV-LOLA-GRIS-OSC-MARRON-OSC,psy(shopify),187.74,187.95,233.95,199.95,OK,
balliu-tumbona-de-exterior-resina-75-cm-aca076ae,SV-LOLA-GRIS-OSC-ARENA,psy(shopify),187.74,187.95,233.95,199.95,OK,
balliu-tumbona-de-exterior-resina-75-cm-aca076ae,SV-LOLA-GRIS-OSC-VERDE-OSC,psy(shopify),187.74,187.95,233.95,199.95,OK,
balliu-tumbona-de-exterior-resina-75-cm-aca076ae,SV-LOLA-GRIS-OSC-AZUL-CEL,psy(shopify),187.74,187.95,233.95,199.95,OK,
balliu-tumbona-de-exterior-resina-75-cm-aca076ae,SV-LOLA-GRIS-OSC-CENIZA,psy(shopify),187.74,187.95,233.95,199.95,OK,
balliu-tumbona-de-exterior-resina-75-cm-aca076ae,SV-LOLA-GRIS-OSC-AZUL-MAR,psy(shopify),187.74,187.95,233.95,199.95,OK,
balliu-tumbona-de-exterior-resina-75-cm-aca076ae,SV-LOLA-GRIS-OSC-GRIS-OSC,psy(shopify),187.74,187.95,233.95,199.95,OK,
balliu-tumbona-de-exterior-resina-75-cm-aca076ae,SV-LOLA-GRIS-OSC-AZUL-ACERO,psy(shopify),187.74,187.95,233.95,199.95,OK,
balliu-tumbona-de-exterior-resina-75-cm-aca076ae,SV-LOLA-MADERA-AZUL,psy(shopify),187.74,187.95,233.95,199.95,OK,
balliu-tumbona-de-exterior-resina-75-cm-aca076ae,SV-LOLA-MADERA-AMARILLO,psy(shopify),187.74,187.95,233.95,199.95,OK,
balliu-tumbona-de-exterior-resina-75-cm-aca076ae,SV-LOLA-MADERA-NARANJA,psy(shopify),187.74,187.95,233.95,199.95,OK,
balliu-tumbona-de-exterior-resina-75-cm-aca076ae,SV-LOLA-MADERA-VERDE-CLARO,psy(shopify),187.74,187.95,233.95,199.95,OK,
balliu-tumbona-de-exterior-resina-75-cm-aca076ae,SV-LOLA-MADERA-BLANCO,psy(shopify),187.74,187.95,233.95,199.95,OK,
balliu-tumbona-de-exterior-resina-75-cm-aca076ae,SV-LOLA-MADERA-NATURAL,psy(shopify),187.74,187.95,233.95,199.95,OK,
balliu-tumbona-de-exterior-resina-75-cm-aca076ae,SV-LOLA-MADERA-CAPUCHINO,psy(shopify),187.74,187.95,233.95,199.95,OK,
balliu-tumbona-de-exterior-resina-75-cm-aca076ae,SV-LOLA-MADERA-CAQUI,psy(shopify),187.74,187.95,233.95,199.95,OK,
balliu-tumbona-de-exterior-resina-75-cm-aca076ae,SV-LOLA-MADERA-MARRON-OSC,psy(shopify),187.74,187.95,233.95,199.95,OK,
balliu-tumbona-de-exterior-resina-75-cm-aca076ae,SV-LOLA-MADERA-ARENA,psy(shopify),187.74,187.95,233.95,199.95,OK,
balliu-tumbona-de-exterior-resina-75-cm-aca076ae,SV-LOLA-MADERA-VERDE-OSC,psy(shopify),187.74,187.95,233.95,199.95,OK,
balliu-tumbona-de-exterior-resina-75-cm-aca076ae,SV-LOLA-MADERA-AZUL-CEL,psy(shopify),187.74,187.95,233.95,199.95,OK,
balliu-tumbona-de-exterior-resina-75-cm-aca076ae,SV-LOLA-MADERA-CENIZA,psy(shopify),187.74,187.95,233.95,199.95,OK,
balliu-tumbona-de-exterior-resina-75-cm-aca076ae,SV-LOLA-MADERA-AZUL-MAR,psy(shopify),187.74,187.95,233.95,199.95,OK,
balliu-tumbona-de-exterior-resina-75-cm-aca076ae,SV-LOLA-MADERA-GRIS-OSC,psy(shopify),187.74,187.95,233.95,199.95,OK,
balliu-tumbona-de-exterior-resina-75-cm-aca076ae,SV-LOLA-MADERA-AZUL-ACERO,psy(shopify),187.74,187.95,233.95,199.95,OK,
balliu-tumbona-de-exterior-resina-73-cm-d369d964,SV-EVARG-BLANCO-AZUL,psy(shopify),184.83,184.95,211.95,199.95,OK,
balliu-tumbona-de-exterior-resina-73-cm-d369d964,SV-EVARG-BLANCO-AMARILLO,psy(shopify),184.83,184.95,211.95,199.95,OK,
balliu-tumbona-de-exterior-resina-73-cm-d369d964,SV-EVARG-BLANCO-NARANJA,psy(shopify),184.83,184.95,211.95,199.95,OK,
balliu-tumbona-de-exterior-resina-73-cm-d369d964,SV-EVARG-BLANCO-VERDE-CLARO,psy(shopify),184.83,184.95,211.95,199.95,OK,
balliu-tumbona-de-exterior-resina-73-cm-d369d964,SV-EVARG-BLANCO-BLANCO,psy(shopify),184.83,184.95,211.95,199.95,OK,
balliu-tumbona-de-exterior-resina-73-cm-d369d964,SV-EVARG-BLANCO-NATURAL,psy(shopify),184.83,184.95,211.95,199.95,OK,
balliu-tumbona-de-exterior-resina-73-cm-d369d964,SV-EVARG-BLANCO-CAPUCHINO,psy(shopify),184.83,184.95,211.95,199.95,OK,
balliu-tumbona-de-exterior-resina-73-cm-d369d964,SV-EVARG-BLANCO-CAQUI,psy(shopify),184.83,184.95,211.95,199.95,OK,
balliu-tumbona-de-exterior-resina-73-cm-d369d964,SV-EVARG-BLANCO-MARRON-OSC,psy(shopify),184.83,184.95,211.95,199.95,OK,
balliu-tumbona-de-exterior-resina-73-cm-d369d964,SV-EVARG-BLANCO-ARENA,psy(shopify),184.83,184.95,211.95,199.95,OK,
balliu-tumbona-de-exterior-resina-73-cm-d369d964,SV-EVARG-BLANCO-VERDE-OSC,psy(shopify),184.83,184.95,211.95,199.95,OK,
balliu-tumbona-de-exterior-resina-73-cm-d369d964,SV-EVARG-BLANCO-AZUL-CEL,psy(shopify),184.83,184.95,211.95,199.95,OK,
balliu-tumbona-de-exterior-resina-73-cm-d369d964,SV-EVARG-BLANCO-CENIZA,psy(shopify),184.83,184.95,211.95,199.95,OK,
balliu-tumbona-de-exterior-resina-73-cm-d369d964,SV-EVARG-BLANCO-AZUL-MAR,psy(shopify),184.83,184.95,211.95,199.95,OK,
balliu-tumbona-de-exterior-resina-73-cm-d369d964,SV-EVARG-BLANCO-GRIS-OSC,psy(shopify),184.83,184.95,211.95,199.95,OK,
balliu-tumbona-de-exterior-resina-73-cm-d369d964,SV-EVARG-BLANCO-AZUL-ACERO,psy(shopify),184.83,184.95,211.95,199.95,OK,
balliu-tumbona-de-exterior-resina-73-cm-d369d964,SV-EVARG-ARENA-AZUL,psy(shopify),192.27,192.95,211.95,212.95,OK,
balliu-tumbona-de-exterior-resina-73-cm-d369d964,SV-EVARG-ARENA-AMARILLO,psy(shopify),192.27,192.95,211.95,212.95,OK,
balliu-tumbona-de-exterior-resina-73-cm-d369d964,SV-EVARG-ARENA-NARANJA,psy(shopify),192.27,192.95,211.95,212.95,OK,
balliu-tumbona-de-exterior-resina-73-cm-d369d964,SV-EVARG-ARENA-VERDE-CLARO,psy(shopify),192.27,192.95,211.95,212.95,OK,
balliu-tumbona-de-exterior-resina-73-cm-d369d964,SV-EVARG-ARENA-BLANCO,psy(shopify),192.27,192.95,211.95,212.95,OK,
balliu-tumbona-de-exterior-resina-73-cm-d369d964,SV-EVARG-ARENA-NATURAL,psy(shopify),192.27,192.95,211.95,212.95,OK,
balliu-tumbona-de-exterior-resina-73-cm-d369d964,SV-EVARG-ARENA-CAPUCHINO,psy(shopify),192.27,192.95,211.95,212.95,OK,
balliu-tumbona-de-exterior-resina-73-cm-d369d964,SV-EVARG-ARENA-CAQUI,psy(shopify),192.27,192.95,211.95,212.95,OK,
balliu-tumbona-de-exterior-resina-73-cm-d369d964,SV-EVARG-ARENA-MARRON-OSC,psy(shopify),192.27,192.95,211.95,212.95,OK,
balliu-tumbona-de-exterior-resina-73-cm-d369d964,SV-EVARG-ARENA-ARENA,psy(shopify),192.27,192.95,211.95,212.95,OK,
balliu-tumbona-de-exterior-resina-73-cm-d369d964,SV-EVARG-ARENA-VERDE-OSC,psy(shopify),192.27,192.95,211.95,212.95,OK,
balliu-tumbona-de-exterior-resina-73-cm-d369d964,SV-EVARG-ARENA-AZUL-CEL,psy(shopify),192.27,192.95,211.95,212.95,OK,
balliu-tumbona-de-exterior-resina-73-cm-d369d964,SV-EVARG-ARENA-CENIZA,psy(shopify),192.27,192.95,211.95,212.95,OK,
balliu-tumbona-de-exterior-resina-73-cm-d369d964,SV-EVARG-ARENA-AZUL-MAR,psy(shopify),192.27,192.95,211.95,212.95,OK,
balliu-tumbona-de-exterior-resina-73-cm-d369d964,SV-EVARG-ARENA-GRIS-OSC,psy(shopify),192.27,192.95,211.95,212.95,OK,
balliu-tumbona-de-exterior-resina-73-cm-d369d964,SV-EVARG-ARENA-AZUL-ACERO,psy(shopify),192.27,192.95,211.95,212.95,OK,
balliu-tumbona-de-exterior-resina-73-cm-0648657b,SV-EVARTG-BLANCO,psy(shopify),190.14,190.95,199.95,210.95,OK,
balliu-tumbona-de-exterior-resina-28ff014d,SV-NOA-ANTRACITA-AZUL,psy(shopify),419.31,399.90,449.95,439.95,OK,
balliu-tumbona-de-exterior-resina-28ff014d,SV-NOA-ANTRACITA-AMARILLO,psy(shopify),419.31,399.90,449.95,439.95,OK,
balliu-tumbona-de-exterior-resina-28ff014d,SV-NOA-ANTRACITA-NARANJA,psy(shopify),419.31,399.90,449.95,439.95,OK,
balliu-tumbona-de-exterior-resina-28ff014d,SV-NOA-ANTRACITA-VERDE-CLARO,psy(shopify),419.31,399.90,449.95,439.95,OK,
balliu-tumbona-de-exterior-resina-28ff014d,SV-NOA-ANTRACITA-BLANCO,psy(shopify),419.31,399.90,449.95,439.95,OK,
balliu-tumbona-de-exterior-resina-28ff014d,SV-NOA-ANTRACITA-NATURAL,psy(shopify),419.31,399.90,449.95,439.95,OK,
balliu-tumbona-de-exterior-resina-28ff014d,SV-NOA-ANTRACITA-CAPUCHINO,psy(shopify),419.31,399.90,449.95,439.95,OK,
balliu-tumbona-de-exterior-resina-28ff014d,SV-NOA-ANTRACITA-CAQUI,psy(shopify),419.31,399.90,449.95,439.95,OK,
balliu-tumbona-de-exterior-resina-28ff014d,SV-NOA-ANTRACITA-MARRON-OSC,psy(shopify),419.31,399.90,449.95,439.95,OK,
balliu-tumbona-de-exterior-resina-28ff014d,SV-NOA-ANTRACITA-ARENA,psy(shopify),419.31,399.90,449.95,439.95,OK,
balliu-tumbona-de-exterior-resina-28ff014d,SV-NOA-ANTRACITA-VERDE-OSC,psy(shopify),419.31,399.90,449.95,439.95,OK,
balliu-tumbona-de-exterior-resina-28ff014d,SV-NOA-ANTRACITA-AZUL-CEL,psy(shopify),419.31,399.90,449.95,439.95,OK,
balliu-tumbona-de-exterior-resina-28ff014d,SV-NOA-ANTRACITA-CENIZA,psy(shopify),419.31,399.90,449.95,439.95,OK,
balliu-tumbona-de-exterior-resina-28ff014d,SV-NOA-ANTRACITA-AZUL-MAR,psy(shopify),419.31,399.90,449.95,439.95,OK,
balliu-tumbona-de-exterior-resina-28ff014d,SV-NOA-ANTRACITA-GRIS-OSC,psy(shopify),419.31,399.90,449.95,439.95,OK,
balliu-tumbona-de-exterior-resina-28ff014d,SV-NOA-ANTRACITA-AZUL-ACERO,psy(shopify),419.31,399.90,449.95,439.95,OK,
balliu-tumbona-de-exterior-resina-28ff014d,SV-NOA-ARENA-AZUL,psy(shopify),419.31,399.90,449.95,439.95,OK,
balliu-tumbona-de-exterior-resina-28ff014d,SV-NOA-ARENA-AMARILLO,psy(shopify),419.31,399.90,449.95,439.95,OK,
balliu-tumbona-de-exterior-resina-28ff014d,SV-NOA-ARENA-NARANJA,psy(shopify),419.31,399.90,449.95,439.95,OK,
balliu-tumbona-de-exterior-resina-28ff014d,SV-NOA-ARENA-VERDE-CLARO,psy(shopify),419.31,399.90,449.95,439.95,OK,
balliu-tumbona-de-exterior-resina-28ff014d,SV-NOA-ARENA-BLANCO,psy(shopify),419.31,399.90,449.95,439.95,OK,
balliu-tumbona-de-exterior-resina-28ff014d,SV-NOA-ARENA-NATURAL,psy(shopify),419.31,399.90,449.95,439.95,OK,
balliu-tumbona-de-exterior-resina-28ff014d,SV-NOA-ARENA-CAPUCHINO,psy(shopify),419.31,399.90,449.95,439.95,OK,
balliu-tumbona-de-exterior-resina-28ff014d,SV-NOA-ARENA-CAQUI,psy(shopify),419.31,399.90,449.95,439.95,OK,
balliu-tumbona-de-exterior-resina-28ff014d,SV-NOA-ARENA-MARRON-OSC,psy(shopify),419.31,399.90,449.95,439.95,OK,
balliu-tumbona-de-exterior-resina-28ff014d,SV-NOA-ARENA-ARENA,psy(shopify),419.31,399.90,449.95,439.95,OK,
balliu-tumbona-de-exterior-resina-28ff014d,SV-NOA-ARENA-VERDE-OSC,psy(shopify),419.31,399.90,449.95,439.95,OK,
balliu-tumbona-de-exterior-resina-28ff014d,SV-NOA-ARENA-AZUL-CEL,psy(shopify),419.31,399.90,449.95,439.95,OK,
balliu-tumbona-de-exterior-resina-28ff014d,SV-NOA-ARENA-CENIZA,psy(shopify),419.31,399.90,449.95,439.95,OK,
balliu-tumbona-de-exterior-resina-28ff014d,SV-NOA-ARENA-AZUL-MAR,psy(shopify),419.31,399.90,449.95,439.95,OK,
balliu-tumbona-de-exterior-resina-28ff014d,SV-NOA-ARENA-GRIS-OSC,psy(shopify),419.31,399.90,449.95,439.95,OK,
balliu-tumbona-de-exterior-resina-28ff014d,SV-NOA-ARENA-AZUL-ACERO,psy(shopify),419.31,399.90,449.95,439.95,OK,
balliu-tumbona-de-exterior-resina-28ff014d,SV-NOA-BLANCO-AZUL,psy(shopify),400.68,399.90,449.95,439.95,OK,
balliu-tumbona-de-exterior-resina-28ff014d,SV-NOA-BLANCO-AMARILLO,psy(shopify),400.68,399.90,449.95,439.95,OK,
balliu-tumbona-de-exterior-resina-28ff014d,SV-NOA-BLANCO-NARANJA,psy(shopify),400.68,399.90,449.95,439.95,OK,
balliu-tumbona-de-exterior-resina-28ff014d,SV-NOA-BLANCO-VERDE-CLARO,psy(shopify),400.68,399.90,449.95,439.95,OK,
balliu-tumbona-de-exterior-resina-28ff014d,SV-NOA-BLANCO-BLANCO,psy(shopify),400.68,399.90,449.95,439.95,OK,
balliu-tumbona-de-exterior-resina-28ff014d,SV-NOA-BLANCO-NATURAL,psy(shopify),400.68,399.90,449.95,439.95,OK,
balliu-tumbona-de-exterior-resina-28ff014d,SV-NOA-BLANCO-CAPUCHINO,psy(shopify),400.68,399.90,449.95,439.95,OK,
balliu-tumbona-de-exterior-resina-28ff014d,SV-NOA-BLANCO-CAQUI,psy(shopify),400.68,399.90,449.95,439.95,OK,
balliu-tumbona-de-exterior-resina-28ff014d,SV-NOA-BLANCO-MARRON-OSC,psy(shopify),400.68,399.90,449.95,439.95,OK,
balliu-tumbona-de-exterior-resina-28ff014d,SV-NOA-BLANCO-ARENA,psy(shopify),400.68,399.90,449.95,439.95,OK,
balliu-tumbona-de-exterior-resina-28ff014d,SV-NOA-BLANCO-VERDE-OSC,psy(shopify),400.68,399.90,449.95,439.95,OK,
balliu-tumbona-de-exterior-resina-28ff014d,SV-NOA-BLANCO-AZUL-CEL,psy(shopify),400.68,399.90,449.95,439.95,OK,
balliu-tumbona-de-exterior-resina-28ff014d,SV-NOA-BLANCO-CENIZA,psy(shopify),400.68,399.90,449.95,439.95,OK,
balliu-tumbona-de-exterior-resina-28ff014d,SV-NOA-BLANCO-AZUL-MAR,psy(shopify),400.68,399.90,449.95,439.95,OK,
balliu-tumbona-de-exterior-resina-28ff014d,SV-NOA-BLANCO-GRIS-OSC,psy(shopify),400.68,399.90,449.95,439.95,OK,
balliu-tumbona-de-exterior-resina-28ff014d,SV-NOA-BLANCO-AZUL-ACERO,psy(shopify),400.68,399.90,449.95,439.95,OK,
balliu-tumbona-de-exterior-resina-28ff014d,SV-NOA-MADERA-AZUL,psy(shopify),419.31,399.90,449.95,439.95,OK,
balliu-tumbona-de-exterior-resina-28ff014d,SV-NOA-MADERA-AMARILLO,psy(shopify),419.31,399.90,449.95,439.95,OK,
balliu-tumbona-de-exterior-resina-28ff014d,SV-NOA-MADERA-NARANJA,psy(shopify),419.31,399.90,449.95,439.95,OK,
balliu-tumbona-de-exterior-resina-28ff014d,SV-NOA-MADERA-VERDE-CLARO,psy(shopify),419.31,399.90,449.95,439.95,OK,
balliu-tumbona-de-exterior-resina-28ff014d,SV-NOA-MADERA-BLANCO,psy(shopify),419.31,399.90,449.95,439.95,OK,
balliu-tumbona-de-exterior-resina-28ff014d,SV-NOA-MADERA-NATURAL,psy(shopify),419.31,399.90,449.95,439.95,OK,
balliu-tumbona-de-exterior-resina-28ff014d,SV-NOA-MADERA-CAPUCHINO,psy(shopify),419.31,399.90,449.95,439.95,OK,
balliu-tumbona-de-exterior-resina-28ff014d,SV-NOA-MADERA-CAQUI,psy(shopify),419.31,399.90,449.95,439.95,OK,
balliu-tumbona-de-exterior-resina-28ff014d,SV-NOA-MADERA-MARRON-OSC,psy(shopify),419.31,399.90,449.95,439.95,OK,
balliu-tumbona-de-exterior-resina-28ff014d,SV-NOA-MADERA-ARENA,psy(shopify),419.31,399.90,449.95,439.95,OK,
balliu-tumbona-de-exterior-resina-28ff014d,SV-NOA-MADERA-VERDE-OSC,psy(shopify),419.31,399.90,449.95,439.95,OK,
balliu-tumbona-de-exterior-resina-28ff014d,SV-NOA-MADERA-AZUL-CEL,psy(shopify),419.31,399.90,449.95,439.95,OK,
balliu-tumbona-de-exterior-resina-28ff014d,SV-NOA-MADERA-CENIZA,psy(shopify),419.31,399.90,449.95,439.95,OK,
balliu-tumbona-de-exterior-resina-28ff014d,SV-NOA-MADERA-AZUL-MAR,psy(shopify),419.31,399.90,449.95,439.95,OK,
balliu-tumbona-de-exterior-resina-28ff014d,SV-NOA-MADERA-GRIS-OSC,psy(shopify),419.31,399.90,449.95,439.95,OK,
balliu-tumbona-de-exterior-resina-28ff014d,SV-NOA-MADERA-AZUL-ACERO,psy(shopify),419.31,399.90,449.95,439.95,OK,
balliu-tumbona-de-exterior-resina-28ff014d,SV-NOA-TORTOLA-AZUL,psy(shopify),419.31,399.90,449.95,439.95,OK,
balliu-tumbona-de-exterior-resina-28ff014d,SV-NOA-TORTOLA-AMARILLO,psy(shopify),419.31,399.90,449.95,439.95,OK,
balliu-tumbona-de-exterior-resina-28ff014d,SV-NOA-TORTOLA-NARANJA,psy(shopify),419.31,399.90,449.95,439.95,OK,
balliu-tumbona-de-exterior-resina-28ff014d,SV-NOA-TORTOLA-VERDE-CLARO,psy(shopify),419.31,399.90,449.95,439.95,OK,
balliu-tumbona-de-exterior-resina-28ff014d,SV-NOA-TORTOLA-BLANCO,psy(shopify),419.31,399.90,449.95,439.95,OK,
balliu-tumbona-de-exterior-resina-28ff014d,SV-NOA-TORTOLA-NATURAL,psy(shopify),419.31,399.90,449.95,439.95,OK,
balliu-tumbona-de-exterior-resina-28ff014d,SV-NOA-TORTOLA-CAPUCHINO,psy(shopify),419.31,399.90,449.95,439.95,OK,
balliu-tumbona-de-exterior-resina-28ff014d,SV-NOA-TORTOLA-CAQUI,psy(shopify),419.31,399.90,449.95,439.95,OK,
balliu-tumbona-de-exterior-resina-28ff014d,SV-NOA-TORTOLA-MARRON-OSC,psy(shopify),419.31,399.90,449.95,439.95,OK,
balliu-tumbona-de-exterior-resina-28ff014d,SV-NOA-TORTOLA-ARENA,psy(shopify),419.31,399.90,449.95,439.95,OK,
balliu-tumbona-de-exterior-resina-28ff014d,SV-NOA-TORTOLA-VERDE-OSC,psy(shopify),419.31,399.90,449.95,439.95,OK,
balliu-tumbona-de-exterior-resina-28ff014d,SV-NOA-TORTOLA-AZUL-CEL,psy(shopify),419.31,399.90,449.95,439.95,OK,
balliu-tumbona-de-exterior-resina-28ff014d,SV-NOA-TORTOLA-CENIZA,psy(shopify),419.31,399.90,449.95,439.95,OK,
balliu-tumbona-de-exterior-resina-28ff014d,SV-NOA-TORTOLA-AZUL-MAR,psy(shopify),419.31,399.90,449.95,439.95,OK,
balliu-tumbona-de-exterior-resina-28ff014d,SV-NOA-TORTOLA-GRIS-OSC,psy(shopify),419.31,399.90,449.95,439.95,OK,
balliu-tumbona-de-exterior-resina-28ff014d,SV-NOA-TORTOLA-AZUL-ACERO,psy(shopify),419.31,399.90,449.95,439.95,OK,
balliu-tumbona-de-exterior-sin-ruedas-aluminio-da3f5c24,SV-OLIMPIA-SR-BLANCO-AZUL,psy(shopify),535.45,539.00,650.00,600.00,OK,
balliu-tumbona-de-exterior-sin-ruedas-aluminio-da3f5c24,SV-OLIMPIA-SR-BLANCO-AMARILLO,psy(shopify),535.45,539.00,650.00,600.00,OK,
balliu-tumbona-de-exterior-sin-ruedas-aluminio-da3f5c24,SV-OLIMPIA-SR-BLANCO-NARANJA,psy(shopify),535.45,539.00,650.00,600.00,OK,
balliu-tumbona-de-exterior-sin-ruedas-aluminio-da3f5c24,SV-OLIMPIA-SR-BLANCO-VERDE-CLARO,psy(shopify),535.45,539.00,650.00,600.00,OK,
balliu-tumbona-de-exterior-sin-ruedas-aluminio-da3f5c24,SV-OLIMPIA-SR-BLANCO-BLANCO,psy(shopify),535.45,539.00,650.00,600.00,OK,
balliu-tumbona-de-exterior-sin-ruedas-aluminio-da3f5c24,SV-OLIMPIA-SR-BLANCO-NATURAL,psy(shopify),535.45,539.00,650.00,600.00,OK,
balliu-tumbona-de-exterior-sin-ruedas-aluminio-da3f5c24,SV-OLIMPIA-SR-BLANCO-CAPUCHINO,psy(shopify),535.45,539.00,650.00,600.00,OK,
balliu-tumbona-de-exterior-sin-ruedas-aluminio-da3f5c24,SV-OLIMPIA-SR-BLANCO-CAQUI,psy(shopify),535.45,539.00,650.00,600.00,OK,
balliu-tumbona-de-exterior-sin-ruedas-aluminio-da3f5c24,SV-OLIMPIA-SR-BLANCO-MARRON-OSC,psy(shopify),535.45,539.00,650.00,600.00,OK,
balliu-tumbona-de-exterior-sin-ruedas-aluminio-da3f5c24,SV-OLIMPIA-SR-BLANCO-ARENA,psy(shopify),535.45,539.00,650.00,600.00,OK,
balliu-tumbona-de-exterior-sin-ruedas-aluminio-da3f5c24,SV-OLIMPIA-SR-BLANCO-VERDE-OSC,psy(shopify),535.45,539.00,650.00,600.00,OK,
balliu-tumbona-de-exterior-sin-ruedas-aluminio-da3f5c24,SV-OLIMPIA-SR-BLANCO-AZUL-CEL,psy(shopify),535.45,539.00,650.00,600.00,OK,
balliu-tumbona-de-exterior-sin-ruedas-aluminio-da3f5c24,SV-OLIMPIA-SR-BLANCO-CENIZA,psy(shopify),535.45,539.00,650.00,600.00,OK,
balliu-tumbona-de-exterior-sin-ruedas-aluminio-da3f5c24,SV-OLIMPIA-SR-BLANCO-AZUL-MAR,psy(shopify),535.45,539.00,650.00,600.00,OK,
balliu-tumbona-de-exterior-sin-ruedas-aluminio-da3f5c24,SV-OLIMPIA-SR-BLANCO-GRIS-OSC,psy(shopify),535.45,539.00,650.00,600.00,OK,
balliu-tumbona-de-exterior-sin-ruedas-aluminio-da3f5c24,SV-OLIMPIA-SR-BLANCO-AZUL-ACERO,psy(shopify),535.45,539.00,650.00,600.00,OK,
balliu-tumbona-de-exterior-sin-ruedas-aluminio-da3f5c24,SV-OLIMPIA-SR-TORTOLA-AZUL,psy(shopify),535.45,539.00,650.00,600.00,OK,
balliu-tumbona-de-exterior-sin-ruedas-aluminio-da3f5c24,SV-OLIMPIA-SR-TORTOLA-AMARILLO,psy(shopify),535.45,539.00,650.00,600.00,OK,
balliu-tumbona-de-exterior-sin-ruedas-aluminio-da3f5c24,SV-OLIMPIA-SR-TORTOLA-NARANJA,psy(shopify),535.45,539.00,650.00,600.00,OK,
balliu-tumbona-de-exterior-sin-ruedas-aluminio-da3f5c24,SV-OLIMPIA-SR-TORTOLA-VERDE-CLARO,psy(shopify),535.45,539.00,650.00,600.00,OK,
balliu-tumbona-de-exterior-sin-ruedas-aluminio-da3f5c24,SV-OLIMPIA-SR-TORTOLA-BLANCO,psy(shopify),535.45,539.00,650.00,600.00,OK,
balliu-tumbona-de-exterior-sin-ruedas-aluminio-da3f5c24,SV-OLIMPIA-SR-TORTOLA-NATURAL,psy(shopify),535.45,539.00,650.00,600.00,OK,
balliu-tumbona-de-exterior-sin-ruedas-aluminio-da3f5c24,SV-OLIMPIA-SR-TORTOLA-CAPUCHINO,psy(shopify),535.45,539.00,650.00,600.00,OK,
balliu-tumbona-de-exterior-sin-ruedas-aluminio-da3f5c24,SV-OLIMPIA-SR-TORTOLA-CAQUI,psy(shopify),535.45,539.00,650.00,600.00,OK,
balliu-tumbona-de-exterior-sin-ruedas-aluminio-da3f5c24,SV-OLIMPIA-SR-TORTOLA-MARRON-OSC,psy(shopify),535.45,539.00,650.00,600.00,OK,
balliu-tumbona-de-exterior-sin-ruedas-aluminio-da3f5c24,SV-OLIMPIA-SR-TORTOLA-ARENA,psy(shopify),535.45,539.00,650.00,600.00,OK,
balliu-tumbona-de-exterior-sin-ruedas-aluminio-da3f5c24,SV-OLIMPIA-SR-TORTOLA-VERDE-OSC,psy(shopify),535.45,539.00,650.00,600.00,OK,
balliu-tumbona-de-exterior-sin-ruedas-aluminio-da3f5c24,SV-OLIMPIA-SR-TORTOLA-AZUL-CEL,psy(shopify),535.45,539.00,650.00,600.00,OK,
balliu-tumbona-de-exterior-sin-ruedas-aluminio-da3f5c24,SV-OLIMPIA-SR-TORTOLA-CENIZA,psy(shopify),535.45,539.00,650.00,600.00,OK,
balliu-tumbona-de-exterior-sin-ruedas-aluminio-da3f5c24,SV-OLIMPIA-SR-TORTOLA-AZUL-MAR,psy(shopify),535.45,539.00,650.00,600.00,OK,
balliu-tumbona-de-exterior-sin-ruedas-aluminio-da3f5c24,SV-OLIMPIA-SR-TORTOLA-GRIS-OSC,psy(shopify),535.45,539.00,650.00,600.00,OK,
balliu-tumbona-de-exterior-sin-ruedas-aluminio-da3f5c24,SV-OLIMPIA-SR-TORTOLA-AZUL-ACERO,psy(shopify),535.45,539.00,650.00,600.00,OK,
balliu-tumbona-de-exterior-sin-ruedas-aluminio-da3f5c24,SV-OLIMPIA-SR-ALUMINIO-AZUL,psy(shopify),535.45,539.00,650.00,600.00,OK,
balliu-tumbona-de-exterior-sin-ruedas-aluminio-da3f5c24,SV-OLIMPIA-SR-ALUMINIO-AMARILLO,psy(shopify),535.45,539.00,650.00,600.00,OK,
balliu-tumbona-de-exterior-sin-ruedas-aluminio-da3f5c24,SV-OLIMPIA-SR-ALUMINIO-NARANJA,psy(shopify),535.45,539.00,650.00,600.00,OK,
balliu-tumbona-de-exterior-sin-ruedas-aluminio-da3f5c24,SV-OLIMPIA-SR-ALUMINIO-VERDE-CLARO,psy(shopify),535.45,539.00,650.00,600.00,OK,
balliu-tumbona-de-exterior-sin-ruedas-aluminio-da3f5c24,SV-OLIMPIA-SR-ALUMINIO-BLANCO,psy(shopify),535.45,539.00,650.00,600.00,OK,
balliu-tumbona-de-exterior-sin-ruedas-aluminio-da3f5c24,SV-OLIMPIA-SR-ALUMINIO-NATURAL,psy(shopify),535.45,539.00,650.00,600.00,OK,
balliu-tumbona-de-exterior-sin-ruedas-aluminio-da3f5c24,SV-OLIMPIA-SR-ALUMINIO-CAPUCHINO,psy(shopify),535.45,539.00,650.00,600.00,OK,
balliu-tumbona-de-exterior-sin-ruedas-aluminio-da3f5c24,SV-OLIMPIA-SR-ALUMINIO-CAQUI,psy(shopify),535.45,539.00,650.00,600.00,OK,
balliu-tumbona-de-exterior-sin-ruedas-aluminio-da3f5c24,SV-OLIMPIA-SR-ALUMINIO-MARRON-OSC,psy(shopify),535.45,539.00,650.00,600.00,OK,
balliu-tumbona-de-exterior-sin-ruedas-aluminio-da3f5c24,SV-OLIMPIA-SR-ALUMINIO-ARENA,psy(shopify),535.45,539.00,650.00,600.00,OK,
balliu-tumbona-de-exterior-sin-ruedas-aluminio-da3f5c24,SV-OLIMPIA-SR-ALUMINIO-VERDE-OSC,psy(shopify),535.45,539.00,650.00,600.00,OK,
balliu-tumbona-de-exterior-sin-ruedas-aluminio-da3f5c24,SV-OLIMPIA-SR-ALUMINIO-AZUL-CEL,psy(shopify),535.45,539.00,650.00,600.00,OK,
balliu-tumbona-de-exterior-sin-ruedas-aluminio-da3f5c24,SV-OLIMPIA-SR-ALUMINIO-CENIZA,psy(shopify),535.45,539.00,650.00,600.00,OK,
balliu-tumbona-de-exterior-sin-ruedas-aluminio-da3f5c24,SV-OLIMPIA-SR-ALUMINIO-AZUL-MAR,psy(shopify),535.45,539.00,650.00,600.00,OK,
balliu-tumbona-de-exterior-sin-ruedas-aluminio-da3f5c24,SV-OLIMPIA-SR-ALUMINIO-GRIS-OSC,psy(shopify),535.45,539.00,650.00,600.00,OK,
balliu-tumbona-de-exterior-sin-ruedas-aluminio-da3f5c24,SV-OLIMPIA-SR-ALUMINIO-AZUL-ACERO,psy(shopify),535.45,539.00,650.00,600.00,OK,
balliu-tumbona-de-exterior-sin-ruedas-aluminio-da3f5c24,SV-OLIMPIA-R-BLANCO-AZUL,psy(shopify),587.56,589.00,650.00,650.00,OK,
balliu-tumbona-de-exterior-sin-ruedas-aluminio-da3f5c24,SV-OLIMPIA-R-BLANCO-AMARILLO,psy(shopify),587.56,589.00,650.00,650.00,OK,
balliu-tumbona-de-exterior-sin-ruedas-aluminio-da3f5c24,SV-OLIMPIA-R-BLANCO-NARANJA,psy(shopify),587.56,589.00,650.00,650.00,OK,
balliu-tumbona-de-exterior-sin-ruedas-aluminio-da3f5c24,SV-OLIMPIA-R-BLANCO-VERDE-CLARO,psy(shopify),587.56,589.00,650.00,650.00,OK,
balliu-tumbona-de-exterior-sin-ruedas-aluminio-da3f5c24,SV-OLIMPIA-R-BLANCO-BLANCO,psy(shopify),587.56,589.00,650.00,650.00,OK,
balliu-tumbona-de-exterior-sin-ruedas-aluminio-da3f5c24,SV-OLIMPIA-R-BLANCO-NATURAL,psy(shopify),587.56,589.00,650.00,650.00,OK,
balliu-tumbona-de-exterior-sin-ruedas-aluminio-da3f5c24,SV-OLIMPIA-R-BLANCO-CAPUCHINO,psy(shopify),587.56,589.00,650.00,650.00,OK,
balliu-tumbona-de-exterior-sin-ruedas-aluminio-da3f5c24,SV-OLIMPIA-R-BLANCO-CAQUI,psy(shopify),587.56,589.00,650.00,650.00,OK,
balliu-tumbona-de-exterior-sin-ruedas-aluminio-da3f5c24,SV-OLIMPIA-R-BLANCO-MARRON-OSC,psy(shopify),587.56,589.00,650.00,650.00,OK,
balliu-tumbona-de-exterior-sin-ruedas-aluminio-da3f5c24,SV-OLIMPIA-R-BLANCO-ARENA,psy(shopify),587.56,589.00,650.00,650.00,OK,
balliu-tumbona-de-exterior-sin-ruedas-aluminio-da3f5c24,SV-OLIMPIA-R-BLANCO-VERDE-OSC,psy(shopify),587.56,589.00,650.00,650.00,OK,
balliu-tumbona-de-exterior-sin-ruedas-aluminio-da3f5c24,SV-OLIMPIA-R-BLANCO-AZUL-CEL,psy(shopify),587.56,589.00,650.00,650.00,OK,
balliu-tumbona-de-exterior-sin-ruedas-aluminio-da3f5c24,SV-OLIMPIA-R-BLANCO-CENIZA,psy(shopify),587.56,589.00,650.00,650.00,OK,
balliu-tumbona-de-exterior-sin-ruedas-aluminio-da3f5c24,SV-OLIMPIA-R-BLANCO-AZUL-MAR,psy(shopify),587.56,589.00,650.00,650.00,OK,
balliu-tumbona-de-exterior-sin-ruedas-aluminio-da3f5c24,SV-OLIMPIA-R-BLANCO-GRIS-OSC,psy(shopify),587.56,589.00,650.00,650.00,OK,
balliu-tumbona-de-exterior-sin-ruedas-aluminio-da3f5c24,SV-OLIMPIA-R-BLANCO-AZUL-ACERO,psy(shopify),587.56,589.00,650.00,650.00,OK,
balliu-tumbona-de-exterior-sin-ruedas-aluminio-da3f5c24,SV-OLIMPIA-R-TORTOLA-AZUL,psy(shopify),587.56,589.00,650.00,650.00,OK,
balliu-tumbona-de-exterior-sin-ruedas-aluminio-da3f5c24,SV-OLIMPIA-R-TORTOLA-AMARILLO,psy(shopify),587.56,589.00,650.00,650.00,OK,
balliu-tumbona-de-exterior-sin-ruedas-aluminio-da3f5c24,SV-OLIMPIA-R-TORTOLA-NARANJA,psy(shopify),587.56,589.00,650.00,650.00,OK,
balliu-tumbona-de-exterior-sin-ruedas-aluminio-da3f5c24,SV-OLIMPIA-R-TORTOLA-VERDE-CLARO,psy(shopify),587.56,589.00,650.00,650.00,OK,
balliu-tumbona-de-exterior-sin-ruedas-aluminio-da3f5c24,SV-OLIMPIA-R-TORTOLA-BLANCO,psy(shopify),587.56,589.00,650.00,650.00,OK,
balliu-tumbona-de-exterior-sin-ruedas-aluminio-da3f5c24,SV-OLIMPIA-R-TORTOLA-NATURAL,psy(shopify),587.56,589.00,650.00,650.00,OK,
balliu-tumbona-de-exterior-sin-ruedas-aluminio-da3f5c24,SV-OLIMPIA-R-TORTOLA-CAPUCHINO,psy(shopify),587.56,589.00,650.00,650.00,OK,
balliu-tumbona-de-exterior-sin-ruedas-aluminio-da3f5c24,SV-OLIMPIA-R-TORTOLA-CAQUI,psy(shopify),587.56,589.00,650.00,650.00,OK,
balliu-tumbona-de-exterior-sin-ruedas-aluminio-da3f5c24,SV-OLIMPIA-R-TORTOLA-MARRON-OSC,psy(shopify),587.56,589.00,650.00,650.00,OK,
balliu-tumbona-de-exterior-sin-ruedas-aluminio-da3f5c24,SV-OLIMPIA-R-TORTOLA-ARENA,psy(shopify),587.56,589.00,650.00,650.00,OK,
balliu-tumbona-de-exterior-sin-ruedas-aluminio-da3f5c24,SV-OLIMPIA-R-TORTOLA-VERDE-OSC,psy(shopify),587.56,589.00,650.00,650.00,OK,
balliu-tumbona-de-exterior-sin-ruedas-aluminio-da3f5c24,SV-OLIMPIA-R-TORTOLA-AZUL-CEL,psy(shopify),587.56,589.00,650.00,650.00,OK,
balliu-tumbona-de-exterior-sin-ruedas-aluminio-da3f5c24,SV-OLIMPIA-R-TORTOLA-CENIZA,psy(shopify),587.56,589.00,650.00,650.00,OK,
balliu-tumbona-de-exterior-sin-ruedas-aluminio-da3f5c24,SV-OLIMPIA-R-TORTOLA-AZUL-MAR,psy(shopify),587.56,589.00,650.00,650.00,OK,
balliu-tumbona-de-exterior-sin-ruedas-aluminio-da3f5c24,SV-OLIMPIA-R-TORTOLA-GRIS-OSC,psy(shopify),587.56,589.00,650.00,650.00,OK,
balliu-tumbona-de-exterior-sin-ruedas-aluminio-da3f5c24,SV-OLIMPIA-R-TORTOLA-AZUL-ACERO,psy(shopify),587.56,589.00,650.00,650.00,OK,
balliu-tumbona-de-exterior-sin-ruedas-aluminio-da3f5c24,SV-OLIMPIA-R-ALUMINIO-AZUL,psy(shopify),587.56,589.00,650.00,650.00,OK,
balliu-tumbona-de-exterior-sin-ruedas-aluminio-da3f5c24,SV-OLIMPIA-R-ALUMINIO-AMARILLO,psy(shopify),587.56,589.00,650.00,650.00,OK,
balliu-tumbona-de-exterior-sin-ruedas-aluminio-da3f5c24,SV-OLIMPIA-R-ALUMINIO-NARANJA,psy(shopify),587.56,589.00,650.00,650.00,OK,
balliu-tumbona-de-exterior-sin-ruedas-aluminio-da3f5c24,SV-OLIMPIA-R-ALUMINIO-VERDE-CLARO,psy(shopify),587.56,589.00,650.00,650.00,OK,
balliu-tumbona-de-exterior-sin-ruedas-aluminio-da3f5c24,SV-OLIMPIA-R-ALUMINIO-BLANCO,psy(shopify),587.56,589.00,650.00,650.00,OK,
balliu-tumbona-de-exterior-sin-ruedas-aluminio-da3f5c24,SV-OLIMPIA-R-ALUMINIO-NATURAL,psy(shopify),587.56,589.00,650.00,650.00,OK,
balliu-tumbona-de-exterior-sin-ruedas-aluminio-da3f5c24,SV-OLIMPIA-R-ALUMINIO-CAPUCHINO,psy(shopify),587.56,589.00,650.00,650.00,OK,
balliu-tumbona-de-exterior-sin-ruedas-aluminio-da3f5c24,SV-OLIMPIA-R-ALUMINIO-CAQUI,psy(shopify),587.56,589.00,650.00,650.00,OK,
balliu-tumbona-de-exterior-sin-ruedas-aluminio-da3f5c24,SV-OLIMPIA-R-ALUMINIO-MARRON-OSC,psy(shopify),587.56,589.00,650.00,650.00,OK,
balliu-tumbona-de-exterior-sin-ruedas-aluminio-da3f5c24,SV-OLIMPIA-R-ALUMINIO-ARENA,psy(shopify),587.56,589.00,650.00,650.00,OK,
balliu-tumbona-de-exterior-sin-ruedas-aluminio-da3f5c24,SV-OLIMPIA-R-ALUMINIO-VERDE-OSC,psy(shopify),587.56,589.00,650.00,650.00,OK,
balliu-tumbona-de-exterior-sin-ruedas-aluminio-da3f5c24,SV-OLIMPIA-R-ALUMINIO-AZUL-CEL,psy(shopify),587.56,589.00,650.00,650.00,OK,
balliu-tumbona-de-exterior-sin-ruedas-aluminio-da3f5c24,SV-OLIMPIA-R-ALUMINIO-CENIZA,psy(shopify),587.56,589.00,650.00,650.00,OK,
balliu-tumbona-de-exterior-sin-ruedas-aluminio-da3f5c24,SV-OLIMPIA-R-ALUMINIO-AZUL-MAR,psy(shopify),587.56,589.00,650.00,650.00,OK,
balliu-tumbona-de-exterior-sin-ruedas-aluminio-da3f5c24,SV-OLIMPIA-R-ALUMINIO-GRIS-OSC,psy(shopify),587.56,589.00,650.00,650.00,OK,
balliu-tumbona-de-exterior-sin-ruedas-aluminio-da3f5c24,SV-OLIMPIA-R-ALUMINIO-AZUL-ACERO,psy(shopify),587.56,589.00,650.00,650.00,OK,
balliu-tumbona-de-exterior-aluminio-36870d09,SV-ETNA-SR-BLANCO-AZUL,psy(shopify),426.44,426.95,499.95,449.95,OK,
balliu-tumbona-de-exterior-aluminio-36870d09,SV-ETNA-SR-BLANCO-AMARILLO,psy(shopify),426.44,426.95,499.95,449.95,OK,
balliu-tumbona-de-exterior-aluminio-36870d09,SV-ETNA-SR-BLANCO-NARANJA,psy(shopify),426.44,426.95,499.95,449.95,OK,
balliu-tumbona-de-exterior-aluminio-36870d09,SV-ETNA-SR-BLANCO-VERDE-CLARO,psy(shopify),426.44,426.95,499.95,449.95,OK,
balliu-tumbona-de-exterior-aluminio-36870d09,SV-ETNA-SR-BLANCO-BLANCO,psy(shopify),426.44,426.95,499.95,449.95,OK,
balliu-tumbona-de-exterior-aluminio-36870d09,SV-ETNA-SR-BLANCO-NATURAL,psy(shopify),426.44,426.95,499.95,449.95,OK,
balliu-tumbona-de-exterior-aluminio-36870d09,SV-ETNA-SR-BLANCO-CAPUCHINO,psy(shopify),426.44,426.95,499.95,449.95,OK,
balliu-tumbona-de-exterior-aluminio-36870d09,SV-ETNA-SR-BLANCO-CAQUI,psy(shopify),426.44,426.95,499.95,449.95,OK,
balliu-tumbona-de-exterior-aluminio-36870d09,SV-ETNA-SR-BLANCO-MARRON-OSC,psy(shopify),426.44,426.95,499.95,449.95,OK,
balliu-tumbona-de-exterior-aluminio-36870d09,SV-ETNA-SR-BLANCO-ARENA,psy(shopify),426.44,426.95,499.95,449.95,OK,
balliu-tumbona-de-exterior-aluminio-36870d09,SV-ETNA-SR-BLANCO-VERDE-OSC,psy(shopify),426.44,426.95,499.95,449.95,OK,
balliu-tumbona-de-exterior-aluminio-36870d09,SV-ETNA-SR-BLANCO-AZUL-CEL,psy(shopify),426.44,426.95,499.95,449.95,OK,
balliu-tumbona-de-exterior-aluminio-36870d09,SV-ETNA-SR-BLANCO-CENIZA,psy(shopify),426.44,426.95,499.95,449.95,OK,
balliu-tumbona-de-exterior-aluminio-36870d09,SV-ETNA-SR-BLANCO-AZUL-MAR,psy(shopify),426.44,426.95,499.95,449.95,OK,
balliu-tumbona-de-exterior-aluminio-36870d09,SV-ETNA-SR-BLANCO-GRIS-OSC,psy(shopify),426.44,426.95,499.95,449.95,OK,
balliu-tumbona-de-exterior-aluminio-36870d09,SV-ETNA-SR-BLANCO-AZUL-ACERO,psy(shopify),426.44,426.95,499.95,449.95,OK,
balliu-tumbona-de-exterior-aluminio-36870d09,SV-ETNA-SR-TORTOLA-AZUL,psy(shopify),426.44,426.95,499.95,449.95,OK,
balliu-tumbona-de-exterior-aluminio-36870d09,SV-ETNA-SR-TORTOLA-AMARILLO,psy(shopify),426.44,426.95,499.95,449.95,OK,
balliu-tumbona-de-exterior-aluminio-36870d09,SV-ETNA-SR-TORTOLA-NARANJA,psy(shopify),426.44,426.95,499.95,449.95,OK,
balliu-tumbona-de-exterior-aluminio-36870d09,SV-ETNA-SR-TORTOLA-VERDE-CLARO,psy(shopify),426.44,426.95,499.95,449.95,OK,
balliu-tumbona-de-exterior-aluminio-36870d09,SV-ETNA-SR-TORTOLA-BLANCO,psy(shopify),426.44,426.95,499.95,449.95,OK,
balliu-tumbona-de-exterior-aluminio-36870d09,SV-ETNA-SR-TORTOLA-NATURAL,psy(shopify),426.44,426.95,499.95,449.95,OK,
balliu-tumbona-de-exterior-aluminio-36870d09,SV-ETNA-SR-TORTOLA-CAPUCHINO,psy(shopify),426.44,426.95,499.95,449.95,OK,
balliu-tumbona-de-exterior-aluminio-36870d09,SV-ETNA-SR-TORTOLA-CAQUI,psy(shopify),426.44,426.95,499.95,449.95,OK,
balliu-tumbona-de-exterior-aluminio-36870d09,SV-ETNA-SR-TORTOLA-MARRON-OSC,psy(shopify),426.44,426.95,499.95,449.95,OK,
balliu-tumbona-de-exterior-aluminio-36870d09,SV-ETNA-SR-TORTOLA-ARENA,psy(shopify),426.44,426.95,499.95,449.95,OK,
balliu-tumbona-de-exterior-aluminio-36870d09,SV-ETNA-SR-TORTOLA-VERDE-OSC,psy(shopify),426.44,426.95,499.95,449.95,OK,
balliu-tumbona-de-exterior-aluminio-36870d09,SV-ETNA-SR-TORTOLA-AZUL-CEL,psy(shopify),426.44,426.95,499.95,449.95,OK,
balliu-tumbona-de-exterior-aluminio-36870d09,SV-ETNA-SR-TORTOLA-CENIZA,psy(shopify),426.44,426.95,499.95,449.95,OK,
balliu-tumbona-de-exterior-aluminio-36870d09,SV-ETNA-SR-TORTOLA-AZUL-MAR,psy(shopify),426.44,426.95,499.95,449.95,OK,
balliu-tumbona-de-exterior-aluminio-36870d09,SV-ETNA-SR-TORTOLA-GRIS-OSC,psy(shopify),426.44,426.95,499.95,449.95,OK,
balliu-tumbona-de-exterior-aluminio-36870d09,SV-ETNA-SR-TORTOLA-AZUL-ACERO,psy(shopify),426.44,426.95,499.95,449.95,OK,
balliu-tumbona-de-exterior-aluminio-36870d09,SV-ETNA-SR-ALUMINIO-AZUL,psy(shopify),426.44,426.95,499.95,449.95,OK,
balliu-tumbona-de-exterior-aluminio-36870d09,SV-ETNA-SR-ALUMINIO-AMARILLO,psy(shopify),426.44,426.95,499.95,449.95,OK,
balliu-tumbona-de-exterior-aluminio-36870d09,SV-ETNA-SR-ALUMINIO-NARANJA,psy(shopify),426.44,426.95,499.95,449.95,OK,
balliu-tumbona-de-exterior-aluminio-36870d09,SV-ETNA-SR-ALUMINIO-VERDE-CLARO,psy(shopify),426.44,426.95,499.95,449.95,OK,
balliu-tumbona-de-exterior-aluminio-36870d09,SV-ETNA-SR-ALUMINIO-BLANCO,psy(shopify),426.44,426.95,499.95,449.95,OK,
balliu-tumbona-de-exterior-aluminio-36870d09,SV-ETNA-SR-ALUMINIO-NATURAL,psy(shopify),426.44,426.95,499.95,449.95,OK,
balliu-tumbona-de-exterior-aluminio-36870d09,SV-ETNA-SR-ALUMINIO-CAPUCHINO,psy(shopify),426.44,426.95,499.95,449.95,OK,
balliu-tumbona-de-exterior-aluminio-36870d09,SV-ETNA-SR-ALUMINIO-CAQUI,psy(shopify),426.44,426.95,499.95,449.95,OK,
balliu-tumbona-de-exterior-aluminio-36870d09,SV-ETNA-SR-ALUMINIO-MARRON-OSC,psy(shopify),426.44,426.95,499.95,449.95,OK,
balliu-tumbona-de-exterior-aluminio-36870d09,SV-ETNA-SR-ALUMINIO-ARENA,psy(shopify),426.44,426.95,499.95,449.95,OK,
balliu-tumbona-de-exterior-aluminio-36870d09,SV-ETNA-SR-ALUMINIO-VERDE-OSC,psy(shopify),426.44,426.95,499.95,449.95,OK,
balliu-tumbona-de-exterior-aluminio-36870d09,SV-ETNA-SR-ALUMINIO-AZUL-CEL,psy(shopify),426.44,426.95,499.95,449.95,OK,
balliu-tumbona-de-exterior-aluminio-36870d09,SV-ETNA-SR-ALUMINIO-CENIZA,psy(shopify),426.44,426.95,499.95,449.95,OK,
balliu-tumbona-de-exterior-aluminio-36870d09,SV-ETNA-SR-ALUMINIO-AZUL-MAR,psy(shopify),426.44,426.95,499.95,449.95,OK,
balliu-tumbona-de-exterior-aluminio-36870d09,SV-ETNA-SR-ALUMINIO-GRIS-OSC,psy(shopify),426.44,426.95,499.95,449.95,OK,
balliu-tumbona-de-exterior-aluminio-36870d09,SV-ETNA-SR-ALUMINIO-AZUL-ACERO,psy(shopify),426.44,426.95,499.95,449.95,OK,
balliu-tumbona-de-exterior-aluminio-36870d09,SV-ETNA-R-BLANCO-AZUL,psy(shopify),470.48,449.90,499.95,494.95,OK,
balliu-tumbona-de-exterior-aluminio-36870d09,SV-ETNA-R-BLANCO-AMARILLO,psy(shopify),470.48,449.90,499.95,494.95,OK,
balliu-tumbona-de-exterior-aluminio-36870d09,SV-ETNA-R-BLANCO-NARANJA,psy(shopify),470.48,449.90,499.95,494.95,OK,
balliu-tumbona-de-exterior-aluminio-36870d09,SV-ETNA-R-BLANCO-VERDE-CLARO,psy(shopify),470.48,449.90,499.95,494.95,OK,
balliu-tumbona-de-exterior-aluminio-36870d09,SV-ETNA-R-BLANCO-BLANCO,psy(shopify),470.48,449.90,499.95,494.95,OK,
balliu-tumbona-de-exterior-aluminio-36870d09,SV-ETNA-R-BLANCO-NATURAL,psy(shopify),470.48,449.90,499.95,494.95,OK,
balliu-tumbona-de-exterior-aluminio-36870d09,SV-ETNA-R-BLANCO-CAPUCHINO,psy(shopify),470.48,449.90,499.95,494.95,OK,
balliu-tumbona-de-exterior-aluminio-36870d09,SV-ETNA-R-BLANCO-CAQUI,psy(shopify),470.48,449.90,499.95,494.95,OK,
balliu-tumbona-de-exterior-aluminio-36870d09,SV-ETNA-R-BLANCO-MARRON-OSC,psy(shopify),470.48,449.90,499.95,494.95,OK,
balliu-tumbona-de-exterior-aluminio-36870d09,SV-ETNA-R-BLANCO-ARENA,psy(shopify),470.48,449.90,499.95,494.95,OK,
balliu-tumbona-de-exterior-aluminio-36870d09,SV-ETNA-R-BLANCO-VERDE-OSC,psy(shopify),470.48,449.90,499.95,494.95,OK,
balliu-tumbona-de-exterior-aluminio-36870d09,SV-ETNA-R-BLANCO-AZUL-CEL,psy(shopify),470.48,449.90,499.95,494.95,OK,
balliu-tumbona-de-exterior-aluminio-36870d09,SV-ETNA-R-BLANCO-CENIZA,psy(shopify),470.48,449.90,499.95,494.95,OK,
balliu-tumbona-de-exterior-aluminio-36870d09,SV-ETNA-R-BLANCO-AZUL-MAR,psy(shopify),470.48,449.90,499.95,494.95,OK,
balliu-tumbona-de-exterior-aluminio-36870d09,SV-ETNA-R-BLANCO-GRIS-OSC,psy(shopify),470.48,449.90,499.95,494.95,OK,
balliu-tumbona-de-exterior-aluminio-36870d09,SV-ETNA-R-BLANCO-AZUL-ACERO,psy(shopify),470.48,449.90,499.95,494.95,OK,
balliu-tumbona-de-exterior-aluminio-36870d09,SV-ETNA-R-TORTOLA-AZUL,psy(shopify),470.48,449.90,499.95,494.95,OK,
balliu-tumbona-de-exterior-aluminio-36870d09,SV-ETNA-R-TORTOLA-AMARILLO,psy(shopify),470.48,449.90,499.95,494.95,OK,
balliu-tumbona-de-exterior-aluminio-36870d09,SV-ETNA-R-TORTOLA-NARANJA,psy(shopify),470.48,449.90,499.95,494.95,OK,
balliu-tumbona-de-exterior-aluminio-36870d09,SV-ETNA-R-TORTOLA-VERDE-CLARO,psy(shopify),470.48,449.90,499.95,494.95,OK,
balliu-tumbona-de-exterior-aluminio-36870d09,SV-ETNA-R-TORTOLA-BLANCO,psy(shopify),470.48,449.90,499.95,494.95,OK,
balliu-tumbona-de-exterior-aluminio-36870d09,SV-ETNA-R-TORTOLA-NATURAL,psy(shopify),470.48,449.90,499.95,494.95,OK,
balliu-tumbona-de-exterior-aluminio-36870d09,SV-ETNA-R-TORTOLA-CAPUCHINO,psy(shopify),470.48,449.90,499.95,494.95,OK,
balliu-tumbona-de-exterior-aluminio-36870d09,SV-ETNA-R-TORTOLA-CAQUI,psy(shopify),470.48,449.90,499.95,494.95,OK,
balliu-tumbona-de-exterior-aluminio-36870d09,SV-ETNA-R-TORTOLA-MARRON-OSC,psy(shopify),470.48,449.90,499.95,494.95,OK,
balliu-tumbona-de-exterior-aluminio-36870d09,SV-ETNA-R-TORTOLA-ARENA,psy(shopify),470.48,449.90,499.95,494.95,OK,
balliu-tumbona-de-exterior-aluminio-36870d09,SV-ETNA-R-TORTOLA-VERDE-OSC,psy(shopify),470.48,449.90,499.95,494.95,OK,
balliu-tumbona-de-exterior-aluminio-36870d09,SV-ETNA-R-TORTOLA-AZUL-CEL,psy(shopify),470.48,449.90,499.95,494.95,OK,
balliu-tumbona-de-exterior-aluminio-36870d09,SV-ETNA-R-TORTOLA-CENIZA,psy(shopify),470.48,449.90,499.95,494.95,OK,
balliu-tumbona-de-exterior-aluminio-36870d09,SV-ETNA-R-TORTOLA-AZUL-MAR,psy(shopify),470.48,449.90,499.95,494.95,OK,
balliu-tumbona-de-exterior-aluminio-36870d09,SV-ETNA-R-TORTOLA-GRIS-OSC,psy(shopify),470.48,449.90,499.95,494.95,OK,
balliu-tumbona-de-exterior-aluminio-36870d09,SV-ETNA-R-TORTOLA-AZUL-ACERO,psy(shopify),470.48,449.90,499.95,494.95,OK,
balliu-tumbona-de-exterior-aluminio-36870d09,SV-ETNA-R-ALUMINIO-AZUL,psy(shopify),470.48,449.90,499.95,494.95,OK,
balliu-tumbona-de-exterior-aluminio-36870d09,SV-ETNA-R-ALUMINIO-AMARILLO,psy(shopify),470.48,449.90,499.95,494.95,OK,
balliu-tumbona-de-exterior-aluminio-36870d09,SV-ETNA-R-ALUMINIO-NARANJA,psy(shopify),470.48,449.90,499.95,494.95,OK,
balliu-tumbona-de-exterior-aluminio-36870d09,SV-ETNA-R-ALUMINIO-VERDE-CLARO,psy(shopify),470.48,449.90,499.95,494.95,OK,
balliu-tumbona-de-exterior-aluminio-36870d09,SV-ETNA-R-ALUMINIO-BLANCO,psy(shopify),470.48,449.90,499.95,494.95,OK,
balliu-tumbona-de-exterior-aluminio-36870d09,SV-ETNA-R-ALUMINIO-NATURAL,psy(shopify),470.48,449.90,499.95,494.95,OK,
balliu-tumbona-de-exterior-aluminio-36870d09,SV-ETNA-R-ALUMINIO-CAPUCHINO,psy(shopify),470.48,449.90,499.95,494.95,OK,
balliu-tumbona-de-exterior-aluminio-36870d09,SV-ETNA-R-ALUMINIO-CAQUI,psy(shopify),470.48,449.90,499.95,494.95,OK,
balliu-tumbona-de-exterior-aluminio-36870d09,SV-ETNA-R-ALUMINIO-MARRON-OSC,psy(shopify),470.48,449.90,499.95,494.95,OK,
balliu-tumbona-de-exterior-aluminio-36870d09,SV-ETNA-R-ALUMINIO-ARENA,psy(shopify),470.48,449.90,499.95,494.95,OK,
balliu-tumbona-de-exterior-aluminio-36870d09,SV-ETNA-R-ALUMINIO-VERDE-OSC,psy(shopify),470.48,449.90,499.95,494.95,OK,
balliu-tumbona-de-exterior-aluminio-36870d09,SV-ETNA-R-ALUMINIO-AZUL-CEL,psy(shopify),470.48,449.90,499.95,494.95,OK,
balliu-tumbona-de-exterior-aluminio-36870d09,SV-ETNA-R-ALUMINIO-CENIZA,psy(shopify),470.48,449.90,499.95,494.95,OK,
balliu-tumbona-de-exterior-aluminio-36870d09,SV-ETNA-R-ALUMINIO-AZUL-MAR,psy(shopify),470.48,449.90,499.95,494.95,OK,
balliu-tumbona-de-exterior-aluminio-36870d09,SV-ETNA-R-ALUMINIO-GRIS-OSC,psy(shopify),470.48,449.90,499.95,494.95,OK,
balliu-tumbona-de-exterior-aluminio-36870d09,SV-ETNA-R-ALUMINIO-AZUL-ACERO,psy(shopify),470.48,449.90,499.95,494.95,OK,
balliu-tumbona-de-exterior-aluminio-d08586c1,SV-ETNAALTA-SR-BLANCO-AZUL,psy(shopify),463.07,449.90,545.95,494.95,OK,
balliu-tumbona-de-exterior-aluminio-d08586c1,SV-ETNAALTA-SR-BLANCO-AMARILLO,psy(shopify),463.07,449.90,545.95,494.95,OK,
balliu-tumbona-de-exterior-aluminio-d08586c1,SV-ETNAALTA-SR-BLANCO-NARANJA,psy(shopify),463.07,449.90,545.95,494.95,OK,
balliu-tumbona-de-exterior-aluminio-d08586c1,SV-ETNAALTA-SR-BLANCO-VERDE-CLARO,psy(shopify),463.07,449.90,545.95,494.95,OK,
balliu-tumbona-de-exterior-aluminio-d08586c1,SV-ETNAALTA-SR-BLANCO-BLANCO,psy(shopify),463.07,449.90,545.95,494.95,OK,
balliu-tumbona-de-exterior-aluminio-d08586c1,SV-ETNAALTA-SR-BLANCO-NATURAL,psy(shopify),463.07,449.90,545.95,494.95,OK,
balliu-tumbona-de-exterior-aluminio-d08586c1,SV-ETNAALTA-SR-BLANCO-CAPUCHINO,psy(shopify),463.07,449.90,545.95,494.95,OK,
balliu-tumbona-de-exterior-aluminio-d08586c1,SV-ETNAALTA-SR-BLANCO-CAQUI,psy(shopify),463.07,449.90,545.95,494.95,OK,
balliu-tumbona-de-exterior-aluminio-d08586c1,SV-ETNAALTA-SR-BLANCO-MARRON-OSC,psy(shopify),463.07,449.90,545.95,494.95,OK,
balliu-tumbona-de-exterior-aluminio-d08586c1,SV-ETNAALTA-SR-BLANCO-ARENA,psy(shopify),463.07,449.90,545.95,494.95,OK,
balliu-tumbona-de-exterior-aluminio-d08586c1,SV-ETNAALTA-SR-BLANCO-VERDE-OSC,psy(shopify),463.07,449.90,545.95,494.95,OK,
balliu-tumbona-de-exterior-aluminio-d08586c1,SV-ETNAALTA-SR-BLANCO-AZUL-CEL,psy(shopify),463.07,449.90,545.95,494.95,OK,
balliu-tumbona-de-exterior-aluminio-d08586c1,SV-ETNAALTA-SR-BLANCO-CENIZA,psy(shopify),463.07,449.90,545.95,494.95,OK,
balliu-tumbona-de-exterior-aluminio-d08586c1,SV-ETNAALTA-SR-BLANCO-AZUL-MAR,psy(shopify),463.07,449.90,545.95,494.95,OK,
balliu-tumbona-de-exterior-aluminio-d08586c1,SV-ETNAALTA-SR-BLANCO-GRIS-OSC,psy(shopify),463.07,449.90,545.95,494.95,OK,
balliu-tumbona-de-exterior-aluminio-d08586c1,SV-ETNAALTA-SR-BLANCO-AZUL-ACERO,psy(shopify),463.07,449.90,545.95,494.95,OK,
balliu-tumbona-de-exterior-aluminio-d08586c1,SV-ETNAALTA-SR-TORTOLA-AZUL,psy(shopify),463.07,449.90,545.95,494.95,OK,
balliu-tumbona-de-exterior-aluminio-d08586c1,SV-ETNAALTA-SR-TORTOLA-AMARILLO,psy(shopify),463.07,449.90,545.95,494.95,OK,
balliu-tumbona-de-exterior-aluminio-d08586c1,SV-ETNAALTA-SR-TORTOLA-NARANJA,psy(shopify),463.07,449.90,545.95,494.95,OK,
balliu-tumbona-de-exterior-aluminio-d08586c1,SV-ETNAALTA-SR-TORTOLA-VERDE-CLARO,psy(shopify),463.07,449.90,545.95,494.95,OK,
balliu-tumbona-de-exterior-aluminio-d08586c1,SV-ETNAALTA-SR-TORTOLA-BLANCO,psy(shopify),463.07,449.90,545.95,494.95,OK,
balliu-tumbona-de-exterior-aluminio-d08586c1,SV-ETNAALTA-SR-TORTOLA-NATURAL,psy(shopify),463.07,449.90,545.95,494.95,OK,
balliu-tumbona-de-exterior-aluminio-d08586c1,SV-ETNAALTA-SR-TORTOLA-CAPUCHINO,psy(shopify),463.07,449.90,545.95,494.95,OK,
balliu-tumbona-de-exterior-aluminio-d08586c1,SV-ETNAALTA-SR-TORTOLA-CAQUI,psy(shopify),463.07,449.90,545.95,494.95,OK,
balliu-tumbona-de-exterior-aluminio-d08586c1,SV-ETNAALTA-SR-TORTOLA-MARRON-OSC,psy(shopify),463.07,449.90,545.95,494.95,OK,
balliu-tumbona-de-exterior-aluminio-d08586c1,SV-ETNAALTA-SR-TORTOLA-ARENA,psy(shopify),463.07,449.90,545.95,494.95,OK,
balliu-tumbona-de-exterior-aluminio-d08586c1,SV-ETNAALTA-SR-TORTOLA-VERDE-OSC,psy(shopify),463.07,449.90,545.95,494.95,OK,
balliu-tumbona-de-exterior-aluminio-d08586c1,SV-ETNAALTA-SR-TORTOLA-AZUL-CEL,psy(shopify),463.07,449.90,545.95,494.95,OK,
balliu-tumbona-de-exterior-aluminio-d08586c1,SV-ETNAALTA-SR-TORTOLA-CENIZA,psy(shopify),463.07,449.90,545.95,494.95,OK,
balliu-tumbona-de-exterior-aluminio-d08586c1,SV-ETNAALTA-SR-TORTOLA-AZUL-MAR,psy(shopify),463.07,449.90,545.95,494.95,OK,
balliu-tumbona-de-exterior-aluminio-d08586c1,SV-ETNAALTA-SR-TORTOLA-GRIS-OSC,psy(shopify),463.07,449.90,545.95,494.95,OK,
balliu-tumbona-de-exterior-aluminio-d08586c1,SV-ETNAALTA-SR-TORTOLA-AZUL-ACERO,psy(shopify),463.07,449.90,545.95,494.95,OK,
balliu-tumbona-de-exterior-aluminio-d08586c1,SV-ETNAALTA-SR-ALUMINIO-AZUL,psy(shopify),463.07,449.90,545.95,494.95,OK,
balliu-tumbona-de-exterior-aluminio-d08586c1,SV-ETNAALTA-SR-ALUMINIO-AMARILLO,psy(shopify),463.07,449.90,545.95,494.95,OK,
balliu-tumbona-de-exterior-aluminio-d08586c1,SV-ETNAALTA-SR-ALUMINIO-NARANJA,psy(shopify),463.07,449.90,545.95,494.95,OK,
balliu-tumbona-de-exterior-aluminio-d08586c1,SV-ETNAALTA-SR-ALUMINIO-VERDE-CLARO,psy(shopify),463.07,449.90,545.95,494.95,OK,
balliu-tumbona-de-exterior-aluminio-d08586c1,SV-ETNAALTA-SR-ALUMINIO-BLANCO,psy(shopify),463.07,449.90,545.95,494.95,OK,
balliu-tumbona-de-exterior-aluminio-d08586c1,SV-ETNAALTA-SR-ALUMINIO-NATURAL,psy(shopify),463.07,449.90,545.95,494.95,OK,
balliu-tumbona-de-exterior-aluminio-d08586c1,SV-ETNAALTA-SR-ALUMINIO-CAPUCHINO,psy(shopify),463.07,449.90,545.95,494.95,OK,
balliu-tumbona-de-exterior-aluminio-d08586c1,SV-ETNAALTA-SR-ALUMINIO-CAQUI,psy(shopify),463.07,449.90,545.95,494.95,OK,
balliu-tumbona-de-exterior-aluminio-d08586c1,SV-ETNAALTA-SR-ALUMINIO-MARRON-OSC,psy(shopify),463.07,449.90,545.95,494.95,OK,
balliu-tumbona-de-exterior-aluminio-d08586c1,SV-ETNAALTA-SR-ALUMINIO-ARENA,psy(shopify),463.07,449.90,545.95,494.95,OK,
balliu-tumbona-de-exterior-aluminio-d08586c1,SV-ETNAALTA-SR-ALUMINIO-VERDE-OSC,psy(shopify),463.07,449.90,545.95,494.95,OK,
balliu-tumbona-de-exterior-aluminio-d08586c1,SV-ETNAALTA-SR-ALUMINIO-AZUL-CEL,psy(shopify),463.07,449.90,545.95,494.95,OK,
balliu-tumbona-de-exterior-aluminio-d08586c1,SV-ETNAALTA-SR-ALUMINIO-CENIZA,psy(shopify),463.07,449.90,545.95,494.95,OK,
balliu-tumbona-de-exterior-aluminio-d08586c1,SV-ETNAALTA-SR-ALUMINIO-AZUL-MAR,psy(shopify),463.07,449.90,545.95,494.95,OK,
balliu-tumbona-de-exterior-aluminio-d08586c1,SV-ETNAALTA-SR-ALUMINIO-GRIS-OSC,psy(shopify),463.07,449.90,545.95,494.95,OK,
balliu-tumbona-de-exterior-aluminio-d08586c1,SV-ETNAALTA-SR-ALUMINIO-AZUL-ACERO,psy(shopify),463.07,449.90,545.95,494.95,OK,
balliu-tumbona-de-exterior-aluminio-d08586c1,SV-ETNAALTA-R-BLANCO-AZUL,psy(shopify),496.21,496.95,545.95,546.95,OK,
balliu-tumbona-de-exterior-aluminio-d08586c1,SV-ETNAALTA-R-BLANCO-AMARILLO,psy(shopify),496.21,496.95,545.95,546.95,OK,
balliu-tumbona-de-exterior-aluminio-d08586c1,SV-ETNAALTA-R-BLANCO-NARANJA,psy(shopify),496.21,496.95,545.95,546.95,OK,
balliu-tumbona-de-exterior-aluminio-d08586c1,SV-ETNAALTA-R-BLANCO-VERDE-CLARO,psy(shopify),496.21,496.95,545.95,546.95,OK,
balliu-tumbona-de-exterior-aluminio-d08586c1,SV-ETNAALTA-R-BLANCO-BLANCO,psy(shopify),496.21,496.95,545.95,546.95,OK,
balliu-tumbona-de-exterior-aluminio-d08586c1,SV-ETNAALTA-R-BLANCO-NATURAL,psy(shopify),496.21,496.95,545.95,546.95,OK,
balliu-tumbona-de-exterior-aluminio-d08586c1,SV-ETNAALTA-R-BLANCO-CAPUCHINO,psy(shopify),496.21,496.95,545.95,546.95,OK,
balliu-tumbona-de-exterior-aluminio-d08586c1,SV-ETNAALTA-R-BLANCO-CAQUI,psy(shopify),496.21,496.95,545.95,546.95,OK,
balliu-tumbona-de-exterior-aluminio-d08586c1,SV-ETNAALTA-R-BLANCO-MARRON-OSC,psy(shopify),496.21,496.95,545.95,546.95,OK,
balliu-tumbona-de-exterior-aluminio-d08586c1,SV-ETNAALTA-R-BLANCO-ARENA,psy(shopify),496.21,496.95,545.95,546.95,OK,
balliu-tumbona-de-exterior-aluminio-d08586c1,SV-ETNAALTA-R-BLANCO-VERDE-OSC,psy(shopify),496.21,496.95,545.95,546.95,OK,
balliu-tumbona-de-exterior-aluminio-d08586c1,SV-ETNAALTA-R-BLANCO-AZUL-CEL,psy(shopify),496.21,496.95,545.95,546.95,OK,
balliu-tumbona-de-exterior-aluminio-d08586c1,SV-ETNAALTA-R-BLANCO-CENIZA,psy(shopify),496.21,496.95,545.95,546.95,OK,
balliu-tumbona-de-exterior-aluminio-d08586c1,SV-ETNAALTA-R-BLANCO-AZUL-MAR,psy(shopify),496.21,496.95,545.95,546.95,OK,
balliu-tumbona-de-exterior-aluminio-d08586c1,SV-ETNAALTA-R-BLANCO-GRIS-OSC,psy(shopify),496.21,496.95,545.95,546.95,OK,
balliu-tumbona-de-exterior-aluminio-d08586c1,SV-ETNAALTA-R-BLANCO-AZUL-ACERO,psy(shopify),496.21,496.95,545.95,546.95,OK,
balliu-tumbona-de-exterior-aluminio-d08586c1,SV-ETNAALTA-R-TORTOLA-AZUL,psy(shopify),496.21,496.95,545.95,546.95,OK,
balliu-tumbona-de-exterior-aluminio-d08586c1,SV-ETNAALTA-R-TORTOLA-AMARILLO,psy(shopify),496.21,496.95,545.95,546.95,OK,
balliu-tumbona-de-exterior-aluminio-d08586c1,SV-ETNAALTA-R-TORTOLA-NARANJA,psy(shopify),496.21,496.95,545.95,546.95,OK,
balliu-tumbona-de-exterior-aluminio-d08586c1,SV-ETNAALTA-R-TORTOLA-VERDE-CLARO,psy(shopify),496.21,496.95,545.95,546.95,OK,
balliu-tumbona-de-exterior-aluminio-d08586c1,SV-ETNAALTA-R-TORTOLA-BLANCO,psy(shopify),496.21,496.95,545.95,546.95,OK,
balliu-tumbona-de-exterior-aluminio-d08586c1,SV-ETNAALTA-R-TORTOLA-NATURAL,psy(shopify),496.21,496.95,545.95,546.95,OK,
balliu-tumbona-de-exterior-aluminio-d08586c1,SV-ETNAALTA-R-TORTOLA-CAPUCHINO,psy(shopify),496.21,496.95,545.95,546.95,OK,
balliu-tumbona-de-exterior-aluminio-d08586c1,SV-ETNAALTA-R-TORTOLA-CAQUI,psy(shopify),496.21,496.95,545.95,546.95,OK,
balliu-tumbona-de-exterior-aluminio-d08586c1,SV-ETNAALTA-R-TORTOLA-MARRON-OSC,psy(shopify),496.21,496.95,545.95,546.95,OK,
balliu-tumbona-de-exterior-aluminio-d08586c1,SV-ETNAALTA-R-TORTOLA-ARENA,psy(shopify),496.21,496.95,545.95,546.95,OK,
balliu-tumbona-de-exterior-aluminio-d08586c1,SV-ETNAALTA-R-TORTOLA-VERDE-OSC,psy(shopify),496.21,496.95,545.95,546.95,OK,
balliu-tumbona-de-exterior-aluminio-d08586c1,SV-ETNAALTA-R-TORTOLA-AZUL-CEL,psy(shopify),496.21,496.95,545.95,546.95,OK,
balliu-tumbona-de-exterior-aluminio-d08586c1,SV-ETNAALTA-R-TORTOLA-CENIZA,psy(shopify),496.21,496.95,545.95,546.95,OK,
balliu-tumbona-de-exterior-aluminio-d08586c1,SV-ETNAALTA-R-TORTOLA-AZUL-MAR,psy(shopify),496.21,496.95,545.95,546.95,OK,
balliu-tumbona-de-exterior-aluminio-d08586c1,SV-ETNAALTA-R-TORTOLA-GRIS-OSC,psy(shopify),496.21,496.95,545.95,546.95,OK,
balliu-tumbona-de-exterior-aluminio-d08586c1,SV-ETNAALTA-R-TORTOLA-AZUL-ACERO,psy(shopify),496.21,496.95,545.95,546.95,OK,
balliu-tumbona-de-exterior-aluminio-d08586c1,SV-ETNAALTA-R-ALUMINIO-AZUL,psy(shopify),496.21,496.95,545.95,546.95,OK,
balliu-tumbona-de-exterior-aluminio-d08586c1,SV-ETNAALTA-R-ALUMINIO-AMARILLO,psy(shopify),496.21,496.95,545.95,546.95,OK,
balliu-tumbona-de-exterior-aluminio-d08586c1,SV-ETNAALTA-R-ALUMINIO-NARANJA,psy(shopify),496.21,496.95,545.95,546.95,OK,
balliu-tumbona-de-exterior-aluminio-d08586c1,SV-ETNAALTA-R-ALUMINIO-VERDE-CLARO,psy(shopify),496.21,496.95,545.95,546.95,OK,
balliu-tumbona-de-exterior-aluminio-d08586c1,SV-ETNAALTA-R-ALUMINIO-BLANCO,psy(shopify),496.21,496.95,545.95,546.95,OK,
balliu-tumbona-de-exterior-aluminio-d08586c1,SV-ETNAALTA-R-ALUMINIO-NATURAL,psy(shopify),496.21,496.95,545.95,546.95,OK,
balliu-tumbona-de-exterior-aluminio-d08586c1,SV-ETNAALTA-R-ALUMINIO-CAPUCHINO,psy(shopify),496.21,496.95,545.95,546.95,OK,
balliu-tumbona-de-exterior-aluminio-d08586c1,SV-ETNAALTA-R-ALUMINIO-CAQUI,psy(shopify),496.21,496.95,545.95,546.95,OK,
balliu-tumbona-de-exterior-aluminio-d08586c1,SV-ETNAALTA-R-ALUMINIO-MARRON-OSC,psy(shopify),496.21,496.95,545.95,546.95,OK,
balliu-tumbona-de-exterior-aluminio-d08586c1,SV-ETNAALTA-R-ALUMINIO-ARENA,psy(shopify),496.21,496.95,545.95,546.95,OK,
balliu-tumbona-de-exterior-aluminio-d08586c1,SV-ETNAALTA-R-ALUMINIO-VERDE-OSC,psy(shopify),496.21,496.95,545.95,546.95,OK,
balliu-tumbona-de-exterior-aluminio-d08586c1,SV-ETNAALTA-R-ALUMINIO-AZUL-CEL,psy(shopify),496.21,496.95,545.95,546.95,OK,
balliu-tumbona-de-exterior-aluminio-d08586c1,SV-ETNAALTA-R-ALUMINIO-CENIZA,psy(shopify),496.21,496.95,545.95,546.95,OK,
balliu-tumbona-de-exterior-aluminio-d08586c1,SV-ETNAALTA-R-ALUMINIO-AZUL-MAR,psy(shopify),496.21,496.95,545.95,546.95,OK,
balliu-tumbona-de-exterior-aluminio-d08586c1,SV-ETNAALTA-R-ALUMINIO-GRIS-OSC,psy(shopify),496.21,496.95,545.95,546.95,OK,
balliu-tumbona-de-exterior-aluminio-d08586c1,SV-ETNAALTA-R-ALUMINIO-AZUL-ACERO,psy(shopify),496.21,496.95,545.95,546.95,OK,
balliu-tumbona-de-exterior-con-ruedas-aluminio-58-cm-9064b7b9,SV-IRIS-AZUL,psy(shopify),628.76,629.00,700.00,700.00,OK,
balliu-tumbona-de-exterior-con-ruedas-aluminio-58-cm-9064b7b9,SV-IRIS-AMARILLO,psy(shopify),628.76,629.00,700.00,700.00,OK,
balliu-tumbona-de-exterior-con-ruedas-aluminio-58-cm-9064b7b9,SV-IRIS-NARANJA,psy(shopify),628.76,629.00,700.00,700.00,OK,
balliu-tumbona-de-exterior-con-ruedas-aluminio-58-cm-9064b7b9,SV-IRIS-VERDE-CLARO,psy(shopify),628.76,629.00,700.00,700.00,OK,
balliu-tumbona-de-exterior-con-ruedas-aluminio-58-cm-9064b7b9,SV-IRIS-BLANCO,psy(shopify),628.76,629.00,700.00,700.00,OK,
balliu-tumbona-de-exterior-con-ruedas-aluminio-58-cm-9064b7b9,SV-IRIS-NATURAL,psy(shopify),628.76,629.00,700.00,700.00,OK,
balliu-tumbona-de-exterior-con-ruedas-aluminio-58-cm-9064b7b9,SV-IRIS-CAPUCHINO,psy(shopify),628.76,629.00,700.00,700.00,OK,
balliu-tumbona-de-exterior-con-ruedas-aluminio-58-cm-9064b7b9,SV-IRIS-CAQUI,psy(shopify),628.76,629.00,700.00,700.00,OK,
balliu-tumbona-de-exterior-con-ruedas-aluminio-58-cm-9064b7b9,SV-IRIS-MARRON-OSC,psy(shopify),628.76,629.00,700.00,700.00,OK,
balliu-tumbona-de-exterior-con-ruedas-aluminio-58-cm-9064b7b9,SV-IRIS-ARENA,psy(shopify),628.76,629.00,700.00,700.00,OK,
balliu-tumbona-de-exterior-con-ruedas-aluminio-58-cm-9064b7b9,SV-IRIS-VERDE-OSC,psy(shopify),628.76,629.00,700.00,700.00,OK,
balliu-tumbona-de-exterior-con-ruedas-aluminio-58-cm-9064b7b9,SV-IRIS-AZUL-CEL,psy(shopify),628.76,629.00,700.00,700.00,OK,
balliu-tumbona-de-exterior-con-ruedas-aluminio-58-cm-9064b7b9,SV-IRIS-CENIZA,psy(shopify),628.76,629.00,700.00,700.00,OK,
balliu-tumbona-de-exterior-con-ruedas-aluminio-58-cm-9064b7b9,SV-IRIS-AZUL-MAR,psy(shopify),628.76,629.00,700.00,700.00,OK,
balliu-tumbona-de-exterior-con-ruedas-aluminio-58-cm-9064b7b9,SV-IRIS-GRIS-OSC,psy(shopify),628.76,629.00,700.00,700.00,OK,
balliu-tumbona-de-exterior-con-ruedas-aluminio-58-cm-9064b7b9,SV-IRIS-AZUL-ACERO,psy(shopify),628.76,629.00,700.00,700.00,OK,
balliu-tumbona-de-exterior-aluminio-68-cm-f7ab4da8,SV-MARINA-AZUL,psy(shopify),323.76,323.95,349.95,349.95,OK,
balliu-tumbona-de-exterior-aluminio-68-cm-f7ab4da8,SV-MARINA-AMARILLO,psy(shopify),323.76,323.95,349.95,349.95,OK,
balliu-tumbona-de-exterior-aluminio-68-cm-f7ab4da8,SV-MARINA-NARANJA,psy(shopify),323.76,323.95,349.95,349.95,OK,
balliu-tumbona-de-exterior-aluminio-68-cm-f7ab4da8,SV-MARINA-VERDE-CLARO,psy(shopify),323.76,323.95,349.95,349.95,OK,
balliu-tumbona-de-exterior-aluminio-68-cm-f7ab4da8,SV-MARINA-BLANCO,psy(shopify),323.76,323.95,349.95,349.95,OK,
balliu-tumbona-de-exterior-aluminio-68-cm-f7ab4da8,SV-MARINA-NATURAL,psy(shopify),323.76,323.95,349.95,349.95,OK,
balliu-tumbona-de-exterior-aluminio-68-cm-f7ab4da8,SV-MARINA-CAPUCHINO,psy(shopify),323.76,323.95,349.95,349.95,OK,
balliu-tumbona-de-exterior-aluminio-68-cm-f7ab4da8,SV-MARINA-CAQUI,psy(shopify),323.76,323.95,349.95,349.95,OK,
balliu-tumbona-de-exterior-aluminio-68-cm-f7ab4da8,SV-MARINA-MARRON-OSC,psy(shopify),323.76,323.95,349.95,349.95,OK,
balliu-tumbona-de-exterior-aluminio-68-cm-f7ab4da8,SV-MARINA-ARENA,psy(shopify),323.76,323.95,349.95,349.95,OK,
balliu-tumbona-de-exterior-aluminio-68-cm-f7ab4da8,SV-MARINA-VERDE-OSC,psy(shopify),323.76,323.95,349.95,349.95,OK,
balliu-tumbona-de-exterior-aluminio-68-cm-f7ab4da8,SV-MARINA-AZUL-CEL,psy(shopify),323.76,323.95,349.95,349.95,OK,
balliu-tumbona-de-exterior-aluminio-68-cm-f7ab4da8,SV-MARINA-CENIZA,psy(shopify),323.76,323.95,349.95,349.95,OK,
balliu-tumbona-de-exterior-aluminio-68-cm-f7ab4da8,SV-MARINA-AZUL-MAR,psy(shopify),323.76,323.95,349.95,349.95,OK,
balliu-tumbona-de-exterior-aluminio-68-cm-f7ab4da8,SV-MARINA-GRIS-OSC,psy(shopify),323.76,323.95,349.95,349.95,OK,
balliu-tumbona-de-exterior-aluminio-68-cm-f7ab4da8,SV-MARINA-AZUL-ACERO,psy(shopify),323.76,323.95,349.95,349.95,OK,
balliu-mini-tumbona-de-exterior-aluminio-62-cm-5a6f53eb,SV-CANNES-BLANCO-AZUL,psy(shopify),262.28,249.90,288.95,274.95,OK,
balliu-mini-tumbona-de-exterior-aluminio-62-cm-5a6f53eb,SV-CANNES-BLANCO-AMARILLO,psy(shopify),262.28,249.90,288.95,274.95,OK,
balliu-mini-tumbona-de-exterior-aluminio-62-cm-5a6f53eb,SV-CANNES-BLANCO-NARANJA,psy(shopify),262.28,249.90,288.95,274.95,OK,
balliu-mini-tumbona-de-exterior-aluminio-62-cm-5a6f53eb,SV-CANNES-BLANCO-VERDE-CLARO,psy(shopify),262.28,249.90,288.95,274.95,OK,
balliu-mini-tumbona-de-exterior-aluminio-62-cm-5a6f53eb,SV-CANNES-BLANCO-BLANCO,psy(shopify),262.28,249.90,288.95,274.95,OK,
balliu-mini-tumbona-de-exterior-aluminio-62-cm-5a6f53eb,SV-CANNES-BLANCO-NATURAL,psy(shopify),262.28,249.90,288.95,274.95,OK,
balliu-mini-tumbona-de-exterior-aluminio-62-cm-5a6f53eb,SV-CANNES-BLANCO-CAPUCHINO,psy(shopify),262.28,249.90,288.95,274.95,OK,
balliu-mini-tumbona-de-exterior-aluminio-62-cm-5a6f53eb,SV-CANNES-BLANCO-CAQUI,psy(shopify),262.28,249.90,288.95,274.95,OK,
balliu-mini-tumbona-de-exterior-aluminio-62-cm-5a6f53eb,SV-CANNES-BLANCO-MARRON-OSC,psy(shopify),262.28,249.90,288.95,274.95,OK,
balliu-mini-tumbona-de-exterior-aluminio-62-cm-5a6f53eb,SV-CANNES-BLANCO-ARENA,psy(shopify),262.28,249.90,288.95,274.95,OK,
balliu-mini-tumbona-de-exterior-aluminio-62-cm-5a6f53eb,SV-CANNES-BLANCO-VERDE-OSC,psy(shopify),262.28,249.90,288.95,274.95,OK,
balliu-mini-tumbona-de-exterior-aluminio-62-cm-5a6f53eb,SV-CANNES-BLANCO-AZUL-CEL,psy(shopify),262.28,249.90,288.95,274.95,OK,
balliu-mini-tumbona-de-exterior-aluminio-62-cm-5a6f53eb,SV-CANNES-BLANCO-CENIZA,psy(shopify),262.28,249.90,288.95,274.95,OK,
balliu-mini-tumbona-de-exterior-aluminio-62-cm-5a6f53eb,SV-CANNES-BLANCO-AZUL-MAR,psy(shopify),262.28,249.90,288.95,274.95,OK,
balliu-mini-tumbona-de-exterior-aluminio-62-cm-5a6f53eb,SV-CANNES-BLANCO-GRIS-OSC,psy(shopify),262.28,249.90,288.95,274.95,OK,
balliu-mini-tumbona-de-exterior-aluminio-62-cm-5a6f53eb,SV-CANNES-BLANCO-AZUL-ACERO,psy(shopify),262.28,249.90,288.95,274.95,OK,
balliu-mini-tumbona-de-exterior-aluminio-62-cm-5a6f53eb,SV-CANNES-TORTOLA-AZUL,psy(shopify),262.28,249.90,288.95,274.95,OK,
balliu-mini-tumbona-de-exterior-aluminio-62-cm-5a6f53eb,SV-CANNES-TORTOLA-AMARILLO,psy(shopify),262.28,249.90,288.95,274.95,OK,
balliu-mini-tumbona-de-exterior-aluminio-62-cm-5a6f53eb,SV-CANNES-TORTOLA-NARANJA,psy(shopify),262.28,249.90,288.95,274.95,OK,
balliu-mini-tumbona-de-exterior-aluminio-62-cm-5a6f53eb,SV-CANNES-TORTOLA-VERDE-CLARO,psy(shopify),262.28,249.90,288.95,274.95,OK,
balliu-mini-tumbona-de-exterior-aluminio-62-cm-5a6f53eb,SV-CANNES-TORTOLA-BLANCO,psy(shopify),262.28,249.90,288.95,274.95,OK,
balliu-mini-tumbona-de-exterior-aluminio-62-cm-5a6f53eb,SV-CANNES-TORTOLA-NATURAL,psy(shopify),262.28,249.90,288.95,274.95,OK,
balliu-mini-tumbona-de-exterior-aluminio-62-cm-5a6f53eb,SV-CANNES-TORTOLA-CAPUCHINO,psy(shopify),262.28,249.90,288.95,274.95,OK,
balliu-mini-tumbona-de-exterior-aluminio-62-cm-5a6f53eb,SV-CANNES-TORTOLA-CAQUI,psy(shopify),262.28,249.90,288.95,274.95,OK,
balliu-mini-tumbona-de-exterior-aluminio-62-cm-5a6f53eb,SV-CANNES-TORTOLA-MARRON-OSC,psy(shopify),262.28,249.90,288.95,274.95,OK,
balliu-mini-tumbona-de-exterior-aluminio-62-cm-5a6f53eb,SV-CANNES-TORTOLA-ARENA,psy(shopify),262.28,249.90,288.95,274.95,OK,
balliu-mini-tumbona-de-exterior-aluminio-62-cm-5a6f53eb,SV-CANNES-TORTOLA-VERDE-OSC,psy(shopify),262.28,249.90,288.95,274.95,OK,
balliu-mini-tumbona-de-exterior-aluminio-62-cm-5a6f53eb,SV-CANNES-TORTOLA-AZUL-CEL,psy(shopify),262.28,249.90,288.95,274.95,OK,
balliu-mini-tumbona-de-exterior-aluminio-62-cm-5a6f53eb,SV-CANNES-TORTOLA-CENIZA,psy(shopify),262.28,249.90,288.95,274.95,OK,
balliu-mini-tumbona-de-exterior-aluminio-62-cm-5a6f53eb,SV-CANNES-TORTOLA-AZUL-MAR,psy(shopify),262.28,249.90,288.95,274.95,OK,
balliu-mini-tumbona-de-exterior-aluminio-62-cm-5a6f53eb,SV-CANNES-TORTOLA-GRIS-OSC,psy(shopify),262.28,249.90,288.95,274.95,OK,
balliu-mini-tumbona-de-exterior-aluminio-62-cm-5a6f53eb,SV-CANNES-TORTOLA-AZUL-ACERO,psy(shopify),262.28,249.90,288.95,274.95,OK,
balliu-mini-tumbona-de-exterior-aluminio-62-cm-5a6f53eb,SV-CANNES-ALUMINIO-AZUL,psy(shopify),262.28,249.90,288.95,274.95,OK,
balliu-mini-tumbona-de-exterior-aluminio-62-cm-5a6f53eb,SV-CANNES-ALUMINIO-AMARILLO,psy(shopify),262.28,249.90,288.95,274.95,OK,
balliu-mini-tumbona-de-exterior-aluminio-62-cm-5a6f53eb,SV-CANNES-ALUMINIO-NARANJA,psy(shopify),262.28,249.90,288.95,274.95,OK,
balliu-mini-tumbona-de-exterior-aluminio-62-cm-5a6f53eb,SV-CANNES-ALUMINIO-VERDE-CLARO,psy(shopify),262.28,249.90,288.95,274.95,OK,
balliu-mini-tumbona-de-exterior-aluminio-62-cm-5a6f53eb,SV-CANNES-ALUMINIO-BLANCO,psy(shopify),262.28,249.90,288.95,274.95,OK,
balliu-mini-tumbona-de-exterior-aluminio-62-cm-5a6f53eb,SV-CANNES-ALUMINIO-NATURAL,psy(shopify),262.28,249.90,288.95,274.95,OK,
balliu-mini-tumbona-de-exterior-aluminio-62-cm-5a6f53eb,SV-CANNES-ALUMINIO-CAPUCHINO,psy(shopify),262.28,249.90,288.95,274.95,OK,
balliu-mini-tumbona-de-exterior-aluminio-62-cm-5a6f53eb,SV-CANNES-ALUMINIO-CAQUI,psy(shopify),262.28,249.90,288.95,274.95,OK,
balliu-mini-tumbona-de-exterior-aluminio-62-cm-5a6f53eb,SV-CANNES-ALUMINIO-MARRON-OSC,psy(shopify),262.28,249.90,288.95,274.95,OK,
balliu-mini-tumbona-de-exterior-aluminio-62-cm-5a6f53eb,SV-CANNES-ALUMINIO-ARENA,psy(shopify),262.28,249.90,288.95,274.95,OK,
balliu-mini-tumbona-de-exterior-aluminio-62-cm-5a6f53eb,SV-CANNES-ALUMINIO-VERDE-OSC,psy(shopify),262.28,249.90,288.95,274.95,OK,
balliu-mini-tumbona-de-exterior-aluminio-62-cm-5a6f53eb,SV-CANNES-ALUMINIO-AZUL-CEL,psy(shopify),262.28,249.90,288.95,274.95,OK,
balliu-mini-tumbona-de-exterior-aluminio-62-cm-5a6f53eb,SV-CANNES-ALUMINIO-CENIZA,psy(shopify),262.28,249.90,288.95,274.95,OK,
balliu-mini-tumbona-de-exterior-aluminio-62-cm-5a6f53eb,SV-CANNES-ALUMINIO-AZUL-MAR,psy(shopify),262.28,249.90,288.95,274.95,OK,
balliu-mini-tumbona-de-exterior-aluminio-62-cm-5a6f53eb,SV-CANNES-ALUMINIO-GRIS-OSC,psy(shopify),262.28,249.90,288.95,274.95,OK,
balliu-mini-tumbona-de-exterior-aluminio-62-cm-5a6f53eb,SV-CANNES-ALUMINIO-AZUL-ACERO,psy(shopify),262.28,249.90,288.95,274.95,OK,
balliu-mini-tumbona-de-exterior-madera-59-cm-fa211c70,SV-BRISTOL-AZUL,psy(shopify),304.51,299.90,335.95,329.95,OK,
balliu-mini-tumbona-de-exterior-madera-59-cm-fa211c70,SV-BRISTOL-AMARILLO,psy(shopify),304.51,299.90,335.95,329.95,OK,
balliu-mini-tumbona-de-exterior-madera-59-cm-fa211c70,SV-BRISTOL-NARANJA,psy(shopify),304.51,299.90,335.95,329.95,OK,
balliu-mini-tumbona-de-exterior-madera-59-cm-fa211c70,SV-BRISTOL-VERDE-CLARO,psy(shopify),304.51,299.90,335.95,329.95,OK,
balliu-mini-tumbona-de-exterior-madera-59-cm-fa211c70,SV-BRISTOL-BLANCO,psy(shopify),304.51,299.90,335.95,329.95,OK,
balliu-mini-tumbona-de-exterior-madera-59-cm-fa211c70,SV-BRISTOL-NATURAL,psy(shopify),304.51,299.90,335.95,329.95,OK,
balliu-mini-tumbona-de-exterior-madera-59-cm-fa211c70,SV-BRISTOL-CAPUCHINO,psy(shopify),304.51,299.90,335.95,329.95,OK,
balliu-mini-tumbona-de-exterior-madera-59-cm-fa211c70,SV-BRISTOL-CAQUI,psy(shopify),304.51,299.90,335.95,329.95,OK,
balliu-mini-tumbona-de-exterior-madera-59-cm-fa211c70,SV-BRISTOL-MARRON-OSC,psy(shopify),304.51,299.90,335.95,329.95,OK,
balliu-mini-tumbona-de-exterior-madera-59-cm-fa211c70,SV-BRISTOL-ARENA,psy(shopify),304.51,299.90,335.95,329.95,OK,
balliu-mini-tumbona-de-exterior-madera-59-cm-fa211c70,SV-BRISTOL-VERDE-OSC,psy(shopify),304.51,299.90,335.95,329.95,OK,
balliu-mini-tumbona-de-exterior-madera-59-cm-fa211c70,SV-BRISTOL-AZUL-CEL,psy(shopify),304.51,299.90,335.95,329.95,OK,
balliu-mini-tumbona-de-exterior-madera-59-cm-fa211c70,SV-BRISTOL-CENIZA,psy(shopify),304.51,299.90,335.95,329.95,OK,
balliu-mini-tumbona-de-exterior-madera-59-cm-fa211c70,SV-BRISTOL-AZUL-MAR,psy(shopify),304.51,299.90,335.95,329.95,OK,
balliu-mini-tumbona-de-exterior-madera-59-cm-fa211c70,SV-BRISTOL-GRIS-OSC,psy(shopify),304.51,299.90,335.95,329.95,OK,
balliu-mini-tumbona-de-exterior-madera-59-cm-fa211c70,SV-BRISTOL-AZUL-ACERO,psy(shopify),304.51,299.90,335.95,329.95,OK,
balliu-mini-tumbona-de-exterior-aluminio-57-cm-98ab84ce,SV-MINIMARINA-BLANCO-AZUL,psy(shopify),213.34,213.95,234.95,235.95,OK,
balliu-mini-tumbona-de-exterior-aluminio-57-cm-98ab84ce,SV-MINIMARINA-BLANCO-AMARILLO,psy(shopify),213.34,213.95,234.95,235.95,OK,
balliu-mini-tumbona-de-exterior-aluminio-57-cm-98ab84ce,SV-MINIMARINA-BLANCO-NARANJA,psy(shopify),213.34,213.95,234.95,235.95,OK,
balliu-mini-tumbona-de-exterior-aluminio-57-cm-98ab84ce,SV-MINIMARINA-BLANCO-VERDE-CLARO,psy(shopify),213.34,213.95,234.95,235.95,OK,
balliu-mini-tumbona-de-exterior-aluminio-57-cm-98ab84ce,SV-MINIMARINA-BLANCO-BLANCO,psy(shopify),213.34,213.95,234.95,235.95,OK,
balliu-mini-tumbona-de-exterior-aluminio-57-cm-98ab84ce,SV-MINIMARINA-BLANCO-NATURAL,psy(shopify),213.34,213.95,234.95,235.95,OK,
balliu-mini-tumbona-de-exterior-aluminio-57-cm-98ab84ce,SV-MINIMARINA-BLANCO-CAPUCHINO,psy(shopify),213.34,213.95,234.95,235.95,OK,
balliu-mini-tumbona-de-exterior-aluminio-57-cm-98ab84ce,SV-MINIMARINA-BLANCO-CAQUI,psy(shopify),213.34,213.95,234.95,235.95,OK,
balliu-mini-tumbona-de-exterior-aluminio-57-cm-98ab84ce,SV-MINIMARINA-BLANCO-MARRON-OSC,psy(shopify),213.34,213.95,234.95,235.95,OK,
balliu-mini-tumbona-de-exterior-aluminio-57-cm-98ab84ce,SV-MINIMARINA-BLANCO-ARENA,psy(shopify),213.34,213.95,234.95,235.95,OK,
balliu-mini-tumbona-de-exterior-aluminio-57-cm-98ab84ce,SV-MINIMARINA-BLANCO-VERDE-OSC,psy(shopify),213.34,213.95,234.95,235.95,OK,
balliu-mini-tumbona-de-exterior-aluminio-57-cm-98ab84ce,SV-MINIMARINA-BLANCO-AZUL-CEL,psy(shopify),213.34,213.95,234.95,235.95,OK,
balliu-mini-tumbona-de-exterior-aluminio-57-cm-98ab84ce,SV-MINIMARINA-BLANCO-CENIZA,psy(shopify),213.34,213.95,234.95,235.95,OK,
balliu-mini-tumbona-de-exterior-aluminio-57-cm-98ab84ce,SV-MINIMARINA-BLANCO-AZUL-MAR,psy(shopify),213.34,213.95,234.95,235.95,OK,
balliu-mini-tumbona-de-exterior-aluminio-57-cm-98ab84ce,SV-MINIMARINA-BLANCO-GRIS-OSC,psy(shopify),213.34,213.95,234.95,235.95,OK,
balliu-mini-tumbona-de-exterior-aluminio-57-cm-98ab84ce,SV-MINIMARINA-BLANCO-AZUL-ACERO,psy(shopify),213.34,213.95,234.95,235.95,OK,
balliu-mini-tumbona-de-exterior-aluminio-57-cm-98ab84ce,SV-MINIMARINA-ALUMINIO-AZUL,psy(shopify),213.34,213.95,234.95,235.95,OK,
balliu-mini-tumbona-de-exterior-aluminio-57-cm-98ab84ce,SV-MINIMARINA-ALUMINIO-AMARILLO,psy(shopify),213.34,213.95,234.95,235.95,OK,
balliu-mini-tumbona-de-exterior-aluminio-57-cm-98ab84ce,SV-MINIMARINA-ALUMINIO-NARANJA,psy(shopify),213.34,213.95,234.95,235.95,OK,
balliu-mini-tumbona-de-exterior-aluminio-57-cm-98ab84ce,SV-MINIMARINA-ALUMINIO-VERDE-CLARO,psy(shopify),213.34,213.95,234.95,235.95,OK,
balliu-mini-tumbona-de-exterior-aluminio-57-cm-98ab84ce,SV-MINIMARINA-ALUMINIO-BLANCO,psy(shopify),213.34,213.95,234.95,235.95,OK,
balliu-mini-tumbona-de-exterior-aluminio-57-cm-98ab84ce,SV-MINIMARINA-ALUMINIO-NATURAL,psy(shopify),213.34,213.95,234.95,235.95,OK,
balliu-mini-tumbona-de-exterior-aluminio-57-cm-98ab84ce,SV-MINIMARINA-ALUMINIO-CAPUCHINO,psy(shopify),213.34,213.95,234.95,235.95,OK,
balliu-mini-tumbona-de-exterior-aluminio-57-cm-98ab84ce,SV-MINIMARINA-ALUMINIO-CAQUI,psy(shopify),213.34,213.95,234.95,235.95,OK,
balliu-mini-tumbona-de-exterior-aluminio-57-cm-98ab84ce,SV-MINIMARINA-ALUMINIO-MARRON-OSC,psy(shopify),213.34,213.95,234.95,235.95,OK,
balliu-mini-tumbona-de-exterior-aluminio-57-cm-98ab84ce,SV-MINIMARINA-ALUMINIO-ARENA,psy(shopify),213.34,213.95,234.95,235.95,OK,
balliu-mini-tumbona-de-exterior-aluminio-57-cm-98ab84ce,SV-MINIMARINA-ALUMINIO-VERDE-OSC,psy(shopify),213.34,213.95,234.95,235.95,OK,
balliu-mini-tumbona-de-exterior-aluminio-57-cm-98ab84ce,SV-MINIMARINA-ALUMINIO-AZUL-CEL,psy(shopify),213.34,213.95,234.95,235.95,OK,
balliu-mini-tumbona-de-exterior-aluminio-57-cm-98ab84ce,SV-MINIMARINA-ALUMINIO-CENIZA,psy(shopify),213.34,213.95,234.95,235.95,OK,
balliu-mini-tumbona-de-exterior-aluminio-57-cm-98ab84ce,SV-MINIMARINA-ALUMINIO-AZUL-MAR,psy(shopify),213.34,213.95,234.95,235.95,OK,
balliu-mini-tumbona-de-exterior-aluminio-57-cm-98ab84ce,SV-MINIMARINA-ALUMINIO-GRIS-OSC,psy(shopify),213.34,213.95,234.95,235.95,OK,
balliu-mini-tumbona-de-exterior-aluminio-57-cm-98ab84ce,SV-MINIMARINA-ALUMINIO-AZUL-ACERO,psy(shopify),213.34,213.95,234.95,235.95,OK,
balliu-cama-balinesa-exterior-aluminio-estilo-sofisticado-160-cm-2bd3a7a4,BALLIU_AURA_CAMA_BALINESA_TELA_NAUTICA_2BD3A7A4,excel_col_G,1999.00,1999.00,2200.00,2200.00,SIN_CAMBIOS,
balliu-cama-balinesa-exterior-aluminio-estilo-minimalista-198-cm-dcaf71d8,BALLIU_ALMA_CAMA_BALINESA_TELA_NAUTICA_DCAF71D8,excel_col_G,2815.00,2815.00,3100.00,3100.00,SIN_CAMBIOS,
balliu-taburete-exterior-aluminio-estilo-elegante-56-cm-a66b4a0a,SV-ETNA-TAB-BLANCO-AZUL,psy(shopify),186.62,186.95,199.95,199.95,OK,
balliu-taburete-exterior-aluminio-estilo-elegante-56-cm-a66b4a0a,SV-ETNA-TAB-BLANCO-AMARILLO,psy(shopify),186.62,186.95,199.95,199.95,OK,
balliu-taburete-exterior-aluminio-estilo-elegante-56-cm-a66b4a0a,SV-ETNA-TAB-BLANCO-NARANJA,psy(shopify),186.62,186.95,199.95,199.95,OK,
balliu-taburete-exterior-aluminio-estilo-elegante-56-cm-a66b4a0a,SV-ETNA-TAB-BLANCO-VERDE-CLARO,psy(shopify),186.62,186.95,199.95,199.95,OK,
balliu-taburete-exterior-aluminio-estilo-elegante-56-cm-a66b4a0a,SV-ETNA-TAB-BLANCO-BLANCO,psy(shopify),186.62,186.95,199.95,199.95,OK,
balliu-taburete-exterior-aluminio-estilo-elegante-56-cm-a66b4a0a,SV-ETNA-TAB-BLANCO-NATURAL,psy(shopify),186.62,186.95,199.95,199.95,OK,
balliu-taburete-exterior-aluminio-estilo-elegante-56-cm-a66b4a0a,SV-ETNA-TAB-BLANCO-CAPUCHINO,psy(shopify),186.62,186.95,199.95,199.95,OK,
balliu-taburete-exterior-aluminio-estilo-elegante-56-cm-a66b4a0a,SV-ETNA-TAB-BLANCO-CAQUI,psy(shopify),186.62,186.95,199.95,199.95,OK,
balliu-taburete-exterior-aluminio-estilo-elegante-56-cm-a66b4a0a,SV-ETNA-TAB-BLANCO-MARRON-OSC,psy(shopify),186.62,186.95,199.95,199.95,OK,
balliu-taburete-exterior-aluminio-estilo-elegante-56-cm-a66b4a0a,SV-ETNA-TAB-BLANCO-ARENA,psy(shopify),186.62,186.95,199.95,199.95,OK,
balliu-taburete-exterior-aluminio-estilo-elegante-56-cm-a66b4a0a,SV-ETNA-TAB-BLANCO-VERDE-OSC,psy(shopify),186.62,186.95,199.95,199.95,OK,
balliu-taburete-exterior-aluminio-estilo-elegante-56-cm-a66b4a0a,SV-ETNA-TAB-BLANCO-AZUL-CEL,psy(shopify),186.62,186.95,199.95,199.95,OK,
balliu-taburete-exterior-aluminio-estilo-elegante-56-cm-a66b4a0a,SV-ETNA-TAB-BLANCO-CENIZA,psy(shopify),186.62,186.95,199.95,199.95,OK,
balliu-taburete-exterior-aluminio-estilo-elegante-56-cm-a66b4a0a,SV-ETNA-TAB-BLANCO-AZUL-MAR,psy(shopify),186.62,186.95,199.95,199.95,OK,
balliu-taburete-exterior-aluminio-estilo-elegante-56-cm-a66b4a0a,SV-ETNA-TAB-BLANCO-GRIS-OSC,psy(shopify),186.62,186.95,199.95,199.95,OK,
balliu-taburete-exterior-aluminio-estilo-elegante-56-cm-a66b4a0a,SV-ETNA-TAB-BLANCO-AZUL-ACERO,psy(shopify),186.62,186.95,199.95,199.95,OK,
balliu-taburete-exterior-aluminio-estilo-elegante-56-cm-a66b4a0a,SV-ETNA-TAB-TORTOLA-AZUL,psy(shopify),186.62,186.95,199.95,199.95,OK,
balliu-taburete-exterior-aluminio-estilo-elegante-56-cm-a66b4a0a,SV-ETNA-TAB-TORTOLA-AMARILLO,psy(shopify),186.62,186.95,199.95,199.95,OK,
balliu-taburete-exterior-aluminio-estilo-elegante-56-cm-a66b4a0a,SV-ETNA-TAB-TORTOLA-NARANJA,psy(shopify),186.62,186.95,199.95,199.95,OK,
balliu-taburete-exterior-aluminio-estilo-elegante-56-cm-a66b4a0a,SV-ETNA-TAB-TORTOLA-VERDE-CLARO,psy(shopify),186.62,186.95,199.95,199.95,OK,
balliu-taburete-exterior-aluminio-estilo-elegante-56-cm-a66b4a0a,SV-ETNA-TAB-TORTOLA-BLANCO,psy(shopify),186.62,186.95,199.95,199.95,OK,
balliu-taburete-exterior-aluminio-estilo-elegante-56-cm-a66b4a0a,SV-ETNA-TAB-TORTOLA-NATURAL,psy(shopify),186.62,186.95,199.95,199.95,OK,
balliu-taburete-exterior-aluminio-estilo-elegante-56-cm-a66b4a0a,SV-ETNA-TAB-TORTOLA-CAPUCHINO,psy(shopify),186.62,186.95,199.95,199.95,OK,
balliu-taburete-exterior-aluminio-estilo-elegante-56-cm-a66b4a0a,SV-ETNA-TAB-TORTOLA-CAQUI,psy(shopify),186.62,186.95,199.95,199.95,OK,
balliu-taburete-exterior-aluminio-estilo-elegante-56-cm-a66b4a0a,SV-ETNA-TAB-TORTOLA-MARRON-OSC,psy(shopify),186.62,186.95,199.95,199.95,OK,
balliu-taburete-exterior-aluminio-estilo-elegante-56-cm-a66b4a0a,SV-ETNA-TAB-TORTOLA-ARENA,psy(shopify),186.62,186.95,199.95,199.95,OK,
balliu-taburete-exterior-aluminio-estilo-elegante-56-cm-a66b4a0a,SV-ETNA-TAB-TORTOLA-VERDE-OSC,psy(shopify),186.62,186.95,199.95,199.95,OK,
balliu-taburete-exterior-aluminio-estilo-elegante-56-cm-a66b4a0a,SV-ETNA-TAB-TORTOLA-AZUL-CEL,psy(shopify),186.62,186.95,199.95,199.95,OK,
balliu-taburete-exterior-aluminio-estilo-elegante-56-cm-a66b4a0a,SV-ETNA-TAB-TORTOLA-CENIZA,psy(shopify),186.62,186.95,199.95,199.95,OK,
balliu-taburete-exterior-aluminio-estilo-elegante-56-cm-a66b4a0a,SV-ETNA-TAB-TORTOLA-AZUL-MAR,psy(shopify),186.62,186.95,199.95,199.95,OK,
balliu-taburete-exterior-aluminio-estilo-elegante-56-cm-a66b4a0a,SV-ETNA-TAB-TORTOLA-GRIS-OSC,psy(shopify),186.62,186.95,199.95,199.95,OK,
balliu-taburete-exterior-aluminio-estilo-elegante-56-cm-a66b4a0a,SV-ETNA-TAB-TORTOLA-AZUL-ACERO,psy(shopify),186.62,186.95,199.95,199.95,OK,
balliu-taburete-exterior-aluminio-estilo-elegante-56-cm-a66b4a0a,SV-ETNA-TAB-ALUMINIO-AZUL,psy(shopify),186.62,186.95,199.95,199.95,OK,
balliu-taburete-exterior-aluminio-estilo-elegante-56-cm-a66b4a0a,SV-ETNA-TAB-ALUMINIO-AMARILLO,psy(shopify),186.62,186.95,199.95,199.95,OK,
balliu-taburete-exterior-aluminio-estilo-elegante-56-cm-a66b4a0a,SV-ETNA-TAB-ALUMINIO-NARANJA,psy(shopify),186.62,186.95,199.95,199.95,OK,
balliu-taburete-exterior-aluminio-estilo-elegante-56-cm-a66b4a0a,SV-ETNA-TAB-ALUMINIO-VERDE-CLARO,psy(shopify),186.62,186.95,199.95,199.95,OK,
balliu-taburete-exterior-aluminio-estilo-elegante-56-cm-a66b4a0a,SV-ETNA-TAB-ALUMINIO-BLANCO,psy(shopify),186.62,186.95,199.95,199.95,OK,
balliu-taburete-exterior-aluminio-estilo-elegante-56-cm-a66b4a0a,SV-ETNA-TAB-ALUMINIO-NATURAL,psy(shopify),186.62,186.95,199.95,199.95,OK,
balliu-taburete-exterior-aluminio-estilo-elegante-56-cm-a66b4a0a,SV-ETNA-TAB-ALUMINIO-CAPUCHINO,psy(shopify),186.62,186.95,199.95,199.95,OK,
balliu-taburete-exterior-aluminio-estilo-elegante-56-cm-a66b4a0a,SV-ETNA-TAB-ALUMINIO-CAQUI,psy(shopify),186.62,186.95,199.95,199.95,OK,
balliu-taburete-exterior-aluminio-estilo-elegante-56-cm-a66b4a0a,SV-ETNA-TAB-ALUMINIO-MARRON-OSC,psy(shopify),186.62,186.95,199.95,199.95,OK,
balliu-taburete-exterior-aluminio-estilo-elegante-56-cm-a66b4a0a,SV-ETNA-TAB-ALUMINIO-ARENA,psy(shopify),186.62,186.95,199.95,199.95,OK,
balliu-taburete-exterior-aluminio-estilo-elegante-56-cm-a66b4a0a,SV-ETNA-TAB-ALUMINIO-VERDE-OSC,psy(shopify),186.62,186.95,199.95,199.95,OK,
balliu-taburete-exterior-aluminio-estilo-elegante-56-cm-a66b4a0a,SV-ETNA-TAB-ALUMINIO-AZUL-CEL,psy(shopify),186.62,186.95,199.95,199.95,OK,
balliu-taburete-exterior-aluminio-estilo-elegante-56-cm-a66b4a0a,SV-ETNA-TAB-ALUMINIO-CENIZA,psy(shopify),186.62,186.95,199.95,199.95,OK,
balliu-taburete-exterior-aluminio-estilo-elegante-56-cm-a66b4a0a,SV-ETNA-TAB-ALUMINIO-AZUL-MAR,psy(shopify),186.62,186.95,199.95,199.95,OK,
balliu-taburete-exterior-aluminio-estilo-elegante-56-cm-a66b4a0a,SV-ETNA-TAB-ALUMINIO-GRIS-OSC,psy(shopify),186.62,186.95,199.95,199.95,OK,
balliu-taburete-exterior-aluminio-estilo-elegante-56-cm-a66b4a0a,SV-ETNA-TAB-ALUMINIO-AZUL-ACERO,psy(shopify),186.62,186.95,199.95,199.95,OK,
balliu-silla-exterior-con-brazos-aluminio-estilo-elegante-56-cm-5c88bd77,SV-ETNA-SILLA-BLANCO-AZUL,psy(shopify),181.89,181.95,199.95,199.95,OK,
balliu-silla-exterior-con-brazos-aluminio-estilo-elegante-56-cm-5c88bd77,SV-ETNA-SILLA-BLANCO-AMARILLO,psy(shopify),181.89,181.95,199.95,199.95,OK,
balliu-silla-exterior-con-brazos-aluminio-estilo-elegante-56-cm-5c88bd77,SV-ETNA-SILLA-BLANCO-NARANJA,psy(shopify),181.89,181.95,199.95,199.95,OK,
balliu-silla-exterior-con-brazos-aluminio-estilo-elegante-56-cm-5c88bd77,SV-ETNA-SILLA-BLANCO-VERDE-CLARO,psy(shopify),181.89,181.95,199.95,199.95,OK,
balliu-silla-exterior-con-brazos-aluminio-estilo-elegante-56-cm-5c88bd77,SV-ETNA-SILLA-BLANCO-BLANCO,psy(shopify),181.89,181.95,199.95,199.95,OK,
balliu-silla-exterior-con-brazos-aluminio-estilo-elegante-56-cm-5c88bd77,SV-ETNA-SILLA-BLANCO-NATURAL,psy(shopify),181.89,181.95,199.95,199.95,OK,
balliu-silla-exterior-con-brazos-aluminio-estilo-elegante-56-cm-5c88bd77,SV-ETNA-SILLA-BLANCO-CAPUCHINO,psy(shopify),181.89,181.95,199.95,199.95,OK,
balliu-silla-exterior-con-brazos-aluminio-estilo-elegante-56-cm-5c88bd77,SV-ETNA-SILLA-BLANCO-CAQUI,psy(shopify),181.89,181.95,199.95,199.95,OK,
balliu-silla-exterior-con-brazos-aluminio-estilo-elegante-56-cm-5c88bd77,SV-ETNA-SILLA-BLANCO-MARRON-OSC,psy(shopify),181.89,181.95,199.95,199.95,OK,
balliu-silla-exterior-con-brazos-aluminio-estilo-elegante-56-cm-5c88bd77,SV-ETNA-SILLA-BLANCO-ARENA,psy(shopify),181.89,181.95,199.95,199.95,OK,
balliu-silla-exterior-con-brazos-aluminio-estilo-elegante-56-cm-5c88bd77,SV-ETNA-SILLA-BLANCO-VERDE-OSC,psy(shopify),181.89,181.95,199.95,199.95,OK,
balliu-silla-exterior-con-brazos-aluminio-estilo-elegante-56-cm-5c88bd77,SV-ETNA-SILLA-BLANCO-AZUL-CEL,psy(shopify),181.89,181.95,199.95,199.95,OK,
balliu-silla-exterior-con-brazos-aluminio-estilo-elegante-56-cm-5c88bd77,SV-ETNA-SILLA-BLANCO-CENIZA,psy(shopify),181.89,181.95,199.95,199.95,OK,
balliu-silla-exterior-con-brazos-aluminio-estilo-elegante-56-cm-5c88bd77,SV-ETNA-SILLA-BLANCO-AZUL-MAR,psy(shopify),181.89,181.95,199.95,199.95,OK,
balliu-silla-exterior-con-brazos-aluminio-estilo-elegante-56-cm-5c88bd77,SV-ETNA-SILLA-BLANCO-GRIS-OSC,psy(shopify),181.89,181.95,199.95,199.95,OK,
balliu-silla-exterior-con-brazos-aluminio-estilo-elegante-56-cm-5c88bd77,SV-ETNA-SILLA-BLANCO-AZUL-ACERO,psy(shopify),181.89,181.95,199.95,199.95,OK,
balliu-silla-exterior-con-brazos-aluminio-estilo-elegante-56-cm-5c88bd77,SV-ETNA-SILLA-TORTOLA-AZUL,psy(shopify),181.89,181.95,199.95,199.95,OK,
balliu-silla-exterior-con-brazos-aluminio-estilo-elegante-56-cm-5c88bd77,SV-ETNA-SILLA-TORTOLA-AMARILLO,psy(shopify),181.89,181.95,199.95,199.95,OK,
balliu-silla-exterior-con-brazos-aluminio-estilo-elegante-56-cm-5c88bd77,SV-ETNA-SILLA-TORTOLA-NARANJA,psy(shopify),181.89,181.95,199.95,199.95,OK,
balliu-silla-exterior-con-brazos-aluminio-estilo-elegante-56-cm-5c88bd77,SV-ETNA-SILLA-TORTOLA-VERDE-CLARO,psy(shopify),181.89,181.95,199.95,199.95,OK,
balliu-silla-exterior-con-brazos-aluminio-estilo-elegante-56-cm-5c88bd77,SV-ETNA-SILLA-TORTOLA-BLANCO,psy(shopify),181.89,181.95,199.95,199.95,OK,
balliu-silla-exterior-con-brazos-aluminio-estilo-elegante-56-cm-5c88bd77,SV-ETNA-SILLA-TORTOLA-NATURAL,psy(shopify),181.89,181.95,199.95,199.95,OK,
balliu-silla-exterior-con-brazos-aluminio-estilo-elegante-56-cm-5c88bd77,SV-ETNA-SILLA-TORTOLA-CAPUCHINO,psy(shopify),181.89,181.95,199.95,199.95,OK,
balliu-silla-exterior-con-brazos-aluminio-estilo-elegante-56-cm-5c88bd77,SV-ETNA-SILLA-TORTOLA-CAQUI,psy(shopify),181.89,181.95,199.95,199.95,OK,
balliu-silla-exterior-con-brazos-aluminio-estilo-elegante-56-cm-5c88bd77,SV-ETNA-SILLA-TORTOLA-MARRON-OSC,psy(shopify),181.89,181.95,199.95,199.95,OK,
balliu-silla-exterior-con-brazos-aluminio-estilo-elegante-56-cm-5c88bd77,SV-ETNA-SILLA-TORTOLA-ARENA,psy(shopify),181.89,181.95,199.95,199.95,OK,
balliu-silla-exterior-con-brazos-aluminio-estilo-elegante-56-cm-5c88bd77,SV-ETNA-SILLA-TORTOLA-VERDE-OSC,psy(shopify),181.89,181.95,199.95,199.95,OK,
balliu-silla-exterior-con-brazos-aluminio-estilo-elegante-56-cm-5c88bd77,SV-ETNA-SILLA-TORTOLA-AZUL-CEL,psy(shopify),181.89,181.95,199.95,199.95,OK,
balliu-silla-exterior-con-brazos-aluminio-estilo-elegante-56-cm-5c88bd77,SV-ETNA-SILLA-TORTOLA-CENIZA,psy(shopify),181.89,181.95,199.95,199.95,OK,
balliu-silla-exterior-con-brazos-aluminio-estilo-elegante-56-cm-5c88bd77,SV-ETNA-SILLA-TORTOLA-AZUL-MAR,psy(shopify),181.89,181.95,199.95,199.95,OK,
balliu-silla-exterior-con-brazos-aluminio-estilo-elegante-56-cm-5c88bd77,SV-ETNA-SILLA-TORTOLA-GRIS-OSC,psy(shopify),181.89,181.95,199.95,199.95,OK,
balliu-silla-exterior-con-brazos-aluminio-estilo-elegante-56-cm-5c88bd77,SV-ETNA-SILLA-TORTOLA-AZUL-ACERO,psy(shopify),181.89,181.95,199.95,199.95,OK,
balliu-silla-exterior-con-brazos-aluminio-estilo-elegante-56-cm-5c88bd77,SV-ETNA-SILLA-ALUMINIO-AZUL,psy(shopify),181.89,181.95,199.95,199.95,OK,
balliu-silla-exterior-con-brazos-aluminio-estilo-elegante-56-cm-5c88bd77,SV-ETNA-SILLA-ALUMINIO-AMARILLO,psy(shopify),181.89,181.95,199.95,199.95,OK,
balliu-silla-exterior-con-brazos-aluminio-estilo-elegante-56-cm-5c88bd77,SV-ETNA-SILLA-ALUMINIO-NARANJA,psy(shopify),181.89,181.95,199.95,199.95,OK,
balliu-silla-exterior-con-brazos-aluminio-estilo-elegante-56-cm-5c88bd77,SV-ETNA-SILLA-ALUMINIO-VERDE-CLARO,psy(shopify),181.89,181.95,199.95,199.95,OK,
balliu-silla-exterior-con-brazos-aluminio-estilo-elegante-56-cm-5c88bd77,SV-ETNA-SILLA-ALUMINIO-BLANCO,psy(shopify),181.89,181.95,199.95,199.95,OK,
balliu-silla-exterior-con-brazos-aluminio-estilo-elegante-56-cm-5c88bd77,SV-ETNA-SILLA-ALUMINIO-NATURAL,psy(shopify),181.89,181.95,199.95,199.95,OK,
balliu-silla-exterior-con-brazos-aluminio-estilo-elegante-56-cm-5c88bd77,SV-ETNA-SILLA-ALUMINIO-CAPUCHINO,psy(shopify),181.89,181.95,199.95,199.95,OK,
balliu-silla-exterior-con-brazos-aluminio-estilo-elegante-56-cm-5c88bd77,SV-ETNA-SILLA-ALUMINIO-CAQUI,psy(shopify),181.89,181.95,199.95,199.95,OK,
balliu-silla-exterior-con-brazos-aluminio-estilo-elegante-56-cm-5c88bd77,SV-ETNA-SILLA-ALUMINIO-MARRON-OSC,psy(shopify),181.89,181.95,199.95,199.95,OK,
balliu-silla-exterior-con-brazos-aluminio-estilo-elegante-56-cm-5c88bd77,SV-ETNA-SILLA-ALUMINIO-ARENA,psy(shopify),181.89,181.95,199.95,199.95,OK,
balliu-silla-exterior-con-brazos-aluminio-estilo-elegante-56-cm-5c88bd77,SV-ETNA-SILLA-ALUMINIO-VERDE-OSC,psy(shopify),181.89,181.95,199.95,199.95,OK,
balliu-silla-exterior-con-brazos-aluminio-estilo-elegante-56-cm-5c88bd77,SV-ETNA-SILLA-ALUMINIO-AZUL-CEL,psy(shopify),181.89,181.95,199.95,199.95,OK,
balliu-silla-exterior-con-brazos-aluminio-estilo-elegante-56-cm-5c88bd77,SV-ETNA-SILLA-ALUMINIO-CENIZA,psy(shopify),181.89,181.95,199.95,199.95,OK,
balliu-silla-exterior-con-brazos-aluminio-estilo-elegante-56-cm-5c88bd77,SV-ETNA-SILLA-ALUMINIO-AZUL-MAR,psy(shopify),181.89,181.95,199.95,199.95,OK,
balliu-silla-exterior-con-brazos-aluminio-estilo-elegante-56-cm-5c88bd77,SV-ETNA-SILLA-ALUMINIO-GRIS-OSC,psy(shopify),181.89,181.95,199.95,199.95,OK,
balliu-silla-exterior-con-brazos-aluminio-estilo-elegante-56-cm-5c88bd77,SV-ETNA-SILLA-ALUMINIO-AZUL-ACERO,psy(shopify),181.89,181.95,199.95,199.95,OK,
balliu-silla-exterior-con-brazos-aluminio-estilo-elegante-56-cm-eaf4a34a,SV-ETNA-ALTA-BLANCO-AZUL,psy(shopify),190.20,190.95,199.95,210.95,OK,
balliu-silla-exterior-con-brazos-aluminio-estilo-elegante-56-cm-eaf4a34a,SV-ETNA-ALTA-BLANCO-AMARILLO,psy(shopify),190.20,190.95,199.95,210.95,OK,
balliu-silla-exterior-con-brazos-aluminio-estilo-elegante-56-cm-eaf4a34a,SV-ETNA-ALTA-BLANCO-NARANJA,psy(shopify),190.20,190.95,199.95,210.95,OK,
balliu-silla-exterior-con-brazos-aluminio-estilo-elegante-56-cm-eaf4a34a,SV-ETNA-ALTA-BLANCO-VERDE-CLARO,psy(shopify),190.20,190.95,199.95,210.95,OK,
balliu-silla-exterior-con-brazos-aluminio-estilo-elegante-56-cm-eaf4a34a,SV-ETNA-ALTA-BLANCO-BLANCO,psy(shopify),190.20,190.95,199.95,210.95,OK,
balliu-silla-exterior-con-brazos-aluminio-estilo-elegante-56-cm-eaf4a34a,SV-ETNA-ALTA-BLANCO-NATURAL,psy(shopify),190.20,190.95,199.95,210.95,OK,
balliu-silla-exterior-con-brazos-aluminio-estilo-elegante-56-cm-eaf4a34a,SV-ETNA-ALTA-BLANCO-CAPUCHINO,psy(shopify),190.20,190.95,199.95,210.95,OK,
balliu-silla-exterior-con-brazos-aluminio-estilo-elegante-56-cm-eaf4a34a,SV-ETNA-ALTA-BLANCO-CAQUI,psy(shopify),190.20,190.95,199.95,210.95,OK,
balliu-silla-exterior-con-brazos-aluminio-estilo-elegante-56-cm-eaf4a34a,SV-ETNA-ALTA-BLANCO-MARRON-OSC,psy(shopify),190.20,190.95,199.95,210.95,OK,
balliu-silla-exterior-con-brazos-aluminio-estilo-elegante-56-cm-eaf4a34a,SV-ETNA-ALTA-BLANCO-ARENA,psy(shopify),190.20,190.95,199.95,210.95,OK,
balliu-silla-exterior-con-brazos-aluminio-estilo-elegante-56-cm-eaf4a34a,SV-ETNA-ALTA-BLANCO-VERDE-OSC,psy(shopify),190.20,190.95,199.95,210.95,OK,
balliu-silla-exterior-con-brazos-aluminio-estilo-elegante-56-cm-eaf4a34a,SV-ETNA-ALTA-BLANCO-AZUL-CEL,psy(shopify),190.20,190.95,199.95,210.95,OK,
balliu-silla-exterior-con-brazos-aluminio-estilo-elegante-56-cm-eaf4a34a,SV-ETNA-ALTA-BLANCO-CENIZA,psy(shopify),190.20,190.95,199.95,210.95,OK,
balliu-silla-exterior-con-brazos-aluminio-estilo-elegante-56-cm-eaf4a34a,SV-ETNA-ALTA-BLANCO-AZUL-MAR,psy(shopify),190.20,190.95,199.95,210.95,OK,
balliu-silla-exterior-con-brazos-aluminio-estilo-elegante-56-cm-eaf4a34a,SV-ETNA-ALTA-BLANCO-GRIS-OSC,psy(shopify),190.20,190.95,199.95,210.95,OK,
balliu-silla-exterior-con-brazos-aluminio-estilo-elegante-56-cm-eaf4a34a,SV-ETNA-ALTA-BLANCO-AZUL-ACERO,psy(shopify),190.20,190.95,199.95,210.95,OK,
balliu-silla-exterior-con-brazos-aluminio-estilo-elegante-56-cm-eaf4a34a,SV-ETNA-ALTA-TORTOLA-AZUL,psy(shopify),190.20,190.95,199.95,210.95,OK,
balliu-silla-exterior-con-brazos-aluminio-estilo-elegante-56-cm-eaf4a34a,SV-ETNA-ALTA-TORTOLA-AMARILLO,psy(shopify),190.20,190.95,199.95,210.95,OK,
balliu-silla-exterior-con-brazos-aluminio-estilo-elegante-56-cm-eaf4a34a,SV-ETNA-ALTA-TORTOLA-NARANJA,psy(shopify),190.20,190.95,199.95,210.95,OK,
balliu-silla-exterior-con-brazos-aluminio-estilo-elegante-56-cm-eaf4a34a,SV-ETNA-ALTA-TORTOLA-VERDE-CLARO,psy(shopify),190.20,190.95,199.95,210.95,OK,
balliu-silla-exterior-con-brazos-aluminio-estilo-elegante-56-cm-eaf4a34a,SV-ETNA-ALTA-TORTOLA-BLANCO,psy(shopify),190.20,190.95,199.95,210.95,OK,
balliu-silla-exterior-con-brazos-aluminio-estilo-elegante-56-cm-eaf4a34a,SV-ETNA-ALTA-TORTOLA-NATURAL,psy(shopify),190.20,190.95,199.95,210.95,OK,
balliu-silla-exterior-con-brazos-aluminio-estilo-elegante-56-cm-eaf4a34a,SV-ETNA-ALTA-TORTOLA-CAPUCHINO,psy(shopify),190.20,190.95,199.95,210.95,OK,
balliu-silla-exterior-con-brazos-aluminio-estilo-elegante-56-cm-eaf4a34a,SV-ETNA-ALTA-TORTOLA-CAQUI,psy(shopify),190.20,190.95,199.95,210.95,OK,
balliu-silla-exterior-con-brazos-aluminio-estilo-elegante-56-cm-eaf4a34a,SV-ETNA-ALTA-TORTOLA-MARRON-OSC,psy(shopify),190.20,190.95,199.95,210.95,OK,
balliu-silla-exterior-con-brazos-aluminio-estilo-elegante-56-cm-eaf4a34a,SV-ETNA-ALTA-TORTOLA-ARENA,psy(shopify),190.20,190.95,199.95,210.95,OK,
balliu-silla-exterior-con-brazos-aluminio-estilo-elegante-56-cm-eaf4a34a,SV-ETNA-ALTA-TORTOLA-VERDE-OSC,psy(shopify),190.20,190.95,199.95,210.95,OK,
balliu-silla-exterior-con-brazos-aluminio-estilo-elegante-56-cm-eaf4a34a,SV-ETNA-ALTA-TORTOLA-AZUL-CEL,psy(shopify),190.20,190.95,199.95,210.95,OK,
balliu-silla-exterior-con-brazos-aluminio-estilo-elegante-56-cm-eaf4a34a,SV-ETNA-ALTA-TORTOLA-CENIZA,psy(shopify),190.20,190.95,199.95,210.95,OK,
balliu-silla-exterior-con-brazos-aluminio-estilo-elegante-56-cm-eaf4a34a,SV-ETNA-ALTA-TORTOLA-AZUL-MAR,psy(shopify),190.20,190.95,199.95,210.95,OK,
balliu-silla-exterior-con-brazos-aluminio-estilo-elegante-56-cm-eaf4a34a,SV-ETNA-ALTA-TORTOLA-GRIS-OSC,psy(shopify),190.20,190.95,199.95,210.95,OK,
balliu-silla-exterior-con-brazos-aluminio-estilo-elegante-56-cm-eaf4a34a,SV-ETNA-ALTA-TORTOLA-AZUL-ACERO,psy(shopify),190.20,190.95,199.95,210.95,OK,
balliu-silla-exterior-con-brazos-aluminio-estilo-elegante-56-cm-eaf4a34a,SV-ETNA-ALTA-ALUMINIO-AZUL,psy(shopify),190.20,190.95,199.95,210.95,OK,
balliu-silla-exterior-con-brazos-aluminio-estilo-elegante-56-cm-eaf4a34a,SV-ETNA-ALTA-ALUMINIO-AMARILLO,psy(shopify),190.20,190.95,199.95,210.95,OK,
balliu-silla-exterior-con-brazos-aluminio-estilo-elegante-56-cm-eaf4a34a,SV-ETNA-ALTA-ALUMINIO-NARANJA,psy(shopify),190.20,190.95,199.95,210.95,OK,
balliu-silla-exterior-con-brazos-aluminio-estilo-elegante-56-cm-eaf4a34a,SV-ETNA-ALTA-ALUMINIO-VERDE-CLARO,psy(shopify),190.20,190.95,199.95,210.95,OK,
balliu-silla-exterior-con-brazos-aluminio-estilo-elegante-56-cm-eaf4a34a,SV-ETNA-ALTA-ALUMINIO-BLANCO,psy(shopify),190.20,190.95,199.95,210.95,OK,
balliu-silla-exterior-con-brazos-aluminio-estilo-elegante-56-cm-eaf4a34a,SV-ETNA-ALTA-ALUMINIO-NATURAL,psy(shopify),190.20,190.95,199.95,210.95,OK,
balliu-silla-exterior-con-brazos-aluminio-estilo-elegante-56-cm-eaf4a34a,SV-ETNA-ALTA-ALUMINIO-CAPUCHINO,psy(shopify),190.20,190.95,199.95,210.95,OK,
balliu-silla-exterior-con-brazos-aluminio-estilo-elegante-56-cm-eaf4a34a,SV-ETNA-ALTA-ALUMINIO-CAQUI,psy(shopify),190.20,190.95,199.95,210.95,OK,
balliu-silla-exterior-con-brazos-aluminio-estilo-elegante-56-cm-eaf4a34a,SV-ETNA-ALTA-ALUMINIO-MARRON-OSC,psy(shopify),190.20,190.95,199.95,210.95,OK,
balliu-silla-exterior-con-brazos-aluminio-estilo-elegante-56-cm-eaf4a34a,SV-ETNA-ALTA-ALUMINIO-ARENA,psy(shopify),190.20,190.95,199.95,210.95,OK,
balliu-silla-exterior-con-brazos-aluminio-estilo-elegante-56-cm-eaf4a34a,SV-ETNA-ALTA-ALUMINIO-VERDE-OSC,psy(shopify),190.20,190.95,199.95,210.95,OK,
balliu-silla-exterior-con-brazos-aluminio-estilo-elegante-56-cm-eaf4a34a,SV-ETNA-ALTA-ALUMINIO-AZUL-CEL,psy(shopify),190.20,190.95,199.95,210.95,OK,
balliu-silla-exterior-con-brazos-aluminio-estilo-elegante-56-cm-eaf4a34a,SV-ETNA-ALTA-ALUMINIO-CENIZA,psy(shopify),190.20,190.95,199.95,210.95,OK,
balliu-silla-exterior-con-brazos-aluminio-estilo-elegante-56-cm-eaf4a34a,SV-ETNA-ALTA-ALUMINIO-AZUL-MAR,psy(shopify),190.20,190.95,199.95,210.95,OK,
balliu-silla-exterior-con-brazos-aluminio-estilo-elegante-56-cm-eaf4a34a,SV-ETNA-ALTA-ALUMINIO-GRIS-OSC,psy(shopify),190.20,190.95,199.95,210.95,OK,
balliu-silla-exterior-con-brazos-aluminio-estilo-elegante-56-cm-eaf4a34a,SV-ETNA-ALTA-ALUMINIO-AZUL-ACERO,psy(shopify),190.20,190.95,199.95,210.95,OK,
balliu-silla-exterior-resina-estilo-minimalista-484cbea0,SV-DUNA-BLANCO,psy(shopify),77.39,77.95,85.95,85.95,OK,
balliu-silla-exterior-resina-estilo-minimalista-484cbea0,SV-DUNA-NEGRO,psy(shopify),81.76,81.95,85.95,90.95,OK,
balliu-silla-exterior-resina-estilo-minimalista-484cbea0,SV-DUNA-TORTOLA,psy(shopify),81.76,81.95,85.95,90.95,OK,
balliu-silla-exterior-resina-estilo-clasico-57-cm-8164cc65,SV-BIMBA-BLANCO,psy(shopify),102.03,99.90,112.95,109.95,OK,
balliu-silla-exterior-resina-estilo-clasico-57-cm-8164cc65,SV-BIMBA-NEGRO,psy(shopify),103.56,99.90,112.95,109.95,OK,
balliu-silla-exterior-resina-estilo-clasico-57-cm-8164cc65,SV-BIMBA-TORTOLA,psy(shopify),103.56,99.90,112.95,109.95,OK,
balliu-silla-exterior-resina-estilo-funcional-0b607ec7,SV-SELVA-SILLA-BLANCO,psy(shopify),33.50,33.95,44.00,44.00,OK,
balliu-silla-exterior-resina-estilo-funcional-0b607ec7,SV-SELVA-SILLA-ARENA,psy(shopify),40.52,40.95,44.00,53.00,OK,
balliu-silla-exterior-sin-brazos-resina-estilo-contemporaneo-49-cm-af080e9c,SV-BRUNA-SIN-BRAZOS-BLANCO,psy(shopify),70.81,70.95,77.95,78.95,OK,
balliu-silla-exterior-sin-brazos-resina-estilo-contemporaneo-49-cm-af080e9c,SV-BRUNA-SIN-BRAZOS-TORTOLA,psy(shopify),70.81,70.95,77.95,78.95,OK,
balliu-silla-exterior-sin-brazos-resina-estilo-contemporaneo-49-cm-af080e9c,SV-BRUNA-CON-BRAZOS-BLANCO,psy(shopify),84.19,84.95,77.95,93.95,OK,
balliu-silla-exterior-sin-brazos-resina-estilo-contemporaneo-49-cm-af080e9c,SV-BRUNA-CON-BRAZOS-TORTOLA,psy(shopify),84.19,84.95,77.95,93.95,OK,
balliu-silla-exterior-sin-brazos-resina-estilo-funcional-daabcdaf,SV-VERA-SIN-BRAZOS-BLANCO,psy(shopify),77.97,78.95,85.95,86.95,OK,
balliu-silla-exterior-sin-brazos-resina-estilo-funcional-daabcdaf,SV-VERA-SIN-BRAZOS-TORTOLA,psy(shopify),77.97,78.95,85.95,86.95,OK,
balliu-silla-exterior-sin-brazos-resina-estilo-funcional-daabcdaf,SV-VERA-CON-BRAZOS-BLANCO,psy(shopify),79.76,79.95,85.95,87.95,OK,
balliu-silla-exterior-sin-brazos-resina-estilo-funcional-daabcdaf,SV-VERA-CON-BRAZOS-TORTOLA,psy(shopify),79.76,79.95,85.95,87.95,OK,
balliu-silla-exterior-sin-brazos-resina-estilo-funcional-daabcdaf,SV-VERA-SILLON-L-BLANCO,psy(shopify),115.08,115.95,85.95,127.95,OK,
balliu-silla-exterior-sin-brazos-resina-estilo-funcional-daabcdaf,SV-VERA-SILLON-L-TORTOLA,psy(shopify),115.08,115.95,85.95,127.95,OK,
balliu-silla-exterior-sin-brazos-estilo-contemporaneo-53-cm-cd07e7d6,SV-VENUS-SIN-BRAZOS,psy(shopify),65.42,65.95,72.95,72.95,OK,
balliu-silla-exterior-sin-brazos-estilo-contemporaneo-53-cm-cd07e7d6,SV-VENUS-CON-BRAZOS,psy(shopify),70.71,70.95,72.95,78.95,OK,
balliu-silla-exterior-con-brazos-aluminio-estilo-elegante-58-cm-bc0c02ec,SV-MILA-BLANCO-BLANCO,psy(shopify),97.88,97.95,107.95,107.95,OK,
balliu-silla-exterior-con-brazos-aluminio-estilo-elegante-58-cm-bc0c02ec,SV-MILA-BLANCO-CENIZA,psy(shopify),97.88,97.95,107.95,107.95,OK,
balliu-silla-exterior-con-brazos-aluminio-estilo-elegante-58-cm-bc0c02ec,SV-MILA-ALUMINIO-BLANCO,psy(shopify),97.88,97.95,107.95,107.95,OK,
balliu-silla-exterior-con-brazos-aluminio-estilo-elegante-58-cm-bc0c02ec,SV-MILA-ALUMINIO-CENIZA,psy(shopify),97.88,97.95,107.95,107.95,OK,
balliu-mesa-exterior-5d0fb586,SV-MINIPRESTIGE-BLANCO,psy(shopify),27.66,27.95,36.00,36.00,OK,
balliu-mesa-exterior-5d0fb586,SV-MINIPRESTIGE-ARENA,psy(shopify),29.17,29.95,36.00,39.00,OK,
balliu-mesa-exterior-5d0fb586,SV-MINIPRESTIGE-BRONCE,psy(shopify),29.17,29.95,36.00,39.00,OK,
balliu-mesa-exterior-5d0fb586,SV-MINIPRESTIGE-GRIS-OSC,psy(shopify),29.17,29.95,36.00,39.00,OK,
balliu-mesa-exterior-5d0fb586,SV-MINIPRESTIGE-MADERA,psy(shopify),29.17,29.95,36.00,39.00,OK,
balliu-mesa-auxiliar-exterior-resina-48-cm-de421a42,SV-EVAPROMINI-BLANCO,psy(shopify),33.43,33.95,43.00,44.00,OK,
balliu-mesa-auxiliar-exterior-resina-48-cm-de421a42,SV-EVAPROMINI-ARENA,psy(shopify),34.41,34.95,43.00,45.00,OK,
balliu-mesa-auxiliar-exterior-resina-48-cm-de421a42,SV-EVAPROMINI-BRONCE,psy(shopify),34.41,34.95,43.00,45.00,OK,
balliu-mesa-auxiliar-exterior-resina-48-cm-de421a42,SV-EVAPROMINI-GRIS-OSC,psy(shopify),34.41,34.95,43.00,45.00,OK,
balliu-mesa-auxiliar-exterior-resina-48-cm-de421a42,SV-EVAPROMINI-TORTOLA,psy(shopify),34.41,34.95,43.00,45.00,OK,
balliu-mesa-auxiliar-exterior-resina-48-cm-35554775,SV-EVAPROBCN-BLANCO,psy(shopify),35.99,36.95,47.00,48.00,OK,
balliu-mesa-auxiliar-exterior-resina-48-cm-35554775,SV-EVAPROBCN-ARENA,psy(shopify),37.79,37.95,47.00,49.00,OK,
balliu-mesa-auxiliar-exterior-resina-48-cm-35554775,SV-EVAPROBCN-BRONCE,psy(shopify),37.79,37.95,47.00,49.00,OK,
balliu-mesa-auxiliar-exterior-resina-48-cm-35554775,SV-EVAPROBCN-GRIS-OSC,psy(shopify),37.79,37.95,47.00,49.00,OK,
balliu-mesa-auxiliar-exterior-resina-48-cm-35554775,SV-EVAPROBCN-TORTOLA,psy(shopify),37.79,37.95,47.00,49.00,OK,
balliu-mesa-auxiliar-exterior-aluminio-54-cm-6c7a42d9,SV-OLIMPIAAUX-BLANCO-AZUL,psy(shopify),157.63,157.95,173.95,173.95,OK,
balliu-mesa-auxiliar-exterior-aluminio-54-cm-6c7a42d9,SV-OLIMPIAAUX-BLANCO-AMARILLO,psy(shopify),157.63,157.95,173.95,173.95,OK,
balliu-mesa-auxiliar-exterior-aluminio-54-cm-6c7a42d9,SV-OLIMPIAAUX-BLANCO-NARANJA,psy(shopify),157.63,157.95,173.95,173.95,OK,
balliu-mesa-auxiliar-exterior-aluminio-54-cm-6c7a42d9,SV-OLIMPIAAUX-BLANCO-VERDE-CLARO,psy(shopify),157.63,157.95,173.95,173.95,OK,
balliu-mesa-auxiliar-exterior-aluminio-54-cm-6c7a42d9,SV-OLIMPIAAUX-BLANCO-BLANCO,psy(shopify),157.63,157.95,173.95,173.95,OK,
balliu-mesa-auxiliar-exterior-aluminio-54-cm-6c7a42d9,SV-OLIMPIAAUX-BLANCO-NATURAL,psy(shopify),157.63,157.95,173.95,173.95,OK,
balliu-mesa-auxiliar-exterior-aluminio-54-cm-6c7a42d9,SV-OLIMPIAAUX-BLANCO-CAPUCHINO,psy(shopify),157.63,157.95,173.95,173.95,OK,
balliu-mesa-auxiliar-exterior-aluminio-54-cm-6c7a42d9,SV-OLIMPIAAUX-BLANCO-CAQUI,psy(shopify),157.63,157.95,173.95,173.95,OK,
balliu-mesa-auxiliar-exterior-aluminio-54-cm-6c7a42d9,SV-OLIMPIAAUX-BLANCO-MARRON-OSC,psy(shopify),157.63,157.95,173.95,173.95,OK,
balliu-mesa-auxiliar-exterior-aluminio-54-cm-6c7a42d9,SV-OLIMPIAAUX-BLANCO-ARENA,psy(shopify),157.63,157.95,173.95,173.95,OK,
balliu-mesa-auxiliar-exterior-aluminio-54-cm-6c7a42d9,SV-OLIMPIAAUX-BLANCO-VERDE-OSC,psy(shopify),157.63,157.95,173.95,173.95,OK,
balliu-mesa-auxiliar-exterior-aluminio-54-cm-6c7a42d9,SV-OLIMPIAAUX-BLANCO-AZUL-CEL,psy(shopify),157.63,157.95,173.95,173.95,OK,
balliu-mesa-auxiliar-exterior-aluminio-54-cm-6c7a42d9,SV-OLIMPIAAUX-BLANCO-CENIZA,psy(shopify),157.63,157.95,173.95,173.95,OK,
balliu-mesa-auxiliar-exterior-aluminio-54-cm-6c7a42d9,SV-OLIMPIAAUX-BLANCO-AZUL-MAR,psy(shopify),157.63,157.95,173.95,173.95,OK,
balliu-mesa-auxiliar-exterior-aluminio-54-cm-6c7a42d9,SV-OLIMPIAAUX-BLANCO-GRIS-OSC,psy(shopify),157.63,157.95,173.95,173.95,OK,
balliu-mesa-auxiliar-exterior-aluminio-54-cm-6c7a42d9,SV-OLIMPIAAUX-BLANCO-AZUL-ACERO,psy(shopify),157.63,157.95,173.95,173.95,OK,
balliu-mesa-auxiliar-exterior-aluminio-54-cm-6c7a42d9,SV-OLIMPIAAUX-TORTOLA-AZUL,psy(shopify),157.63,157.95,173.95,173.95,OK,
balliu-mesa-auxiliar-exterior-aluminio-54-cm-6c7a42d9,SV-OLIMPIAAUX-TORTOLA-AMARILLO,psy(shopify),157.63,157.95,173.95,173.95,OK,
balliu-mesa-auxiliar-exterior-aluminio-54-cm-6c7a42d9,SV-OLIMPIAAUX-TORTOLA-NARANJA,psy(shopify),157.63,157.95,173.95,173.95,OK,
balliu-mesa-auxiliar-exterior-aluminio-54-cm-6c7a42d9,SV-OLIMPIAAUX-TORTOLA-VERDE-CLARO,psy(shopify),157.63,157.95,173.95,173.95,OK,
balliu-mesa-auxiliar-exterior-aluminio-54-cm-6c7a42d9,SV-OLIMPIAAUX-TORTOLA-BLANCO,psy(shopify),157.63,157.95,173.95,173.95,OK,
balliu-mesa-auxiliar-exterior-aluminio-54-cm-6c7a42d9,SV-OLIMPIAAUX-TORTOLA-NATURAL,psy(shopify),157.63,157.95,173.95,173.95,OK,
balliu-mesa-auxiliar-exterior-aluminio-54-cm-6c7a42d9,SV-OLIMPIAAUX-TORTOLA-CAPUCHINO,psy(shopify),157.63,157.95,173.95,173.95,OK,
balliu-mesa-auxiliar-exterior-aluminio-54-cm-6c7a42d9,SV-OLIMPIAAUX-TORTOLA-CAQUI,psy(shopify),157.63,157.95,173.95,173.95,OK,
balliu-mesa-auxiliar-exterior-aluminio-54-cm-6c7a42d9,SV-OLIMPIAAUX-TORTOLA-MARRON-OSC,psy(shopify),157.63,157.95,173.95,173.95,OK,
balliu-mesa-auxiliar-exterior-aluminio-54-cm-6c7a42d9,SV-OLIMPIAAUX-TORTOLA-ARENA,psy(shopify),157.63,157.95,173.95,173.95,OK,
balliu-mesa-auxiliar-exterior-aluminio-54-cm-6c7a42d9,SV-OLIMPIAAUX-TORTOLA-VERDE-OSC,psy(shopify),157.63,157.95,173.95,173.95,OK,
balliu-mesa-auxiliar-exterior-aluminio-54-cm-6c7a42d9,SV-OLIMPIAAUX-TORTOLA-AZUL-CEL,psy(shopify),157.63,157.95,173.95,173.95,OK,
balliu-mesa-auxiliar-exterior-aluminio-54-cm-6c7a42d9,SV-OLIMPIAAUX-TORTOLA-CENIZA,psy(shopify),157.63,157.95,173.95,173.95,OK,
balliu-mesa-auxiliar-exterior-aluminio-54-cm-6c7a42d9,SV-OLIMPIAAUX-TORTOLA-AZUL-MAR,psy(shopify),157.63,157.95,173.95,173.95,OK,
balliu-mesa-auxiliar-exterior-aluminio-54-cm-6c7a42d9,SV-OLIMPIAAUX-TORTOLA-GRIS-OSC,psy(shopify),157.63,157.95,173.95,173.95,OK,
balliu-mesa-auxiliar-exterior-aluminio-54-cm-6c7a42d9,SV-OLIMPIAAUX-TORTOLA-AZUL-ACERO,psy(shopify),157.63,157.95,173.95,173.95,OK,
balliu-mesa-auxiliar-exterior-aluminio-54-cm-6c7a42d9,SV-OLIMPIAAUX-ALUMINIO-AZUL,psy(shopify),157.63,157.95,173.95,173.95,OK,
balliu-mesa-auxiliar-exterior-aluminio-54-cm-6c7a42d9,SV-OLIMPIAAUX-ALUMINIO-AMARILLO,psy(shopify),157.63,157.95,173.95,173.95,OK,
balliu-mesa-auxiliar-exterior-aluminio-54-cm-6c7a42d9,SV-OLIMPIAAUX-ALUMINIO-NARANJA,psy(shopify),157.63,157.95,173.95,173.95,OK,
balliu-mesa-auxiliar-exterior-aluminio-54-cm-6c7a42d9,SV-OLIMPIAAUX-ALUMINIO-VERDE-CLARO,psy(shopify),157.63,157.95,173.95,173.95,OK,
balliu-mesa-auxiliar-exterior-aluminio-54-cm-6c7a42d9,SV-OLIMPIAAUX-ALUMINIO-BLANCO,psy(shopify),157.63,157.95,173.95,173.95,OK,
balliu-mesa-auxiliar-exterior-aluminio-54-cm-6c7a42d9,SV-OLIMPIAAUX-ALUMINIO-NATURAL,psy(shopify),157.63,157.95,173.95,173.95,OK,
balliu-mesa-auxiliar-exterior-aluminio-54-cm-6c7a42d9,SV-OLIMPIAAUX-ALUMINIO-CAPUCHINO,psy(shopify),157.63,157.95,173.95,173.95,OK,
balliu-mesa-auxiliar-exterior-aluminio-54-cm-6c7a42d9,SV-OLIMPIAAUX-ALUMINIO-CAQUI,psy(shopify),157.63,157.95,173.95,173.95,OK,
balliu-mesa-auxiliar-exterior-aluminio-54-cm-6c7a42d9,SV-OLIMPIAAUX-ALUMINIO-MARRON-OSC,psy(shopify),157.63,157.95,173.95,173.95,OK,
balliu-mesa-auxiliar-exterior-aluminio-54-cm-6c7a42d9,SV-OLIMPIAAUX-ALUMINIO-ARENA,psy(shopify),157.63,157.95,173.95,173.95,OK,
balliu-mesa-auxiliar-exterior-aluminio-54-cm-6c7a42d9,SV-OLIMPIAAUX-ALUMINIO-VERDE-OSC,psy(shopify),157.63,157.95,173.95,173.95,OK,
balliu-mesa-auxiliar-exterior-aluminio-54-cm-6c7a42d9,SV-OLIMPIAAUX-ALUMINIO-AZUL-CEL,psy(shopify),157.63,157.95,173.95,173.95,OK,
balliu-mesa-auxiliar-exterior-aluminio-54-cm-6c7a42d9,SV-OLIMPIAAUX-ALUMINIO-CENIZA,psy(shopify),157.63,157.95,173.95,173.95,OK,
balliu-mesa-auxiliar-exterior-aluminio-54-cm-6c7a42d9,SV-OLIMPIAAUX-ALUMINIO-AZUL-MAR,psy(shopify),157.63,157.95,173.95,173.95,OK,
balliu-mesa-auxiliar-exterior-aluminio-54-cm-6c7a42d9,SV-OLIMPIAAUX-ALUMINIO-GRIS-OSC,psy(shopify),157.63,157.95,173.95,173.95,OK,
balliu-mesa-auxiliar-exterior-aluminio-54-cm-6c7a42d9,SV-OLIMPIAAUX-ALUMINIO-AZUL-ACERO,psy(shopify),157.63,157.95,173.95,173.95,OK,
balliu-mesa-auxiliar-exterior-aluminio-90b11e5b,SV-NOAUX-ANTRACITA,psy(shopify),136.98,137.95,143.95,149.95,OK,
balliu-mesa-auxiliar-exterior-aluminio-90b11e5b,SV-NOAUX-ARENA,psy(shopify),136.98,137.95,143.95,149.95,OK,
balliu-mesa-auxiliar-exterior-aluminio-90b11e5b,SV-NOAUX-BLANCO,psy(shopify),130.24,130.95,143.95,144.95,OK,
balliu-mesa-auxiliar-exterior-aluminio-90b11e5b,SV-NOAUX-MADERA,psy(shopify),136.98,137.95,143.95,149.95,OK,
balliu-mesa-auxiliar-exterior-aluminio-90b11e5b,SV-NOAUX-TORTOLA,psy(shopify),136.98,137.95,143.95,149.95,OK,
balliu-mesa-auxiliar-exterior-aluminio-60-cm-9c991818,SV-ETNAUX-BLANCO-GRIS,psy(shopify),167.00,167.95,173.95,184.95,OK,
balliu-mesa-auxiliar-exterior-aluminio-60-cm-9c991818,SV-ETNAUX-BLANCO-BLANCO,psy(shopify),167.00,167.95,173.95,184.95,OK,
balliu-mesa-auxiliar-exterior-aluminio-60-cm-9c991818,SV-ETNAUX-BLANCO-MOONWALK,psy(shopify),167.00,167.95,173.95,184.95,OK,
balliu-mesa-auxiliar-exterior-aluminio-60-cm-9c991818,SV-ETNAUX-BLANCO-SKYLINE,psy(shopify),167.00,167.95,173.95,184.95,OK,
balliu-mesa-auxiliar-exterior-aluminio-60-cm-9c991818,SV-ETNAUX-BLANCO-PRADO,psy(shopify),167.00,167.95,173.95,184.95,OK,
balliu-mesa-auxiliar-exterior-aluminio-60-cm-9c991818,SV-ETNAUX-TORTOLA-GRIS,psy(shopify),167.00,167.95,173.95,184.95,OK,
balliu-mesa-auxiliar-exterior-aluminio-60-cm-9c991818,SV-ETNAUX-TORTOLA-BLANCO,psy(shopify),167.00,167.95,173.95,184.95,OK,
balliu-mesa-auxiliar-exterior-aluminio-60-cm-9c991818,SV-ETNAUX-TORTOLA-MOONWALK,psy(shopify),167.00,167.95,173.95,184.95,OK,
balliu-mesa-auxiliar-exterior-aluminio-60-cm-9c991818,SV-ETNAUX-TORTOLA-SKYLINE,psy(shopify),167.00,167.95,173.95,184.95,OK,
balliu-mesa-auxiliar-exterior-aluminio-60-cm-9c991818,SV-ETNAUX-TORTOLA-PRADO,psy(shopify),167.00,167.95,173.95,184.95,OK,
balliu-mesa-auxiliar-exterior-aluminio-60-cm-9c991818,SV-ETNAUX-ALUMINIO-GRIS,psy(shopify),167.00,167.95,173.95,184.95,OK,
balliu-mesa-auxiliar-exterior-aluminio-60-cm-9c991818,SV-ETNAUX-ALUMINIO-BLANCO,psy(shopify),167.00,167.95,173.95,184.95,OK,
balliu-mesa-auxiliar-exterior-aluminio-60-cm-9c991818,SV-ETNAUX-ALUMINIO-MOONWALK,psy(shopify),167.00,167.95,173.95,184.95,OK,
balliu-mesa-auxiliar-exterior-aluminio-60-cm-9c991818,SV-ETNAUX-ALUMINIO-SKYLINE,psy(shopify),167.00,167.95,173.95,184.95,OK,
balliu-mesa-auxiliar-exterior-aluminio-60-cm-9c991818,SV-ETNAUX-ALUMINIO-PRADO,psy(shopify),167.00,167.95,173.95,184.95,OK,
balliu-mesa-exterior-resina-70-cm-33ce1613,SV-SELVA-D70,psy(shopify),181.58,181.95,199.95,199.95,OK,
balliu-mesa-exterior-resina-70-cm-33ce1613,SV-SELVA-D80,psy(shopify),188.93,188.95,199.95,199.95,OK,
balliu-mesa-exterior-resina-70-cm-33ce1613,SV-SELVA-D90,psy(shopify),221.12,221.95,199.95,244.95,OK,
balliu-mesa-exterior-resina-70-cm-33ce1613,SV-SELVA-70X70,psy(shopify),220.24,220.95,199.95,243.95,OK,
balliu-mesa-exterior-resina-70-cm-33ce1613,SV-SELVA-80X80,psy(shopify),243.88,243.95,199.95,268.95,OK,
balliu-mesa-exterior-resina-70-cm-33ce1613,SV-SELVA-120X80,psy(shopify),315.80,315.95,199.95,347.95,OK,
balliu-mesa-exterior-aluminio-8080-cm-ef580ae2,SV-BRUNEI-80X80-BLANCO-GRIS,psy(shopify),478.77,478.95,526.95,526.95,OK,
balliu-mesa-exterior-aluminio-8080-cm-ef580ae2,SV-BRUNEI-80X80-BLANCO-BLANCO,psy(shopify),478.77,478.95,526.95,526.95,OK,
balliu-mesa-exterior-aluminio-8080-cm-ef580ae2,SV-BRUNEI-80X80-BLANCO-MOONWALK,psy(shopify),478.77,478.95,526.95,526.95,OK,
balliu-mesa-exterior-aluminio-8080-cm-ef580ae2,SV-BRUNEI-80X80-BLANCO-SKYLINE,psy(shopify),478.77,478.95,526.95,526.95,OK,
balliu-mesa-exterior-aluminio-8080-cm-ef580ae2,SV-BRUNEI-80X80-BLANCO-PRADO,psy(shopify),478.77,478.95,526.95,526.95,OK,
balliu-mesa-exterior-aluminio-8080-cm-ef580ae2,SV-BRUNEI-80X80-TORTOLA-GRIS,psy(shopify),478.77,478.95,526.95,526.95,OK,
balliu-mesa-exterior-aluminio-8080-cm-ef580ae2,SV-BRUNEI-80X80-TORTOLA-BLANCO,psy(shopify),478.77,478.95,526.95,526.95,OK,
balliu-mesa-exterior-aluminio-8080-cm-ef580ae2,SV-BRUNEI-80X80-TORTOLA-MOONWALK,psy(shopify),478.77,478.95,526.95,526.95,OK,
balliu-mesa-exterior-aluminio-8080-cm-ef580ae2,SV-BRUNEI-80X80-TORTOLA-SKYLINE,psy(shopify),478.77,478.95,526.95,526.95,OK,
balliu-mesa-exterior-aluminio-8080-cm-ef580ae2,SV-BRUNEI-80X80-TORTOLA-PRADO,psy(shopify),478.77,478.95,526.95,526.95,OK,
balliu-mesa-exterior-aluminio-8080-cm-ef580ae2,SV-BRUNEI-80X80-ALUMINIO-GRIS,psy(shopify),478.77,478.95,526.95,526.95,OK,
balliu-mesa-exterior-aluminio-8080-cm-ef580ae2,SV-BRUNEI-80X80-ALUMINIO-BLANCO,psy(shopify),478.77,478.95,526.95,526.95,OK,
balliu-mesa-exterior-aluminio-8080-cm-ef580ae2,SV-BRUNEI-80X80-ALUMINIO-MOONWALK,psy(shopify),478.77,478.95,526.95,526.95,OK,
balliu-mesa-exterior-aluminio-8080-cm-ef580ae2,SV-BRUNEI-80X80-ALUMINIO-SKYLINE,psy(shopify),478.77,478.95,526.95,526.95,OK,
balliu-mesa-exterior-aluminio-8080-cm-ef580ae2,SV-BRUNEI-80X80-ALUMINIO-PRADO,psy(shopify),478.77,478.95,526.95,526.95,OK,
balliu-mesa-exterior-aluminio-8080-cm-ef580ae2,SV-BRUNEI-130X80-BLANCO-GRIS,psy(shopify),637.92,639.00,526.95,700.00,OK,
balliu-mesa-exterior-aluminio-8080-cm-ef580ae2,SV-BRUNEI-130X80-BLANCO-BLANCO,psy(shopify),637.92,639.00,526.95,700.00,OK,
balliu-mesa-exterior-aluminio-8080-cm-ef580ae2,SV-BRUNEI-130X80-BLANCO-MOONWALK,psy(shopify),637.92,639.00,526.95,700.00,OK,
balliu-mesa-exterior-aluminio-8080-cm-ef580ae2,SV-BRUNEI-130X80-BLANCO-SKYLINE,psy(shopify),637.92,639.00,526.95,700.00,OK,
balliu-mesa-exterior-aluminio-8080-cm-ef580ae2,SV-BRUNEI-130X80-BLANCO-PRADO,psy(shopify),637.92,639.00,526.95,700.00,OK,
balliu-mesa-exterior-aluminio-8080-cm-ef580ae2,SV-BRUNEI-130X80-TORTOLA-GRIS,psy(shopify),637.92,639.00,526.95,700.00,OK,
balliu-mesa-exterior-aluminio-8080-cm-ef580ae2,SV-BRUNEI-130X80-TORTOLA-BLANCO,psy(shopify),637.92,639.00,526.95,700.00,OK,
balliu-mesa-exterior-aluminio-8080-cm-ef580ae2,SV-BRUNEI-130X80-TORTOLA-MOONWALK,psy(shopify),637.92,639.00,526.95,700.00,OK,
balliu-mesa-exterior-aluminio-8080-cm-ef580ae2,SV-BRUNEI-130X80-TORTOLA-SKYLINE,psy(shopify),637.92,639.00,526.95,700.00,OK,
balliu-mesa-exterior-aluminio-8080-cm-ef580ae2,SV-BRUNEI-130X80-TORTOLA-PRADO,psy(shopify),637.92,639.00,526.95,700.00,OK,
balliu-mesa-exterior-aluminio-8080-cm-ef580ae2,SV-BRUNEI-130X80-ALUMINIO-GRIS,psy(shopify),637.92,639.00,526.95,700.00,OK,
balliu-mesa-exterior-aluminio-8080-cm-ef580ae2,SV-BRUNEI-130X80-ALUMINIO-BLANCO,psy(shopify),637.92,639.00,526.95,700.00,OK,
balliu-mesa-exterior-aluminio-8080-cm-ef580ae2,SV-BRUNEI-130X80-ALUMINIO-MOONWALK,psy(shopify),637.92,639.00,526.95,700.00,OK,
balliu-mesa-exterior-aluminio-8080-cm-ef580ae2,SV-BRUNEI-130X80-ALUMINIO-SKYLINE,psy(shopify),637.92,639.00,526.95,700.00,OK,
balliu-mesa-exterior-aluminio-8080-cm-ef580ae2,SV-BRUNEI-130X80-ALUMINIO-PRADO,psy(shopify),637.92,639.00,526.95,700.00,OK,
balliu-mesa-exterior-aluminio-8080-cm-ef580ae2,SV-BRUNEI-160X90-BLANCO-GRIS,psy(shopify),768.74,769.00,526.95,850.00,OK,
balliu-mesa-exterior-aluminio-8080-cm-ef580ae2,SV-BRUNEI-160X90-BLANCO-BLANCO,psy(shopify),768.74,769.00,526.95,850.00,OK,
balliu-mesa-exterior-aluminio-8080-cm-ef580ae2,SV-BRUNEI-160X90-BLANCO-MOONWALK,psy(shopify),768.74,769.00,526.95,850.00,OK,
balliu-mesa-exterior-aluminio-8080-cm-ef580ae2,SV-BRUNEI-160X90-BLANCO-SKYLINE,psy(shopify),768.74,769.00,526.95,850.00,OK,
balliu-mesa-exterior-aluminio-8080-cm-ef580ae2,SV-BRUNEI-160X90-BLANCO-PRADO,psy(shopify),768.74,769.00,526.95,850.00,OK,
balliu-mesa-exterior-aluminio-8080-cm-ef580ae2,SV-BRUNEI-160X90-TORTOLA-GRIS,psy(shopify),768.74,769.00,526.95,850.00,OK,
balliu-mesa-exterior-aluminio-8080-cm-ef580ae2,SV-BRUNEI-160X90-TORTOLA-BLANCO,psy(shopify),768.74,769.00,526.95,850.00,OK,
balliu-mesa-exterior-aluminio-8080-cm-ef580ae2,SV-BRUNEI-160X90-TORTOLA-MOONWALK,psy(shopify),768.74,769.00,526.95,850.00,OK,
balliu-mesa-exterior-aluminio-8080-cm-ef580ae2,SV-BRUNEI-160X90-TORTOLA-SKYLINE,psy(shopify),768.74,769.00,526.95,850.00,OK,
balliu-mesa-exterior-aluminio-8080-cm-ef580ae2,SV-BRUNEI-160X90-TORTOLA-PRADO,psy(shopify),768.74,769.00,526.95,850.00,OK,
balliu-mesa-exterior-aluminio-8080-cm-ef580ae2,SV-BRUNEI-160X90-ALUMINIO-GRIS,psy(shopify),768.74,769.00,526.95,850.00,OK,
balliu-mesa-exterior-aluminio-8080-cm-ef580ae2,SV-BRUNEI-160X90-ALUMINIO-BLANCO,psy(shopify),768.74,769.00,526.95,850.00,OK,
balliu-mesa-exterior-aluminio-8080-cm-ef580ae2,SV-BRUNEI-160X90-ALUMINIO-MOONWALK,psy(shopify),768.74,769.00,526.95,850.00,OK,
balliu-mesa-exterior-aluminio-8080-cm-ef580ae2,SV-BRUNEI-160X90-ALUMINIO-SKYLINE,psy(shopify),768.74,769.00,526.95,850.00,OK,
balliu-mesa-exterior-aluminio-8080-cm-ef580ae2,SV-BRUNEI-160X90-ALUMINIO-PRADO,psy(shopify),768.74,769.00,526.95,850.00,OK,
balliu-mesa-exterior-aluminio-8080-cm-ef580ae2,SV-BRUNEI-190X90-BLANCO-GRIS,psy(shopify),943.15,945.00,526.95,1000.00,OK,
balliu-mesa-exterior-aluminio-8080-cm-ef580ae2,SV-BRUNEI-190X90-BLANCO-BLANCO,psy(shopify),943.15,945.00,526.95,1000.00,OK,
balliu-mesa-exterior-aluminio-8080-cm-ef580ae2,SV-BRUNEI-190X90-BLANCO-MOONWALK,psy(shopify),943.15,945.00,526.95,1000.00,OK,
balliu-mesa-exterior-aluminio-8080-cm-ef580ae2,SV-BRUNEI-190X90-BLANCO-SKYLINE,psy(shopify),943.15,945.00,526.95,1000.00,OK,
balliu-mesa-exterior-aluminio-8080-cm-ef580ae2,SV-BRUNEI-190X90-BLANCO-PRADO,psy(shopify),943.15,945.00,526.95,1000.00,OK,
balliu-mesa-exterior-aluminio-8080-cm-ef580ae2,SV-BRUNEI-190X90-TORTOLA-GRIS,psy(shopify),943.15,945.00,526.95,1000.00,OK,
balliu-mesa-exterior-aluminio-8080-cm-ef580ae2,SV-BRUNEI-190X90-TORTOLA-BLANCO,psy(shopify),943.15,945.00,526.95,1000.00,OK,
balliu-mesa-exterior-aluminio-8080-cm-ef580ae2,SV-BRUNEI-190X90-TORTOLA-MOONWALK,psy(shopify),943.15,945.00,526.95,1000.00,OK,
balliu-mesa-exterior-aluminio-8080-cm-ef580ae2,SV-BRUNEI-190X90-TORTOLA-SKYLINE,psy(shopify),943.15,945.00,526.95,1000.00,OK,
balliu-mesa-exterior-aluminio-8080-cm-ef580ae2,SV-BRUNEI-190X90-TORTOLA-PRADO,psy(shopify),943.15,945.00,526.95,1000.00,OK,
balliu-mesa-exterior-aluminio-8080-cm-ef580ae2,SV-BRUNEI-190X90-ALUMINIO-GRIS,psy(shopify),943.15,945.00,526.95,1000.00,OK,
balliu-mesa-exterior-aluminio-8080-cm-ef580ae2,SV-BRUNEI-190X90-ALUMINIO-BLANCO,psy(shopify),943.15,945.00,526.95,1000.00,OK,
balliu-mesa-exterior-aluminio-8080-cm-ef580ae2,SV-BRUNEI-190X90-ALUMINIO-MOONWALK,psy(shopify),943.15,945.00,526.95,1000.00,OK,
balliu-mesa-exterior-aluminio-8080-cm-ef580ae2,SV-BRUNEI-190X90-ALUMINIO-SKYLINE,psy(shopify),943.15,945.00,526.95,1000.00,OK,
balliu-mesa-exterior-aluminio-8080-cm-ef580ae2,SV-BRUNEI-190X90-ALUMINIO-PRADO,psy(shopify),943.15,945.00,526.95,1000.00,OK,
balliu-mesa-exterior-140-18090-cm-e4ec7d7c,SV-ATLANTA-140-180X90-BLANCO-GRIS,psy(shopify),1274.08,1275.00,1400.00,1400.00,OK,
balliu-mesa-exterior-140-18090-cm-e4ec7d7c,SV-ATLANTA-140-180X90-BLANCO-BLANCO,psy(shopify),1274.08,1275.00,1400.00,1400.00,OK,
balliu-mesa-exterior-140-18090-cm-e4ec7d7c,SV-ATLANTA-140-180X90-BLANCO-MOONWALK,psy(shopify),1274.08,1275.00,1400.00,1400.00,OK,
balliu-mesa-exterior-140-18090-cm-e4ec7d7c,SV-ATLANTA-140-180X90-BLANCO-SKYLINE,psy(shopify),1274.08,1275.00,1400.00,1400.00,OK,
balliu-mesa-exterior-140-18090-cm-e4ec7d7c,SV-ATLANTA-140-180X90-BLANCO-PRADO,psy(shopify),1274.08,1275.00,1400.00,1400.00,OK,
balliu-mesa-exterior-140-18090-cm-e4ec7d7c,SV-ATLANTA-140-180X90-TORTOLA-GRIS,psy(shopify),1274.08,1275.00,1400.00,1400.00,OK,
balliu-mesa-exterior-140-18090-cm-e4ec7d7c,SV-ATLANTA-140-180X90-TORTOLA-BLANCO,psy(shopify),1274.08,1275.00,1400.00,1400.00,OK,
balliu-mesa-exterior-140-18090-cm-e4ec7d7c,SV-ATLANTA-140-180X90-TORTOLA-MOONWALK,psy(shopify),1274.08,1275.00,1400.00,1400.00,OK,
balliu-mesa-exterior-140-18090-cm-e4ec7d7c,SV-ATLANTA-140-180X90-TORTOLA-SKYLINE,psy(shopify),1274.08,1275.00,1400.00,1400.00,OK,
balliu-mesa-exterior-140-18090-cm-e4ec7d7c,SV-ATLANTA-140-180X90-TORTOLA-PRADO,psy(shopify),1274.08,1275.00,1400.00,1400.00,OK,
balliu-mesa-exterior-140-18090-cm-e4ec7d7c,SV-ATLANTA-140-180X90-ALUMINIO-GRIS,psy(shopify),1274.08,1275.00,1400.00,1400.00,OK,
balliu-mesa-exterior-140-18090-cm-e4ec7d7c,SV-ATLANTA-140-180X90-ALUMINIO-BLANCO,psy(shopify),1274.08,1275.00,1400.00,1400.00,OK,
balliu-mesa-exterior-140-18090-cm-e4ec7d7c,SV-ATLANTA-140-180X90-ALUMINIO-MOONWALK,psy(shopify),1274.08,1275.00,1400.00,1400.00,OK,
balliu-mesa-exterior-140-18090-cm-e4ec7d7c,SV-ATLANTA-140-180X90-ALUMINIO-SKYLINE,psy(shopify),1274.08,1275.00,1400.00,1400.00,OK,
balliu-mesa-exterior-140-18090-cm-e4ec7d7c,SV-ATLANTA-140-180X90-ALUMINIO-PRADO,psy(shopify),1274.08,1275.00,1400.00,1400.00,OK,
balliu-mesa-exterior-140-18090-cm-e4ec7d7c,SV-ATLANTA-200-260X100-BLANCO-GRIS,psy(shopify),1669.81,1670.00,1400.00,1800.00,OK,
balliu-mesa-exterior-140-18090-cm-e4ec7d7c,SV-ATLANTA-200-260X100-BLANCO-BLANCO,psy(shopify),1669.81,1670.00,1400.00,1800.00,OK,
balliu-mesa-exterior-140-18090-cm-e4ec7d7c,SV-ATLANTA-200-260X100-BLANCO-MOONWALK,psy(shopify),1669.81,1670.00,1400.00,1800.00,OK,
balliu-mesa-exterior-140-18090-cm-e4ec7d7c,SV-ATLANTA-200-260X100-BLANCO-SKYLINE,psy(shopify),1669.81,1670.00,1400.00,1800.00,OK,
balliu-mesa-exterior-140-18090-cm-e4ec7d7c,SV-ATLANTA-200-260X100-BLANCO-PRADO,psy(shopify),1669.81,1670.00,1400.00,1800.00,OK,
balliu-mesa-exterior-140-18090-cm-e4ec7d7c,SV-ATLANTA-200-260X100-TORTOLA-GRIS,psy(shopify),1669.81,1670.00,1400.00,1800.00,OK,
balliu-mesa-exterior-140-18090-cm-e4ec7d7c,SV-ATLANTA-200-260X100-TORTOLA-BLANCO,psy(shopify),1669.81,1670.00,1400.00,1800.00,OK,
balliu-mesa-exterior-140-18090-cm-e4ec7d7c,SV-ATLANTA-200-260X100-TORTOLA-MOONWALK,psy(shopify),1669.81,1670.00,1400.00,1800.00,OK,
balliu-mesa-exterior-140-18090-cm-e4ec7d7c,SV-ATLANTA-200-260X100-TORTOLA-SKYLINE,psy(shopify),1669.81,1670.00,1400.00,1800.00,OK,
balliu-mesa-exterior-140-18090-cm-e4ec7d7c,SV-ATLANTA-200-260X100-TORTOLA-PRADO,psy(shopify),1669.81,1670.00,1400.00,1800.00,OK,
balliu-mesa-exterior-140-18090-cm-e4ec7d7c,SV-ATLANTA-200-260X100-ALUMINIO-GRIS,psy(shopify),1669.81,1670.00,1400.00,1800.00,OK,
balliu-mesa-exterior-140-18090-cm-e4ec7d7c,SV-ATLANTA-200-260X100-ALUMINIO-BLANCO,psy(shopify),1669.81,1670.00,1400.00,1800.00,OK,
balliu-mesa-exterior-140-18090-cm-e4ec7d7c,SV-ATLANTA-200-260X100-ALUMINIO-MOONWALK,psy(shopify),1669.81,1670.00,1400.00,1800.00,OK,
balliu-mesa-exterior-140-18090-cm-e4ec7d7c,SV-ATLANTA-200-260X100-ALUMINIO-SKYLINE,psy(shopify),1669.81,1670.00,1400.00,1800.00,OK,
balliu-mesa-exterior-140-18090-cm-e4ec7d7c,SV-ATLANTA-200-260X100-ALUMINIO-PRADO,psy(shopify),1669.81,1670.00,1400.00,1800.00,OK,
balliu-mesa-exterior-hpl-140-180100-cm-8e073aab,SV-JAVA-140-180X100-BLANCO-GRIS,psy(shopify),1573.34,1575.00,1700.00,1700.00,OK,
balliu-mesa-exterior-hpl-140-180100-cm-8e073aab,SV-JAVA-140-180X100-BLANCO-BLANCO,psy(shopify),1573.34,1575.00,1700.00,1700.00,OK,
balliu-mesa-exterior-hpl-140-180100-cm-8e073aab,SV-JAVA-140-180X100-BLANCO-MOONWALK,psy(shopify),1573.34,1575.00,1700.00,1700.00,OK,
balliu-mesa-exterior-hpl-140-180100-cm-8e073aab,SV-JAVA-140-180X100-BLANCO-SKYLINE,psy(shopify),1573.34,1575.00,1700.00,1700.00,OK,
balliu-mesa-exterior-hpl-140-180100-cm-8e073aab,SV-JAVA-140-180X100-BLANCO-PRADO,psy(shopify),1573.34,1575.00,1700.00,1700.00,OK,
balliu-mesa-exterior-hpl-140-180100-cm-8e073aab,SV-JAVA-140-180X100-TORTOLA-GRIS,psy(shopify),1573.34,1575.00,1700.00,1700.00,OK,
balliu-mesa-exterior-hpl-140-180100-cm-8e073aab,SV-JAVA-140-180X100-TORTOLA-BLANCO,psy(shopify),1573.34,1575.00,1700.00,1700.00,OK,
balliu-mesa-exterior-hpl-140-180100-cm-8e073aab,SV-JAVA-140-180X100-TORTOLA-MOONWALK,psy(shopify),1573.34,1575.00,1700.00,1700.00,OK,
balliu-mesa-exterior-hpl-140-180100-cm-8e073aab,SV-JAVA-140-180X100-TORTOLA-SKYLINE,psy(shopify),1573.34,1575.00,1700.00,1700.00,OK,
balliu-mesa-exterior-hpl-140-180100-cm-8e073aab,SV-JAVA-140-180X100-TORTOLA-PRADO,psy(shopify),1573.34,1575.00,1700.00,1700.00,OK,
balliu-mesa-exterior-hpl-140-180100-cm-8e073aab,SV-JAVA-140-180X100-ALUMINIO-GRIS,psy(shopify),1573.34,1575.00,1700.00,1700.00,OK,
balliu-mesa-exterior-hpl-140-180100-cm-8e073aab,SV-JAVA-140-180X100-ALUMINIO-BLANCO,psy(shopify),1573.34,1575.00,1700.00,1700.00,OK,
balliu-mesa-exterior-hpl-140-180100-cm-8e073aab,SV-JAVA-140-180X100-ALUMINIO-MOONWALK,psy(shopify),1573.34,1575.00,1700.00,1700.00,OK,
balliu-mesa-exterior-hpl-140-180100-cm-8e073aab,SV-JAVA-140-180X100-ALUMINIO-SKYLINE,psy(shopify),1573.34,1575.00,1700.00,1700.00,OK,
balliu-mesa-exterior-hpl-140-180100-cm-8e073aab,SV-JAVA-140-180X100-ALUMINIO-PRADO,psy(shopify),1573.34,1575.00,1700.00,1700.00,OK,
balliu-mesa-exterior-hpl-140-180100-cm-8e073aab,SV-JAVA-200-260X100-BLANCO-GRIS,psy(shopify),2016.97,2019.00,1700.00,2200.00,OK,
balliu-mesa-exterior-hpl-140-180100-cm-8e073aab,SV-JAVA-200-260X100-BLANCO-BLANCO,psy(shopify),2016.97,2019.00,1700.00,2200.00,OK,
balliu-mesa-exterior-hpl-140-180100-cm-8e073aab,SV-JAVA-200-260X100-BLANCO-MOONWALK,psy(shopify),2016.97,2019.00,1700.00,2200.00,OK,
balliu-mesa-exterior-hpl-140-180100-cm-8e073aab,SV-JAVA-200-260X100-BLANCO-SKYLINE,psy(shopify),2016.97,2019.00,1700.00,2200.00,OK,
balliu-mesa-exterior-hpl-140-180100-cm-8e073aab,SV-JAVA-200-260X100-BLANCO-PRADO,psy(shopify),2016.97,2019.00,1700.00,2200.00,OK,
balliu-mesa-exterior-hpl-140-180100-cm-8e073aab,SV-JAVA-200-260X100-TORTOLA-GRIS,psy(shopify),2016.97,2019.00,1700.00,2200.00,OK,
balliu-mesa-exterior-hpl-140-180100-cm-8e073aab,SV-JAVA-200-260X100-TORTOLA-BLANCO,psy(shopify),2016.97,2019.00,1700.00,2200.00,OK,
balliu-mesa-exterior-hpl-140-180100-cm-8e073aab,SV-JAVA-200-260X100-TORTOLA-MOONWALK,psy(shopify),2016.97,2019.00,1700.00,2200.00,OK,
balliu-mesa-exterior-hpl-140-180100-cm-8e073aab,SV-JAVA-200-260X100-TORTOLA-SKYLINE,psy(shopify),2016.97,2019.00,1700.00,2200.00,OK,
balliu-mesa-exterior-hpl-140-180100-cm-8e073aab,SV-JAVA-200-260X100-TORTOLA-PRADO,psy(shopify),2016.97,2019.00,1700.00,2200.00,OK,
balliu-mesa-exterior-hpl-140-180100-cm-8e073aab,SV-JAVA-200-260X100-ALUMINIO-GRIS,psy(shopify),2016.97,2019.00,1700.00,2200.00,OK,
balliu-mesa-exterior-hpl-140-180100-cm-8e073aab,SV-JAVA-200-260X100-ALUMINIO-BLANCO,psy(shopify),2016.97,2019.00,1700.00,2200.00,OK,
balliu-mesa-exterior-hpl-140-180100-cm-8e073aab,SV-JAVA-200-260X100-ALUMINIO-MOONWALK,psy(shopify),2016.97,2019.00,1700.00,2200.00,OK,
balliu-mesa-exterior-hpl-140-180100-cm-8e073aab,SV-JAVA-200-260X100-ALUMINIO-SKYLINE,psy(shopify),2016.97,2019.00,1700.00,2200.00,OK,
balliu-mesa-exterior-hpl-140-180100-cm-8e073aab,SV-JAVA-200-260X100-ALUMINIO-PRADO,psy(shopify),2016.97,2019.00,1700.00,2200.00,OK,
balliu-mesa-exterior-aluminio-7070-cm-724b0db0,SV-CAPRI-D70-BLANCO-GRIS,psy(shopify),349.19,349.95,399.95,384.95,OK,
balliu-mesa-exterior-aluminio-7070-cm-724b0db0,SV-CAPRI-D70-BLANCO-BLANCO,psy(shopify),349.19,349.95,399.95,384.95,OK,
balliu-mesa-exterior-aluminio-7070-cm-724b0db0,SV-CAPRI-D70-BLANCO-MOONWALK,psy(shopify),349.19,349.95,399.95,384.95,OK,
balliu-mesa-exterior-aluminio-7070-cm-724b0db0,SV-CAPRI-D70-BLANCO-SKYLINE,psy(shopify),349.19,349.95,399.95,384.95,OK,
balliu-mesa-exterior-aluminio-7070-cm-724b0db0,SV-CAPRI-D70-BLANCO-PRADO,psy(shopify),349.19,349.95,399.95,384.95,OK,
balliu-mesa-exterior-aluminio-7070-cm-724b0db0,SV-CAPRI-D70-TORTOLA-GRIS,psy(shopify),349.19,349.95,399.95,384.95,OK,
balliu-mesa-exterior-aluminio-7070-cm-724b0db0,SV-CAPRI-D70-TORTOLA-BLANCO,psy(shopify),349.19,349.95,399.95,384.95,OK,
balliu-mesa-exterior-aluminio-7070-cm-724b0db0,SV-CAPRI-D70-TORTOLA-MOONWALK,psy(shopify),349.19,349.95,399.95,384.95,OK,
balliu-mesa-exterior-aluminio-7070-cm-724b0db0,SV-CAPRI-D70-TORTOLA-SKYLINE,psy(shopify),349.19,349.95,399.95,384.95,OK,
balliu-mesa-exterior-aluminio-7070-cm-724b0db0,SV-CAPRI-D70-TORTOLA-PRADO,psy(shopify),349.19,349.95,399.95,384.95,OK,
balliu-mesa-exterior-aluminio-7070-cm-724b0db0,SV-CAPRI-D70-ALUMINIO-GRIS,psy(shopify),349.19,349.95,399.95,384.95,OK,
balliu-mesa-exterior-aluminio-7070-cm-724b0db0,SV-CAPRI-D70-ALUMINIO-BLANCO,psy(shopify),349.19,349.95,399.95,384.95,OK,
balliu-mesa-exterior-aluminio-7070-cm-724b0db0,SV-CAPRI-D70-ALUMINIO-MOONWALK,psy(shopify),349.19,349.95,399.95,384.95,OK,
balliu-mesa-exterior-aluminio-7070-cm-724b0db0,SV-CAPRI-D70-ALUMINIO-SKYLINE,psy(shopify),349.19,349.95,399.95,384.95,OK,
balliu-mesa-exterior-aluminio-7070-cm-724b0db0,SV-CAPRI-D70-ALUMINIO-PRADO,psy(shopify),349.19,349.95,399.95,384.95,OK,
balliu-mesa-exterior-aluminio-7070-cm-724b0db0,SV-CAPRI-D80-BLANCO-GRIS,psy(shopify),387.14,387.95,399.95,426.95,OK,
balliu-mesa-exterior-aluminio-7070-cm-724b0db0,SV-CAPRI-D80-BLANCO-BLANCO,psy(shopify),387.14,387.95,399.95,426.95,OK,
balliu-mesa-exterior-aluminio-7070-cm-724b0db0,SV-CAPRI-D80-BLANCO-MOONWALK,psy(shopify),387.14,387.95,399.95,426.95,OK,
balliu-mesa-exterior-aluminio-7070-cm-724b0db0,SV-CAPRI-D80-BLANCO-SKYLINE,psy(shopify),387.14,387.95,399.95,426.95,OK,
balliu-mesa-exterior-aluminio-7070-cm-724b0db0,SV-CAPRI-D80-BLANCO-PRADO,psy(shopify),387.14,387.95,399.95,426.95,OK,
balliu-mesa-exterior-aluminio-7070-cm-724b0db0,SV-CAPRI-D80-TORTOLA-GRIS,psy(shopify),387.14,387.95,399.95,426.95,OK,
balliu-mesa-exterior-aluminio-7070-cm-724b0db0,SV-CAPRI-D80-TORTOLA-BLANCO,psy(shopify),387.14,387.95,399.95,426.95,OK,
balliu-mesa-exterior-aluminio-7070-cm-724b0db0,SV-CAPRI-D80-TORTOLA-MOONWALK,psy(shopify),387.14,387.95,399.95,426.95,OK,
balliu-mesa-exterior-aluminio-7070-cm-724b0db0,SV-CAPRI-D80-TORTOLA-SKYLINE,psy(shopify),387.14,387.95,399.95,426.95,OK,
balliu-mesa-exterior-aluminio-7070-cm-724b0db0,SV-CAPRI-D80-TORTOLA-PRADO,psy(shopify),387.14,387.95,399.95,426.95,OK,
balliu-mesa-exterior-aluminio-7070-cm-724b0db0,SV-CAPRI-D80-ALUMINIO-GRIS,psy(shopify),387.14,387.95,399.95,426.95,OK,
balliu-mesa-exterior-aluminio-7070-cm-724b0db0,SV-CAPRI-D80-ALUMINIO-BLANCO,psy(shopify),387.14,387.95,399.95,426.95,OK,
balliu-mesa-exterior-aluminio-7070-cm-724b0db0,SV-CAPRI-D80-ALUMINIO-MOONWALK,psy(shopify),387.14,387.95,399.95,426.95,OK,
balliu-mesa-exterior-aluminio-7070-cm-724b0db0,SV-CAPRI-D80-ALUMINIO-SKYLINE,psy(shopify),387.14,387.95,399.95,426.95,OK,
balliu-mesa-exterior-aluminio-7070-cm-724b0db0,SV-CAPRI-D80-ALUMINIO-PRADO,psy(shopify),387.14,387.95,399.95,426.95,OK,
balliu-mesa-exterior-aluminio-7070-cm-724b0db0,SV-CAPRI-D90-BLANCO-GRIS,psy(shopify),389.84,389.95,399.95,428.95,OK,
balliu-mesa-exterior-aluminio-7070-cm-724b0db0,SV-CAPRI-D90-BLANCO-BLANCO,psy(shopify),389.84,389.95,399.95,428.95,OK,
balliu-mesa-exterior-aluminio-7070-cm-724b0db0,SV-CAPRI-D90-BLANCO-MOONWALK,psy(shopify),389.84,389.95,399.95,428.95,OK,
balliu-mesa-exterior-aluminio-7070-cm-724b0db0,SV-CAPRI-D90-BLANCO-SKYLINE,psy(shopify),389.84,389.95,399.95,428.95,OK,
balliu-mesa-exterior-aluminio-7070-cm-724b0db0,SV-CAPRI-D90-BLANCO-PRADO,psy(shopify),389.84,389.95,399.95,428.95,OK,
balliu-mesa-exterior-aluminio-7070-cm-724b0db0,SV-CAPRI-D90-TORTOLA-GRIS,psy(shopify),389.84,389.95,399.95,428.95,OK,
balliu-mesa-exterior-aluminio-7070-cm-724b0db0,SV-CAPRI-D90-TORTOLA-BLANCO,psy(shopify),389.84,389.95,399.95,428.95,OK,
balliu-mesa-exterior-aluminio-7070-cm-724b0db0,SV-CAPRI-D90-TORTOLA-MOONWALK,psy(shopify),389.84,389.95,399.95,428.95,OK,
balliu-mesa-exterior-aluminio-7070-cm-724b0db0,SV-CAPRI-D90-TORTOLA-SKYLINE,psy(shopify),389.84,389.95,399.95,428.95,OK,
balliu-mesa-exterior-aluminio-7070-cm-724b0db0,SV-CAPRI-D90-TORTOLA-PRADO,psy(shopify),389.84,389.95,399.95,428.95,OK,
balliu-mesa-exterior-aluminio-7070-cm-724b0db0,SV-CAPRI-D90-ALUMINIO-GRIS,psy(shopify),389.84,389.95,399.95,428.95,OK,
balliu-mesa-exterior-aluminio-7070-cm-724b0db0,SV-CAPRI-D90-ALUMINIO-BLANCO,psy(shopify),389.84,389.95,399.95,428.95,OK,
balliu-mesa-exterior-aluminio-7070-cm-724b0db0,SV-CAPRI-D90-ALUMINIO-MOONWALK,psy(shopify),389.84,389.95,399.95,428.95,OK,
balliu-mesa-exterior-aluminio-7070-cm-724b0db0,SV-CAPRI-D90-ALUMINIO-SKYLINE,psy(shopify),389.84,389.95,399.95,428.95,OK,
balliu-mesa-exterior-aluminio-7070-cm-724b0db0,SV-CAPRI-D90-ALUMINIO-PRADO,psy(shopify),389.84,389.95,399.95,428.95,OK,
balliu-mesa-exterior-aluminio-7070-cm-724b0db0,SV-CAPRI-70X70-BLANCO-GRIS,psy(shopify),378.43,378.95,399.95,399.95,OK,
balliu-mesa-exterior-aluminio-7070-cm-724b0db0,SV-CAPRI-70X70-BLANCO-BLANCO,psy(shopify),378.43,378.95,399.95,399.95,OK,
balliu-mesa-exterior-aluminio-7070-cm-724b0db0,SV-CAPRI-70X70-BLANCO-MOONWALK,psy(shopify),378.43,378.95,399.95,399.95,OK,
balliu-mesa-exterior-aluminio-7070-cm-724b0db0,SV-CAPRI-70X70-BLANCO-SKYLINE,psy(shopify),378.43,378.95,399.95,399.95,OK,
balliu-mesa-exterior-aluminio-7070-cm-724b0db0,SV-CAPRI-70X70-BLANCO-PRADO,psy(shopify),378.43,378.95,399.95,399.95,OK,
balliu-mesa-exterior-aluminio-7070-cm-724b0db0,SV-CAPRI-70X70-TORTOLA-GRIS,psy(shopify),378.43,378.95,399.95,399.95,OK,
balliu-mesa-exterior-aluminio-7070-cm-724b0db0,SV-CAPRI-70X70-TORTOLA-BLANCO,psy(shopify),378.43,378.95,399.95,399.95,OK,
balliu-mesa-exterior-aluminio-7070-cm-724b0db0,SV-CAPRI-70X70-TORTOLA-MOONWALK,psy(shopify),378.43,378.95,399.95,399.95,OK,
balliu-mesa-exterior-aluminio-7070-cm-724b0db0,SV-CAPRI-70X70-TORTOLA-SKYLINE,psy(shopify),378.43,378.95,399.95,399.95,OK,
balliu-mesa-exterior-aluminio-7070-cm-724b0db0,SV-CAPRI-70X70-TORTOLA-PRADO,psy(shopify),378.43,378.95,399.95,399.95,OK,
balliu-mesa-exterior-aluminio-7070-cm-724b0db0,SV-CAPRI-70X70-ALUMINIO-GRIS,psy(shopify),378.43,378.95,399.95,399.95,OK,
balliu-mesa-exterior-aluminio-7070-cm-724b0db0,SV-CAPRI-70X70-ALUMINIO-BLANCO,psy(shopify),378.43,378.95,399.95,399.95,OK,
balliu-mesa-exterior-aluminio-7070-cm-724b0db0,SV-CAPRI-70X70-ALUMINIO-MOONWALK,psy(shopify),378.43,378.95,399.95,399.95,OK,
balliu-mesa-exterior-aluminio-7070-cm-724b0db0,SV-CAPRI-70X70-ALUMINIO-SKYLINE,psy(shopify),378.43,378.95,399.95,399.95,OK,
balliu-mesa-exterior-aluminio-7070-cm-724b0db0,SV-CAPRI-70X70-ALUMINIO-PRADO,psy(shopify),378.43,378.95,399.95,399.95,OK,
balliu-mesa-exterior-aluminio-7070-cm-724b0db0,SV-CAPRI-80X80-BLANCO-GRIS,psy(shopify),406.34,399.90,399.95,439.95,OK,
balliu-mesa-exterior-aluminio-7070-cm-724b0db0,SV-CAPRI-80X80-BLANCO-BLANCO,psy(shopify),406.34,399.90,399.95,439.95,OK,
balliu-mesa-exterior-aluminio-7070-cm-724b0db0,SV-CAPRI-80X80-BLANCO-MOONWALK,psy(shopify),406.34,399.90,399.95,439.95,OK,
balliu-mesa-exterior-aluminio-7070-cm-724b0db0,SV-CAPRI-80X80-BLANCO-SKYLINE,psy(shopify),406.34,399.90,399.95,439.95,OK,
balliu-mesa-exterior-aluminio-7070-cm-724b0db0,SV-CAPRI-80X80-BLANCO-PRADO,psy(shopify),406.34,399.90,399.95,439.95,OK,
balliu-mesa-exterior-aluminio-7070-cm-724b0db0,SV-CAPRI-80X80-TORTOLA-GRIS,psy(shopify),406.34,399.90,399.95,439.95,OK,
balliu-mesa-exterior-aluminio-7070-cm-724b0db0,SV-CAPRI-80X80-TORTOLA-BLANCO,psy(shopify),406.34,399.90,399.95,439.95,OK,
balliu-mesa-exterior-aluminio-7070-cm-724b0db0,SV-CAPRI-80X80-TORTOLA-MOONWALK,psy(shopify),406.34,399.90,399.95,439.95,OK,
balliu-mesa-exterior-aluminio-7070-cm-724b0db0,SV-CAPRI-80X80-TORTOLA-SKYLINE,psy(shopify),406.34,399.90,399.95,439.95,OK,
balliu-mesa-exterior-aluminio-7070-cm-724b0db0,SV-CAPRI-80X80-TORTOLA-PRADO,psy(shopify),406.34,399.90,399.95,439.95,OK,
balliu-mesa-exterior-aluminio-7070-cm-724b0db0,SV-CAPRI-80X80-ALUMINIO-GRIS,psy(shopify),406.34,399.90,399.95,439.95,OK,
balliu-mesa-exterior-aluminio-7070-cm-724b0db0,SV-CAPRI-80X80-ALUMINIO-BLANCO,psy(shopify),406.34,399.90,399.95,439.95,OK,
balliu-mesa-exterior-aluminio-7070-cm-724b0db0,SV-CAPRI-80X80-ALUMINIO-MOONWALK,psy(shopify),406.34,399.90,399.95,439.95,OK,
balliu-mesa-exterior-aluminio-7070-cm-724b0db0,SV-CAPRI-80X80-ALUMINIO-SKYLINE,psy(shopify),406.34,399.90,399.95,439.95,OK,
balliu-mesa-exterior-aluminio-7070-cm-724b0db0,SV-CAPRI-80X80-ALUMINIO-PRADO,psy(shopify),406.34,399.90,399.95,439.95,OK,
balliu-mesa-alta-exterior-hpl-94512eab,SV-MESAALTA-60-HPL,psy(shopify),456.69,449.90,575.00,494.95,OK,
balliu-mesa-alta-exterior-hpl-94512eab,SV-MESAALTA-70-HPL,psy(shopify),528.46,529.00,575.00,575.00,OK,
balliu-mesa-exterior-aluminio-7070-cm-1b61e6b6,SV-ALTEA-70X70-BLANCO-GRIS,psy(shopify),421.43,421.95,529.95,449.95,OK,
balliu-mesa-exterior-aluminio-7070-cm-1b61e6b6,SV-ALTEA-70X70-BLANCO-BLANCO,psy(shopify),421.43,421.95,529.95,449.95,OK,
balliu-mesa-exterior-aluminio-7070-cm-1b61e6b6,SV-ALTEA-70X70-BLANCO-MOONWALK,psy(shopify),421.43,421.95,529.95,449.95,OK,
balliu-mesa-exterior-aluminio-7070-cm-1b61e6b6,SV-ALTEA-70X70-BLANCO-SKYLINE,psy(shopify),421.43,421.95,529.95,449.95,OK,
balliu-mesa-exterior-aluminio-7070-cm-1b61e6b6,SV-ALTEA-70X70-BLANCO-PRADO,psy(shopify),421.43,421.95,529.95,449.95,OK,
balliu-mesa-exterior-aluminio-7070-cm-1b61e6b6,SV-ALTEA-70X70-TORTOLA-GRIS,psy(shopify),421.43,421.95,529.95,449.95,OK,
balliu-mesa-exterior-aluminio-7070-cm-1b61e6b6,SV-ALTEA-70X70-TORTOLA-BLANCO,psy(shopify),421.43,421.95,529.95,449.95,OK,
balliu-mesa-exterior-aluminio-7070-cm-1b61e6b6,SV-ALTEA-70X70-TORTOLA-MOONWALK,psy(shopify),421.43,421.95,529.95,449.95,OK,
balliu-mesa-exterior-aluminio-7070-cm-1b61e6b6,SV-ALTEA-70X70-TORTOLA-SKYLINE,psy(shopify),421.43,421.95,529.95,449.95,OK,
balliu-mesa-exterior-aluminio-7070-cm-1b61e6b6,SV-ALTEA-70X70-TORTOLA-PRADO,psy(shopify),421.43,421.95,529.95,449.95,OK,
balliu-mesa-exterior-aluminio-7070-cm-1b61e6b6,SV-ALTEA-80X80-BLANCO-GRIS,psy(shopify),422.17,422.95,529.95,449.95,OK,
balliu-mesa-exterior-aluminio-7070-cm-1b61e6b6,SV-ALTEA-80X80-BLANCO-BLANCO,psy(shopify),422.17,422.95,529.95,449.95,OK,
balliu-mesa-exterior-aluminio-7070-cm-1b61e6b6,SV-ALTEA-80X80-BLANCO-MOONWALK,psy(shopify),422.17,422.95,529.95,449.95,OK,
balliu-mesa-exterior-aluminio-7070-cm-1b61e6b6,SV-ALTEA-80X80-BLANCO-SKYLINE,psy(shopify),422.17,422.95,529.95,449.95,OK,
balliu-mesa-exterior-aluminio-7070-cm-1b61e6b6,SV-ALTEA-80X80-BLANCO-PRADO,psy(shopify),422.17,422.95,529.95,449.95,OK,
balliu-mesa-exterior-aluminio-7070-cm-1b61e6b6,SV-ALTEA-80X80-TORTOLA-GRIS,psy(shopify),422.17,422.95,529.95,449.95,OK,
balliu-mesa-exterior-aluminio-7070-cm-1b61e6b6,SV-ALTEA-80X80-TORTOLA-BLANCO,psy(shopify),422.17,422.95,529.95,449.95,OK,
balliu-mesa-exterior-aluminio-7070-cm-1b61e6b6,SV-ALTEA-80X80-TORTOLA-MOONWALK,psy(shopify),422.17,422.95,529.95,449.95,OK,
balliu-mesa-exterior-aluminio-7070-cm-1b61e6b6,SV-ALTEA-80X80-TORTOLA-SKYLINE,psy(shopify),422.17,422.95,529.95,449.95,OK,
balliu-mesa-exterior-aluminio-7070-cm-1b61e6b6,SV-ALTEA-80X80-TORTOLA-PRADO,psy(shopify),422.17,422.95,529.95,449.95,OK,
balliu-mesa-exterior-aluminio-75-cm-dd745448,SV-AGATA-BLANCO,psy(shopify),347.39,347.95,382.95,382.95,OK,
balliu-mesa-exterior-aluminio-75-cm-dd745448,SV-AGATA-ALUMINIO,psy(shopify),347.39,347.95,382.95,382.95,OK,
balliu-mesa-exterior-aluminio-72-cm-72514f40,SV-NORA-BLANCO,psy(shopify),224.10,224.95,246.95,247.95,OK,
balliu-mesa-exterior-aluminio-72-cm-72514f40,SV-NORA-ALUMINIO,psy(shopify),224.10,224.95,246.95,247.95,OK,
balliu-sofa-exterior-3-plazas-aluminio-estilo-elegante-62-cm-5e2ef268,BALLIU_OLIMPIA_SOFA_INDIVIDUAL_TELA__5E2EF268,excel_col_G,525.00,525.00,575.00,575.00,SIN_CAMBIOS,
balliu-sofa-exterior-3-plazas-aluminio-estilo-elegante-62-cm-5e2ef268,BALLIU_OLIMPIA_SOFA_DOBLE_TELA_BALLI_4C82D31E,excel_col_G,665.00,665.00,700.00,700.00,SIN_CAMBIOS,
balliu-sofa-exterior-3-plazas-aluminio-estilo-elegante-62-cm-5e2ef268,BALLIU_OLIMPIA_SOFA_TRIPLE_TELA_BALL_CACE2317,excel_col_G,995.00,995.00,1100.00,1100.00,SIN_CAMBIOS,
balliu-mesa-auxiliar-exterior-aluminio-54-cm-19d3d0ee,SV-OLIMPIACENTRAL-BLANCO-GRIS,psy(shopify),227.18,227.95,249.95,249.95,OK,
balliu-mesa-auxiliar-exterior-aluminio-54-cm-19d3d0ee,SV-OLIMPIACENTRAL-BLANCO-BLANCO,psy(shopify),227.18,227.95,249.95,249.95,OK,
balliu-mesa-auxiliar-exterior-aluminio-54-cm-19d3d0ee,SV-OLIMPIACENTRAL-BLANCO-MOONWALK,psy(shopify),227.18,227.95,249.95,249.95,OK,
balliu-mesa-auxiliar-exterior-aluminio-54-cm-19d3d0ee,SV-OLIMPIACENTRAL-BLANCO-SKYLINE,psy(shopify),227.18,227.95,249.95,249.95,OK,
balliu-mesa-auxiliar-exterior-aluminio-54-cm-19d3d0ee,SV-OLIMPIACENTRAL-BLANCO-PRADO,psy(shopify),227.18,227.95,249.95,249.95,OK,
balliu-mesa-auxiliar-exterior-aluminio-54-cm-19d3d0ee,SV-OLIMPIACENTRAL-TORTOLA-GRIS,psy(shopify),227.18,227.95,249.95,249.95,OK,
balliu-mesa-auxiliar-exterior-aluminio-54-cm-19d3d0ee,SV-OLIMPIACENTRAL-TORTOLA-BLANCO,psy(shopify),227.18,227.95,249.95,249.95,OK,
balliu-mesa-auxiliar-exterior-aluminio-54-cm-19d3d0ee,SV-OLIMPIACENTRAL-TORTOLA-MOONWALK,psy(shopify),227.18,227.95,249.95,249.95,OK,
balliu-mesa-auxiliar-exterior-aluminio-54-cm-19d3d0ee,SV-OLIMPIACENTRAL-TORTOLA-SKYLINE,psy(shopify),227.18,227.95,249.95,249.95,OK,
balliu-mesa-auxiliar-exterior-aluminio-54-cm-19d3d0ee,SV-OLIMPIACENTRAL-TORTOLA-PRADO,psy(shopify),227.18,227.95,249.95,249.95,OK,
balliu-mesa-auxiliar-exterior-aluminio-54-cm-19d3d0ee,SV-OLIMPIACENTRAL-ALUMINIO-GRIS,psy(shopify),227.18,227.95,249.95,249.95,OK,
balliu-mesa-auxiliar-exterior-aluminio-54-cm-19d3d0ee,SV-OLIMPIACENTRAL-ALUMINIO-BLANCO,psy(shopify),227.18,227.95,249.95,249.95,OK,
balliu-mesa-auxiliar-exterior-aluminio-54-cm-19d3d0ee,SV-OLIMPIACENTRAL-ALUMINIO-MOONWALK,psy(shopify),227.18,227.95,249.95,249.95,OK,
balliu-mesa-auxiliar-exterior-aluminio-54-cm-19d3d0ee,SV-OLIMPIACENTRAL-ALUMINIO-SKYLINE,psy(shopify),227.18,227.95,249.95,249.95,OK,
balliu-mesa-auxiliar-exterior-aluminio-54-cm-19d3d0ee,SV-OLIMPIACENTRAL-ALUMINIO-PRADO,psy(shopify),227.18,227.95,249.95,249.95,OK,
balliu-sofa-exterior-3-plazas-aluminio-estilo-contemporaneo-77-cm-674ab9a1,BALLIU_ETNA_SOFA_INDIVIDUAL_ACRIL_674AB9A1,excel_col_G,685.00,685.00,750.00,750.00,SIN_CAMBIOS,
balliu-sofa-exterior-3-plazas-aluminio-estilo-contemporaneo-77-cm-674ab9a1,BALLIU_ETNA_SOFA_DOBLE_ACRILICO_AED77E2A,excel_col_G,1139.00,1139.00,1200.00,1200.00,SIN_CAMBIOS,
balliu-sofa-exterior-3-plazas-aluminio-estilo-contemporaneo-77-cm-674ab9a1,BALLIU_ETNA_SOFA_TRIPLE_ACRILICO_E58D825A,excel_col_G,1560.00,1560.00,1700.00,1700.00,SIN_CAMBIOS,
balliu-mesa-de-centro-exterior-aluminio-60-cm-510b363e,SV-MESACENTRO-BLANCO-GRIS,psy(shopify),362.44,349.90,398.95,384.95,OK,
balliu-mesa-de-centro-exterior-aluminio-60-cm-510b363e,SV-MESACENTRO-BLANCO-BLANCO,psy(shopify),362.44,349.90,398.95,384.95,OK,
balliu-mesa-de-centro-exterior-aluminio-60-cm-510b363e,SV-MESACENTRO-BLANCO-MOONWALK,psy(shopify),362.44,349.90,398.95,384.95,OK,
balliu-mesa-de-centro-exterior-aluminio-60-cm-510b363e,SV-MESACENTRO-BLANCO-SKYLINE,psy(shopify),362.44,349.90,398.95,384.95,OK,
balliu-mesa-de-centro-exterior-aluminio-60-cm-510b363e,SV-MESACENTRO-BLANCO-PRADO,psy(shopify),362.44,349.90,398.95,384.95,OK,
balliu-mesa-de-centro-exterior-aluminio-60-cm-510b363e,SV-MESACENTRO-TORTOLA-GRIS,psy(shopify),362.44,349.90,398.95,384.95,OK,
balliu-mesa-de-centro-exterior-aluminio-60-cm-510b363e,SV-MESACENTRO-TORTOLA-BLANCO,psy(shopify),362.44,349.90,398.95,384.95,OK,
balliu-mesa-de-centro-exterior-aluminio-60-cm-510b363e,SV-MESACENTRO-TORTOLA-MOONWALK,psy(shopify),362.44,349.90,398.95,384.95,OK,
balliu-mesa-de-centro-exterior-aluminio-60-cm-510b363e,SV-MESACENTRO-TORTOLA-SKYLINE,psy(shopify),362.44,349.90,398.95,384.95,OK,
balliu-mesa-de-centro-exterior-aluminio-60-cm-510b363e,SV-MESACENTRO-TORTOLA-PRADO,psy(shopify),362.44,349.90,398.95,384.95,OK,
balliu-mesa-de-centro-exterior-aluminio-60-cm-510b363e,SV-MESACENTRO-ALUMINIO-GRIS,psy(shopify),362.44,349.90,398.95,384.95,OK,
balliu-mesa-de-centro-exterior-aluminio-60-cm-510b363e,SV-MESACENTRO-ALUMINIO-BLANCO,psy(shopify),362.44,349.90,398.95,384.95,OK,
balliu-mesa-de-centro-exterior-aluminio-60-cm-510b363e,SV-MESACENTRO-ALUMINIO-MOONWALK,psy(shopify),362.44,349.90,398.95,384.95,OK,
balliu-mesa-de-centro-exterior-aluminio-60-cm-510b363e,SV-MESACENTRO-ALUMINIO-SKYLINE,psy(shopify),362.44,349.90,398.95,384.95,OK,
balliu-mesa-de-centro-exterior-aluminio-60-cm-510b363e,SV-MESACENTRO-ALUMINIO-PRADO,psy(shopify),362.44,349.90,398.95,384.95,OK,
balliu-parasol-para-terraza-acrilico-236bd5f0,SV-PAMELA-ACR-ANTRACITA-CON-F,psy(shopify),413.19,399.90,455.02,439.95,OK,
balliu-parasol-para-terraza-acrilico-236bd5f0,SV-PAMELA-ACR-ANTRACITA-CON-NF,psy(shopify),413.19,399.90,455.02,439.95,OK,
balliu-parasol-para-terraza-acrilico-236bd5f0,SV-PAMELA-ACR-ANTRACITA-PLA-F,psy(shopify),413.19,399.90,455.02,439.95,OK,
balliu-parasol-para-terraza-acrilico-236bd5f0,SV-PAMELA-ACR-ANTRACITA-PLA-NF,psy(shopify),413.19,399.90,455.02,439.95,OK,
balliu-parasol-para-terraza-acrilico-236bd5f0,SV-PAMELA-ACR-ARENA-CON-F,psy(shopify),413.19,399.90,455.02,439.95,OK,
balliu-parasol-para-terraza-acrilico-236bd5f0,SV-PAMELA-ACR-ARENA-CON-NF,psy(shopify),413.19,399.90,455.02,439.95,OK,
balliu-parasol-para-terraza-acrilico-236bd5f0,SV-PAMELA-ACR-ARENA-PLA-F,psy(shopify),413.19,399.90,455.02,439.95,OK,
balliu-parasol-para-terraza-acrilico-236bd5f0,SV-PAMELA-ACR-ARENA-PLA-NF,psy(shopify),413.19,399.90,455.02,439.95,OK,
balliu-parasol-para-terraza-acrilico-236bd5f0,SV-PAMELA-ACR-AZUL-CON-F,psy(shopify),413.19,399.90,455.02,439.95,OK,
balliu-parasol-para-terraza-acrilico-236bd5f0,SV-PAMELA-ACR-AZUL-CON-NF,psy(shopify),413.19,399.90,455.02,439.95,OK,
balliu-parasol-para-terraza-acrilico-236bd5f0,SV-PAMELA-ACR-AZUL-PLA-F,psy(shopify),413.19,399.90,455.02,439.95,OK,
balliu-parasol-para-terraza-acrilico-236bd5f0,SV-PAMELA-ACR-AZUL-PLA-NF,psy(shopify),413.19,399.90,455.02,439.95,OK,
balliu-parasol-para-terraza-acrilico-236bd5f0,SV-PAMELA-ACR-BLANCO-CON-F,psy(shopify),413.19,399.90,455.02,439.95,OK,
balliu-parasol-para-terraza-acrilico-236bd5f0,SV-PAMELA-ACR-BLANCO-CON-NF,psy(shopify),413.19,399.90,455.02,439.95,OK,
balliu-parasol-para-terraza-acrilico-236bd5f0,SV-PAMELA-ACR-BLANCO-PLA-F,psy(shopify),413.19,399.90,455.02,439.95,OK,
balliu-parasol-para-terraza-acrilico-236bd5f0,SV-PAMELA-ACR-BLANCO-PLA-NF,psy(shopify),413.19,399.90,455.02,439.95,OK,
balliu-parasol-para-terraza-acrilico-236bd5f0,SV-PAMELA-ACR-CRUDO-CON-F,psy(shopify),413.19,399.90,455.02,439.95,OK,
balliu-parasol-para-terraza-acrilico-236bd5f0,SV-PAMELA-ACR-CRUDO-CON-NF,psy(shopify),413.19,399.90,455.02,439.95,OK,
balliu-parasol-para-terraza-acrilico-236bd5f0,SV-PAMELA-ACR-CRUDO-PLA-F,psy(shopify),413.19,399.90,455.02,439.95,OK,
balliu-parasol-para-terraza-acrilico-236bd5f0,SV-PAMELA-ACR-CRUDO-PLA-NF,psy(shopify),413.19,399.90,455.02,439.95,OK,
balliu-parasol-para-terraza-acrilico-236bd5f0,SV-PAMELA-ACR-MINERAL-CON-F,psy(shopify),413.19,399.90,455.02,439.95,OK,
balliu-parasol-para-terraza-acrilico-236bd5f0,SV-PAMELA-ACR-MINERAL-CON-NF,psy(shopify),413.19,399.90,455.02,439.95,OK,
balliu-parasol-para-terraza-acrilico-236bd5f0,SV-PAMELA-ACR-MINERAL-PLA-F,psy(shopify),413.19,399.90,455.02,439.95,OK,
balliu-parasol-para-terraza-acrilico-236bd5f0,SV-PAMELA-ACR-MINERAL-PLA-NF,psy(shopify),413.19,399.90,455.02,439.95,OK,
balliu-parasol-para-terraza-82e48b2d,SV-PAMELA-BAL-AZUL-CON-F,psy(shopify),384.37,384.95,423.28,423.95,OK,
balliu-parasol-para-terraza-82e48b2d,SV-PAMELA-BAL-AZUL-CON-NF,psy(shopify),384.37,384.95,423.28,423.95,OK,
balliu-parasol-para-terraza-82e48b2d,SV-PAMELA-BAL-AZUL-PLA-F,psy(shopify),384.37,384.95,423.28,423.95,OK,
balliu-parasol-para-terraza-82e48b2d,SV-PAMELA-BAL-AZUL-PLA-NF,psy(shopify),384.37,384.95,423.28,423.95,OK,
balliu-parasol-para-terraza-82e48b2d,SV-PAMELA-BAL-AMARILLO-CON-F,psy(shopify),384.37,384.95,423.28,423.95,OK,
balliu-parasol-para-terraza-82e48b2d,SV-PAMELA-BAL-AMARILLO-CON-NF,psy(shopify),384.37,384.95,423.28,423.95,OK,
balliu-parasol-para-terraza-82e48b2d,SV-PAMELA-BAL-AMARILLO-PLA-F,psy(shopify),384.37,384.95,423.28,423.95,OK,
balliu-parasol-para-terraza-82e48b2d,SV-PAMELA-BAL-AMARILLO-PLA-NF,psy(shopify),384.37,384.95,423.28,423.95,OK,
balliu-parasol-para-terraza-82e48b2d,SV-PAMELA-BAL-NARANJA-CON-F,psy(shopify),384.37,384.95,423.28,423.95,OK,
balliu-parasol-para-terraza-82e48b2d,SV-PAMELA-BAL-NARANJA-CON-NF,psy(shopify),384.37,384.95,423.28,423.95,OK,
balliu-parasol-para-terraza-82e48b2d,SV-PAMELA-BAL-NARANJA-PLA-F,psy(shopify),384.37,384.95,423.28,423.95,OK,
balliu-parasol-para-terraza-82e48b2d,SV-PAMELA-BAL-NARANJA-PLA-NF,psy(shopify),384.37,384.95,423.28,423.95,OK,
balliu-parasol-para-terraza-82e48b2d,SV-PAMELA-BAL-VERDE-CLARO-CON-F,psy(shopify),384.37,384.95,423.28,423.95,OK,
balliu-parasol-para-terraza-82e48b2d,SV-PAMELA-BAL-VERDE-CLARO-CON-NF,psy(shopify),384.37,384.95,423.28,423.95,OK,
balliu-parasol-para-terraza-82e48b2d,SV-PAMELA-BAL-VERDE-CLARO-PLA-F,psy(shopify),384.37,384.95,423.28,423.95,OK,
balliu-parasol-para-terraza-82e48b2d,SV-PAMELA-BAL-VERDE-CLARO-PLA-NF,psy(shopify),384.37,384.95,423.28,423.95,OK,
balliu-parasol-para-terraza-82e48b2d,SV-PAMELA-BAL-BLANCO-CON-F,psy(shopify),384.37,384.95,423.28,423.95,OK,
balliu-parasol-para-terraza-82e48b2d,SV-PAMELA-BAL-BLANCO-CON-NF,psy(shopify),384.37,384.95,423.28,423.95,OK,
balliu-parasol-para-terraza-82e48b2d,SV-PAMELA-BAL-BLANCO-PLA-F,psy(shopify),384.37,384.95,423.28,423.95,OK,
balliu-parasol-para-terraza-82e48b2d,SV-PAMELA-BAL-BLANCO-PLA-NF,psy(shopify),384.37,384.95,423.28,423.95,OK,
balliu-parasol-para-terraza-82e48b2d,SV-PAMELA-BAL-NATURAL-CON-F,psy(shopify),384.37,384.95,423.28,423.95,OK,
balliu-parasol-para-terraza-82e48b2d,SV-PAMELA-BAL-NATURAL-CON-NF,psy(shopify),384.37,384.95,423.28,423.95,OK,
balliu-parasol-para-terraza-82e48b2d,SV-PAMELA-BAL-NATURAL-PLA-F,psy(shopify),384.37,384.95,423.28,423.95,OK,
balliu-parasol-para-terraza-82e48b2d,SV-PAMELA-BAL-NATURAL-PLA-NF,psy(shopify),384.37,384.95,423.28,423.95,OK,
balliu-parasol-para-terraza-82e48b2d,SV-PAMELA-BAL-CAPUCHINO-CON-F,psy(shopify),384.37,384.95,423.28,423.95,OK,
balliu-parasol-para-terraza-82e48b2d,SV-PAMELA-BAL-CAPUCHINO-CON-NF,psy(shopify),384.37,384.95,423.28,423.95,OK,
balliu-parasol-para-terraza-82e48b2d,SV-PAMELA-BAL-CAPUCHINO-PLA-F,psy(shopify),384.37,384.95,423.28,423.95,OK,
balliu-parasol-para-terraza-82e48b2d,SV-PAMELA-BAL-CAPUCHINO-PLA-NF,psy(shopify),384.37,384.95,423.28,423.95,OK,
balliu-parasol-para-terraza-82e48b2d,SV-PAMELA-BAL-CAQUI-CON-F,psy(shopify),384.37,384.95,423.28,423.95,OK,
balliu-parasol-para-terraza-82e48b2d,SV-PAMELA-BAL-CAQUI-CON-NF,psy(shopify),384.37,384.95,423.28,423.95,OK,
balliu-parasol-para-terraza-82e48b2d,SV-PAMELA-BAL-CAQUI-PLA-F,psy(shopify),384.37,384.95,423.28,423.95,OK,
balliu-parasol-para-terraza-82e48b2d,SV-PAMELA-BAL-CAQUI-PLA-NF,psy(shopify),384.37,384.95,423.28,423.95,OK,
balliu-parasol-para-terraza-82e48b2d,SV-PAMELA-BAL-MARRON-OSC-CON-F,psy(shopify),384.37,384.95,423.28,423.95,OK,
balliu-parasol-para-terraza-82e48b2d,SV-PAMELA-BAL-MARRON-OSC-CON-NF,psy(shopify),384.37,384.95,423.28,423.95,OK,
balliu-parasol-para-terraza-82e48b2d,SV-PAMELA-BAL-MARRON-OSC-PLA-F,psy(shopify),384.37,384.95,423.28,423.95,OK,
balliu-parasol-para-terraza-82e48b2d,SV-PAMELA-BAL-MARRON-OSC-PLA-NF,psy(shopify),384.37,384.95,423.28,423.95,OK,
balliu-parasol-para-terraza-82e48b2d,SV-PAMELA-BAL-ARENA-CON-F,psy(shopify),384.37,384.95,423.28,423.95,OK,
balliu-parasol-para-terraza-82e48b2d,SV-PAMELA-BAL-ARENA-CON-NF,psy(shopify),384.37,384.95,423.28,423.95,OK,
balliu-parasol-para-terraza-82e48b2d,SV-PAMELA-BAL-ARENA-PLA-F,psy(shopify),384.37,384.95,423.28,423.95,OK,
balliu-parasol-para-terraza-82e48b2d,SV-PAMELA-BAL-ARENA-PLA-NF,psy(shopify),384.37,384.95,423.28,423.95,OK,
balliu-parasol-para-terraza-82e48b2d,SV-PAMELA-BAL-VERDE-OSC-CON-F,psy(shopify),384.37,384.95,423.28,423.95,OK,
balliu-parasol-para-terraza-82e48b2d,SV-PAMELA-BAL-VERDE-OSC-CON-NF,psy(shopify),384.37,384.95,423.28,423.95,OK,
balliu-parasol-para-terraza-82e48b2d,SV-PAMELA-BAL-VERDE-OSC-PLA-F,psy(shopify),384.37,384.95,423.28,423.95,OK,
balliu-parasol-para-terraza-82e48b2d,SV-PAMELA-BAL-VERDE-OSC-PLA-NF,psy(shopify),384.37,384.95,423.28,423.95,OK,
balliu-parasol-para-terraza-82e48b2d,SV-PAMELA-BAL-AZUL-CEL-CON-F,psy(shopify),384.37,384.95,423.28,423.95,OK,
balliu-parasol-para-terraza-82e48b2d,SV-PAMELA-BAL-AZUL-CEL-CON-NF,psy(shopify),384.37,384.95,423.28,423.95,OK,
balliu-parasol-para-terraza-82e48b2d,SV-PAMELA-BAL-AZUL-CEL-PLA-F,psy(shopify),384.37,384.95,423.28,423.95,OK,
balliu-parasol-para-terraza-82e48b2d,SV-PAMELA-BAL-AZUL-CEL-PLA-NF,psy(shopify),384.37,384.95,423.28,423.95,OK,
balliu-parasol-para-terraza-82e48b2d,SV-PAMELA-BAL-CENIZA-CON-F,psy(shopify),384.37,384.95,423.28,423.95,OK,
balliu-parasol-para-terraza-82e48b2d,SV-PAMELA-BAL-CENIZA-CON-NF,psy(shopify),384.37,384.95,423.28,423.95,OK,
balliu-parasol-para-terraza-82e48b2d,SV-PAMELA-BAL-CENIZA-PLA-F,psy(shopify),384.37,384.95,423.28,423.95,OK,
balliu-parasol-para-terraza-82e48b2d,SV-PAMELA-BAL-CENIZA-PLA-NF,psy(shopify),384.37,384.95,423.28,423.95,OK,
balliu-parasol-para-terraza-82e48b2d,SV-PAMELA-BAL-AZUL-MAR-CON-F,psy(shopify),384.37,384.95,423.28,423.95,OK,
balliu-parasol-para-terraza-82e48b2d,SV-PAMELA-BAL-AZUL-MAR-CON-NF,psy(shopify),384.37,384.95,423.28,423.95,OK,
balliu-parasol-para-terraza-82e48b2d,SV-PAMELA-BAL-AZUL-MAR-PLA-F,psy(shopify),384.37,384.95,423.28,423.95,OK,
balliu-parasol-para-terraza-82e48b2d,SV-PAMELA-BAL-AZUL-MAR-PLA-NF,psy(shopify),384.37,384.95,423.28,423.95,OK,
balliu-parasol-para-terraza-82e48b2d,SV-PAMELA-BAL-GRIS-OSC-CON-F,psy(shopify),384.37,384.95,423.28,423.95,OK,
balliu-parasol-para-terraza-82e48b2d,SV-PAMELA-BAL-GRIS-OSC-CON-NF,psy(shopify),384.37,384.95,423.28,423.95,OK,
balliu-parasol-para-terraza-82e48b2d,SV-PAMELA-BAL-GRIS-OSC-PLA-F,psy(shopify),384.37,384.95,423.28,423.95,OK,
balliu-parasol-para-terraza-82e48b2d,SV-PAMELA-BAL-GRIS-OSC-PLA-NF,psy(shopify),384.37,384.95,423.28,423.95,OK,
balliu-parasol-para-terraza-82e48b2d,SV-PAMELA-BAL-AZUL-ACERO-CON-F,psy(shopify),384.37,384.95,423.28,423.95,OK,
balliu-parasol-para-terraza-82e48b2d,SV-PAMELA-BAL-AZUL-ACERO-CON-NF,psy(shopify),384.37,384.95,423.28,423.95,OK,
balliu-parasol-para-terraza-82e48b2d,SV-PAMELA-BAL-AZUL-ACERO-PLA-F,psy(shopify),384.37,384.95,423.28,423.95,OK,
balliu-parasol-para-terraza-82e48b2d,SV-PAMELA-BAL-AZUL-ACERO-PLA-NF,psy(shopify),384.37,384.95,423.28,423.95,OK,
balliu-parasol-para-terraza-f1ed8b8b,SV-OCEAN-BAL-200-AZUL,psy(shopify),304.13,299.90,399.95,329.95,OK,
balliu-parasol-para-terraza-f1ed8b8b,SV-OCEAN-BAL-200-AMARILLO,psy(shopify),304.13,299.90,399.95,329.95,OK,
balliu-parasol-para-terraza-f1ed8b8b,SV-OCEAN-BAL-200-NARANJA,psy(shopify),304.13,299.90,399.95,329.95,OK,
balliu-parasol-para-terraza-f1ed8b8b,SV-OCEAN-BAL-200-VERDE-CLARO,psy(shopify),304.13,299.90,399.95,329.95,OK,
balliu-parasol-para-terraza-f1ed8b8b,SV-OCEAN-BAL-200-BLANCO,psy(shopify),304.13,299.90,399.95,329.95,OK,
balliu-parasol-para-terraza-f1ed8b8b,SV-OCEAN-BAL-200-NATURAL,psy(shopify),304.13,299.90,399.95,329.95,OK,
balliu-parasol-para-terraza-f1ed8b8b,SV-OCEAN-BAL-200-CAPUCHINO,psy(shopify),304.13,299.90,399.95,329.95,OK,
balliu-parasol-para-terraza-f1ed8b8b,SV-OCEAN-BAL-200-CAQUI,psy(shopify),304.13,299.90,399.95,329.95,OK,
balliu-parasol-para-terraza-f1ed8b8b,SV-OCEAN-BAL-200-MARRON-OSC,psy(shopify),304.13,299.90,399.95,329.95,OK,
balliu-parasol-para-terraza-f1ed8b8b,SV-OCEAN-BAL-200-ARENA,psy(shopify),304.13,299.90,399.95,329.95,OK,
balliu-parasol-para-terraza-f1ed8b8b,SV-OCEAN-BAL-200-VERDE-OSC,psy(shopify),304.13,299.90,399.95,329.95,OK,
balliu-parasol-para-terraza-f1ed8b8b,SV-OCEAN-BAL-200-AZUL-CEL,psy(shopify),304.13,299.90,399.95,329.95,OK,
balliu-parasol-para-terraza-f1ed8b8b,SV-OCEAN-BAL-200-CENIZA,psy(shopify),304.13,299.90,399.95,329.95,OK,
balliu-parasol-para-terraza-f1ed8b8b,SV-OCEAN-BAL-200-AZUL-MAR,psy(shopify),304.13,299.90,399.95,329.95,OK,
balliu-parasol-para-terraza-f1ed8b8b,SV-OCEAN-BAL-200-GRIS-OSC,psy(shopify),304.13,299.90,399.95,329.95,OK,
balliu-parasol-para-terraza-f1ed8b8b,SV-OCEAN-BAL-200-AZUL-ACERO,psy(shopify),304.13,299.90,399.95,329.95,OK,
balliu-parasol-para-terraza-f1ed8b8b,SV-OCEAN-BAL-250-BLANCO,psy(shopify),381.54,381.95,399.95,420.95,OK,
balliu-parasol-para-terraza-f1ed8b8b,SV-OCEAN-BAL-250-CAQUI,psy(shopify),381.54,381.95,399.95,420.95,OK,
balliu-parasol-para-terraza-f1ed8b8b,SV-OCEAN-BAL-250-GRIS-OSC,psy(shopify),381.54,381.95,399.95,420.95,OK,
balliu-parasol-para-terraza-acrilico-c8dd492d,SV-OCEAN-ACR-200-ANTRACITA-F,psy(shopify),398.10,398.95,449.95,438.95,OK,
balliu-parasol-para-terraza-acrilico-c8dd492d,SV-OCEAN-ACR-200-ANTRACITA-NF,psy(shopify),398.10,398.95,449.95,438.95,OK,
balliu-parasol-para-terraza-acrilico-c8dd492d,SV-OCEAN-ACR-200-ARENA-F,psy(shopify),398.10,398.95,449.95,438.95,OK,
balliu-parasol-para-terraza-acrilico-c8dd492d,SV-OCEAN-ACR-200-ARENA-NF,psy(shopify),398.10,398.95,449.95,438.95,OK,
balliu-parasol-para-terraza-acrilico-c8dd492d,SV-OCEAN-ACR-200-AZUL-F,psy(shopify),398.10,398.95,449.95,438.95,OK,
balliu-parasol-para-terraza-acrilico-c8dd492d,SV-OCEAN-ACR-200-AZUL-NF,psy(shopify),398.10,398.95,449.95,438.95,OK,
balliu-parasol-para-terraza-acrilico-c8dd492d,SV-OCEAN-ACR-200-BLANCO-F,psy(shopify),398.10,398.95,449.95,438.95,OK,
balliu-parasol-para-terraza-acrilico-c8dd492d,SV-OCEAN-ACR-200-BLANCO-NF,psy(shopify),398.10,398.95,449.95,438.95,OK,
balliu-parasol-para-terraza-acrilico-c8dd492d,SV-OCEAN-ACR-200-CRUDO-F,psy(shopify),398.10,398.95,449.95,438.95,OK,
balliu-parasol-para-terraza-acrilico-c8dd492d,SV-OCEAN-ACR-200-CRUDO-NF,psy(shopify),398.10,398.95,449.95,438.95,OK,
balliu-parasol-para-terraza-acrilico-c8dd492d,SV-OCEAN-ACR-200-MINERAL-F,psy(shopify),398.10,398.95,449.95,438.95,OK,
balliu-parasol-para-terraza-acrilico-c8dd492d,SV-OCEAN-ACR-200-MINERAL-NF,psy(shopify),398.10,398.95,449.95,438.95,OK,
balliu-parasol-para-terraza-acrilico-c8dd492d,SV-OCEAN-ACR-250-ANTRACITA-F,psy(shopify),414.67,399.90,449.95,439.95,OK,
balliu-parasol-para-terraza-acrilico-c8dd492d,SV-OCEAN-ACR-250-ANTRACITA-NF,psy(shopify),414.67,399.90,449.95,439.95,OK,
balliu-parasol-para-terraza-acrilico-c8dd492d,SV-OCEAN-ACR-250-ARENA-F,psy(shopify),414.67,399.90,449.95,439.95,OK,
balliu-parasol-para-terraza-acrilico-c8dd492d,SV-OCEAN-ACR-250-ARENA-NF,psy(shopify),414.67,399.90,449.95,439.95,OK,
balliu-parasol-para-terraza-acrilico-c8dd492d,SV-OCEAN-ACR-250-AZUL-F,psy(shopify),414.67,399.90,449.95,439.95,OK,
balliu-parasol-para-terraza-acrilico-c8dd492d,SV-OCEAN-ACR-250-AZUL-NF,psy(shopify),414.67,399.90,449.95,439.95,OK,
balliu-parasol-para-terraza-acrilico-c8dd492d,SV-OCEAN-ACR-250-BLANCO-F,psy(shopify),414.67,399.90,449.95,439.95,OK,
balliu-parasol-para-terraza-acrilico-c8dd492d,SV-OCEAN-ACR-250-BLANCO-NF,psy(shopify),414.67,399.90,449.95,439.95,OK,
balliu-parasol-para-terraza-acrilico-c8dd492d,SV-OCEAN-ACR-250-CRUDO-F,psy(shopify),414.67,399.90,449.95,439.95,OK,
balliu-parasol-para-terraza-acrilico-c8dd492d,SV-OCEAN-ACR-250-CRUDO-NF,psy(shopify),414.67,399.90,449.95,439.95,OK,
balliu-parasol-para-terraza-acrilico-c8dd492d,SV-OCEAN-ACR-250-MINERAL-F,psy(shopify),414.67,399.90,449.95,439.95,OK,
balliu-parasol-para-terraza-acrilico-c8dd492d,SV-OCEAN-ACR-250-MINERAL-NF,psy(shopify),414.67,399.90,449.95,439.95,OK,
balliu-parasol-para-terraza-aluminio-300-cm-3b7e77d1,SV-GARBI-BLANCO,psy(shopify),1045.32,1049.00,1150.00,1150.00,OK,
balliu-parasol-para-terraza-aluminio-300-cm-3b7e77d1,SV-GARBI-CAQUI,psy(shopify),1045.32,1049.00,1150.00,1150.00,OK,
balliu-parasol-para-terraza-aluminio-300-cm-3b7e77d1,SV-GARBI-GRIS-OSC,psy(shopify),1045.32,1049.00,1150.00,1150.00,OK,
balliu-parasol-para-terraza-aluminio-300-cm-0ceba8e7,SV-BRISA-BLANCO,psy(shopify),1045.32,1049.00,1150.00,1150.00,OK,
balliu-parasol-para-terraza-aluminio-300-cm-0ceba8e7,SV-BRISA-CAQUI,psy(shopify),1045.32,1049.00,1150.00,1150.00,OK,
balliu-parasol-para-terraza-aluminio-300-cm-0ceba8e7,SV-BRISA-GRIS-OSC,psy(shopify),1045.32,1049.00,1150.00,1150.00,OK,
balliu-parasol-para-terraza-aluminio-300-cm-6c1e1224,SV-ROMA-ANTRACITA,psy(shopify),1897.36,1899.00,2100.00,2100.00,OK,
balliu-parasol-para-terraza-aluminio-300-cm-6c1e1224,SV-ROMA-BLANCO,psy(shopify),1897.36,1899.00,2100.00,2100.00,OK,
balliu-parasol-para-terraza-aluminio-300-cm-6c1e1224,SV-ROMA-MINERAL,psy(shopify),1897.36,1899.00,2100.00,2100.00,OK,
balliu-colchoneta-para-tumbona-0e9a3256,BALLIU_COLCHONETA_TUMBONA_TELA_BALLIU_GUAT_0E9A3256,excel_col_G,115.95,115.95,127.95,127.95,SIN_CAMBIOS,
balliu-colchoneta-para-tumbona-0e9a3256,BALLIU_COLCHONETA_TUMBONA_TEJIDO_ACRILICO_26977CB8,excel_col_G,131.95,131.95,144.95,145.95,OK,
balliu-colchoneta-para-tumbona-0e9a3256,BALLIU_COLCHONETA_TUMBONA_TELA_BALLIU_DRYF_41269616,excel_col_G,190.95,190.95,199.95,210.95,OK,
balliu-colchoneta-para-tumbona-0e9a3256,SV-COLCHONETA-TELA-BALLIU,psy(shopify),115.55,115.95,127.95,127.95,OK,
balliu-colchoneta-para-tumbona-0e9a3256,SV-COLCHONETA-ACRILICO,psy(shopify),131.37,131.95,127.95,145.95,OK,
balliu-colchoneta-para-tumbona-0e9a3256,SV-COLCHONETA-DRY-FEEL,psy(shopify),190.88,190.95,127.95,210.95,OK,
balliu-mobiliario-exterior-resina-28-cm-6264905d,BALLIU_WEGUARD_CAJA_DE_SEGU_6264905D,excel_col_G,67.95,67.95,74.95,74.95,SIN_CAMBIOS,
balliu-pie-de-parasol-c2147052,SV-PIE-40KG-ESTANDAR,psy(shopify),164.14,164.95,180.95,181.95,OK,
balliu-pie-de-parasol-c2147052,SV-PIE-40KG-RE,psy(shopify),126.88,126.95,180.95,139.95,OK,
balliu-base-de-parasol-3ee8b72d,SV-BASE-25KG,psy(shopify),51.23,51.95,112.95,57.95,OK,
balliu-base-de-parasol-3ee8b72d,SV-BASE-30KG,psy(shopify),102.16,99.90,112.95,109.95,OK,
balliu-funda-protectora-exterior-686cc405,BALLIU_FUNDA_TUMBONA_2_UNIDADES_686CC405,excel_col_G,79.95,79.95,87.95,87.95,SIN_CAMBIOS,
balliu-funda-protectora-exterior-686cc405,BALLIU_FUNDA_TUMBONA_24_UNIDADES_287BB1C0,excel_col_G,329.95,329.95,349.95,349.95,SIN_CAMBIOS,
balliu-funda-protectora-exterior-686cc405,BALLIU_FUNDA_TUMBONA_12_UNIDADES_D7D20AB0,excel_col_G,249.90,249.90,282.95,274.95,OK,
balliu-funda-protectora-exterior-acrilico-a1c16324,BALLIU_FUNDA_PARASOL_1_UNIDADES_ACRIL_A1C16324,excel_col_G,36.95,36.95,48.00,48.00,SIN_CAMBIOS,
balliu-funda-protectora-exterior-6f6d4953,BALLIU_FUNDA_SOFA_SOFA_INDIVIDUAL_6F6D4953,excel_col_G,129.95,129.95,142.95,142.95,SIN_CAMBIOS,
balliu-funda-protectora-exterior-6f6d4953,BALLIU_FUNDA_SOFA_SOFA_DOBLE_0595C4C0,excel_col_G,186.95,186.95,199.95,199.95,SIN_CAMBIOS,
balliu-funda-protectora-exterior-6f6d4953,BALLIU_FUNDA_SOFA_SOFA_TRIPLE_852AF1C6,excel_col_G,227.95,227.95,249.95,249.95,SIN_CAMBIOS,
balliu-funda-protectora-exterior-340b2844,BALLIU_FUNDA_SILLA_6_UNIDADES_340B2844,excel_col_G,84.95,84.95,92.95,93.95,OK,
balliu-cojin-exterior-523e5ae9,BALLIU_COJIN_40X40_COJIN_CUADRAL_523E5AE9,excel_col_G,53.95,53.95,58.95,59.95,OK,
parasol-cuadrado-200x200,SV-AGORA-ANTRACITA,psy(shopify),426.22,426.95,,449.95,OK,
parasol-cuadrado-200x200,SV-AGORA-ARENA,psy(shopify),426.22,426.95,,449.95,OK,
parasol-cuadrado-200x200,SV-AGORA-AZUL,psy(shopify),426.22,426.95,,449.95,OK,
parasol-cuadrado-200x200,SV-AGORA-BLANCO-ACR,psy(shopify),426.22,426.95,,449.95,OK,
parasol-cuadrado-200x200,SV-AGORA-CRUDO,psy(shopify),426.22,426.95,,449.95,OK,
parasol-cuadrado-200x200,SV-AGORA-MINERAL,psy(shopify),426.22,426.95,,449.95,OK,
parasol-cuadrado-200x200,SV-AGORA-BLANCO-TELA,psy(shopify),404.20,399.90,,439.95,OK,
parasol-cuadrado-200x200,SV-AGORA-CAQUI,psy(shopify),404.20,399.90,,439.95,OK,
parasol-cuadrado-200x200,SV-AGORA-GRIS-OSC,psy(shopify),404.20,399.90,,439.95,OK,
tumbona-carmen-tablillas,SV-CARMEN-T-BLANCO,psy(shopify),209.03,199.90,,219.95,OK,
tumbona-carmen-tablillas,SV-CARMEN-T-ARENA,psy(shopify),219.66,219.95,,241.95,OK,
tumbona-carmen-tablillas,SV-CARMEN-T-BRONCE,psy(shopify),219.66,219.95,,241.95,OK,
tumbona-carmen-tablillas,SV-CARMEN-T-GRIS-OSC,psy(shopify),219.66,219.95,,241.95,OK,
tumbona-carmen-tablillas,SV-CARMEN-T-MADERA,psy(shopify),219.66,219.95,,241.95,OK,
tumbona-lola-tablillas,SV-LOLA-T-BLANCO,psy(shopify),208.76,199.90,,219.95,OK,
tumbona-lola-tablillas,SV-LOLA-T-ARENA,psy(shopify),212.34,212.95,,234.95,OK,
tumbona-lola-tablillas,SV-LOLA-T-BRONCE,psy(shopify),212.34,212.95,,234.95,OK,
tumbona-lola-tablillas,SV-LOLA-T-GRIS-OSC,psy(shopify),212.34,212.95,,234.95,OK,
tumbona-lola-tablillas,SV-LOLA-T-MADERA,psy(shopify),212.34,212.95,,234.95,OK,
mesa-exterior-aluminio-hpl-120x80-capri-doble,SV-CAPRI-DOBLE-BLANCO-GRIS,psy(shopify),531.53,535.00,,575.00,OK,
mesa-exterior-aluminio-hpl-120x80-capri-doble,SV-CAPRI-DOBLE-BLANCO-BLANCO,psy(shopify),531.53,535.00,,575.00,OK,
mesa-exterior-aluminio-hpl-120x80-capri-doble,SV-CAPRI-DOBLE-BLANCO-MOONWALK,psy(shopify),531.53,535.00,,575.00,OK,
mesa-exterior-aluminio-hpl-120x80-capri-doble,SV-CAPRI-DOBLE-BLANCO-SKYLINE,psy(shopify),531.53,535.00,,575.00,OK,
mesa-exterior-aluminio-hpl-120x80-capri-doble,SV-CAPRI-DOBLE-BLANCO-PRADO,psy(shopify),531.53,535.00,,575.00,OK,
mesa-exterior-aluminio-hpl-120x80-capri-doble,SV-CAPRI-DOBLE-TORTOLA-GRIS,psy(shopify),531.53,535.00,,575.00,OK,
mesa-exterior-aluminio-hpl-120x80-capri-doble,SV-CAPRI-DOBLE-TORTOLA-BLANCO,psy(shopify),531.53,535.00,,575.00,OK,
mesa-exterior-aluminio-hpl-120x80-capri-doble,SV-CAPRI-DOBLE-TORTOLA-MOONWALK,psy(shopify),531.53,535.00,,575.00,OK,
mesa-exterior-aluminio-hpl-120x80-capri-doble,SV-CAPRI-DOBLE-TORTOLA-SKYLINE,psy(shopify),531.53,535.00,,575.00,OK,
mesa-exterior-aluminio-hpl-120x80-capri-doble,SV-CAPRI-DOBLE-TORTOLA-PRADO,psy(shopify),531.53,535.00,,575.00,OK,
mesa-exterior-aluminio-hpl-120x80-capri-doble,SV-CAPRI-DOBLE-ALUMINIO-GRIS,psy(shopify),531.53,535.00,,575.00,OK,
mesa-exterior-aluminio-hpl-120x80-capri-doble,SV-CAPRI-DOBLE-ALUMINIO-BLANCO,psy(shopify),531.53,535.00,,575.00,OK,
mesa-exterior-aluminio-hpl-120x80-capri-doble,SV-CAPRI-DOBLE-ALUMINIO-MOONWALK,psy(shopify),531.53,535.00,,575.00,OK,
mesa-exterior-aluminio-hpl-120x80-capri-doble,SV-CAPRI-DOBLE-ALUMINIO-SKYLINE,psy(shopify),531.53,535.00,,575.00,OK,
mesa-exterior-aluminio-hpl-120x80-capri-doble,SV-CAPRI-DOBLE-ALUMINIO-PRADO,psy(shopify),531.53,535.00,,575.00,OK,
