Handle,Title,Body (HTML),Vendor,Product Category,Type,Tags,Published,Option1 Name,Option1 Value,Variant SKU,Variant Grams,Variant Inventory Tracker,Variant Inventory Qty,Variant Inventory Policy,Variant Fulfillment Service,Variant Price,Variant Compare At Price,Variant Requires Shipping,Variant Taxable,Image Src,Image Position,Image Alt Text,Gift Card,SEO Title,SEO Description,Status,Cost per item
sillon-exterior-aluminio-estilo-envolvente-9890-cm,Sillón exterior aluminio · estilo envolvente | 98×90 cm,"<p>El sillón está fabricado íntegramente en aluminio con estructura tubular reforzada y acabado termo-lacado de alta resistencia. Su diseño combina líneas envolventes con cojines de gran volumen, ofreciendo ergonomía y estabilidad en entornos exteriores exigentes. Los cojines incorporan espuma de alta densidad y tapizado técnico para exterior, resistente a la intemperie y de fácil mantenimiento.</p>
<ul>
  <li>Estructura en <strong>aluminio termo-lacado</strong>: ligera, resistente a la corrosión y duradera sin mantenimiento especial</li>
  <li>Cojines de <strong>espuma de alta densidad</strong> con tapizado técnico resistente a la intemperie y de fácil mantenimiento</li>
  <li>Resistente a <strong>rayos UV, lluvia y humedad</strong> — preparado para exterior durante todo el año</li>
  <li>Mantenimiento mínimo: no requiere tratamientos ni almacenamiento en invierno</li>
  <li>Apto para uso residencial y proyectos de <strong>hostelería y contract</strong> (hoteles, restaurantes, terrazas de establecimientos)</li>
  <li>Transporte sencillo y <strong>montaje sin herramientas especiales</strong></li>
</ul>
<p><strong>Dimensiones:</strong> Ancho: 98 cm &nbsp;|&nbsp; Fondo: 90 cm &nbsp;|&nbsp; Alto: 90 cm</p>",Muebles Exterior,,Sillón,"exterior, terraza, jardín, sillón, aluminio, hostelería",TRUE,Title,Default Title,557-010881,0,shopify,10,deny,manual,809.92,980.00,TRUE,TRUE,https://hevea.es/mpcrm/imgs/uploads/sill%C3%B3n%20brandon.png,1,Sillón exterior aluminio · estilo envolvente | 98×90 cm,FALSE,Sillón exterior aluminio · estilo envolvente | 98×90 cm,"El sillón está fabricado íntegramente en aluminio con estructura tubular reforzada y acabado termo-lacado de alta resistencia. Su diseño combina líneas envolventes con cojines de gran volumen, ofreciendo ergonomía y estabilidad en entornos exteriores exigentes. Los cojines incorporan espuma de alta densidad y tapizado ",active,539.00
sofa-terraza-aluminio-2-plazas-estilo-contemporaneo-16690-cm,Sofá terraza aluminio 2 plazas · estilo contemporáneo | 166×90 cm,"<p>El sofá de 2 plazas mantiene la estructura de aluminio reforzado con acabado de alta durabilidad, garantizando resistencia frente a humedad y radiación UV. Su diseño equilibrado ofrece confort y presencia estética en espacios exteriores contemporáneos. Incorpora cojines de asiento y respaldo de gran espesor con espuma técnica de alta recuperación, tapizados en tejido exterior preparado para uso intensivo.</p>
<ul>
  <li>Estructura en <strong>aluminio termo-lacado</strong>: ligera, resistente a la corrosión y duradera sin mantenimiento especial</li>
  <li>Cojines con <strong>tapizado técnico para exterior</strong>, resistentes a la intemperie</li>
  <li>Resistente a <strong>rayos UV, lluvia y humedad</strong> — preparado para exterior durante todo el año</li>
  <li>Mantenimiento mínimo: no requiere tratamientos ni almacenamiento en invierno</li>
  <li>Apto para uso residencial y proyectos de <strong>hostelería y contract</strong> (hoteles, restaurantes, terrazas de establecimientos)</li>
  <li>Transporte sencillo y <strong>montaje sin herramientas especiales</strong></li>
</ul>
<p><strong>Dimensiones:</strong> Ancho: 166 cm &nbsp;|&nbsp; Fondo: 90 cm &nbsp;|&nbsp; Alto: 90 cm</p>",Muebles Exterior,,Sofá,"exterior, terraza, jardín, sofá, aluminio, 2 plazas, hostelería",TRUE,Title,Default Title,557-010882,0,shopify,10,deny,manual,1214.88,1470.00,TRUE,TRUE,https://hevea.es/mpcrm/imgs/uploads/brandon%202%20plazas.jpg,1,Sofá terraza aluminio 2 plazas · estilo contemporáneo | 166×90 cm,FALSE,Sofá terraza aluminio 2 plazas · estilo contemporáneo | 166×90 cm,"El sofá de 2 plazas mantiene la estructura de aluminio reforzado con acabado de alta durabilidad, garantizando resistencia frente a humedad y radiación UV. Su diseño equilibrado ofrece confort y presencia estética en espacios exteriores contemporáneos. Incorpora cojines de asiento y respaldo de gran espesor con espuma ",active,809.00
sofa-terraza-aluminio-3-plazas-estilo-contemporaneo-22090-cm,Sofá terraza aluminio 3 plazas · estilo contemporáneo | 220×90 cm,"<p>El sofá de 3 plazas amplía la capacidad manteniendo la solidez estructural en aluminio termo-lacado. Su formato lineal permite configuraciones amplias en terrazas y zonas lounge. Los cojines de gran volumen aportan máximo confort y están fabricados con materiales resistentes a la intemperie y diseñados para uso profesional exterior.</p>
<ul>
  <li>Estructura en <strong>aluminio termo-lacado</strong>: ligera, resistente a la corrosión y duradera sin mantenimiento especial</li>
  <li>Cojines con <strong>tapizado técnico para exterior</strong>, resistentes a la intemperie</li>
  <li>Resistente a <strong>rayos UV, lluvia y humedad</strong> — preparado para exterior durante todo el año</li>
  <li>Mantenimiento mínimo: no requiere tratamientos ni almacenamiento en invierno</li>
  <li>Apto para uso residencial y proyectos de <strong>hostelería y contract</strong> (hoteles, restaurantes, terrazas de establecimientos)</li>
  <li>Transporte sencillo y <strong>montaje sin herramientas especiales</strong></li>
</ul>
<p><strong>Dimensiones:</strong> Diámetro: 220 cm &nbsp;|&nbsp; Fondo: 90 cm &nbsp;|&nbsp; Alto: 90 cm</p>",Muebles Exterior,,Sofá,"exterior, terraza, jardín, sofá, aluminio, 3 plazas, hostelería",TRUE,Title,Default Title,557-010879,0,shopify,10,deny,manual,1603.31,1940.00,TRUE,TRUE,https://hevea.es/mpcrm/imgs/uploads/brandon%203%20plazas.png,1,Sofá terraza aluminio 3 plazas · estilo contemporáneo | 220×90 cm,FALSE,Sofá terraza aluminio 3 plazas · estilo contemporáneo | 220×90 cm,El sofá de 3 plazas amplía la capacidad manteniendo la solidez estructural en aluminio termo-lacado. Su formato lineal permite configuraciones amplias en terrazas y zonas lounge. Los cojines de gran volumen aportan máximo confort y están fabricados con materiales resistentes a la intemperie y diseñados para uso profesi,active,1067.00
set-jardin-contemporaneo-sofa-2-plazas-2-sillones-mesa,Set jardín · contemporáneo | sofá 2 plazas + 2 sillones + mesa,"<p>El set incluye dos mesas de centro de 80 y 60 cm fabricadas con estructura metálica robusta y sobres resistentes para exterior. Su diseño modular permite superposición o uso independiente, adaptándose a diferentes composiciones lounge. Materiales preparados para exposición exterior y fácil mantenimiento.</p>
<ul>
  <li>Resistente a <strong>rayos UV, lluvia y humedad</strong> — preparado para exterior durante todo el año</li>
  <li>Mantenimiento mínimo: no requiere tratamientos ni almacenamiento en invierno</li>
  <li>Composición completa: <strong>sofá 2 plazas + 2 sillones + mesa de centro</strong> (todo incluido en el precio, listo para montar)</li>
  <li>Set de <strong>dos mesas de centro</strong> de distintas alturas — superponibles o usables de forma independiente</li>
  <li>Apto para uso residencial y proyectos de <strong>hostelería y contract</strong> (hoteles, restaurantes, terrazas de establecimientos)</li>
  <li>Transporte sencillo y <strong>montaje sin herramientas especiales</strong></li>
</ul>
<p><strong>Dimensiones:</strong> Ancho: 140 cm &nbsp;|&nbsp; Alto: 40 cm</p>",Muebles Exterior,,Conjunto sofá,"exterior, terraza, jardín, conjunto sofá, hostelería",TRUE,Title,Default Title,557-010884,0,shopify,10,deny,manual,359.50,435.00,TRUE,TRUE,https://hevea.es/mpcrm/imgs/uploads/mesa%20brandon%20luna.jpg,1,Set jardín · contemporáneo | sofá 2 plazas + 2 sillones + mesa,FALSE,Set jardín · contemporáneo | sofá 2 plazas + 2 sillones + mesa,"El set incluye dos mesas de centro de 80 y 60 cm fabricadas con estructura metálica robusta y sobres resistentes para exterior. Su diseño modular permite superposición o uso independiente, adaptándose a diferentes composiciones lounge. Materiales preparados para exposición exterior y fácil mantenimiento.",active,240.00
set-jardin-aluminio-2-plazas-contemporaneo-sofa-2-plazas-2-sillones-mesa,Set jardín aluminio 2 plazas · contemporáneo | sofá 2 plazas + 2 sillones + mesa,"<p>El conjunto integra sofá de 2 plazas, sillones y mesas auxiliares en una solución completa para espacios exteriores. Fabricado en aluminio con acabado de alta resistencia, está concebido para uso intensivo en hoteles y proyectos contract. Sus cojines técnicos garantizan confort prolongado y durabilidad frente a condiciones climáticas adversas.</p>
<ul>
  <li>Estructura en <strong>aluminio termo-lacado</strong>: ligera, resistente a la corrosión y duradera sin mantenimiento especial</li>
  <li>Cojines con <strong>tapizado técnico para exterior</strong>, resistentes a la intemperie</li>
  <li>Resistente a <strong>rayos UV, lluvia y humedad</strong> — preparado para exterior durante todo el año</li>
  <li>Mantenimiento mínimo: no requiere tratamientos ni almacenamiento en invierno</li>
  <li>Composición completa: <strong>sofá 2 plazas + 2 sillones + mesa de centro</strong> (todo incluido en el precio, listo para montar)</li>
  <li>Apto para uso residencial y proyectos de <strong>hostelería y contract</strong> (hoteles, restaurantes, terrazas de establecimientos)</li>
  <li>Transporte sencillo y <strong>montaje sin herramientas especiales</strong></li>
</ul>",Muebles Exterior,,Conjunto sofá,"exterior, terraza, jardín, conjunto sofá, aluminio, 2 plazas, hostelería",TRUE,Title,Default Title,557-010884,0,shopify,10,deny,manual,3194.21,3865.00,TRUE,TRUE,https://hevea.es/mpcrm/imgs/uploads/1739541476_BRANDON-7.jpg,1,Set jardín aluminio 2 plazas · contemporáneo | sofá 2 plazas + 2 sillones + mesa,FALSE,Set jardín aluminio 2 plazas · contemporáneo | sofá 2 plazas + 2 sillo,"El conjunto integra sofá de 2 plazas, sillones y mesas auxiliares en una solución completa para espacios exteriores. Fabricado en aluminio con acabado de alta resistencia, está concebido para uso intensivo en hoteles y proyectos contract. Sus cojines técnicos garantizan confort prolongado y durabilidad frente a condici",active,2126.00
set-jardin-aluminio-3-plazas-contemporaneo-sofa-3-plazas-2-sillones-mesa,Set jardín aluminio 3 plazas · contemporáneo | sofá 3 plazas + 2 sillones + mesa,"<p>El conjunto ofrece una configuración de mayor capacidad con sofá de 3 plazas y piezas complementarias, manteniendo la estructura de aluminio reforzado y acabado premium. Diseñado para entornos profesionales exteriores, combina robustez, comodidad y estética contemporánea. Cojines de alta densidad con tejido técnico resistente a la intemperie.</p>
<ul>
  <li>Estructura en <strong>aluminio termo-lacado</strong>: ligera, resistente a la corrosión y duradera sin mantenimiento especial</li>
  <li>Cojines de <strong>espuma de alta densidad</strong> con tapizado técnico resistente a la intemperie y de fácil mantenimiento</li>
  <li>Resistente a <strong>rayos UV, lluvia y humedad</strong> — preparado para exterior durante todo el año</li>
  <li>Mantenimiento mínimo: no requiere tratamientos ni almacenamiento en invierno</li>
  <li>Composición completa: <strong>sofá 3 plazas + 2 sillones + mesa de centro</strong> (todo incluido en el precio, listo para montar)</li>
  <li>Apto para uso residencial y proyectos de <strong>hostelería y contract</strong> (hoteles, restaurantes, terrazas de establecimientos)</li>
  <li>Transporte sencillo y <strong>montaje sin herramientas especiales</strong></li>
</ul>",Muebles Exterior,,Conjunto sofá,"exterior, terraza, jardín, conjunto sofá, aluminio, 3 plazas, hostelería",TRUE,Title,Default Title,557-010885,0,shopify,10,deny,manual,3582.64,4335.00,TRUE,TRUE,https://hevea.es/mpcrm/imgs/uploads/brandon%208%20(3).png,1,Set jardín aluminio 3 plazas · contemporáneo | sofá 3 plazas + 2 sillones + mesa,FALSE,Set jardín aluminio 3 plazas · contemporáneo | sofá 3 plazas + 2 sillo,"El conjunto ofrece una configuración de mayor capacidad con sofá de 3 plazas y piezas complementarias, manteniendo la estructura de aluminio reforzado y acabado premium. Diseñado para entornos profesionales exteriores, combina robustez, comodidad y estética contemporánea. Cojines de alta densidad con tejido técnico res",active,2385.00
sillon-exterior-estilo-elegante-7275-cm,Sillón exterior · estilo elegante | 72×75 cm,"<p>El sillón es una pieza elegante y equilibrada para terrazas y jardines. Su diseño contemporáneo y sus cojines amplios ofrecen una experiencia de descanso cómoda y relajada. Fabricado con estructura resistente para exterior, garantiza estabilidad y durabilidad frente al uso diario. Ideal como pieza individual o combinado con el resto de la colección.</p>
<ul>
  <li>Cojines con <strong>tapizado técnico para exterior</strong>, resistentes a la intemperie</li>
  <li>Resistente a <strong>rayos UV, lluvia y humedad</strong> — preparado para exterior durante todo el año</li>
  <li>Mantenimiento mínimo: no requiere tratamientos ni almacenamiento en invierno</li>
  <li>Apto para uso residencial y proyectos de <strong>hostelería y contract</strong> (hoteles, restaurantes, terrazas de establecimientos)</li>
  <li>Transporte sencillo y <strong>montaje sin herramientas especiales</strong></li>
</ul>
<p><strong>Dimensiones:</strong> Ancho: 72 cm &nbsp;|&nbsp; Fondo: 79 cm &nbsp;|&nbsp; Alto: 75 cm</p>",Muebles Exterior,,Sillón,"exterior, terraza, jardín, sillón, hostelería",TRUE,Title,Default Title,557-010935,0,shopify,10,deny,manual,541.32,655.00,TRUE,TRUE,https://hevea.es/mpcrm/imgs/uploads/sillon%20damasco.png,1,Sillón exterior · estilo elegante | 72×75 cm,FALSE,Sillón exterior · estilo elegante | 72×75 cm,"El sillón es una pieza elegante y equilibrada para terrazas y jardines. Su diseño contemporáneo y sus cojines amplios ofrecen una experiencia de descanso cómoda y relajada. Fabricado con estructura resistente para exterior, garantiza estabilidad y durabilidad frente al uso diario. Ideal como pieza individual o combinad",active,361.00
sofa-terraza-2-plazas-estilo-envolvente-13575-cm,Sofá terraza 2 plazas · estilo envolvente | 135×75 cm,"<p>El sofá de 2 plazas combina diseño moderno y confort en un formato compacto. Su estructura preparada para exterior aporta resistencia y estabilidad, mientras que sus cojines voluminosos garantizan una sentada cómoda y envolvente. Perfecto para terrazas urbanas o patios que buscan estilo y funcionalidad.</p>
<ul>
  <li>Cojines con <strong>tapizado técnico para exterior</strong>, resistentes a la intemperie</li>
  <li>Resistente a <strong>rayos UV, lluvia y humedad</strong> — preparado para exterior durante todo el año</li>
  <li>Mantenimiento mínimo: no requiere tratamientos ni almacenamiento en invierno</li>
  <li>Apto para uso residencial y proyectos de <strong>hostelería y contract</strong> (hoteles, restaurantes, terrazas de establecimientos)</li>
  <li>Transporte sencillo y <strong>montaje sin herramientas especiales</strong></li>
</ul>
<p><strong>Dimensiones:</strong> Ancho: 135 cm &nbsp;|&nbsp; Fondo: 79 cm &nbsp;|&nbsp; Alto: 75 cm</p>",Muebles Exterior,,Sofá,"exterior, terraza, jardín, sofá, 2 plazas, hostelería",TRUE,Title,Default Title,557-010936,0,shopify,10,deny,manual,797.52,965.00,TRUE,TRUE,https://hevea.es/mpcrm/imgs/uploads/damasco%207.png,1,Sofá terraza 2 plazas · estilo envolvente | 135×75 cm,FALSE,Sofá terraza 2 plazas · estilo envolvente | 135×75 cm,"El sofá de 2 plazas combina diseño moderno y confort en un formato compacto. Su estructura preparada para exterior aporta resistencia y estabilidad, mientras que sus cojines voluminosos garantizan una sentada cómoda y envolvente. Perfecto para terrazas urbanas o patios que buscan estilo y funcionalidad.",active,531.00
sofa-terraza-3-plazas-estilo-sofisticado-19475-cm,Sofá terraza 3 plazas · estilo sofisticado | 194×75 cm,"<p>El sofá de 3 plazas transforma cualquier espacio exterior en un auténtico salón al aire libre. Amplio y sofisticado, ofrece asiento profundo y cojines generosos que invitan al relax. Su estructura robusta asegura durabilidad y estabilidad durante todo el año.</p>
<ul>
  <li>Cojines con <strong>tapizado técnico para exterior</strong>, resistentes a la intemperie</li>
  <li>Resistente a <strong>rayos UV, lluvia y humedad</strong> — preparado para exterior durante todo el año</li>
  <li>Mantenimiento mínimo: no requiere tratamientos ni almacenamiento en invierno</li>
  <li>Apto para uso residencial y proyectos de <strong>hostelería y contract</strong> (hoteles, restaurantes, terrazas de establecimientos)</li>
  <li>Transporte sencillo y <strong>montaje sin herramientas especiales</strong></li>
</ul>
<p><strong>Dimensiones:</strong> Ancho: 194 cm &nbsp;|&nbsp; Fondo: 79 cm &nbsp;|&nbsp; Alto: 75 cm</p>",Muebles Exterior,,Sofá,"exterior, terraza, jardín, sofá, 3 plazas, hostelería",TRUE,Title,Default Title,557-010937,0,shopify,10,deny,manual,1012.40,1225.00,TRUE,TRUE,https://hevea.es/mpcrm/imgs/uploads/damasco%208.png,1,Sofá terraza 3 plazas · estilo sofisticado | 194×75 cm,FALSE,Sofá terraza 3 plazas · estilo sofisticado | 194×75 cm,"El sofá de 3 plazas transforma cualquier espacio exterior en un auténtico salón al aire libre. Amplio y sofisticado, ofrece asiento profundo y cojines generosos que invitan al relax. Su estructura robusta asegura durabilidad y estabilidad durante todo el año.",active,674.00
mesa-de-centro-exterior-90-cm-altura-40-cm,Mesa de centro exterior 90 cm · altura 40 cm,"<p>La mesa de centro destaca por su diseño minimalista y funcional. Compacta y resistente, está preparada para uso exterior y resulta ideal para apoyar bebidas o elementos decorativos. Se integra perfectamente en conjuntos de terraza modernos.</p>
<ul>
  <li>Resistente a <strong>rayos UV, lluvia y humedad</strong> — preparado para exterior durante todo el año</li>
  <li>Mantenimiento mínimo: no requiere tratamientos ni almacenamiento en invierno</li>
  <li>Transporte sencillo y <strong>montaje sin herramientas especiales</strong></li>
</ul>
<p><strong>Dimensiones:</strong> Ancho: 90 cm &nbsp;|&nbsp; Fondo: 50 cm &nbsp;|&nbsp; Alto: 40 cm</p>",Muebles Exterior,,Mesa centro,"exterior, terraza, jardín, mesa centro",TRUE,Title,Default Title,557-1071,0,shopify,10,deny,manual,231.40,280.00,TRUE,TRUE,https://hevea.es/mpcrm/imgs/uploads/mesa%20universal%20centro%20estandar%2090.png,1,Mesa de centro exterior 90 cm · altura 40 cm,FALSE,Mesa de centro exterior 90 cm · altura 40 cm,"La mesa de centro destaca por su diseño minimalista y funcional. Compacta y resistente, está preparada para uso exterior y resulta ideal para apoyar bebidas o elementos decorativos. Se integra perfectamente en conjuntos de terraza modernos.",active,154.00
mesa-de-centro-exterior-120-cm-altura-40-cm,Mesa de centro exterior 120 cm · altura 40 cm,"<p>La mesa de centro ofrece una superficie amplia y práctica para conjuntos de mayor tamaño. Su diseño limpio y estructura resistente la convierten en el complemento ideal para sofás de 3 plazas, aportando funcionalidad y equilibrio visual.</p>
<ul>
  <li>Resistente a <strong>rayos UV, lluvia y humedad</strong> — preparado para exterior durante todo el año</li>
  <li>Mantenimiento mínimo: no requiere tratamientos ni almacenamiento en invierno</li>
  <li>Transporte sencillo y <strong>montaje sin herramientas especiales</strong></li>
</ul>
<p><strong>Dimensiones:</strong> Ancho: 120 cm &nbsp;|&nbsp; Fondo: 60 cm &nbsp;|&nbsp; Alto: 40 cm</p>",Muebles Exterior,,Mesa centro,"exterior, terraza, jardín, mesa centro",TRUE,Title,Default Title,557-1563,0,shopify,10,deny,manual,322.31,390.00,TRUE,TRUE,https://hevea.es/mpcrm/imgs/uploads/mesa%20centro%20120%20estandar.png,1,Mesa de centro exterior 120 cm · altura 40 cm,FALSE,Mesa de centro exterior 120 cm · altura 40 cm,"La mesa de centro ofrece una superficie amplia y práctica para conjuntos de mayor tamaño. Su diseño limpio y estructura resistente la convierten en el complemento ideal para sofás de 3 plazas, aportando funcionalidad y equilibrio visual.",active,215.00
set-jardin-2-plazas-elegante-sofa-2-plazas-2-sillones-mesa,Set jardín 2 plazas · elegante | sofá 2 plazas + 2 sillones + mesa,"<p>El Set incluye sofá de 2 plazas, sillones y mesa de centro, creando un conjunto completo y armonioso para exteriores. Diseñado para ofrecer comodidad y coherencia estética, es perfecto para terrazas que buscan un ambiente acogedor y elegante.</p>
<ul>
  <li>Resistente a <strong>rayos UV, lluvia y humedad</strong> — preparado para exterior durante todo el año</li>
  <li>Mantenimiento mínimo: no requiere tratamientos ni almacenamiento en invierno</li>
  <li>Composición completa: <strong>sofá 2 plazas + 2 sillones + mesa de centro</strong> (todo incluido en el precio, listo para montar)</li>
  <li>Apto para uso residencial y proyectos de <strong>hostelería y contract</strong> (hoteles, restaurantes, terrazas de establecimientos)</li>
  <li>Transporte sencillo y <strong>montaje sin herramientas especiales</strong></li>
</ul>",Muebles Exterior,,Conjunto sofá,"exterior, terraza, jardín, conjunto sofá, 2 plazas, hostelería",TRUE,Title,Default Title,557-010938,0,shopify,10,deny,manual,2111.57,2555.00,TRUE,TRUE,https://hevea.es/mpcrm/imgs/uploads/1739779545_damasco%207.jpg,1,Set jardín 2 plazas · elegante | sofá 2 plazas + 2 sillones + mesa,FALSE,Set jardín 2 plazas · elegante | sofá 2 plazas + 2 sillones + mesa,"El Set incluye sofá de 2 plazas, sillones y mesa de centro, creando un conjunto completo y armonioso para exteriores. Diseñado para ofrecer comodidad y coherencia estética, es perfecto para terrazas que buscan un ambiente acogedor y elegante.",active,1406.00
set-jardin-3-plazas-sofisticado-sofa-3-plazas-2-sillones-mesa,Set jardín 3 plazas · sofisticado | sofá 3 plazas + 2 sillones + mesa,"<p>El Set ofrece un salón exterior amplio y sofisticado con sofá de 3 plazas, sillones y mesa de centro. Sus asientos generosos y diseño contemporáneo garantizan confort y estilo para disfrutar al aire libre.</p>
<ul>
  <li>Resistente a <strong>rayos UV, lluvia y humedad</strong> — preparado para exterior durante todo el año</li>
  <li>Mantenimiento mínimo: no requiere tratamientos ni almacenamiento en invierno</li>
  <li>Composición completa: <strong>sofá 3 plazas + 2 sillones + mesa de centro</strong> (todo incluido en el precio, listo para montar)</li>
  <li>Apto para uso residencial y proyectos de <strong>hostelería y contract</strong> (hoteles, restaurantes, terrazas de establecimientos)</li>
  <li>Transporte sencillo y <strong>montaje sin herramientas especiales</strong></li>
</ul>",Muebles Exterior,,Conjunto sofá,"exterior, terraza, jardín, conjunto sofá, 3 plazas, hostelería",TRUE,Title,Default Title,557-010939,0,shopify,10,deny,manual,2417.36,2925.00,TRUE,TRUE,https://hevea.es/mpcrm/imgs/uploads/1739779545_damasco%208.jpg,1,Set jardín 3 plazas · sofisticado | sofá 3 plazas + 2 sillones + mesa,FALSE,Set jardín 3 plazas · sofisticado | sofá 3 plazas + 2 sillones + mesa,"El Set ofrece un salón exterior amplio y sofisticado con sofá de 3 plazas, sillones y mesa de centro. Sus asientos generosos y diseño contemporáneo garantizan confort y estilo para disfrutar al aire libre.",active,1609.00
sillon-exterior-estilo-versatil-7783-cm,Sillón exterior · estilo versátil | 77×83 cm,"<p>El sillón destaca por su diseño ligero y moderno. Su estructura resistente para exterior y su asiento cómodo lo convierten en una pieza versátil ideal para terrazas actuales.</p>
<ul>
  <li>Resistente a <strong>rayos UV, lluvia y humedad</strong> — preparado para exterior durante todo el año</li>
  <li>Mantenimiento mínimo: no requiere tratamientos ni almacenamiento en invierno</li>
  <li>Apto para uso residencial y proyectos de <strong>hostelería y contract</strong> (hoteles, restaurantes, terrazas de establecimientos)</li>
  <li>Transporte sencillo y <strong>montaje sin herramientas especiales</strong></li>
</ul>
<p><strong>Dimensiones:</strong> Ancho: 77 cm &nbsp;|&nbsp; Fondo: 72 cm &nbsp;|&nbsp; Alto: 83 cm</p>",Muebles Exterior,,Sillón,"exterior, terraza, jardín, sillón, hostelería",TRUE,Title,Default Title,600-010021,0,shopify,10,deny,manual,652.89,790.00,TRUE,TRUE,https://hevea.es/mpcrm/imgs/uploads/yina.jpg,1,Sillón exterior · estilo versátil | 77×83 cm,FALSE,Sillón exterior · estilo versátil | 77×83 cm,El sillón destaca por su diseño ligero y moderno. Su estructura resistente para exterior y su asiento cómodo lo convierten en una pieza versátil ideal para terrazas actuales.,active,435.00
sofa-terraza-2-plazas-estilo-estilizado-14383-cm,Sofá terraza 2 plazas · estilo estilizado | 143×83 cm,"<p>El sofá de 2 plazas combina líneas estilizadas y confort en un formato compacto. Perfecto para espacios exteriores de tamaño medio que buscan modernidad y funcionalidad.</p>
<ul>
  <li>Resistente a <strong>rayos UV, lluvia y humedad</strong> — preparado para exterior durante todo el año</li>
  <li>Mantenimiento mínimo: no requiere tratamientos ni almacenamiento en invierno</li>
  <li>Apto para uso residencial y proyectos de <strong>hostelería y contract</strong> (hoteles, restaurantes, terrazas de establecimientos)</li>
  <li>Transporte sencillo y <strong>montaje sin herramientas especiales</strong></li>
</ul>
<p><strong>Dimensiones:</strong> Ancho: 143 cm &nbsp;|&nbsp; Fondo: 72 cm &nbsp;|&nbsp; Alto: 83 cm</p>",Muebles Exterior,,Sofá,"exterior, terraza, jardín, sofá, 2 plazas, hostelería",TRUE,Title,Default Title,600-010022,0,shopify,10,deny,manual,954.55,1155.00,TRUE,TRUE,https://hevea.es/mpcrm/imgs/uploads/sof%C3%A1%20yina%202%20plazas.jpg,1,Sofá terraza 2 plazas · estilo estilizado | 143×83 cm,FALSE,Sofá terraza 2 plazas · estilo estilizado | 143×83 cm,El sofá de 2 plazas combina líneas estilizadas y confort en un formato compacto. Perfecto para espacios exteriores de tamaño medio que buscan modernidad y funcionalidad.,active,636.00
sofa-terraza-3-plazas-estilo-contemporaneo-18583-cm,Sofá terraza 3 plazas · estilo contemporáneo | 185×83 cm,"<p>El sofá de 3 plazas ofrece amplitud y elegancia en una propuesta contemporánea. Su estructura robusta y cojines confortables garantizan comodidad y resistencia en exterior.</p>
<ul>
  <li>Cojines con <strong>tapizado técnico para exterior</strong>, resistentes a la intemperie</li>
  <li>Resistente a <strong>rayos UV, lluvia y humedad</strong> — preparado para exterior durante todo el año</li>
  <li>Mantenimiento mínimo: no requiere tratamientos ni almacenamiento en invierno</li>
  <li>Apto para uso residencial y proyectos de <strong>hostelería y contract</strong> (hoteles, restaurantes, terrazas de establecimientos)</li>
  <li>Transporte sencillo y <strong>montaje sin herramientas especiales</strong></li>
</ul>
<p><strong>Dimensiones:</strong> Ancho: 185 cm &nbsp;|&nbsp; Fondo: 72 cm &nbsp;|&nbsp; Alto: 83 cm</p>",Muebles Exterior,,Sofá,"exterior, terraza, jardín, sofá, 3 plazas, hostelería",TRUE,Title,Default Title,600-010023,0,shopify,10,deny,manual,1210.74,1465.00,TRUE,TRUE,https://hevea.es/mpcrm/imgs/uploads/sof%C3%A1%20yina%203%20plazas.jpg,1,Sofá terraza 3 plazas · estilo contemporáneo | 185×83 cm,FALSE,Sofá terraza 3 plazas · estilo contemporáneo | 185×83 cm,El sofá de 3 plazas ofrece amplitud y elegancia en una propuesta contemporánea. Su estructura robusta y cojines confortables garantizan comodidad y resistencia en exterior.,active,806.00
mesa-de-centro-exterior-hpl-70-cm-altura-45-cm,Mesa de centro exterior HPL 70 cm · altura 45 cm,"<p>La mesa de centro con tablero HPL combina diseño moderno y alta resistencia. Su superficie está preparada para soportar condiciones exteriores manteniendo su estética impecable.</p>
<ul>
  <li>Tablero en <strong>HPL de alta presión</strong>: resiste humedad, rayos UV y uso intensivo — fácil de limpiar con agua y jabón</li>
  <li>Resistente a <strong>rayos UV, lluvia y humedad</strong> — preparado para exterior durante todo el año</li>
  <li>Mantenimiento mínimo: no requiere tratamientos ni almacenamiento en invierno</li>
  <li>Transporte sencillo y <strong>montaje sin herramientas especiales</strong></li>
</ul>
<p><strong>Dimensiones:</strong> Ancho: 70 cm &nbsp;|&nbsp; Alto: 45 cm</p>",Muebles Exterior,,Mesa centro,"exterior, terraza, jardín, mesa centro, HPL",TRUE,Title,Default Title,600-010024,0,shopify,10,deny,manual,342.98,415.00,TRUE,TRUE,https://hevea.es/mpcrm/imgs/uploads/mesa%20centro%20yina.jpg,1,Mesa de centro exterior HPL 70 cm · altura 45 cm,FALSE,Mesa de centro exterior HPL 70 cm · altura 45 cm,La mesa de centro con tablero HPL combina diseño moderno y alta resistencia. Su superficie está preparada para soportar condiciones exteriores manteniendo su estética impecable.,active,229.00
reposapies-exterior-734640-cm,Reposapiés exterior · 73×46×40 cm,"<p>El reposapiés complementa el conjunto aportando mayor comodidad. Puede utilizarse como extensión del asiento o como apoyo auxiliar, manteniendo la coherencia estética de la colección.</p>
<ul>
  <li>Resistente a <strong>rayos UV, lluvia y humedad</strong> — preparado para exterior durante todo el año</li>
  <li>Mantenimiento mínimo: no requiere tratamientos ni almacenamiento en invierno</li>
  <li>Transporte sencillo y <strong>montaje sin herramientas especiales</strong></li>
</ul>
<p><strong>Dimensiones:</strong> Ancho: 73 cm &nbsp;|&nbsp; Fondo: 46 cm &nbsp;|&nbsp; Alto: 40 cm</p>",Muebles Exterior,,Reposapiés,"exterior, terraza, jardín, reposapiés",TRUE,Title,Default Title,600-010025,0,shopify,10,deny,manual,264.46,320.00,TRUE,TRUE,https://hevea.es/mpcrm/imgs/uploads/reposapi%C3%A9s%20yina.jpg,1,Reposapiés exterior · 73×46×40 cm,FALSE,Reposapiés exterior · 73×46×40 cm,"El reposapiés complementa el conjunto aportando mayor comodidad. Puede utilizarse como extensión del asiento o como apoyo auxiliar, manteniendo la coherencia estética de la colección.",active,176.00
set-jardin-2-plazas-moderno-sofa-2-plazas-2-sillones-mesa,Set jardín 2 plazas · moderno | sofá 2 plazas + 2 sillones + mesa,"<p>El Set incluye sofá de 2 plazas, sillones y mesa de centro en un conjunto moderno y equilibrado. Ideal para crear un espacio exterior actual, cómodo y funcional.</p>
<ul>
  <li>Resistente a <strong>rayos UV, lluvia y humedad</strong> — preparado para exterior durante todo el año</li>
  <li>Mantenimiento mínimo: no requiere tratamientos ni almacenamiento en invierno</li>
  <li>Composición completa: <strong>sofá 2 plazas + 2 sillones + mesa de centro</strong> (todo incluido en el precio, listo para montar)</li>
  <li>Apto para uso residencial y proyectos de <strong>hostelería y contract</strong> (hoteles, restaurantes, terrazas de establecimientos)</li>
  <li>Transporte sencillo y <strong>montaje sin herramientas especiales</strong></li>
</ul>",Muebles Exterior,,Conjunto sofá,"exterior, terraza, jardín, conjunto sofá, 2 plazas, hostelería",TRUE,Title,Default Title,600-010026,0,shopify,10,deny,manual,2607.44,3155.00,TRUE,TRUE,https://hevea.es/mpcrm/imgs/uploads/1739779626_yina%207.jpg,1,Set jardín 2 plazas · moderno | sofá 2 plazas + 2 sillones + mesa,FALSE,Set jardín 2 plazas · moderno | sofá 2 plazas + 2 sillones + mesa,"El Set incluye sofá de 2 plazas, sillones y mesa de centro en un conjunto moderno y equilibrado. Ideal para crear un espacio exterior actual, cómodo y funcional.",active,1736.00
set-jardin-3-plazas-contemporaneo-sofa-3-plazas-2-sillones-mesa,Set jardín 3 plazas · contemporáneo | sofá 3 plazas + 2 sillones + mesa,"<p>El Set ofrece una composición amplia con sofá de 3 plazas, sillones y mesa de centro. Diseñado para aportar confort, resistencia y estilo contemporáneo en terrazas y jardines.</p>
<ul>
  <li>Resistente a <strong>rayos UV, lluvia y humedad</strong> — preparado para exterior durante todo el año</li>
  <li>Mantenimiento mínimo: no requiere tratamientos ni almacenamiento en invierno</li>
  <li>Composición completa: <strong>sofá 3 plazas + 2 sillones + mesa de centro</strong> (todo incluido en el precio, listo para montar)</li>
  <li>Apto para uso residencial y proyectos de <strong>hostelería y contract</strong> (hoteles, restaurantes, terrazas de establecimientos)</li>
  <li>Transporte sencillo y <strong>montaje sin herramientas especiales</strong></li>
</ul>",Muebles Exterior,,Conjunto sofá,"exterior, terraza, jardín, conjunto sofá, 3 plazas, hostelería",TRUE,Title,Default Title,600-010027,0,shopify,10,deny,manual,2863.64,3465.00,TRUE,TRUE,https://hevea.es/mpcrm/imgs/uploads/1739779626_yina%208.jpg,1,Set jardín 3 plazas · contemporáneo | sofá 3 plazas + 2 sillones + mesa,FALSE,Set jardín 3 plazas · contemporáneo | sofá 3 plazas + 2 sillones + mes,"El Set ofrece una composición amplia con sofá de 3 plazas, sillones y mesa de centro. Diseñado para aportar confort, resistencia y estilo contemporáneo en terrazas y jardines.",active,1906.00
sillon-exterior-estilo-elegante-6590-cm,Sillón exterior · estilo elegante | 65×90 cm,"<p>El sillón combina líneas modernas y estructura resistente para crear un asiento elegante y duradero para exterior. Sus proporciones equilibradas y cojines confortables ofrecen una experiencia de descanso cómoda, ideal para terrazas y jardines contemporáneos.</p>
<ul>
  <li>Cojines con <strong>tapizado técnico para exterior</strong>, resistentes a la intemperie</li>
  <li>Resistente a <strong>rayos UV, lluvia y humedad</strong> — preparado para exterior durante todo el año</li>
  <li>Mantenimiento mínimo: no requiere tratamientos ni almacenamiento en invierno</li>
  <li>Apto para uso residencial y proyectos de <strong>hostelería y contract</strong> (hoteles, restaurantes, terrazas de establecimientos)</li>
  <li>Transporte sencillo y <strong>montaje sin herramientas especiales</strong></li>
</ul>
<p><strong>Dimensiones:</strong> Ancho: 65 cm &nbsp;|&nbsp; Fondo: 75 cm &nbsp;|&nbsp; Alto: 90 cm</p>",Muebles Exterior,,Sillón,"exterior, terraza, jardín, sillón, hostelería",TRUE,Title,Default Title,557-010813,0,shopify,10,deny,manual,694.21,840.00,TRUE,TRUE,https://hevea.es/mpcrm/imgs/uploads/sill%C3%B3n%20individual.png,1,Sillón exterior · estilo elegante | 65×90 cm,FALSE,Sillón exterior · estilo elegante | 65×90 cm,"El sillón combina líneas modernas y estructura resistente para crear un asiento elegante y duradero para exterior. Sus proporciones equilibradas y cojines confortables ofrecen una experiencia de descanso cómoda, ideal para terrazas y jardines contemporáneos.",active,462.00
sofa-terraza-2-plazas-estilo-contemporaneo-13090-cm,Sofá terraza 2 plazas · estilo contemporáneo | 130×90 cm,"<p>El sofá de 2 plazas es perfecto para espacios exteriores de tamaño medio. Su diseño actual y su estructura robusta garantizan estabilidad y durabilidad, mientras que sus cojines amplios aportan confort y estilo.</p>
<ul>
  <li>Cojines con <strong>tapizado técnico para exterior</strong>, resistentes a la intemperie</li>
  <li>Resistente a <strong>rayos UV, lluvia y humedad</strong> — preparado para exterior durante todo el año</li>
  <li>Mantenimiento mínimo: no requiere tratamientos ni almacenamiento en invierno</li>
  <li>Apto para uso residencial y proyectos de <strong>hostelería y contract</strong> (hoteles, restaurantes, terrazas de establecimientos)</li>
  <li>Transporte sencillo y <strong>montaje sin herramientas especiales</strong></li>
</ul>
<p><strong>Dimensiones:</strong> Ancho: 130 cm &nbsp;|&nbsp; Fondo: 75 cm &nbsp;|&nbsp; Alto: 90 cm</p>",Muebles Exterior,,Sofá,"exterior, terraza, jardín, sofá, 2 plazas, hostelería",TRUE,Title,Default Title,557-010814,0,shopify,10,deny,manual,991.74,1200.00,TRUE,TRUE,https://hevea.es/mpcrm/imgs/uploads/sof%C3%A1%20cupra%202%20plazas.jpg,1,Sofá terraza 2 plazas · estilo contemporáneo | 130×90 cm,FALSE,Sofá terraza 2 plazas · estilo contemporáneo | 130×90 cm,"El sofá de 2 plazas es perfecto para espacios exteriores de tamaño medio. Su diseño actual y su estructura robusta garantizan estabilidad y durabilidad, mientras que sus cojines amplios aportan confort y estilo.",active,660.00
sofa-terraza-3-plazas-estilo-contemporaneo-18590-cm,Sofá terraza 3 plazas · estilo contemporáneo | 185×90 cm,"<p>El sofá de 3 plazas ofrece amplitud y presencia en cualquier terraza. Su diseño contemporáneo y asiento profundo proporcionan comodidad y elegancia, convirtiéndolo en el centro del espacio exterior.</p>
<ul>
  <li>Resistente a <strong>rayos UV, lluvia y humedad</strong> — preparado para exterior durante todo el año</li>
  <li>Mantenimiento mínimo: no requiere tratamientos ni almacenamiento en invierno</li>
  <li>Apto para uso residencial y proyectos de <strong>hostelería y contract</strong> (hoteles, restaurantes, terrazas de establecimientos)</li>
  <li>Transporte sencillo y <strong>montaje sin herramientas especiales</strong></li>
</ul>
<p><strong>Dimensiones:</strong> Ancho: 185 cm &nbsp;|&nbsp; Fondo: 75 cm &nbsp;|&nbsp; Alto: 90 cm</p>",Muebles Exterior,,Sofá,"exterior, terraza, jardín, sofá, 3 plazas, hostelería",TRUE,Title,Default Title,557-010815,0,shopify,10,deny,manual,1256.20,1520.00,TRUE,TRUE,https://hevea.es/mpcrm/imgs/uploads/mesa%20120%20est%C3%A1ndar%20cupra.png,1,Sofá terraza 3 plazas · estilo contemporáneo | 185×90 cm,FALSE,Sofá terraza 3 plazas · estilo contemporáneo | 185×90 cm,"El sofá de 3 plazas ofrece amplitud y presencia en cualquier terraza. Su diseño contemporáneo y asiento profundo proporcionan comodidad y elegancia, convirtiéndolo en el centro del espacio exterior.",active,836.00
reposapies-exterior-605040-cm,Reposapiés exterior · 60×50×40 cm,"<p>El reposapiés aporta un extra de comodidad al conjunto, permitiendo extender la zona de descanso o utilizarlo como asiento auxiliar. Su diseño coordinado mantiene la armonía del espacio exterior.</p>
<ul>
  <li>Resistente a <strong>rayos UV, lluvia y humedad</strong> — preparado para exterior durante todo el año</li>
  <li>Mantenimiento mínimo: no requiere tratamientos ni almacenamiento en invierno</li>
  <li>Transporte sencillo y <strong>montaje sin herramientas especiales</strong></li>
</ul>
<p><strong>Dimensiones:</strong> Ancho: 60 cm &nbsp;|&nbsp; Fondo: 50 cm &nbsp;|&nbsp; Alto: 40 cm</p>",Muebles Exterior,,Reposapiés,"exterior, terraza, jardín, reposapiés",TRUE,Title,Default Title,557-010785,0,shopify,10,deny,manual,223.14,270.00,TRUE,TRUE,https://hevea.es/mpcrm/imgs/uploads/reposapi%C3%A9s_est%C3%A1ndar.jpg,1,Reposapiés exterior · 60×50×40 cm,FALSE,Reposapiés exterior · 60×50×40 cm,"El reposapiés aporta un extra de comodidad al conjunto, permitiendo extender la zona de descanso o utilizarlo como asiento auxiliar. Su diseño coordinado mantiene la armonía del espacio exterior.",active,149.00
set-jardin-2-plazas-elegante-sofa-2-plazas-2-sillones-mesa-2,Set jardín 2 plazas · elegante | sofá 2 plazas + 2 sillones + mesa 2,"<p>El Set incluye sofá de 2 plazas, sillones y mesa de centro, formando un conjunto equilibrado y elegante. Diseñado para ofrecer confort y resistencia en exterior, es ideal para crear un ambiente acogedor y moderno.</p>
<ul>
  <li>Resistente a <strong>rayos UV, lluvia y humedad</strong> — preparado para exterior durante todo el año</li>
  <li>Mantenimiento mínimo: no requiere tratamientos ni almacenamiento en invierno</li>
  <li>Composición completa: <strong>sofá 2 plazas + 2 sillones + mesa de centro</strong> (todo incluido en el precio, listo para montar)</li>
  <li>Apto para uso residencial y proyectos de <strong>hostelería y contract</strong> (hoteles, restaurantes, terrazas de establecimientos)</li>
  <li>Transporte sencillo y <strong>montaje sin herramientas especiales</strong></li>
</ul>",Muebles Exterior,,Conjunto sofá,"exterior, terraza, jardín, conjunto sofá, 2 plazas, hostelería",TRUE,Title,Default Title,557-010816,0,shopify,10,deny,manual,2611.57,3160.00,TRUE,TRUE,https://hevea.es/mpcrm/imgs/uploads/1739542096_CUPRA%207.jpg,1,Set jardín 2 plazas · elegante | sofá 2 plazas + 2 sillones + mesa 2,FALSE,Set jardín 2 plazas · elegante | sofá 2 plazas + 2 sillones + mesa 2,"El Set incluye sofá de 2 plazas, sillones y mesa de centro, formando un conjunto equilibrado y elegante. Diseñado para ofrecer confort y resistencia en exterior, es ideal para crear un ambiente acogedor y moderno.",active,1738.00
set-jardin-3-plazas-sofisticado-sofa-3-plazas-2-sillones-mesa-2,Set jardín 3 plazas · sofisticado | sofá 3 plazas + 2 sillones + mesa 2,"<p>El Set ofrece una composición amplia con sofá de 3 plazas, sillones y mesa de centro. Su diseño contemporáneo y asientos cómodos lo convierten en una solución perfecta para terrazas sofisticadas.</p>
<ul>
  <li>Resistente a <strong>rayos UV, lluvia y humedad</strong> — preparado para exterior durante todo el año</li>
  <li>Mantenimiento mínimo: no requiere tratamientos ni almacenamiento en invierno</li>
  <li>Composición completa: <strong>sofá 3 plazas + 2 sillones + mesa de centro</strong> (todo incluido en el precio, listo para montar)</li>
  <li>Apto para uso residencial y proyectos de <strong>hostelería y contract</strong> (hoteles, restaurantes, terrazas de establecimientos)</li>
  <li>Transporte sencillo y <strong>montaje sin herramientas especiales</strong></li>
</ul>",Muebles Exterior,,Conjunto sofá,"exterior, terraza, jardín, conjunto sofá, 3 plazas, hostelería",TRUE,Title,Default Title,557-010817,0,shopify,10,deny,manual,2966.94,3590.00,TRUE,TRUE,https://hevea.es/mpcrm/imgs/uploads/1739542096_CUPRA%208.jpg,1,Set jardín 3 plazas · sofisticado | sofá 3 plazas + 2 sillones + mesa 2,FALSE,Set jardín 3 plazas · sofisticado | sofá 3 plazas + 2 sillones + mesa ,"El Set ofrece una composición amplia con sofá de 3 plazas, sillones y mesa de centro. Su diseño contemporáneo y asientos cómodos lo convierten en una solución perfecta para terrazas sofisticadas.",active,1975.00
sillon-exterior-estilo-envolvente-7582-cm,Sillón exterior · estilo envolvente | 75×82 cm,"<p>El sillón destaca por su diseño elegante y proporciones envolventes. Pensado para exterior, combina estructura resistente y confort en una pieza ideal para crear rincones relajados con estilo.</p>
<ul>
  <li>Resistente a <strong>rayos UV, lluvia y humedad</strong> — preparado para exterior durante todo el año</li>
  <li>Mantenimiento mínimo: no requiere tratamientos ni almacenamiento en invierno</li>
  <li>Apto para uso residencial y proyectos de <strong>hostelería y contract</strong> (hoteles, restaurantes, terrazas de establecimientos)</li>
  <li>Transporte sencillo y <strong>montaje sin herramientas especiales</strong></li>
</ul>
<p><strong>Dimensiones:</strong> Ancho: 75 cm &nbsp;|&nbsp; Fondo: 75 cm &nbsp;|&nbsp; Alto: 82 cm</p>",Muebles Exterior,,Sillón,"exterior, terraza, jardín, sillón, hostelería",TRUE,Title,Default Title,557-1089,0,shopify,10,deny,manual,541.32,655.00,TRUE,TRUE,https://hevea.es/mpcrm/imgs/uploads/sillon%20bellagio%201.jpg,1,Sillón exterior · estilo envolvente | 75×82 cm,FALSE,Sillón exterior · estilo envolvente | 75×82 cm,"El sillón destaca por su diseño elegante y proporciones envolventes. Pensado para exterior, combina estructura resistente y confort en una pieza ideal para crear rincones relajados con estilo.",active,361.00
sofa-terraza-3-plazas-estilo-contemporaneo-19882-cm,Sofá terraza 3 plazas · estilo contemporáneo | 198×82 cm,"<p>El sofá de 3 plazas aporta amplitud y carácter al espacio exterior. Con asiento profundo y diseño equilibrado, crea un ambiente acogedor ideal para reuniones y momentos de relax.</p>
<ul>
  <li>Resistente a <strong>rayos UV, lluvia y humedad</strong> — preparado para exterior durante todo el año</li>
  <li>Mantenimiento mínimo: no requiere tratamientos ni almacenamiento en invierno</li>
  <li>Apto para uso residencial y proyectos de <strong>hostelería y contract</strong> (hoteles, restaurantes, terrazas de establecimientos)</li>
  <li>Transporte sencillo y <strong>montaje sin herramientas especiales</strong></li>
</ul>
<p><strong>Dimensiones:</strong> Ancho: 198 cm &nbsp;|&nbsp; Fondo: 75 cm &nbsp;|&nbsp; Alto: 82 cm</p>",Muebles Exterior,,Sofá,"exterior, terraza, jardín, sofá, 3 plazas, hostelería",TRUE,Title,Default Title,557-1090,0,shopify,10,deny,manual,1016.53,1230.00,TRUE,TRUE,https://hevea.es/mpcrm/imgs/uploads/bellagio%203%20plazas.png,1,Sofá terraza 3 plazas · estilo contemporáneo | 198×82 cm,FALSE,Sofá terraza 3 plazas · estilo contemporáneo | 198×82 cm,"El sofá de 3 plazas aporta amplitud y carácter al espacio exterior. Con asiento profundo y diseño equilibrado, crea un ambiente acogedor ideal para reuniones y momentos de relax.",active,677.00
sofa-terraza-2-plazas-estilo-contemporaneo-15082-cm,Sofá terraza 2 plazas · estilo contemporáneo | 150×82 cm,"<p>El sofá de 2 plazas ofrece una combinación perfecta entre sofisticación y comodidad. Su diseño contemporáneo y cojines generosos aportan elegancia y confort en terrazas modernas.</p>
<ul>
  <li>Cojines con <strong>tapizado técnico para exterior</strong>, resistentes a la intemperie</li>
  <li>Resistente a <strong>rayos UV, lluvia y humedad</strong> — preparado para exterior durante todo el año</li>
  <li>Mantenimiento mínimo: no requiere tratamientos ni almacenamiento en invierno</li>
  <li>Apto para uso residencial y proyectos de <strong>hostelería y contract</strong> (hoteles, restaurantes, terrazas de establecimientos)</li>
  <li>Transporte sencillo y <strong>montaje sin herramientas especiales</strong></li>
</ul>
<p><strong>Dimensiones:</strong> Ancho: 150 cm &nbsp;|&nbsp; Fondo: 75 cm &nbsp;|&nbsp; Alto: 82 cm</p>",Muebles Exterior,,Sofá,"exterior, terraza, jardín, sofá, 2 plazas, hostelería",TRUE,Title,Default Title,557-1091,0,shopify,10,deny,manual,719.01,870.00,TRUE,TRUE,https://hevea.es/mpcrm/imgs/uploads/bellagio%202%20plazas.png,1,Sofá terraza 2 plazas · estilo contemporáneo | 150×82 cm,FALSE,Sofá terraza 2 plazas · estilo contemporáneo | 150×82 cm,El sofá de 2 plazas ofrece una combinación perfecta entre sofisticación y comodidad. Su diseño contemporáneo y cojines generosos aportan elegancia y confort en terrazas modernas.,active,479.00
mesa-de-centro-exterior-125-cm-altura-38-cm,Mesa de centro exterior 125 cm · altura 38 cm,"<p>La mesa de centro complementa el conjunto con una superficie amplia y diseño armonioso. Resistente y funcional, es perfecta para completar salones exteriores con estilo.</p>
<ul>
  <li>Resistente a <strong>rayos UV, lluvia y humedad</strong> — preparado para exterior durante todo el año</li>
  <li>Mantenimiento mínimo: no requiere tratamientos ni almacenamiento en invierno</li>
  <li>Transporte sencillo y <strong>montaje sin herramientas especiales</strong></li>
</ul>
<p><strong>Dimensiones:</strong> Ancho: 125 cm &nbsp;|&nbsp; Fondo: 60 cm &nbsp;|&nbsp; Alto: 38 cm</p>",Muebles Exterior,,Mesa centro,"exterior, terraza, jardín, mesa centro",TRUE,Title,Default Title,557-1092,0,shopify,10,deny,manual,256.20,310.00,TRUE,TRUE,https://hevea.es/mpcrm/imgs/uploads/mesa%20bellagio%20de%20centro.jpg,1,Mesa de centro exterior 125 cm · altura 38 cm,FALSE,Mesa de centro exterior 125 cm · altura 38 cm,"La mesa de centro complementa el conjunto con una superficie amplia y diseño armonioso. Resistente y funcional, es perfecta para completar salones exteriores con estilo.",active,171.00
set-jardin-2-plazas-elegante-sofa-2-plazas-2-sillones-mesa-3,Set jardín 2 plazas · elegante | sofá 2 plazas + 2 sillones + mesa 3,"<p>El Set incluye sofá de 2 plazas, sillones y mesa de centro, creando un espacio exterior elegante y cómodo. Ideal para terrazas que buscan equilibrio entre diseño y funcionalidad.</p>
<ul>
  <li>Resistente a <strong>rayos UV, lluvia y humedad</strong> — preparado para exterior durante todo el año</li>
  <li>Mantenimiento mínimo: no requiere tratamientos ni almacenamiento en invierno</li>
  <li>Composición completa: <strong>sofá 2 plazas + 2 sillones + mesa de centro</strong> (todo incluido en el precio, listo para montar)</li>
  <li>Apto para uso residencial y proyectos de <strong>hostelería y contract</strong> (hoteles, restaurantes, terrazas de establecimientos)</li>
  <li>Transporte sencillo y <strong>montaje sin herramientas especiales</strong></li>
</ul>",Muebles Exterior,,Conjunto sofá,"exterior, terraza, jardín, conjunto sofá, 2 plazas, hostelería",TRUE,Title,Default Title,557-1094,0,shopify,10,deny,manual,2057.85,2490.00,TRUE,TRUE,https://hevea.es/mpcrm/imgs/uploads/1739542760_BELLAGIO_9_N25_IA.jpg,1,Set jardín 2 plazas · elegante | sofá 2 plazas + 2 sillones + mesa 3,FALSE,Set jardín 2 plazas · elegante | sofá 2 plazas + 2 sillones + mesa 3,"El Set incluye sofá de 2 plazas, sillones y mesa de centro, creando un espacio exterior elegante y cómodo. Ideal para terrazas que buscan equilibrio entre diseño y funcionalidad.",active,1370.00
set-jardin-3-plazas-sofisticado-sofa-3-plazas-2-sillones-mesa-3,Set jardín 3 plazas · sofisticado | sofá 3 plazas + 2 sillones + mesa 3,"<p>El Set ofrece un salón exterior amplio con sofá de 3 plazas, sillones y mesa de centro. Su diseño sofisticado y confortable convierte cualquier terraza en un espacio acogedor.</p>
<ul>
  <li>Resistente a <strong>rayos UV, lluvia y humedad</strong> — preparado para exterior durante todo el año</li>
  <li>Mantenimiento mínimo: no requiere tratamientos ni almacenamiento en invierno</li>
  <li>Composición completa: <strong>sofá 3 plazas + 2 sillones + mesa de centro</strong> (todo incluido en el precio, listo para montar)</li>
  <li>Apto para uso residencial y proyectos de <strong>hostelería y contract</strong> (hoteles, restaurantes, terrazas de establecimientos)</li>
  <li>Transporte sencillo y <strong>montaje sin herramientas especiales</strong></li>
</ul>",Muebles Exterior,,Conjunto sofá,"exterior, terraza, jardín, conjunto sofá, 3 plazas, hostelería",TRUE,Title,Default Title,557-1095,0,shopify,10,deny,manual,2355.37,2850.00,TRUE,TRUE,https://hevea.es/mpcrm/imgs/uploads/1739542760_BELLAGIO_10_025_IA.jpg,1,Set jardín 3 plazas · sofisticado | sofá 3 plazas + 2 sillones + mesa 3,FALSE,Set jardín 3 plazas · sofisticado | sofá 3 plazas + 2 sillones + mesa ,"El Set ofrece un salón exterior amplio con sofá de 3 plazas, sillones y mesa de centro. Su diseño sofisticado y confortable convierte cualquier terraza en un espacio acogedor.",active,1568.00
sillon-exterior-estilo-estilizado-7069-cm,Sillón exterior · estilo estilizado | 70×69 cm,"<p>El sillón combina ligereza visual y comodidad en una pieza moderna para exterior. Su estructura resistente y asiento confortable lo convierten en un complemento perfecto para terrazas actuales.</p>
<ul>
  <li>Resistente a <strong>rayos UV, lluvia y humedad</strong> — preparado para exterior durante todo el año</li>
  <li>Mantenimiento mínimo: no requiere tratamientos ni almacenamiento en invierno</li>
  <li>Apto para uso residencial y proyectos de <strong>hostelería y contract</strong> (hoteles, restaurantes, terrazas de establecimientos)</li>
  <li>Transporte sencillo y <strong>montaje sin herramientas especiales</strong></li>
</ul>
<p><strong>Dimensiones:</strong> Ancho: 70 cm &nbsp;|&nbsp; Fondo: 64 cm &nbsp;|&nbsp; Alto: 69 cm</p>",Muebles Exterior,,Sillón,"exterior, terraza, jardín, sillón, hostelería",TRUE,Title,Default Title,600-010090,0,shopify,10,deny,manual,665.29,805.00,TRUE,TRUE,https://hevea.es/mpcrm/imgs/uploads/sillon%20individual%20cloe.png,1,Sillón exterior · estilo estilizado | 70×69 cm,FALSE,Sillón exterior · estilo estilizado | 70×69 cm,El sillón combina ligereza visual y comodidad en una pieza moderna para exterior. Su estructura resistente y asiento confortable lo convierten en un complemento perfecto para terrazas actuales.,active,443.00
sofa-terraza-2-plazas-estilo-contemporaneo-16269-cm,Sofá terraza 2 plazas · estilo contemporáneo | 162×69 cm,"<p>El sofá de 2 plazas ofrece un diseño contemporáneo y acogedor. Ideal para espacios exteriores de tamaño medio, proporciona comodidad y estilo en cualquier terraza.</p>
<ul>
  <li>Resistente a <strong>rayos UV, lluvia y humedad</strong> — preparado para exterior durante todo el año</li>
  <li>Mantenimiento mínimo: no requiere tratamientos ni almacenamiento en invierno</li>
  <li>Apto para uso residencial y proyectos de <strong>hostelería y contract</strong> (hoteles, restaurantes, terrazas de establecimientos)</li>
  <li>Transporte sencillo y <strong>montaje sin herramientas especiales</strong></li>
</ul>
<p><strong>Dimensiones:</strong> Ancho: 162 cm &nbsp;|&nbsp; Fondo: 64 cm &nbsp;|&nbsp; Alto: 69 cm</p>",Muebles Exterior,,Sofá,"exterior, terraza, jardín, sofá, 2 plazas, hostelería",TRUE,Title,Default Title,600-010091,0,shopify,10,deny,manual,946.28,1145.00,TRUE,TRUE,https://hevea.es/mpcrm/imgs/uploads/sof%C3%A1%20de%202%20plazas%20cloe.png,1,Sofá terraza 2 plazas · estilo contemporáneo | 162×69 cm,FALSE,Sofá terraza 2 plazas · estilo contemporáneo | 162×69 cm,"El sofá de 2 plazas ofrece un diseño contemporáneo y acogedor. Ideal para espacios exteriores de tamaño medio, proporciona comodidad y estilo en cualquier terraza.",active,630.00
sofa-terraza-3-plazas-estilo-elegante-22069-cm,Sofá terraza 3 plazas · estilo elegante | 220×69 cm,"<p>El sofá de 3 plazas destaca por su amplitud y diseño elegante. Sus cojines cómodos y estructura sólida lo convierten en el protagonista perfecto del salón exterior.</p>
<ul>
  <li>Cojines con <strong>tapizado técnico para exterior</strong>, resistentes a la intemperie</li>
  <li>Resistente a <strong>rayos UV, lluvia y humedad</strong> — preparado para exterior durante todo el año</li>
  <li>Mantenimiento mínimo: no requiere tratamientos ni almacenamiento en invierno</li>
  <li>Apto para uso residencial y proyectos de <strong>hostelería y contract</strong> (hoteles, restaurantes, terrazas de establecimientos)</li>
  <li>Transporte sencillo y <strong>montaje sin herramientas especiales</strong></li>
</ul>
<p><strong>Dimensiones:</strong> Diámetro: 220 cm &nbsp;|&nbsp; Fondo: 64 cm &nbsp;|&nbsp; Alto: 69 cm</p>",Muebles Exterior,,Sofá,"exterior, terraza, jardín, sofá, 3 plazas, hostelería",TRUE,Title,Default Title,600-010092,0,shopify,10,deny,manual,1309.92,1585.00,TRUE,TRUE,https://hevea.es/mpcrm/imgs/uploads/sofa%20de%203%20plazas%20clone.png,1,Sofá terraza 3 plazas · estilo elegante | 220×69 cm,FALSE,Sofá terraza 3 plazas · estilo elegante | 220×69 cm,El sofá de 3 plazas destaca por su amplitud y diseño elegante. Sus cojines cómodos y estructura sólida lo convierten en el protagonista perfecto del salón exterior.,active,872.00
reposapies-exterior-504540-cm,Reposapiés exterior · 50×45×40 cm,"<p>El reposapiés añade un extra de confort al conjunto, permitiendo extender la zona de descanso o utilizarlo como asiento auxiliar manteniendo la coherencia estética.</p>
<ul>
  <li>Resistente a <strong>rayos UV, lluvia y humedad</strong> — preparado para exterior durante todo el año</li>
  <li>Mantenimiento mínimo: no requiere tratamientos ni almacenamiento en invierno</li>
  <li>Transporte sencillo y <strong>montaje sin herramientas especiales</strong></li>
</ul>
<p><strong>Dimensiones:</strong> Ancho: 50 cm &nbsp;|&nbsp; Fondo: 45 cm &nbsp;|&nbsp; Alto: 40 cm</p>",Muebles Exterior,,Reposapiés,"exterior, terraza, jardín, reposapiés",TRUE,Title,Default Title,600-010093,0,shopify,10,deny,manual,128.10,155.00,TRUE,TRUE,https://hevea.es/mpcrm/imgs/uploads/reposapi%C3%A9s%20cloe.png,1,Reposapiés exterior · 50×45×40 cm,FALSE,Reposapiés exterior · 50×45×40 cm,"El reposapiés añade un extra de confort al conjunto, permitiendo extender la zona de descanso o utilizarlo como asiento auxiliar manteniendo la coherencia estética.",active,86.00
sillon-exterior-estilo-elegante-6578-cm,Sillón exterior · estilo elegante | 65×78 cm,"<p>El sillón combina diseño contemporáneo y estructura resistente para crear un asiento cómodo y elegante en exteriores. Sus líneas modernas y cojines confortables ofrecen una experiencia de descanso relajada, ideal para terrazas y jardines actuales.</p>
<ul>
  <li>Cojines con <strong>tapizado técnico para exterior</strong>, resistentes a la intemperie</li>
  <li>Resistente a <strong>rayos UV, lluvia y humedad</strong> — preparado para exterior durante todo el año</li>
  <li>Mantenimiento mínimo: no requiere tratamientos ni almacenamiento en invierno</li>
  <li>Apto para uso residencial y proyectos de <strong>hostelería y contract</strong> (hoteles, restaurantes, terrazas de establecimientos)</li>
  <li>Transporte sencillo y <strong>montaje sin herramientas especiales</strong></li>
</ul>
<p><strong>Dimensiones:</strong> Ancho: 65 cm &nbsp;|&nbsp; Fondo: 66 cm &nbsp;|&nbsp; Alto: 78 cm</p>",Muebles Exterior,,Sillón,"exterior, terraza, jardín, sillón, hostelería",TRUE,Title,Default Title,557-011090,0,shopify,10,deny,manual,351.24,425.00,TRUE,TRUE,https://hevea.es/mpcrm/imgs/uploads/sillon%20odin.jpg,1,Sillón exterior · estilo elegante | 65×78 cm,FALSE,Sillón exterior · estilo elegante | 65×78 cm,"El sillón combina diseño contemporáneo y estructura resistente para crear un asiento cómodo y elegante en exteriores. Sus líneas modernas y cojines confortables ofrecen una experiencia de descanso relajada, ideal para terrazas y jardines actuales.",active,234.00
sofa-terraza-2-plazas-estilo-contemporaneo-12078-cm,Sofá terraza 2 plazas · estilo contemporáneo | 120×78 cm,"<p>El sofá de 2 plazas es perfecto para espacios exteriores de tamaño medio. Su diseño equilibrado y su estructura robusta garantizan estabilidad y durabilidad, mientras que sus cojines amplios aportan confort y estilo.</p>
<ul>
  <li>Cojines con <strong>tapizado técnico para exterior</strong>, resistentes a la intemperie</li>
  <li>Resistente a <strong>rayos UV, lluvia y humedad</strong> — preparado para exterior durante todo el año</li>
  <li>Mantenimiento mínimo: no requiere tratamientos ni almacenamiento en invierno</li>
  <li>Apto para uso residencial y proyectos de <strong>hostelería y contract</strong> (hoteles, restaurantes, terrazas de establecimientos)</li>
  <li>Transporte sencillo y <strong>montaje sin herramientas especiales</strong></li>
</ul>
<p><strong>Dimensiones:</strong> Ancho: 120 cm &nbsp;|&nbsp; Fondo: 66 cm &nbsp;|&nbsp; Alto: 78 cm</p>",Muebles Exterior,,Sofá,"exterior, terraza, jardín, sofá, 2 plazas, hostelería",TRUE,Title,Default Title,557-011091,0,shopify,10,deny,manual,595.04,720.00,TRUE,TRUE,https://hevea.es/mpcrm/imgs/uploads/odin%202%20plazas.jpg,1,Sofá terraza 2 plazas · estilo contemporáneo | 120×78 cm,FALSE,Sofá terraza 2 plazas · estilo contemporáneo | 120×78 cm,"El sofá de 2 plazas es perfecto para espacios exteriores de tamaño medio. Su diseño equilibrado y su estructura robusta garantizan estabilidad y durabilidad, mientras que sus cojines amplios aportan confort y estilo.",active,396.00
sofa-terraza-3-plazas-estilo-sofisticado-17578-cm,Sofá terraza 3 plazas · estilo sofisticado | 175×78 cm,"<p>El sofá de 3 plazas aporta amplitud y presencia en cualquier terraza. Su asiento profundo y diseño moderno lo convierten en el protagonista ideal para crear un salón exterior cómodo y sofisticado.</p>
<ul>
  <li>Resistente a <strong>rayos UV, lluvia y humedad</strong> — preparado para exterior durante todo el año</li>
  <li>Mantenimiento mínimo: no requiere tratamientos ni almacenamiento en invierno</li>
  <li>Apto para uso residencial y proyectos de <strong>hostelería y contract</strong> (hoteles, restaurantes, terrazas de establecimientos)</li>
  <li>Transporte sencillo y <strong>montaje sin herramientas especiales</strong></li>
</ul>
<p><strong>Dimensiones:</strong> Ancho: 175 cm &nbsp;|&nbsp; Fondo: 66 cm &nbsp;|&nbsp; Alto: 78 cm</p>",Muebles Exterior,,Sofá,"exterior, terraza, jardín, sofá, 3 plazas, hostelería",TRUE,Title,Default Title,557-011092,0,shopify,10,deny,manual,780.99,945.00,TRUE,TRUE,https://hevea.es/mpcrm/imgs/uploads/odin%203%20plazas.jpg,1,Sofá terraza 3 plazas · estilo sofisticado | 175×78 cm,FALSE,Sofá terraza 3 plazas · estilo sofisticado | 175×78 cm,El sofá de 3 plazas aporta amplitud y presencia en cualquier terraza. Su asiento profundo y diseño moderno lo convierten en el protagonista ideal para crear un salón exterior cómodo y sofisticado.,active,520.00
mesa-de-centro-exterior-90-cm-altura-41-cm,Mesa de centro exterior 90 cm · altura 41 cm,"<p>La mesa de centro destaca por su formato compacto y funcional. Resistente y preparada para exterior, es ideal para completar conjuntos modernos aportando superficie de apoyo práctica y elegante.</p>
<ul>
  <li>Resistente a <strong>rayos UV, lluvia y humedad</strong> — preparado para exterior durante todo el año</li>
  <li>Mantenimiento mínimo: no requiere tratamientos ni almacenamiento en invierno</li>
  <li>Transporte sencillo y <strong>montaje sin herramientas especiales</strong></li>
</ul>
<p><strong>Dimensiones:</strong> Ancho: 90 cm &nbsp;|&nbsp; Fondo: 50 cm &nbsp;|&nbsp; Alto: 41 cm</p>",Muebles Exterior,,Mesa centro,"exterior, terraza, jardín, mesa centro",TRUE,Title,Default Title,557-011075,0,shopify,10,deny,manual,231.40,280.00,TRUE,TRUE,https://hevea.es/mpcrm/imgs/uploads/mesa%20saipros%2090.jpg,1,Mesa de centro exterior 90 cm · altura 41 cm,FALSE,Mesa de centro exterior 90 cm · altura 41 cm,"La mesa de centro destaca por su formato compacto y funcional. Resistente y preparada para exterior, es ideal para completar conjuntos modernos aportando superficie de apoyo práctica y elegante.",active,154.00
mesa-de-centro-exterior-120-cm-altura-41-cm,Mesa de centro exterior 120 cm · altura 41 cm,"<p>La mesa ofrece una superficie amplia perfecta para conjuntos de mayor tamaño. Su diseño limpio y estructura sólida garantizan resistencia y armonía estética en terrazas contemporáneas.</p>
<ul>
  <li>Resistente a <strong>rayos UV, lluvia y humedad</strong> — preparado para exterior durante todo el año</li>
  <li>Mantenimiento mínimo: no requiere tratamientos ni almacenamiento en invierno</li>
  <li>Transporte sencillo y <strong>montaje sin herramientas especiales</strong></li>
</ul>
<p><strong>Dimensiones:</strong> Ancho: 120 cm &nbsp;|&nbsp; Fondo: 60 cm &nbsp;|&nbsp; Alto: 41 cm</p>",Muebles Exterior,,Mesa centro,"exterior, terraza, jardín, mesa centro",TRUE,Title,Default Title,557-011076,0,shopify,10,deny,manual,322.31,390.00,TRUE,TRUE,https://hevea.es/mpcrm/imgs/uploads/mesa%20120%20odin.jpg,1,Mesa de centro exterior 120 cm · altura 41 cm,FALSE,Mesa de centro exterior 120 cm · altura 41 cm,La mesa ofrece una superficie amplia perfecta para conjuntos de mayor tamaño. Su diseño limpio y estructura sólida garantizan resistencia y armonía estética en terrazas contemporáneas.,active,215.00
set-jardin-2-plazas-moderno-sofa-2-plazas-2-sillones-mesa-2,Set jardín 2 plazas · moderno | sofá 2 plazas + 2 sillones + mesa 2,"<p>El Set incluye sofá de 2 plazas, sillones y mesa de centro, creando un conjunto completo y equilibrado. Diseñado para aportar comodidad y estilo en exterior, es ideal para terrazas acogedoras y modernas.</p>
<ul>
  <li>Resistente a <strong>rayos UV, lluvia y humedad</strong> — preparado para exterior durante todo el año</li>
  <li>Mantenimiento mínimo: no requiere tratamientos ni almacenamiento en invierno</li>
  <li>Composición completa: <strong>sofá 2 plazas + 2 sillones + mesa de centro</strong> (todo incluido en el precio, listo para montar)</li>
  <li>Apto para uso residencial y proyectos de <strong>hostelería y contract</strong> (hoteles, restaurantes, terrazas de establecimientos)</li>
  <li>Transporte sencillo y <strong>montaje sin herramientas especiales</strong></li>
</ul>",Muebles Exterior,,Conjunto sofá,"exterior, terraza, jardín, conjunto sofá, 2 plazas, hostelería",TRUE,Title,Default Title,557-011094,0,shopify,10,deny,manual,1528.93,1850.00,TRUE,TRUE,https://hevea.es/mpcrm/imgs/uploads/odin%207.png,1,Set jardín 2 plazas · moderno | sofá 2 plazas + 2 sillones + mesa 2,FALSE,Set jardín 2 plazas · moderno | sofá 2 plazas + 2 sillones + mesa 2,"El Set incluye sofá de 2 plazas, sillones y mesa de centro, creando un conjunto completo y equilibrado. Diseñado para aportar comodidad y estilo en exterior, es ideal para terrazas acogedoras y modernas.",active,1018.00
set-jardin-3-plazas-elegante-sofa-3-plazas-2-sillones-mesa,Set jardín 3 plazas · elegante | sofá 3 plazas + 2 sillones + mesa,"<p>El Set ofrece una composición amplia con sofá de 3 plazas, sillones y mesa de centro. Su diseño contemporáneo y asientos cómodos lo convierten en una solución perfecta para crear un salón exterior elegante.</p>
<ul>
  <li>Resistente a <strong>rayos UV, lluvia y humedad</strong> — preparado para exterior durante todo el año</li>
  <li>Mantenimiento mínimo: no requiere tratamientos ni almacenamiento en invierno</li>
  <li>Composición completa: <strong>sofá 3 plazas + 2 sillones + mesa de centro</strong> (todo incluido en el precio, listo para montar)</li>
  <li>Apto para uso residencial y proyectos de <strong>hostelería y contract</strong> (hoteles, restaurantes, terrazas de establecimientos)</li>
  <li>Transporte sencillo y <strong>montaje sin herramientas especiales</strong></li>
</ul>",Muebles Exterior,,Conjunto sofá,"exterior, terraza, jardín, conjunto sofá, 3 plazas, hostelería",TRUE,Title,Default Title,557-011095,0,shopify,10,deny,manual,1805.79,2185.00,TRUE,TRUE,https://hevea.es/mpcrm/imgs/uploads/set%20odin%208.png,1,Set jardín 3 plazas · elegante | sofá 3 plazas + 2 sillones + mesa,FALSE,Set jardín 3 plazas · elegante | sofá 3 plazas + 2 sillones + mesa,"El Set ofrece una composición amplia con sofá de 3 plazas, sillones y mesa de centro. Su diseño contemporáneo y asientos cómodos lo convierten en una solución perfecta para crear un salón exterior elegante.",active,1202.00
sillon-exterior-estilo-versatil-76100-cm,Sillón exterior · estilo versátil | 76×100 cm,"<p>El sillón destaca por su diseño actual y líneas definidas. Fabricado para uso exterior, combina resistencia estructural y comodidad en una pieza versátil ideal para terrazas modernas.</p>
<ul>
  <li>Resistente a <strong>rayos UV, lluvia y humedad</strong> — preparado para exterior durante todo el año</li>
  <li>Mantenimiento mínimo: no requiere tratamientos ni almacenamiento en invierno</li>
  <li>Apto para uso residencial y proyectos de <strong>hostelería y contract</strong> (hoteles, restaurantes, terrazas de establecimientos)</li>
  <li>Transporte sencillo y <strong>montaje sin herramientas especiales</strong></li>
</ul>
<p><strong>Dimensiones:</strong> Ancho: 76 cm &nbsp;|&nbsp; Fondo: 70 cm &nbsp;|&nbsp; Alto: 100 cm</p>",Muebles Exterior,,Sillón,"exterior, terraza, jardín, sillón, hostelería",TRUE,Title,Default Title,557-010726,0,shopify,10,deny,manual,409.09,495.00,TRUE,TRUE,https://hevea.es/mpcrm/imgs/uploads/sillon%20albania.jpg,1,Sillón exterior · estilo versátil | 76×100 cm,FALSE,Sillón exterior · estilo versátil | 76×100 cm,"El sillón destaca por su diseño actual y líneas definidas. Fabricado para uso exterior, combina resistencia estructural y comodidad en una pieza versátil ideal para terrazas modernas.",active,273.00
sofa-terraza-2-plazas-estilo-contemporaneo-145100-cm,Sofá terraza 2 plazas · estilo contemporáneo | 145×100 cm,"<p>El sofá de 2 plazas ofrece confort y estilo en un formato compacto. Su estructura sólida y cojines confortables garantizan una experiencia agradable al aire libre.</p>
<ul>
  <li>Cojines con <strong>tapizado técnico para exterior</strong>, resistentes a la intemperie</li>
  <li>Resistente a <strong>rayos UV, lluvia y humedad</strong> — preparado para exterior durante todo el año</li>
  <li>Mantenimiento mínimo: no requiere tratamientos ni almacenamiento en invierno</li>
  <li>Apto para uso residencial y proyectos de <strong>hostelería y contract</strong> (hoteles, restaurantes, terrazas de establecimientos)</li>
  <li>Transporte sencillo y <strong>montaje sin herramientas especiales</strong></li>
</ul>
<p><strong>Dimensiones:</strong> Ancho: 145 cm &nbsp;|&nbsp; Fondo: 70 cm &nbsp;|&nbsp; Alto: 100 cm</p>",Muebles Exterior,,Sofá,"exterior, terraza, jardín, sofá, 2 plazas, hostelería",TRUE,Title,Default Title,557-010727,0,shopify,10,deny,manual,648.76,785.00,TRUE,TRUE,https://hevea.es/mpcrm/imgs/uploads/albania%20%20(2).jpg,1,Sofá terraza 2 plazas · estilo contemporáneo | 145×100 cm,FALSE,Sofá terraza 2 plazas · estilo contemporáneo | 145×100 cm,El sofá de 2 plazas ofrece confort y estilo en un formato compacto. Su estructura sólida y cojines confortables garantizan una experiencia agradable al aire libre.,active,432.00
sofa-terraza-3-plazas-estilo-sofisticado-212100-cm,Sofá terraza 3 plazas · estilo sofisticado | 212×100 cm,"<p>El sofá de 3 plazas aporta amplitud y elegancia al espacio exterior. Con asiento profundo y diseño equilibrado, es ideal para crear ambientes acogedores y sofisticados.</p>
<ul>
  <li>Resistente a <strong>rayos UV, lluvia y humedad</strong> — preparado para exterior durante todo el año</li>
  <li>Mantenimiento mínimo: no requiere tratamientos ni almacenamiento en invierno</li>
  <li>Apto para uso residencial y proyectos de <strong>hostelería y contract</strong> (hoteles, restaurantes, terrazas de establecimientos)</li>
  <li>Transporte sencillo y <strong>montaje sin herramientas especiales</strong></li>
</ul>
<p><strong>Dimensiones:</strong> Diámetro: 212 cm &nbsp;|&nbsp; Fondo: 70 cm &nbsp;|&nbsp; Alto: 100 cm</p>",Muebles Exterior,,Sofá,"exterior, terraza, jardín, sofá, 3 plazas, hostelería",TRUE,Title,Default Title,557-010728,0,shopify,10,deny,manual,822.31,995.00,TRUE,TRUE,https://hevea.es/mpcrm/imgs/uploads/albania%20%20(1).jpg,1,Sofá terraza 3 plazas · estilo sofisticado | 212×100 cm,FALSE,Sofá terraza 3 plazas · estilo sofisticado | 212×100 cm,"El sofá de 3 plazas aporta amplitud y elegancia al espacio exterior. Con asiento profundo y diseño equilibrado, es ideal para crear ambientes acogedores y sofisticados.",active,548.00
set-jardin-2-plazas-elegante-sofa-2-plazas-2-sillones-mesa-4,Set jardín 2 plazas · elegante | sofá 2 plazas + 2 sillones + mesa 4,"<p>El Set incluye sofá de 2 plazas, sillones y mesa de centro, formando un conjunto armonioso y funcional. Ideal para crear terrazas elegantes con un equilibrio perfecto entre diseño y comodidad.</p>
<ul>
  <li>Resistente a <strong>rayos UV, lluvia y humedad</strong> — preparado para exterior durante todo el año</li>
  <li>Mantenimiento mínimo: no requiere tratamientos ni almacenamiento en invierno</li>
  <li>Composición completa: <strong>sofá 2 plazas + 2 sillones + mesa de centro</strong> (todo incluido en el precio, listo para montar)</li>
  <li>Apto para uso residencial y proyectos de <strong>hostelería y contract</strong> (hoteles, restaurantes, terrazas de establecimientos)</li>
  <li>Transporte sencillo y <strong>montaje sin herramientas especiales</strong></li>
</ul>",Muebles Exterior,,Conjunto sofá,"exterior, terraza, jardín, conjunto sofá, 2 plazas, hostelería",TRUE,Title,Default Title,557-010729,0,shopify,10,deny,manual,1921.49,2325.00,TRUE,TRUE,https://hevea.es/mpcrm/imgs/uploads/1739535555_ALBANIA_09.jpg,1,Set jardín 2 plazas · elegante | sofá 2 plazas + 2 sillones + mesa 4,FALSE,Set jardín 2 plazas · elegante | sofá 2 plazas + 2 sillones + mesa 4,"El Set incluye sofá de 2 plazas, sillones y mesa de centro, formando un conjunto armonioso y funcional. Ideal para crear terrazas elegantes con un equilibrio perfecto entre diseño y comodidad.",active,1279.00
set-jardin-3-plazas-sofisticado-sofa-3-plazas-2-sillones-mesa-4,Set jardín 3 plazas · sofisticado | sofá 3 plazas + 2 sillones + mesa 4,"<p>El Set ofrece un salón exterior amplio y sofisticado con sofá de 3 plazas, sillones y mesa de centro. Diseñado para disfrutar del aire libre con máximo confort.</p>
<ul>
  <li>Resistente a <strong>rayos UV, lluvia y humedad</strong> — preparado para exterior durante todo el año</li>
  <li>Mantenimiento mínimo: no requiere tratamientos ni almacenamiento en invierno</li>
  <li>Composición completa: <strong>sofá 3 plazas + 2 sillones + mesa de centro</strong> (todo incluido en el precio, listo para montar)</li>
  <li>Apto para uso residencial y proyectos de <strong>hostelería y contract</strong> (hoteles, restaurantes, terrazas de establecimientos)</li>
  <li>Transporte sencillo y <strong>montaje sin herramientas especiales</strong></li>
</ul>",Muebles Exterior,,Conjunto sofá,"exterior, terraza, jardín, conjunto sofá, 3 plazas, hostelería",TRUE,Title,Default Title,557-010730,0,shopify,10,deny,manual,2144.63,2595.00,TRUE,TRUE,https://hevea.es/mpcrm/imgs/uploads/1739535555_ALBANIA-10.jpg,1,Set jardín 3 plazas · sofisticado | sofá 3 plazas + 2 sillones + mesa 4,FALSE,Set jardín 3 plazas · sofisticado | sofá 3 plazas + 2 sillones + mesa ,"El Set ofrece un salón exterior amplio y sofisticado con sofá de 3 plazas, sillones y mesa de centro. Diseñado para disfrutar del aire libre con máximo confort.",active,1428.00
reposapies-exterior-855043-cm,Reposapiés exterior · 85×50×43 cm,"<p>El reposapiés añade un extra de confort al conjunto, permitiendo extender la zona de descanso o utilizarlo como asiento auxiliar. Su diseño mantiene la coherencia estética del espacio exterior.</p>
<ul>
  <li>Resistente a <strong>rayos UV, lluvia y humedad</strong> — preparado para exterior durante todo el año</li>
  <li>Mantenimiento mínimo: no requiere tratamientos ni almacenamiento en invierno</li>
  <li>Transporte sencillo y <strong>montaje sin herramientas especiales</strong></li>
</ul>
<p><strong>Dimensiones:</strong> Ancho: 85 cm &nbsp;|&nbsp; Fondo: 50 cm &nbsp;|&nbsp; Alto: 43 cm</p>",Muebles Exterior,,Reposapiés,"exterior, terraza, jardín, reposapiés",TRUE,Title,Default Title,557-0185,0,shopify,10,deny,manual,243.80,295.00,TRUE,TRUE,https://hevea.es/mpcrm/imgs/uploads/sillon%20albania.jpg,1,Reposapiés exterior · 85×50×43 cm,FALSE,Reposapiés exterior · 85×50×43 cm,"El reposapiés añade un extra de confort al conjunto, permitiendo extender la zona de descanso o utilizarlo como asiento auxiliar. Su diseño mantiene la coherencia estética del espacio exterior.",active,163.00
sillon-exterior-estilo-elegante-80104-cm,Sillón exterior · estilo elegante | 80×104 cm,"<p>El sillón destaca por su formato generoso y diseño moderno. Pensado para exterior, combina resistencia y comodidad en una pieza elegante y versátil.</p>
<ul>
  <li>Resistente a <strong>rayos UV, lluvia y humedad</strong> — preparado para exterior durante todo el año</li>
  <li>Mantenimiento mínimo: no requiere tratamientos ni almacenamiento en invierno</li>
  <li>Apto para uso residencial y proyectos de <strong>hostelería y contract</strong> (hoteles, restaurantes, terrazas de establecimientos)</li>
  <li>Transporte sencillo y <strong>montaje sin herramientas especiales</strong></li>
</ul>
<p><strong>Dimensiones:</strong> Ancho: 80 cm &nbsp;|&nbsp; Fondo: 84 cm &nbsp;|&nbsp; Alto: 104 cm</p>",Muebles Exterior,,Sillón,"exterior, terraza, jardín, sillón, hostelería",TRUE,Title,Default Title,557-010478,0,shopify,10,deny,manual,694.21,840.00,TRUE,TRUE,https://hevea.es/mpcrm/imgs/uploads/bolonia%20xl%20(3).jpg,1,Sillón exterior · estilo elegante | 80×104 cm,FALSE,Sillón exterior · estilo elegante | 80×104 cm,"El sillón destaca por su formato generoso y diseño moderno. Pensado para exterior, combina resistencia y comodidad en una pieza elegante y versátil.",active,462.00
sofa-terraza-2-plazas-estilo-contemporaneo-164104-cm,Sofá terraza 2 plazas · estilo contemporáneo | 164×104 cm,"<p>El sofá de 2 plazas ofrece una sentada amplia y confortable con un diseño contemporáneo. Ideal para terrazas que buscan equilibrio entre estilo y funcionalidad.</p>
<ul>
  <li>Resistente a <strong>rayos UV, lluvia y humedad</strong> — preparado para exterior durante todo el año</li>
  <li>Mantenimiento mínimo: no requiere tratamientos ni almacenamiento en invierno</li>
  <li>Apto para uso residencial y proyectos de <strong>hostelería y contract</strong> (hoteles, restaurantes, terrazas de establecimientos)</li>
  <li>Transporte sencillo y <strong>montaje sin herramientas especiales</strong></li>
</ul>
<p><strong>Dimensiones:</strong> Ancho: 164 cm &nbsp;|&nbsp; Fondo: 84 cm &nbsp;|&nbsp; Alto: 104 cm</p>",Muebles Exterior,,Sofá,"exterior, terraza, jardín, sofá, 2 plazas, hostelería",TRUE,Title,Default Title,557-010479,0,shopify,10,deny,manual,1078.51,1305.00,TRUE,TRUE,https://hevea.es/mpcrm/imgs/uploads/bolonia%20xl.jpg,1,Sofá terraza 2 plazas · estilo contemporáneo | 164×104 cm,FALSE,Sofá terraza 2 plazas · estilo contemporáneo | 164×104 cm,El sofá de 2 plazas ofrece una sentada amplia y confortable con un diseño contemporáneo. Ideal para terrazas que buscan equilibrio entre estilo y funcionalidad.,active,718.00
sofa-terraza-3-plazas-estilo-contemporaneo-215104-cm,Sofá terraza 3 plazas · estilo contemporáneo | 215×104 cm,"<p>El sofá de 3 plazas aporta amplitud y presencia al espacio exterior. Sus cojines confortables y estructura sólida garantizan una experiencia de descanso superior.</p>
<ul>
  <li>Cojines con <strong>tapizado técnico para exterior</strong>, resistentes a la intemperie</li>
  <li>Resistente a <strong>rayos UV, lluvia y humedad</strong> — preparado para exterior durante todo el año</li>
  <li>Mantenimiento mínimo: no requiere tratamientos ni almacenamiento en invierno</li>
  <li>Apto para uso residencial y proyectos de <strong>hostelería y contract</strong> (hoteles, restaurantes, terrazas de establecimientos)</li>
  <li>Transporte sencillo y <strong>montaje sin herramientas especiales</strong></li>
</ul>
<p><strong>Dimensiones:</strong> Diámetro: 215 cm &nbsp;|&nbsp; Fondo: 84 cm &nbsp;|&nbsp; Alto: 104 cm</p>",Muebles Exterior,,Sofá,"exterior, terraza, jardín, sofá, 3 plazas, hostelería",TRUE,Title,Default Title,557-010480,0,shopify,10,deny,manual,1438.02,1740.00,TRUE,TRUE,https://hevea.es/mpcrm/imgs/uploads/bolonia%20xl%20(2).jpg,1,Sofá terraza 3 plazas · estilo contemporáneo | 215×104 cm,FALSE,Sofá terraza 3 plazas · estilo contemporáneo | 215×104 cm,El sofá de 3 plazas aporta amplitud y presencia al espacio exterior. Sus cojines confortables y estructura sólida garantizan una experiencia de descanso superior.,active,957.00
mesa-de-centro-exterior-125-cm-altura-42-cm,Mesa de centro exterior 125 cm · altura 42 cm,"<p>La mesa de centro x65x42 combina diseño moderno y funcionalidad. Su tamaño amplio la convierte en el complemento ideal para conjuntos de gran formato.</p>
<ul>
  <li>Resistente a <strong>rayos UV, lluvia y humedad</strong> — preparado para exterior durante todo el año</li>
  <li>Mantenimiento mínimo: no requiere tratamientos ni almacenamiento en invierno</li>
  <li>Transporte sencillo y <strong>montaje sin herramientas especiales</strong></li>
</ul>
<p><strong>Dimensiones:</strong> Ancho: 125 cm &nbsp;|&nbsp; Fondo: 65 cm &nbsp;|&nbsp; Alto: 42 cm</p>",Muebles Exterior,,Mesa centro,"exterior, terraza, jardín, mesa centro",TRUE,Title,Default Title,557-0008,0,shopify,10,deny,manual,388.43,470.00,TRUE,TRUE,https://hevea.es/mpcrm/imgs/uploads/mesa%20bolonia%20centro.png,1,Mesa de centro exterior 125 cm · altura 42 cm,FALSE,Mesa de centro exterior 125 cm · altura 42 cm,La mesa de centro x65x42 combina diseño moderno y funcionalidad. Su tamaño amplio la convierte en el complemento ideal para conjuntos de gran formato.,active,259.00
reposapies-exterior-855043-cm-2,Reposapiés exterior · 85×50×43 cm 2,"<p>El reposapiés complementa el conjunto aportando mayor comodidad y versatilidad. Puede utilizarse como extensión del asiento o como apoyo auxiliar manteniendo la estética del conjunto.</p>
<ul>
  <li>Resistente a <strong>rayos UV, lluvia y humedad</strong> — preparado para exterior durante todo el año</li>
  <li>Mantenimiento mínimo: no requiere tratamientos ni almacenamiento en invierno</li>
  <li>Transporte sencillo y <strong>montaje sin herramientas especiales</strong></li>
</ul>
<p><strong>Dimensiones:</strong> Ancho: 85 cm &nbsp;|&nbsp; Fondo: 50 cm &nbsp;|&nbsp; Alto: 43 cm</p>",Muebles Exterior,,Reposapiés,"exterior, terraza, jardín, reposapiés",TRUE,Title,Default Title,557-010482,0,shopify,10,deny,manual,280.99,340.00,TRUE,TRUE,https://hevea.es/mpcrm/imgs/uploads/bolonia%20xl%20(3).jpg,1,Reposapiés exterior · 85×50×43 cm 2,FALSE,Reposapiés exterior · 85×50×43 cm 2,El reposapiés complementa el conjunto aportando mayor comodidad y versatilidad. Puede utilizarse como extensión del asiento o como apoyo auxiliar manteniendo la estética del conjunto.,active,187.00
set-jardin-2-plazas-elegante-sofa-2-plazas-2-sillones-mesa-5,Set jardín 2 plazas · elegante | sofá 2 plazas + 2 sillones + mesa 5,"<p>El Set incluye sofá de 2 plazas, sillones y mesa de centro, creando un espacio exterior amplio y elegante. Perfecto para terrazas modernas que buscan confort y diseño.</p>
<ul>
  <li>Resistente a <strong>rayos UV, lluvia y humedad</strong> — preparado para exterior durante todo el año</li>
  <li>Mantenimiento mínimo: no requiere tratamientos ni almacenamiento en invierno</li>
  <li>Composición completa: <strong>sofá 2 plazas + 2 sillones + mesa de centro</strong> (todo incluido en el precio, listo para montar)</li>
  <li>Apto para uso residencial y proyectos de <strong>hostelería y contract</strong> (hoteles, restaurantes, terrazas de establecimientos)</li>
  <li>Transporte sencillo y <strong>montaje sin herramientas especiales</strong></li>
</ul>",Muebles Exterior,,Conjunto sofá,"exterior, terraza, jardín, conjunto sofá, 2 plazas, hostelería",TRUE,Title,Default Title,557-0793,0,shopify,10,deny,manual,2851.24,3450.00,TRUE,TRUE,https://hevea.es/mpcrm/imgs/uploads/bolonia%20xl%20%20(2).png,1,Set jardín 2 plazas · elegante | sofá 2 plazas + 2 sillones + mesa 5,FALSE,Set jardín 2 plazas · elegante | sofá 2 plazas + 2 sillones + mesa 5,"El Set incluye sofá de 2 plazas, sillones y mesa de centro, creando un espacio exterior amplio y elegante. Perfecto para terrazas modernas que buscan confort y diseño.",active,1898.00
set-jardin-3-plazas-contemporaneo-sofa-3-plazas-2-sillones-mesa-2,Set jardín 3 plazas · contemporáneo | sofá 3 plazas + 2 sillones + mesa 2,"<p>El Set ofrece una composición completa con sofá de 3 plazas, sillones y mesa de centro. Diseñado para aportar amplitud, resistencia y sofisticación en jardines y terrazas.</p>
<ul>
  <li>Resistente a <strong>rayos UV, lluvia y humedad</strong> — preparado para exterior durante todo el año</li>
  <li>Mantenimiento mínimo: no requiere tratamientos ni almacenamiento en invierno</li>
  <li>Composición completa: <strong>sofá 3 plazas + 2 sillones + mesa de centro</strong> (todo incluido en el precio, listo para montar)</li>
  <li>Apto para uso residencial y proyectos de <strong>hostelería y contract</strong> (hoteles, restaurantes, terrazas de establecimientos)</li>
  <li>Transporte sencillo y <strong>montaje sin herramientas especiales</strong></li>
</ul>",Muebles Exterior,,Conjunto sofá,"exterior, terraza, jardín, conjunto sofá, 3 plazas, hostelería",TRUE,Title,Default Title,557-010483,0,shopify,10,deny,manual,3214.88,3890.00,TRUE,TRUE,https://hevea.es/mpcrm/imgs/uploads/bolonia%20xl%20%20(1).png,1,Set jardín 3 plazas · contemporáneo | sofá 3 plazas + 2 sillones + mesa 2,FALSE,Set jardín 3 plazas · contemporáneo | sofá 3 plazas + 2 sillones + mes,"El Set ofrece una composición completa con sofá de 3 plazas, sillones y mesa de centro. Diseñado para aportar amplitud, resistencia y sofisticación en jardines y terrazas.",active,2140.00
sillon-exterior-bicolor-estilo-bicolor-7376-cm,Sillón exterior bicolor · estilo bicolor | 73×76 cm,"<p>El sillón Bicolor destaca por su diseño contemporáneo con acabado en doble tonalidad que aporta personalidad y sofisticación al espacio exterior. Su estructura resistente y cojines confortables ofrecen estabilidad y una experiencia de descanso cómoda, ideal para terrazas modernas.</p>
<ul>
  <li>Acabado <strong>bicolor</strong>: combinación cromática que aporta personalidad y un toque de sofisticación al espacio exterior</li>
  <li>Cojines con <strong>tapizado técnico para exterior</strong>, resistentes a la intemperie</li>
  <li>Resistente a <strong>rayos UV, lluvia y humedad</strong> — preparado para exterior durante todo el año</li>
  <li>Mantenimiento mínimo: no requiere tratamientos ni almacenamiento en invierno</li>
  <li>Apto para uso residencial y proyectos de <strong>hostelería y contract</strong> (hoteles, restaurantes, terrazas de establecimientos)</li>
  <li>Transporte sencillo y <strong>montaje sin herramientas especiales</strong></li>
</ul>
<p><strong>Dimensiones:</strong> Ancho: 73 cm &nbsp;|&nbsp; Fondo: 70 cm &nbsp;|&nbsp; Alto: 76 cm</p>",Muebles Exterior,,Sillón,"exterior, terraza, jardín, sillón, bicolor, hostelería",TRUE,Title,Default Title,558-0051,0,shopify,10,deny,manual,644.63,780.00,TRUE,TRUE,https://hevea.es/mpcrm/imgs/uploads/sillon%20bicolor%20diva.jpg,1,Sillón exterior bicolor · estilo bicolor | 73×76 cm,FALSE,Sillón exterior bicolor · estilo bicolor | 73×76 cm,"El sillón Bicolor destaca por su diseño contemporáneo con acabado en doble tonalidad que aporta personalidad y sofisticación al espacio exterior. Su estructura resistente y cojines confortables ofrecen estabilidad y una experiencia de descanso cómoda, ideal para terrazas modernas.",active,429.00
sofa-terraza-bicolor-2-plazas-estilo-bicolor-14076-cm,Sofá terraza bicolor 2 plazas · estilo bicolor | 140×76 cm,"<p>El sofá Bicolor de 2 plazas combina elegancia y contraste cromático en una pieza moderna y equilibrada. Perfecto para terrazas de tamaño medio, ofrece comodidad gracias a sus cojines amplios y estructura sólida preparada para exterior.</p>
<ul>
  <li>Acabado <strong>bicolor</strong>: combinación cromática que aporta personalidad y un toque de sofisticación al espacio exterior</li>
  <li>Cojines con <strong>tapizado técnico para exterior</strong>, resistentes a la intemperie</li>
  <li>Resistente a <strong>rayos UV, lluvia y humedad</strong> — preparado para exterior durante todo el año</li>
  <li>Mantenimiento mínimo: no requiere tratamientos ni almacenamiento en invierno</li>
  <li>Apto para uso residencial y proyectos de <strong>hostelería y contract</strong> (hoteles, restaurantes, terrazas de establecimientos)</li>
  <li>Transporte sencillo y <strong>montaje sin herramientas especiales</strong></li>
</ul>
<p><strong>Dimensiones:</strong> Ancho: 140 cm &nbsp;|&nbsp; Fondo: 70 cm &nbsp;|&nbsp; Alto: 76 cm</p>",Muebles Exterior,,Sofá,"exterior, terraza, jardín, sofá, bicolor, 2 plazas, hostelería",TRUE,Title,Default Title,558-0070,0,shopify,10,deny,manual,929.75,1125.00,TRUE,TRUE,https://hevea.es/mpcrm/imgs/uploads/sofa%20diva%20bicolor.jpg,1,Sofá terraza bicolor 2 plazas · estilo bicolor | 140×76 cm,FALSE,Sofá terraza bicolor 2 plazas · estilo bicolor | 140×76 cm,"El sofá Bicolor de 2 plazas combina elegancia y contraste cromático en una pieza moderna y equilibrada. Perfecto para terrazas de tamaño medio, ofrece comodidad gracias a sus cojines amplios y estructura sólida preparada para exterior.",active,619.00
sofa-terraza-bicolor-3-plazas-estilo-bicolor-20076-cm,Sofá terraza bicolor 3 plazas · estilo bicolor | 200×76 cm,"<p>El sofá Bicolor de 3 plazas aporta amplitud y estilo al salón exterior. Su diseño en doble color crea un efecto visual sofisticado, mientras que su asiento profundo y confortable invita al relax y a largas reuniones al aire libre.</p>
<ul>
  <li>Acabado <strong>bicolor</strong>: combinación cromática que aporta personalidad y un toque de sofisticación al espacio exterior</li>
  <li>Resistente a <strong>rayos UV, lluvia y humedad</strong> — preparado para exterior durante todo el año</li>
  <li>Mantenimiento mínimo: no requiere tratamientos ni almacenamiento en invierno</li>
  <li>Apto para uso residencial y proyectos de <strong>hostelería y contract</strong> (hoteles, restaurantes, terrazas de establecimientos)</li>
  <li>Transporte sencillo y <strong>montaje sin herramientas especiales</strong></li>
</ul>
<p><strong>Dimensiones:</strong> Diámetro: 200 cm &nbsp;|&nbsp; Fondo: 70 cm &nbsp;|&nbsp; Alto: 76 cm</p>",Muebles Exterior,,Sofá,"exterior, terraza, jardín, sofá, bicolor, 3 plazas, hostelería",TRUE,Title,Default Title,558-0052,0,shopify,10,deny,manual,1148.76,1390.00,TRUE,TRUE,https://hevea.es/mpcrm/imgs/uploads/sofa%20diva%203%20plazas.jpg,1,Sofá terraza bicolor 3 plazas · estilo bicolor | 200×76 cm,FALSE,Sofá terraza bicolor 3 plazas · estilo bicolor | 200×76 cm,"El sofá Bicolor de 3 plazas aporta amplitud y estilo al salón exterior. Su diseño en doble color crea un efecto visual sofisticado, mientras que su asiento profundo y confortable invita al relax y a largas reuniones al aire libre.",active,765.00
mesa-de-centro-exterior-hpl-120-cm-altura-40-cm,Mesa de centro exterior HPL 120 cm · altura 40 cm,"<p>La mesa de centro Bicolor 120 con tablero HPL combina resistencia y diseño moderno. Su superficie amplia y duradera está preparada para uso exterior, ofreciendo funcionalidad y un acabado elegante que complementa el conjunto.</p>
<ul>
  <li>Tablero en <strong>HPL de alta presión</strong>: resiste humedad, rayos UV y uso intensivo — fácil de limpiar con agua y jabón</li>
  <li>Acabado <strong>bicolor</strong>: combinación cromática que aporta personalidad y un toque de sofisticación al espacio exterior</li>
  <li>Resistente a <strong>rayos UV, lluvia y humedad</strong> — preparado para exterior durante todo el año</li>
  <li>Mantenimiento mínimo: no requiere tratamientos ni almacenamiento en invierno</li>
  <li>Transporte sencillo y <strong>montaje sin herramientas especiales</strong></li>
</ul>
<p><strong>Dimensiones:</strong> Ancho: 120 cm &nbsp;|&nbsp; Fondo: 60 cm &nbsp;|&nbsp; Alto: 40 cm</p>",Muebles Exterior,,Mesa centro,"exterior, terraza, jardín, mesa centro, HPL, bicolor",TRUE,Title,Default Title,558-0033,0,shopify,10,deny,manual,487.60,590.00,TRUE,TRUE,https://hevea.es/mpcrm/imgs/uploads/mesa%20de%20centro%20diva%20120.png,1,Mesa de centro exterior HPL 120 cm · altura 40 cm,FALSE,Mesa de centro exterior HPL 120 cm · altura 40 cm,"La mesa de centro Bicolor 120 con tablero HPL combina resistencia y diseño moderno. Su superficie amplia y duradera está preparada para uso exterior, ofreciendo funcionalidad y un acabado elegante que complementa el conjunto.",active,325.00
mesa-de-centro-exterior-hpl-135-cm-altura-40-cm,Mesa de centro exterior HPL 135 cm · altura 40 cm,"<p>La mesa de centro Bicolor 135 HPL destaca por su mayor superficie y presencia visual. Ideal para conjuntos amplios, aporta estabilidad, resistencia y un diseño actual perfecto para terrazas sofisticadas.</p>
<ul>
  <li>Tablero en <strong>HPL de alta presión</strong>: resiste humedad, rayos UV y uso intensivo — fácil de limpiar con agua y jabón</li>
  <li>Acabado <strong>bicolor</strong>: combinación cromática que aporta personalidad y un toque de sofisticación al espacio exterior</li>
  <li>Resistente a <strong>rayos UV, lluvia y humedad</strong> — preparado para exterior durante todo el año</li>
  <li>Mantenimiento mínimo: no requiere tratamientos ni almacenamiento en invierno</li>
  <li>Transporte sencillo y <strong>montaje sin herramientas especiales</strong></li>
</ul>
<p><strong>Dimensiones:</strong> Ancho: 135 cm &nbsp;|&nbsp; Fondo: 60 cm &nbsp;|&nbsp; Alto: 40 cm</p>",Muebles Exterior,,Mesa centro,"exterior, terraza, jardín, mesa centro, HPL, bicolor",TRUE,Title,Default Title,558-0039,0,shopify,10,deny,manual,570.25,690.00,TRUE,TRUE,https://hevea.es/mpcrm/imgs/uploads/mesa%20de%20centro%20diva%20135.jpg,1,Mesa de centro exterior HPL 135 cm · altura 40 cm,FALSE,Mesa de centro exterior HPL 135 cm · altura 40 cm,"La mesa de centro Bicolor 135 HPL destaca por su mayor superficie y presencia visual. Ideal para conjuntos amplios, aporta estabilidad, resistencia y un diseño actual perfecto para terrazas sofisticadas.",active,380.00
reposapies-exterior-bicolor-704544-cm,Reposapiés exterior bicolor · 70×45×44 cm,"<p>El reposapiés Bicolor complementa el conjunto aportando mayor comodidad y versatilidad. Puede utilizarse como extensión del asiento o como apoyo auxiliar manteniendo la coherencia estética del diseño bicolor.</p>
<ul>
  <li>Acabado <strong>bicolor</strong>: combinación cromática que aporta personalidad y un toque de sofisticación al espacio exterior</li>
  <li>Resistente a <strong>rayos UV, lluvia y humedad</strong> — preparado para exterior durante todo el año</li>
  <li>Mantenimiento mínimo: no requiere tratamientos ni almacenamiento en invierno</li>
  <li>Transporte sencillo y <strong>montaje sin herramientas especiales</strong></li>
</ul>
<p><strong>Dimensiones:</strong> Ancho: 70 cm &nbsp;|&nbsp; Fondo: 45 cm &nbsp;|&nbsp; Alto: 44 cm</p>",Muebles Exterior,,Reposapiés,"exterior, terraza, jardín, reposapiés, bicolor",TRUE,Title,Default Title,558-0049,0,shopify,10,deny,manual,347.11,420.00,TRUE,TRUE,https://hevea.es/mpcrm/imgs/uploads/sillon%20bicolor%20diva.jpg,1,Reposapiés exterior bicolor · 70×45×44 cm,FALSE,Reposapiés exterior bicolor · 70×45×44 cm,El reposapiés Bicolor complementa el conjunto aportando mayor comodidad y versatilidad. Puede utilizarse como extensión del asiento o como apoyo auxiliar manteniendo la coherencia estética del diseño bicolor.,active,231.00
set-jardin-bicolor-2-plazas-bicolor-sofa-2-plazas-2-sillones-mesa,Set jardín bicolor 2 plazas · bicolor | sofá 2 plazas + 2 sillones + mesa,"<p>El Set Bicolor incluye sofá de 2 plazas, sillones y mesa de centro, formando una composición moderna y equilibrada. Su diseño en doble tonalidad aporta personalidad mientras garantiza confort y resistencia en exterior.</p>
<ul>
  <li>Acabado <strong>bicolor</strong>: combinación cromática que aporta personalidad y un toque de sofisticación al espacio exterior</li>
  <li>Resistente a <strong>rayos UV, lluvia y humedad</strong> — preparado para exterior durante todo el año</li>
  <li>Mantenimiento mínimo: no requiere tratamientos ni almacenamiento en invierno</li>
  <li>Composición completa: <strong>sofá 2 plazas + 2 sillones + mesa de centro</strong> (todo incluido en el precio, listo para montar)</li>
  <li>Apto para uso residencial y proyectos de <strong>hostelería y contract</strong> (hoteles, restaurantes, terrazas de establecimientos)</li>
  <li>Transporte sencillo y <strong>montaje sin herramientas especiales</strong></li>
</ul>",Muebles Exterior,,Conjunto sofá,"exterior, terraza, jardín, conjunto sofá, bicolor, 2 plazas, hostelería",TRUE,Title,Default Title,558-0066,0,shopify,10,deny,manual,2706.61,3275.00,TRUE,TRUE,https://hevea.es/mpcrm/imgs/uploads/1739540503_DIVA-7.jpg,1,Set jardín bicolor 2 plazas · bicolor | sofá 2 plazas + 2 sillones + mesa,FALSE,Set jardín bicolor 2 plazas · bicolor | sofá 2 plazas + 2 sillones + m,"El Set Bicolor incluye sofá de 2 plazas, sillones y mesa de centro, formando una composición moderna y equilibrada. Su diseño en doble tonalidad aporta personalidad mientras garantiza confort y resistencia en exterior.",active,1802.00
set-jardin-bicolor-3-plazas-bicolor-sofa-3-plazas-2-sillones-mesa,Set jardín bicolor 3 plazas · bicolor | sofá 3 plazas + 2 sillones + mesa,"<p>El Set Bicolor ofrece una solución completa con sofá de 3 plazas, sillones y mesa de centro. Amplio, elegante y confortable, transforma cualquier terraza en un espacio exterior sofisticado.</p>
<ul>
  <li>Acabado <strong>bicolor</strong>: combinación cromática que aporta personalidad y un toque de sofisticación al espacio exterior</li>
  <li>Resistente a <strong>rayos UV, lluvia y humedad</strong> — preparado para exterior durante todo el año</li>
  <li>Mantenimiento mínimo: no requiere tratamientos ni almacenamiento en invierno</li>
  <li>Composición completa: <strong>sofá 3 plazas + 2 sillones + mesa de centro</strong> (todo incluido en el precio, listo para montar)</li>
  <li>Apto para uso residencial y proyectos de <strong>hostelería y contract</strong> (hoteles, restaurantes, terrazas de establecimientos)</li>
  <li>Transporte sencillo y <strong>montaje sin herramientas especiales</strong></li>
</ul>",Muebles Exterior,,Conjunto sofá,"exterior, terraza, jardín, conjunto sofá, bicolor, 3 plazas, hostelería",TRUE,Title,Default Title,558-0050,0,shopify,10,deny,manual,3008.26,3640.00,TRUE,TRUE,https://hevea.es/mpcrm/imgs/uploads/1739540503_DIVA_N24.jpg,1,Set jardín bicolor 3 plazas · bicolor | sofá 3 plazas + 2 sillones + mesa,FALSE,Set jardín bicolor 3 plazas · bicolor | sofá 3 plazas + 2 sillones + m,"El Set Bicolor ofrece una solución completa con sofá de 3 plazas, sillones y mesa de centro. Amplio, elegante y confortable, transforma cualquier terraza en un espacio exterior sofisticado.",active,2002.00
sillon-exterior-estilo-versatil-7685-cm,Sillón exterior · estilo versátil | 76×85 cm,"<p>El sillón combina líneas modernas y confort en una pieza ligera y versátil. Su estructura resistente y asiento cómodo lo convierten en una opción ideal para crear rincones acogedores en exteriores actuales.</p>
<ul>
  <li>Resistente a <strong>rayos UV, lluvia y humedad</strong> — preparado para exterior durante todo el año</li>
  <li>Mantenimiento mínimo: no requiere tratamientos ni almacenamiento en invierno</li>
  <li>Apto para uso residencial y proyectos de <strong>hostelería y contract</strong> (hoteles, restaurantes, terrazas de establecimientos)</li>
  <li>Transporte sencillo y <strong>montaje sin herramientas especiales</strong></li>
</ul>
<p><strong>Dimensiones:</strong> Ancho: 76 cm &nbsp;|&nbsp; Fondo: 80 cm &nbsp;|&nbsp; Alto: 85 cm</p>",Muebles Exterior,,Sillón,"exterior, terraza, jardín, sillón, hostelería",TRUE,Title,Default Title,557-010716,0,shopify,10,deny,manual,438.02,530.00,TRUE,TRUE,https://hevea.es/mpcrm/imgs/uploads/leisa%20sillon.jpg,1,Sillón exterior · estilo versátil | 76×85 cm,FALSE,Sillón exterior · estilo versátil | 76×85 cm,El sillón combina líneas modernas y confort en una pieza ligera y versátil. Su estructura resistente y asiento cómodo lo convierten en una opción ideal para crear rincones acogedores en exteriores actuales.,active,292.00
sofa-terraza-2-plazas-estilo-contemporaneo-13785-cm,Sofá terraza 2 plazas · estilo contemporáneo | 137×85 cm,"<p>El sofá de 2 plazas ofrece equilibrio entre diseño y funcionalidad. Perfecto para terrazas de tamaño medio, proporciona comodidad y una estética contemporánea preparada para el uso exterior.</p>
<ul>
  <li>Resistente a <strong>rayos UV, lluvia y humedad</strong> — preparado para exterior durante todo el año</li>
  <li>Mantenimiento mínimo: no requiere tratamientos ni almacenamiento en invierno</li>
  <li>Apto para uso residencial y proyectos de <strong>hostelería y contract</strong> (hoteles, restaurantes, terrazas de establecimientos)</li>
  <li>Transporte sencillo y <strong>montaje sin herramientas especiales</strong></li>
</ul>
<p><strong>Dimensiones:</strong> Ancho: 137 cm &nbsp;|&nbsp; Fondo: 80 cm &nbsp;|&nbsp; Alto: 85 cm</p>",Muebles Exterior,,Sofá,"exterior, terraza, jardín, sofá, 2 plazas, hostelería",TRUE,Title,Default Title,557-010717,0,shopify,10,deny,manual,619.83,750.00,TRUE,TRUE,https://hevea.es/mpcrm/imgs/uploads/leisa%202%20plazas.jpg,1,Sofá terraza 2 plazas · estilo contemporáneo | 137×85 cm,FALSE,Sofá terraza 2 plazas · estilo contemporáneo | 137×85 cm,"El sofá de 2 plazas ofrece equilibrio entre diseño y funcionalidad. Perfecto para terrazas de tamaño medio, proporciona comodidad y una estética contemporánea preparada para el uso exterior.",active,413.00
sofa-terraza-3-plazas-estilo-contemporaneo-19685-cm,Sofá terraza 3 plazas · estilo contemporáneo | 196×85 cm,"<p>El sofá de 3 plazas aporta amplitud y elegancia al espacio exterior. Sus cojines confortables y su estructura sólida garantizan una experiencia de descanso cómoda y duradera.</p>
<ul>
  <li>Cojines con <strong>tapizado técnico para exterior</strong>, resistentes a la intemperie</li>
  <li>Resistente a <strong>rayos UV, lluvia y humedad</strong> — preparado para exterior durante todo el año</li>
  <li>Mantenimiento mínimo: no requiere tratamientos ni almacenamiento en invierno</li>
  <li>Apto para uso residencial y proyectos de <strong>hostelería y contract</strong> (hoteles, restaurantes, terrazas de establecimientos)</li>
  <li>Transporte sencillo y <strong>montaje sin herramientas especiales</strong></li>
</ul>
<p><strong>Dimensiones:</strong> Ancho: 196 cm &nbsp;|&nbsp; Fondo: 80 cm &nbsp;|&nbsp; Alto: 85 cm</p>",Muebles Exterior,,Sofá,"exterior, terraza, jardín, sofá, 3 plazas, hostelería",TRUE,Title,Default Title,557-010718,0,shopify,10,deny,manual,801.65,970.00,TRUE,TRUE,https://hevea.es/mpcrm/imgs/uploads/leisa%20sofa%203%20plazas.jpg,1,Sofá terraza 3 plazas · estilo contemporáneo | 196×85 cm,FALSE,Sofá terraza 3 plazas · estilo contemporáneo | 196×85 cm,El sofá de 3 plazas aporta amplitud y elegancia al espacio exterior. Sus cojines confortables y su estructura sólida garantizan una experiencia de descanso cómoda y duradera.,active,534.00
set-jardin-2-plazas-contemporaneo-sofa-2-plazas-2-sillones-mesa,Set jardín 2 plazas · contemporáneo | sofá 2 plazas + 2 sillones + mesa,"<p>El Set incluye sofá de 2 plazas, sillones y mesa de centro en una composición armoniosa y moderna. Ideal para crear terrazas acogedoras con diseño contemporáneo.</p>
<ul>
  <li>Resistente a <strong>rayos UV, lluvia y humedad</strong> — preparado para exterior durante todo el año</li>
  <li>Mantenimiento mínimo: no requiere tratamientos ni almacenamiento en invierno</li>
  <li>Composición completa: <strong>sofá 2 plazas + 2 sillones + mesa de centro</strong> (todo incluido en el precio, listo para montar)</li>
  <li>Apto para uso residencial y proyectos de <strong>hostelería y contract</strong> (hoteles, restaurantes, terrazas de establecimientos)</li>
  <li>Transporte sencillo y <strong>montaje sin herramientas especiales</strong></li>
</ul>",Muebles Exterior,,Conjunto sofá,"exterior, terraza, jardín, conjunto sofá, 2 plazas, hostelería",TRUE,Title,Default Title,557-010719,0,shopify,10,deny,manual,1731.40,2095.00,TRUE,TRUE,https://hevea.es/mpcrm/imgs/uploads/1739541782_leisa%207.jpg,1,Set jardín 2 plazas · contemporáneo | sofá 2 plazas + 2 sillones + mesa,FALSE,Set jardín 2 plazas · contemporáneo | sofá 2 plazas + 2 sillones + mes,"El Set incluye sofá de 2 plazas, sillones y mesa de centro en una composición armoniosa y moderna. Ideal para crear terrazas acogedoras con diseño contemporáneo.",active,1153.00
set-jardin-3-plazas-contemporaneo-sofa-3-plazas-2-sillones-mesa-3,Set jardín 3 plazas · contemporáneo | sofá 3 plazas + 2 sillones + mesa 3,"<p>El Set ofrece un conjunto amplio con sofá de 3 plazas, sillones y mesa de centro. Diseñado para aportar confort, resistencia y estilo en jardines y terrazas actuales.</p>
<ul>
  <li>Resistente a <strong>rayos UV, lluvia y humedad</strong> — preparado para exterior durante todo el año</li>
  <li>Mantenimiento mínimo: no requiere tratamientos ni almacenamiento en invierno</li>
  <li>Composición completa: <strong>sofá 3 plazas + 2 sillones + mesa de centro</strong> (todo incluido en el precio, listo para montar)</li>
  <li>Apto para uso residencial y proyectos de <strong>hostelería y contract</strong> (hoteles, restaurantes, terrazas de establecimientos)</li>
  <li>Transporte sencillo y <strong>montaje sin herramientas especiales</strong></li>
</ul>",Muebles Exterior,,Conjunto sofá,"exterior, terraza, jardín, conjunto sofá, 3 plazas, hostelería",TRUE,Title,Default Title,557-010720,0,shopify,10,deny,manual,1979.34,2395.00,TRUE,TRUE,https://hevea.es/mpcrm/imgs/uploads/1739541782_LEISA_8.jpg,1,Set jardín 3 plazas · contemporáneo | sofá 3 plazas + 2 sillones + mesa 3,FALSE,Set jardín 3 plazas · contemporáneo | sofá 3 plazas + 2 sillones + mes,"El Set ofrece un conjunto amplio con sofá de 3 plazas, sillones y mesa de centro. Diseñado para aportar confort, resistencia y estilo en jardines y terrazas actuales.",active,1318.00
sillon-exterior-estilo-moderno-7085-cm,Sillón exterior · estilo moderno | 70×85 cm,"<p>El sillón destaca por su diseño actual y confortable, ideal para espacios exteriores modernos. Su estructura resistente y asiento acogedor proporcionan estabilidad y comodidad.</p>
<ul>
  <li>Resistente a <strong>rayos UV, lluvia y humedad</strong> — preparado para exterior durante todo el año</li>
  <li>Mantenimiento mínimo: no requiere tratamientos ni almacenamiento en invierno</li>
  <li>Apto para uso residencial y proyectos de <strong>hostelería y contract</strong> (hoteles, restaurantes, terrazas de establecimientos)</li>
  <li>Transporte sencillo y <strong>montaje sin herramientas especiales</strong></li>
</ul>
<p><strong>Dimensiones:</strong> Ancho: 70 cm &nbsp;|&nbsp; Fondo: 80 cm &nbsp;|&nbsp; Alto: 85 cm</p>",Muebles Exterior,,Sillón,"exterior, terraza, jardín, sillón, hostelería",TRUE,Title,Default Title,557-010103,0,shopify,10,deny,manual,396.69,480.00,TRUE,TRUE,https://hevea.es/mpcrm/imgs/uploads/dounvil%20sillon.jpg,1,Sillón exterior · estilo moderno | 70×85 cm,FALSE,Sillón exterior · estilo moderno | 70×85 cm,"El sillón destaca por su diseño actual y confortable, ideal para espacios exteriores modernos. Su estructura resistente y asiento acogedor proporcionan estabilidad y comodidad.",active,264.00
sofa-terraza-2-plazas-estilo-elegante-15085-cm,Sofá terraza 2 plazas · estilo elegante | 150×85 cm,"<p>El sofá de 2 plazas ofrece una solución compacta y elegante para terrazas de tamaño medio. Sus líneas limpias y cojines cómodos lo convierten en una opción funcional y atractiva.</p>
<ul>
  <li>Cojines con <strong>tapizado técnico para exterior</strong>, resistentes a la intemperie</li>
  <li>Resistente a <strong>rayos UV, lluvia y humedad</strong> — preparado para exterior durante todo el año</li>
  <li>Mantenimiento mínimo: no requiere tratamientos ni almacenamiento en invierno</li>
  <li>Apto para uso residencial y proyectos de <strong>hostelería y contract</strong> (hoteles, restaurantes, terrazas de establecimientos)</li>
  <li>Transporte sencillo y <strong>montaje sin herramientas especiales</strong></li>
</ul>
<p><strong>Dimensiones:</strong> Ancho: 150 cm &nbsp;|&nbsp; Fondo: 80 cm &nbsp;|&nbsp; Alto: 85 cm</p>",Muebles Exterior,,Sofá,"exterior, terraza, jardín, sofá, 2 plazas, hostelería",TRUE,Title,Default Title,557-010104,0,shopify,10,deny,manual,619.83,750.00,TRUE,TRUE,https://hevea.es/mpcrm/imgs/uploads/dounvil%202%20plazas.jpg,1,Sofá terraza 2 plazas · estilo elegante | 150×85 cm,FALSE,Sofá terraza 2 plazas · estilo elegante | 150×85 cm,El sofá de 2 plazas ofrece una solución compacta y elegante para terrazas de tamaño medio. Sus líneas limpias y cojines cómodos lo convierten en una opción funcional y atractiva.,active,413.00
sofa-terraza-3-plazas-estilo-contemporaneo-19085-cm,Sofá terraza 3 plazas · estilo contemporáneo | 190×85 cm,"<p>El sofá de 3 plazas aporta amplitud y presencia en el salón exterior. Su diseño equilibrado y confortable crea un ambiente relajado perfecto para compartir momentos al aire libre.</p>
<ul>
  <li>Resistente a <strong>rayos UV, lluvia y humedad</strong> — preparado para exterior durante todo el año</li>
  <li>Mantenimiento mínimo: no requiere tratamientos ni almacenamiento en invierno</li>
  <li>Apto para uso residencial y proyectos de <strong>hostelería y contract</strong> (hoteles, restaurantes, terrazas de establecimientos)</li>
  <li>Transporte sencillo y <strong>montaje sin herramientas especiales</strong></li>
</ul>
<p><strong>Dimensiones:</strong> Ancho: 190 cm &nbsp;|&nbsp; Fondo: 80 cm &nbsp;|&nbsp; Alto: 85 cm</p>",Muebles Exterior,,Sofá,"exterior, terraza, jardín, sofá, 3 plazas, hostelería",TRUE,Title,Default Title,557-010105,0,shopify,10,deny,manual,801.65,970.00,TRUE,TRUE,https://hevea.es/mpcrm/imgs/uploads/dounvil%203%20plazas.jpg,1,Sofá terraza 3 plazas · estilo contemporáneo | 190×85 cm,FALSE,Sofá terraza 3 plazas · estilo contemporáneo | 190×85 cm,El sofá de 3 plazas aporta amplitud y presencia en el salón exterior. Su diseño equilibrado y confortable crea un ambiente relajado perfecto para compartir momentos al aire libre.,active,534.00
set-jardin-2-plazas-contemporaneo-sofa-2-plazas-2-sillones-mesa-2,Set jardín 2 plazas · contemporáneo | sofá 2 plazas + 2 sillones + mesa 2,"<p>El Set incluye sofá de 2 plazas, sillones y mesa de centro en una composición equilibrada y moderna. Diseñado para aportar confort y resistencia en exteriores, es ideal para crear terrazas acogedoras con un estilo contemporáneo.</p>
<ul>
  <li>Resistente a <strong>rayos UV, lluvia y humedad</strong> — preparado para exterior durante todo el año</li>
  <li>Mantenimiento mínimo: no requiere tratamientos ni almacenamiento en invierno</li>
  <li>Composición completa: <strong>sofá 2 plazas + 2 sillones + mesa de centro</strong> (todo incluido en el precio, listo para montar)</li>
  <li>Apto para uso residencial y proyectos de <strong>hostelería y contract</strong> (hoteles, restaurantes, terrazas de establecimientos)</li>
  <li>Transporte sencillo y <strong>montaje sin herramientas especiales</strong></li>
</ul>",Muebles Exterior,,Conjunto sofá,"exterior, terraza, jardín, conjunto sofá, 2 plazas, hostelería",TRUE,Title,Default Title,557-010106,0,shopify,10,deny,manual,1640.50,1985.00,TRUE,TRUE,https://hevea.es/mpcrm/imgs/uploads/1739543239_dounvil%207.jpg,1,Set jardín 2 plazas · contemporáneo | sofá 2 plazas + 2 sillones + mesa 2,FALSE,Set jardín 2 plazas · contemporáneo | sofá 2 plazas + 2 sillones + mes,"El Set incluye sofá de 2 plazas, sillones y mesa de centro en una composición equilibrada y moderna. Diseñado para aportar confort y resistencia en exteriores, es ideal para crear terrazas acogedoras con un estilo contemporáneo.",active,1092.00
set-jardin-3-plazas-elegante-sofa-3-plazas-2-sillones-mesa-2,Set jardín 3 plazas · elegante | sofá 3 plazas + 2 sillones + mesa 2,"<p>El Set ofrece una solución amplia y elegante con sofá de 3 plazas, sillones y mesa de centro. Perfecto para quienes buscan un salón exterior cómodo, funcional y con presencia.</p>
<ul>
  <li>Resistente a <strong>rayos UV, lluvia y humedad</strong> — preparado para exterior durante todo el año</li>
  <li>Mantenimiento mínimo: no requiere tratamientos ni almacenamiento en invierno</li>
  <li>Composición completa: <strong>sofá 3 plazas + 2 sillones + mesa de centro</strong> (todo incluido en el precio, listo para montar)</li>
  <li>Apto para uso residencial y proyectos de <strong>hostelería y contract</strong> (hoteles, restaurantes, terrazas de establecimientos)</li>
  <li>Transporte sencillo y <strong>montaje sin herramientas especiales</strong></li>
</ul>",Muebles Exterior,,Conjunto sofá,"exterior, terraza, jardín, conjunto sofá, 3 plazas, hostelería",TRUE,Title,Default Title,557-010107,0,shopify,10,deny,manual,1896.69,2295.00,TRUE,TRUE,https://hevea.es/mpcrm/imgs/uploads/1739543239_dounvil%208.jpg,1,Set jardín 3 plazas · elegante | sofá 3 plazas + 2 sillones + mesa 2,FALSE,Set jardín 3 plazas · elegante | sofá 3 plazas + 2 sillones + mesa 2,"El Set ofrece una solución amplia y elegante con sofá de 3 plazas, sillones y mesa de centro. Perfecto para quienes buscan un salón exterior cómodo, funcional y con presencia.",active,1263.00
mesa-de-centro-exterior-90-cm-altura-40-cm-2,Mesa de centro exterior 90 cm · altura 40 cm 2,"<p>La mesa de centro 90 combina funcionalidad y diseño moderno en un formato compacto. Ideal para acompañar sofás y sillones de exterior aportando superficie práctica sin sobrecargar el espacio.</p>
<ul>
  <li>Resistente a <strong>rayos UV, lluvia y humedad</strong> — preparado para exterior durante todo el año</li>
  <li>Mantenimiento mínimo: no requiere tratamientos ni almacenamiento en invierno</li>
  <li>Transporte sencillo y <strong>montaje sin herramientas especiales</strong></li>
</ul>
<p><strong>Dimensiones:</strong> Ancho: 90 cm &nbsp;|&nbsp; Fondo: 50 cm &nbsp;|&nbsp; Alto: 40 cm</p>",Muebles Exterior,,Mesa centro,"exterior, terraza, jardín, mesa centro",TRUE,Title,Default Title,557-1070,0,shopify,10,deny,manual,227.27,275.00,TRUE,TRUE,https://hevea.es/mpcrm/imgs/uploads/dounvil%202%20plazas.jpg,1,Mesa de centro exterior 90 cm · altura 40 cm 2,FALSE,Mesa de centro exterior 90 cm · altura 40 cm 2,La mesa de centro 90 combina funcionalidad y diseño moderno en un formato compacto. Ideal para acompañar sofás y sillones de exterior aportando superficie práctica sin sobrecargar el espacio.,active,152.00
mesa-de-centro-exterior-120-cm-altura-40-cm-2,Mesa de centro exterior 120 cm · altura 40 cm 2,"<p>La mesa de centro 120 ofrece una superficie amplia y resistente para completar conjuntos de exterior. Su diseño sencillo y contemporáneo aporta equilibrio y funcionalidad al espacio.</p>
<ul>
  <li>Resistente a <strong>rayos UV, lluvia y humedad</strong> — preparado para exterior durante todo el año</li>
  <li>Mantenimiento mínimo: no requiere tratamientos ni almacenamiento en invierno</li>
  <li>Transporte sencillo y <strong>montaje sin herramientas especiales</strong></li>
</ul>
<p><strong>Dimensiones:</strong> Ancho: 120 cm &nbsp;|&nbsp; Fondo: 60 cm &nbsp;|&nbsp; Alto: 40 cm</p>",Muebles Exterior,,Mesa centro,"exterior, terraza, jardín, mesa centro",TRUE,Title,Default Title,557-1563,0,shopify,10,deny,manual,301.65,365.00,TRUE,TRUE,https://hevea.es/mpcrm/imgs/uploads/dounvil%203%20plazas.jpg,1,Mesa de centro exterior 120 cm · altura 40 cm 2,FALSE,Mesa de centro exterior 120 cm · altura 40 cm 2,La mesa de centro 120 ofrece una superficie amplia y resistente para completar conjuntos de exterior. Su diseño sencillo y contemporáneo aporta equilibrio y funcionalidad al espacio.,active,201.00
sillon-exterior-estilo-contemporaneo-68115-cm,Sillón exterior · estilo contemporáneo | 68×115 cm,"<p>El sillón destaca por su diseño actual y confortable, ideal para crear rincones relajados en terrazas y jardines. Su estructura resistente y cojines acogedores garantizan estabilidad y comodidad en exterior.</p>
<ul>
  <li>Cojines con <strong>tapizado técnico para exterior</strong>, resistentes a la intemperie</li>
  <li>Resistente a <strong>rayos UV, lluvia y humedad</strong> — preparado para exterior durante todo el año</li>
  <li>Mantenimiento mínimo: no requiere tratamientos ni almacenamiento en invierno</li>
  <li>Apto para uso residencial y proyectos de <strong>hostelería y contract</strong> (hoteles, restaurantes, terrazas de establecimientos)</li>
  <li>Transporte sencillo y <strong>montaje sin herramientas especiales</strong></li>
</ul>
<p><strong>Dimensiones:</strong> Ancho: 68 cm &nbsp;|&nbsp; Fondo: 62 cm &nbsp;|&nbsp; Alto: 115 cm</p>",Muebles Exterior,,Sillón,"exterior, terraza, jardín, sillón, hostelería",TRUE,Title,Default Title,557-0794,0,shopify,10,deny,manual,380.17,460.00,TRUE,TRUE,https://hevea.es/mpcrm/imgs/uploads/reposapies%20haston.jpg,1,Sillón exterior · estilo contemporáneo | 68×115 cm,FALSE,Sillón exterior · estilo contemporáneo | 68×115 cm,"El sillón destaca por su diseño actual y confortable, ideal para crear rincones relajados en terrazas y jardines. Su estructura resistente y cojines acogedores garantizan estabilidad y comodidad en exterior.",active,253.00
sofa-terraza-2-plazas-estilo-moderno-128115-cm,Sofá terraza 2 plazas · estilo moderno | 128×115 cm,"<p>El sofá de 2 plazas combina líneas modernas y confort en un formato compacto. Ideal para espacios exteriores de tamaño medio, ofrece una sentada cómoda y duradera.</p>
<ul>
  <li>Resistente a <strong>rayos UV, lluvia y humedad</strong> — preparado para exterior durante todo el año</li>
  <li>Mantenimiento mínimo: no requiere tratamientos ni almacenamiento en invierno</li>
  <li>Apto para uso residencial y proyectos de <strong>hostelería y contract</strong> (hoteles, restaurantes, terrazas de establecimientos)</li>
  <li>Transporte sencillo y <strong>montaje sin herramientas especiales</strong></li>
</ul>
<p><strong>Dimensiones:</strong> Ancho: 128 cm &nbsp;|&nbsp; Fondo: 62 cm &nbsp;|&nbsp; Alto: 115 cm</p>",Muebles Exterior,,Sofá,"exterior, terraza, jardín, sofá, 2 plazas, hostelería",TRUE,Title,Default Title,557-0795,0,shopify,10,deny,manual,619.83,750.00,TRUE,TRUE,https://hevea.es/mpcrm/imgs/uploads/sofa%20dos%20plazas%20haston.jpg,1,Sofá terraza 2 plazas · estilo moderno | 128×115 cm,FALSE,Sofá terraza 2 plazas · estilo moderno | 128×115 cm,"El sofá de 2 plazas combina líneas modernas y confort en un formato compacto. Ideal para espacios exteriores de tamaño medio, ofrece una sentada cómoda y duradera.",active,413.00
sofa-terraza-3-plazas-estilo-contemporaneo-188115-cm,Sofá terraza 3 plazas · estilo contemporáneo | 188×115 cm,"<p>El sofá de 3 plazas aporta amplitud y elegancia al salón exterior. Sus cojines generosos y diseño equilibrado invitan a disfrutar de largas reuniones al aire libre.</p>
<ul>
  <li>Cojines con <strong>tapizado técnico para exterior</strong>, resistentes a la intemperie</li>
  <li>Resistente a <strong>rayos UV, lluvia y humedad</strong> — preparado para exterior durante todo el año</li>
  <li>Mantenimiento mínimo: no requiere tratamientos ni almacenamiento en invierno</li>
  <li>Apto para uso residencial y proyectos de <strong>hostelería y contract</strong> (hoteles, restaurantes, terrazas de establecimientos)</li>
  <li>Transporte sencillo y <strong>montaje sin herramientas especiales</strong></li>
</ul>
<p><strong>Dimensiones:</strong> Ancho: 188 cm &nbsp;|&nbsp; Fondo: 62 cm &nbsp;|&nbsp; Alto: 115 cm</p>",Muebles Exterior,,Sofá,"exterior, terraza, jardín, sofá, 3 plazas, hostelería",TRUE,Title,Default Title,557-0796,0,shopify,10,deny,manual,818.18,990.00,TRUE,TRUE,https://hevea.es/mpcrm/imgs/uploads/haston%203%20plazas.jpg,1,Sofá terraza 3 plazas · estilo contemporáneo | 188×115 cm,FALSE,Sofá terraza 3 plazas · estilo contemporáneo | 188×115 cm,El sofá de 3 plazas aporta amplitud y elegancia al salón exterior. Sus cojines generosos y diseño equilibrado invitan a disfrutar de largas reuniones al aire libre.,active,545.00
set-jardin-2-plazas-moderno-sofa-2-plazas-2-sillones-mesa-3,Set jardín 2 plazas · moderno | sofá 2 plazas + 2 sillones + mesa 3,"<p>El Set incluye sofá de 2 plazas, sillones y mesa de centro, formando un conjunto moderno y funcional. Perfecto para crear un ambiente exterior acogedor y armonioso.</p>
<ul>
  <li>Resistente a <strong>rayos UV, lluvia y humedad</strong> — preparado para exterior durante todo el año</li>
  <li>Mantenimiento mínimo: no requiere tratamientos ni almacenamiento en invierno</li>
  <li>Composición completa: <strong>sofá 2 plazas + 2 sillones + mesa de centro</strong> (todo incluido en el precio, listo para montar)</li>
  <li>Apto para uso residencial y proyectos de <strong>hostelería y contract</strong> (hoteles, restaurantes, terrazas de establecimientos)</li>
  <li>Transporte sencillo y <strong>montaje sin herramientas especiales</strong></li>
</ul>",Muebles Exterior,,Conjunto sofá,"exterior, terraza, jardín, conjunto sofá, 2 plazas, hostelería",TRUE,Title,Default Title,557-0798,0,shopify,10,deny,manual,1607.44,1945.00,TRUE,TRUE,https://hevea.es/mpcrm/imgs/uploads/1739543115_haston%207.jpg,1,Set jardín 2 plazas · moderno | sofá 2 plazas + 2 sillones + mesa 3,FALSE,Set jardín 2 plazas · moderno | sofá 2 plazas + 2 sillones + mesa 3,"El Set incluye sofá de 2 plazas, sillones y mesa de centro, formando un conjunto moderno y funcional. Perfecto para crear un ambiente exterior acogedor y armonioso.",active,1070.00
set-jardin-3-plazas-contemporaneo-sofa-3-plazas-2-sillones-mesa-4,Set jardín 3 plazas · contemporáneo | sofá 3 plazas + 2 sillones + mesa 4,"<p>El Set ofrece una composición amplia con sofá de 3 plazas, sillones y mesa de centro. Diseñado para aportar confort, resistencia y estilo en terrazas actuales.</p>
<ul>
  <li>Resistente a <strong>rayos UV, lluvia y humedad</strong> — preparado para exterior durante todo el año</li>
  <li>Mantenimiento mínimo: no requiere tratamientos ni almacenamiento en invierno</li>
  <li>Composición completa: <strong>sofá 3 plazas + 2 sillones + mesa de centro</strong> (todo incluido en el precio, listo para montar)</li>
  <li>Apto para uso residencial y proyectos de <strong>hostelería y contract</strong> (hoteles, restaurantes, terrazas de establecimientos)</li>
  <li>Transporte sencillo y <strong>montaje sin herramientas especiales</strong></li>
</ul>",Muebles Exterior,,Conjunto sofá,"exterior, terraza, jardín, conjunto sofá, 3 plazas, hostelería",TRUE,Title,Default Title,557-0799,0,shopify,10,deny,manual,1880.17,2275.00,TRUE,TRUE,https://hevea.es/mpcrm/imgs/uploads/1739543115_haston%208.jpg,1,Set jardín 3 plazas · contemporáneo | sofá 3 plazas + 2 sillones + mesa 4,FALSE,Set jardín 3 plazas · contemporáneo | sofá 3 plazas + 2 sillones + mes,"El Set ofrece una composición amplia con sofá de 3 plazas, sillones y mesa de centro. Diseñado para aportar confort, resistencia y estilo en terrazas actuales.",active,1252.00
sillon-exterior-estilo-versatil-6470-cm,Sillón exterior · estilo versátil | 64×70 cm,"<p>El sillón combina diseño contemporáneo y comodidad en una pieza versátil para exteriores. Ideal como asiento independiente o complemento dentro de un conjunto moderno.</p>
<ul>
  <li>Resistente a <strong>rayos UV, lluvia y humedad</strong> — preparado para exterior durante todo el año</li>
  <li>Mantenimiento mínimo: no requiere tratamientos ni almacenamiento en invierno</li>
  <li>Apto para uso residencial y proyectos de <strong>hostelería y contract</strong> (hoteles, restaurantes, terrazas de establecimientos)</li>
  <li>Transporte sencillo y <strong>montaje sin herramientas especiales</strong></li>
</ul>
<p><strong>Dimensiones:</strong> Ancho: 64 cm &nbsp;|&nbsp; Fondo: 66 cm &nbsp;|&nbsp; Alto: 70 cm</p>",Muebles Exterior,,Sillón,"exterior, terraza, jardín, sillón, hostelería",TRUE,Title,Default Title,557-010146,0,shopify,10,deny,manual,400.83,485.00,TRUE,TRUE,https://hevea.es/mpcrm/imgs/uploads/Dise%C3%B1o%20sin%20t%C3%ADtulo%20(82).jpg,1,Sillón exterior · estilo versátil | 64×70 cm,FALSE,Sillón exterior · estilo versátil | 64×70 cm,El sillón combina diseño contemporáneo y comodidad en una pieza versátil para exteriores. Ideal como asiento independiente o complemento dentro de un conjunto moderno.,active,267.00
sofa-terraza-2-plazas-estilo-elegante-13170-cm,Sofá terraza 2 plazas · estilo elegante | 131×70 cm,"<p>El sofá de 2 plazas aporta equilibrio entre diseño y funcionalidad. Compacto y elegante, es perfecto para terrazas que buscan confort sin renunciar al estilo.</p>
<ul>
  <li>Resistente a <strong>rayos UV, lluvia y humedad</strong> — preparado para exterior durante todo el año</li>
  <li>Mantenimiento mínimo: no requiere tratamientos ni almacenamiento en invierno</li>
  <li>Apto para uso residencial y proyectos de <strong>hostelería y contract</strong> (hoteles, restaurantes, terrazas de establecimientos)</li>
  <li>Transporte sencillo y <strong>montaje sin herramientas especiales</strong></li>
</ul>
<p><strong>Dimensiones:</strong> Ancho: 131 cm &nbsp;|&nbsp; Fondo: 66 cm &nbsp;|&nbsp; Alto: 70 cm</p>",Muebles Exterior,,Sofá,"exterior, terraza, jardín, sofá, 2 plazas, hostelería",TRUE,Title,Default Title,557-010148,0,shopify,10,deny,manual,574.38,695.00,TRUE,TRUE,https://hevea.es/mpcrm/imgs/uploads/sofa%20acapulco%20(2).jpg,1,Sofá terraza 2 plazas · estilo elegante | 131×70 cm,FALSE,Sofá terraza 2 plazas · estilo elegante | 131×70 cm,"El sofá de 2 plazas aporta equilibrio entre diseño y funcionalidad. Compacto y elegante, es perfecto para terrazas que buscan confort sin renunciar al estilo.",active,383.00
sofa-terraza-3-plazas-estilo-moderno-18570-cm,Sofá terraza 3 plazas · estilo moderno | 185×70 cm,"<p>El sofá de 3 plazas ofrece amplitud y presencia visual en el espacio exterior. Su diseño moderno y asiento confortable lo convierten en el centro del conjunto.</p>
<ul>
  <li>Resistente a <strong>rayos UV, lluvia y humedad</strong> — preparado para exterior durante todo el año</li>
  <li>Mantenimiento mínimo: no requiere tratamientos ni almacenamiento en invierno</li>
  <li>Apto para uso residencial y proyectos de <strong>hostelería y contract</strong> (hoteles, restaurantes, terrazas de establecimientos)</li>
  <li>Transporte sencillo y <strong>montaje sin herramientas especiales</strong></li>
</ul>
<p><strong>Dimensiones:</strong> Ancho: 185 cm &nbsp;|&nbsp; Fondo: 66 cm &nbsp;|&nbsp; Alto: 70 cm</p>",Muebles Exterior,,Sofá,"exterior, terraza, jardín, sofá, 3 plazas, hostelería",TRUE,Title,Default Title,557-010147,0,shopify,10,deny,manual,785.12,950.00,TRUE,TRUE,https://hevea.es/mpcrm/imgs/uploads/sofa%20acapulco%20(1).jpg,1,Sofá terraza 3 plazas · estilo moderno | 185×70 cm,FALSE,Sofá terraza 3 plazas · estilo moderno | 185×70 cm,El sofá de 3 plazas ofrece amplitud y presencia visual en el espacio exterior. Su diseño moderno y asiento confortable lo convierten en el centro del conjunto.,active,523.00
mesa-de-centro-exterior-hpl-90-cm-altura-40-cm,Mesa de centro exterior HPL 90 cm · altura 40 cm,"<p>La mesa de centro 90 HPL combina resistencia y diseño minimalista. Su tablero HPL está preparado para soportar las condiciones exteriores manteniendo una estética impecable.</p>
<ul>
  <li>Tablero en <strong>HPL de alta presión</strong>: resiste humedad, rayos UV y uso intensivo — fácil de limpiar con agua y jabón</li>
  <li>Resistente a <strong>rayos UV, lluvia y humedad</strong> — preparado para exterior durante todo el año</li>
  <li>Mantenimiento mínimo: no requiere tratamientos ni almacenamiento en invierno</li>
  <li>Transporte sencillo y <strong>montaje sin herramientas especiales</strong></li>
</ul>
<p><strong>Dimensiones:</strong> Ancho: 90 cm &nbsp;|&nbsp; Fondo: 50 cm &nbsp;|&nbsp; Alto: 40 cm</p>",Muebles Exterior,,Mesa centro,"exterior, terraza, jardín, mesa centro, HPL",TRUE,Title,Default Title,557-010153,0,shopify,10,deny,manual,227.27,275.00,TRUE,TRUE,https://hevea.es/mpcrm/imgs/uploads/mesa%20acapulco%20estandar%20(2).jpg,1,Mesa de centro exterior HPL 90 cm · altura 40 cm,FALSE,Mesa de centro exterior HPL 90 cm · altura 40 cm,La mesa de centro 90 HPL combina resistencia y diseño minimalista. Su tablero HPL está preparado para soportar las condiciones exteriores manteniendo una estética impecable.,active,152.00
mesa-de-centro-exterior-hpl-120-cm-altura-40-cm-2,Mesa de centro exterior HPL 120 cm · altura 40 cm 2,"<p>La mesa de centro 120 HPL ofrece una superficie amplia y duradera ideal para conjuntos exteriores. Su diseño limpio y materiales resistentes garantizan funcionalidad y estilo.</p>
<ul>
  <li>Tablero en <strong>HPL de alta presión</strong>: resiste humedad, rayos UV y uso intensivo — fácil de limpiar con agua y jabón</li>
  <li>Resistente a <strong>rayos UV, lluvia y humedad</strong> — preparado para exterior durante todo el año</li>
  <li>Mantenimiento mínimo: no requiere tratamientos ni almacenamiento en invierno</li>
  <li>Transporte sencillo y <strong>montaje sin herramientas especiales</strong></li>
</ul>
<p><strong>Dimensiones:</strong> Ancho: 120 cm &nbsp;|&nbsp; Fondo: 60 cm &nbsp;|&nbsp; Alto: 40 cm</p>",Muebles Exterior,,Mesa centro,"exterior, terraza, jardín, mesa centro, HPL",TRUE,Title,Default Title,557-010154,0,shopify,10,deny,manual,301.65,365.00,TRUE,TRUE,https://hevea.es/mpcrm/imgs/uploads/mesa%20acapulco%20estandar%20(1).jpg,1,Mesa de centro exterior HPL 120 cm · altura 40 cm 2,FALSE,Mesa de centro exterior HPL 120 cm · altura 40 cm 2,La mesa de centro 120 HPL ofrece una superficie amplia y duradera ideal para conjuntos exteriores. Su diseño limpio y materiales resistentes garantizan funcionalidad y estilo.,active,201.00
set-jardin-2-plazas-moderno-sofa-2-plazas-2-sillones-mesa-4,Set jardín 2 plazas · moderno | sofá 2 plazas + 2 sillones + mesa 4,"<p>El Set incluye sofá de 2 plazas, sillones y mesa de centro en una composición equilibrada y moderna. Perfecto para crear terrazas acogedoras y funcionales.</p>
<ul>
  <li>Resistente a <strong>rayos UV, lluvia y humedad</strong> — preparado para exterior durante todo el año</li>
  <li>Mantenimiento mínimo: no requiere tratamientos ni almacenamiento en invierno</li>
  <li>Composición completa: <strong>sofá 2 plazas + 2 sillones + mesa de centro</strong> (todo incluido en el precio, listo para montar)</li>
  <li>Apto para uso residencial y proyectos de <strong>hostelería y contract</strong> (hoteles, restaurantes, terrazas de establecimientos)</li>
  <li>Transporte sencillo y <strong>montaje sin herramientas especiales</strong></li>
</ul>",Muebles Exterior,,Conjunto sofá,"exterior, terraza, jardín, conjunto sofá, 2 plazas, hostelería",TRUE,Title,Default Title,557-010149,0,shopify,10,deny,manual,1603.31,1940.00,TRUE,TRUE,https://hevea.es/mpcrm/imgs/uploads/1739543673_ACAPULCO%207.jpg,1,Set jardín 2 plazas · moderno | sofá 2 plazas + 2 sillones + mesa 4,FALSE,Set jardín 2 plazas · moderno | sofá 2 plazas + 2 sillones + mesa 4,"El Set incluye sofá de 2 plazas, sillones y mesa de centro en una composición equilibrada y moderna. Perfecto para crear terrazas acogedoras y funcionales.",active,1067.00
set-jardin-3-plazas-contemporaneo-sofa-3-plazas-2-sillones-mesa-5,Set jardín 3 plazas · contemporáneo | sofá 3 plazas + 2 sillones + mesa 5,"<p>El Set ofrece un conjunto amplio con sofá de 3 plazas, sillones y mesa de centro. Diseñado para disfrutar del exterior con comodidad y estilo.</p>
<ul>
  <li>Resistente a <strong>rayos UV, lluvia y humedad</strong> — preparado para exterior durante todo el año</li>
  <li>Mantenimiento mínimo: no requiere tratamientos ni almacenamiento en invierno</li>
  <li>Composición completa: <strong>sofá 3 plazas + 2 sillones + mesa de centro</strong> (todo incluido en el precio, listo para montar)</li>
  <li>Apto para uso residencial y proyectos de <strong>hostelería y contract</strong> (hoteles, restaurantes, terrazas de establecimientos)</li>
  <li>Transporte sencillo y <strong>montaje sin herramientas especiales</strong></li>
</ul>",Muebles Exterior,,Conjunto sofá,"exterior, terraza, jardín, conjunto sofá, 3 plazas, hostelería",TRUE,Title,Default Title,557-010147,0,shopify,10,deny,manual,1888.43,2285.00,TRUE,TRUE,https://hevea.es/mpcrm/imgs/uploads/1739543673_ACAPULCO%208.jpg,1,Set jardín 3 plazas · contemporáneo | sofá 3 plazas + 2 sillones + mesa 5,FALSE,Set jardín 3 plazas · contemporáneo | sofá 3 plazas + 2 sillones + mes,"El Set ofrece un conjunto amplio con sofá de 3 plazas, sillones y mesa de centro. Diseñado para disfrutar del exterior con comodidad y estilo.",active,1257.00
pergola-aluminio-para-jardin-300300250-cm,Pérgola aluminio para jardín · 300×300×250 cm,"<p>La Pérgola crea un espacio protegido y elegante en jardines y terrazas. Su estructura robusta y diseño moderno aportan sombra, confort y sofisticación al ambiente exterior.</p>
<ul>
  <li>Resistente a <strong>rayos UV, lluvia y humedad</strong> — preparado para exterior durante todo el año</li>
</ul>
<p><strong>Dimensiones:</strong> Diámetro: 300 cm &nbsp;|&nbsp; Fondo: 300 cm &nbsp;|&nbsp; Alto: 250 cm</p>",Muebles Exterior,,Pérgola,"exterior, terraza, jardín, pérgola",TRUE,Title,Default Title,557-0919,0,shopify,10,deny,manual,1396.69,1690.00,TRUE,TRUE,https://hevea.es/mpcrm/imgs/uploads/1739809400_P%C3%89RGOLA%20VENECIA%20-4X3%20BLANCO.jpg,1,Pérgola aluminio para jardín · 300×300×250 cm,FALSE,Pérgola aluminio para jardín · 300×300×250 cm,"La Pérgola crea un espacio protegido y elegante en jardines y terrazas. Su estructura robusta y diseño moderno aportan sombra, confort y sofisticación al ambiente exterior.",active,930.00
sillon-exterior-estilo-urbano-6670-cm,Sillón exterior · estilo urbano | 66×70 cm,"<p>El sillón destaca por su diseño urbano y contemporáneo. Ideal para terrazas modernas, combina comodidad y resistencia en una pieza elegante.</p>
<ul>
  <li>Resistente a <strong>rayos UV, lluvia y humedad</strong> — preparado para exterior durante todo el año</li>
  <li>Mantenimiento mínimo: no requiere tratamientos ni almacenamiento en invierno</li>
  <li>Apto para uso residencial y proyectos de <strong>hostelería y contract</strong> (hoteles, restaurantes, terrazas de establecimientos)</li>
  <li>Transporte sencillo y <strong>montaje sin herramientas especiales</strong></li>
</ul>
<p><strong>Dimensiones:</strong> Ancho: 66 cm &nbsp;|&nbsp; Fondo: 66 cm &nbsp;|&nbsp; Alto: 70 cm</p>",Muebles Exterior,,Sillón,"exterior, terraza, jardín, sillón, hostelería",TRUE,Title,Default Title,557-01951,0,shopify,10,deny,manual,318.18,385.00,TRUE,TRUE,https://hevea.es/mpcrm/imgs/uploads/manhatan%20(3).jpg,1,Sillón exterior · estilo urbano | 66×70 cm,FALSE,Sillón exterior · estilo urbano | 66×70 cm,"El sillón destaca por su diseño urbano y contemporáneo. Ideal para terrazas modernas, combina comodidad y resistencia en una pieza elegante.",active,212.00
sofa-terraza-2-plazas-estilo-contemporaneo-13370-cm,Sofá terraza 2 plazas · estilo contemporáneo | 133×70 cm,"<p>El sofá de 2 plazas ofrece equilibrio entre estilo y funcionalidad. Compacto y confortable, es perfecto para crear espacios exteriores actuales.</p>
<ul>
  <li>Resistente a <strong>rayos UV, lluvia y humedad</strong> — preparado para exterior durante todo el año</li>
  <li>Mantenimiento mínimo: no requiere tratamientos ni almacenamiento en invierno</li>
  <li>Apto para uso residencial y proyectos de <strong>hostelería y contract</strong> (hoteles, restaurantes, terrazas de establecimientos)</li>
  <li>Transporte sencillo y <strong>montaje sin herramientas especiales</strong></li>
</ul>
<p><strong>Dimensiones:</strong> Ancho: 133 cm &nbsp;|&nbsp; Fondo: 66 cm &nbsp;|&nbsp; Alto: 70 cm</p>",Muebles Exterior,,Sofá,"exterior, terraza, jardín, sofá, 2 plazas, hostelería",TRUE,Title,Default Title,557-01952,0,shopify,10,deny,manual,487.60,590.00,TRUE,TRUE,https://hevea.es/mpcrm/imgs/uploads/manhatan%20(1).jpg,1,Sofá terraza 2 plazas · estilo contemporáneo | 133×70 cm,FALSE,Sofá terraza 2 plazas · estilo contemporáneo | 133×70 cm,"El sofá de 2 plazas ofrece equilibrio entre estilo y funcionalidad. Compacto y confortable, es perfecto para crear espacios exteriores actuales.",active,325.00
sofa-terraza-3-plazas-estilo-moderno-18770-cm,Sofá terraza 3 plazas · estilo moderno | 187×70 cm,"<p>El sofá de 3 plazas aporta amplitud y carácter al salón exterior. Su diseño moderno y cojines confortables invitan al descanso y la convivencia.</p>
<ul>
  <li>Cojines con <strong>tapizado técnico para exterior</strong>, resistentes a la intemperie</li>
  <li>Resistente a <strong>rayos UV, lluvia y humedad</strong> — preparado para exterior durante todo el año</li>
  <li>Mantenimiento mínimo: no requiere tratamientos ni almacenamiento en invierno</li>
  <li>Apto para uso residencial y proyectos de <strong>hostelería y contract</strong> (hoteles, restaurantes, terrazas de establecimientos)</li>
  <li>Transporte sencillo y <strong>montaje sin herramientas especiales</strong></li>
</ul>
<p><strong>Dimensiones:</strong> Ancho: 187 cm &nbsp;|&nbsp; Fondo: 66 cm &nbsp;|&nbsp; Alto: 70 cm</p>",Muebles Exterior,,Sofá,"exterior, terraza, jardín, sofá, 3 plazas, hostelería",TRUE,Title,Default Title,557-01953,0,shopify,10,deny,manual,702.48,850.00,TRUE,TRUE,https://hevea.es/mpcrm/imgs/uploads/manhatan%20(2).jpg,1,Sofá terraza 3 plazas · estilo moderno | 187×70 cm,FALSE,Sofá terraza 3 plazas · estilo moderno | 187×70 cm,El sofá de 3 plazas aporta amplitud y carácter al salón exterior. Su diseño moderno y cojines confortables invitan al descanso y la convivencia.,active,468.00
set-jardin-2-plazas-contemporaneo-sofa-2-plazas-2-sillones-mesa-3,Set jardín 2 plazas · contemporáneo | sofá 2 plazas + 2 sillones + mesa 3,"<p>El Set incluye sofá de 2 plazas, sillones y mesa de centro, formando un conjunto equilibrado ideal para terrazas contemporáneas.</p>
<ul>
  <li>Resistente a <strong>rayos UV, lluvia y humedad</strong> — preparado para exterior durante todo el año</li>
  <li>Mantenimiento mínimo: no requiere tratamientos ni almacenamiento en invierno</li>
  <li>Composición completa: <strong>sofá 2 plazas + 2 sillones + mesa de centro</strong> (todo incluido en el precio, listo para montar)</li>
  <li>Apto para uso residencial y proyectos de <strong>hostelería y contract</strong> (hoteles, restaurantes, terrazas de establecimientos)</li>
  <li>Transporte sencillo y <strong>montaje sin herramientas especiales</strong></li>
</ul>",Muebles Exterior,,Conjunto sofá,"exterior, terraza, jardín, conjunto sofá, 2 plazas, hostelería",TRUE,Title,Default Title,557-01954,0,shopify,10,deny,manual,1359.50,1645.00,TRUE,TRUE,https://hevea.es/mpcrm/imgs/uploads/1739544586_MANHATAN-07.jpg,1,Set jardín 2 plazas · contemporáneo | sofá 2 plazas + 2 sillones + mesa 3,FALSE,Set jardín 2 plazas · contemporáneo | sofá 2 plazas + 2 sillones + mes,"El Set incluye sofá de 2 plazas, sillones y mesa de centro, formando un conjunto equilibrado ideal para terrazas contemporáneas.",active,905.00
set-jardin-3-plazas-urbano-sofa-3-plazas-2-sillones-mesa,Set jardín 3 plazas · urbano | sofá 3 plazas + 2 sillones + mesa,"<p>El Set ofrece una solución amplia con sofá de 3 plazas, sillones y mesa de centro. Diseñado para aportar estilo urbano y confort en exterior.</p>
<ul>
  <li>Resistente a <strong>rayos UV, lluvia y humedad</strong> — preparado para exterior durante todo el año</li>
  <li>Mantenimiento mínimo: no requiere tratamientos ni almacenamiento en invierno</li>
  <li>Composición completa: <strong>sofá 3 plazas + 2 sillones + mesa de centro</strong> (todo incluido en el precio, listo para montar)</li>
  <li>Apto para uso residencial y proyectos de <strong>hostelería y contract</strong> (hoteles, restaurantes, terrazas de establecimientos)</li>
  <li>Transporte sencillo y <strong>montaje sin herramientas especiales</strong></li>
</ul>",Muebles Exterior,,Conjunto sofá,"exterior, terraza, jardín, conjunto sofá, 3 plazas, hostelería",TRUE,Title,Default Title,557-01955,0,shopify,10,deny,manual,1640.50,1985.00,TRUE,TRUE,https://hevea.es/mpcrm/imgs/uploads/1739544586_MANHATAN_8.jpg,1,Set jardín 3 plazas · urbano | sofá 3 plazas + 2 sillones + mesa,FALSE,Set jardín 3 plazas · urbano | sofá 3 plazas + 2 sillones + mesa,"El Set ofrece una solución amplia con sofá de 3 plazas, sillones y mesa de centro. Diseñado para aportar estilo urbano y confort en exterior.",active,1092.00
set-rinconera-exterior-hpl-sofisticado-sofa-de-esquina-mesa-de-centro,Set rinconera exterior HPL · sofisticado | sofá de esquina + mesa de centro,"<p>El Set HPL es una rinconera moderna con tablero HPL resistente. Perfecta para optimizar el espacio exterior y crear un ambiente amplio, cómodo y sofisticado.</p>
<ul>
  <li>Tablero en <strong>HPL de alta presión</strong>: resiste humedad, rayos UV y uso intensivo — fácil de limpiar con agua y jabón</li>
  <li>Resistente a <strong>rayos UV, lluvia y humedad</strong> — preparado para exterior durante todo el año</li>
  <li>Mantenimiento mínimo: no requiere tratamientos ni almacenamiento en invierno</li>
  <li>Composición: <strong>módulos de rinconera + mesa de centro</strong> — aprovecha al máximo esquinas y terrazas grandes</li>
  <li>Apto para uso residencial y proyectos de <strong>hostelería y contract</strong> (hoteles, restaurantes, terrazas de establecimientos)</li>
  <li>Transporte sencillo y <strong>montaje sin herramientas especiales</strong></li>
</ul>",Muebles Exterior,,Conjunto rinconera,"exterior, terraza, jardín, conjunto rinconera, HPL, hostelería",TRUE,Title,Default Title,557-010705,0,shopify,10,deny,manual,1979.34,2395.00,TRUE,TRUE,https://hevea.es/mpcrm/imgs/uploads/1739795165_loira%20rinconera%207.jpg,1,Set rinconera exterior HPL · sofisticado | sofá de esquina + mesa de centro,FALSE,Set rinconera exterior HPL · sofisticado | sofá de esquina + mesa de c,"El Set HPL es una rinconera moderna con tablero HPL resistente. Perfecta para optimizar el espacio exterior y crear un ambiente amplio, cómodo y sofisticado.",active,1318.00
set-rinconera-exterior-hpl-elegante-sofa-de-esquina-mesa-de-centro,Set rinconera exterior HPL · elegante | sofá de esquina + mesa de centro,"<p>El Set HPL ofrece una composición de esquina amplia y elegante. Su diseño contemporáneo y materiales resistentes garantizan durabilidad y confort en exteriores.</p>
<ul>
  <li>Tablero en <strong>HPL de alta presión</strong>: resiste humedad, rayos UV y uso intensivo — fácil de limpiar con agua y jabón</li>
  <li>Resistente a <strong>rayos UV, lluvia y humedad</strong> — preparado para exterior durante todo el año</li>
  <li>Mantenimiento mínimo: no requiere tratamientos ni almacenamiento en invierno</li>
  <li>Composición: <strong>módulos de rinconera + mesa de centro</strong> — aprovecha al máximo esquinas y terrazas grandes</li>
  <li>Apto para uso residencial y proyectos de <strong>hostelería y contract</strong> (hoteles, restaurantes, terrazas de establecimientos)</li>
  <li>Transporte sencillo y <strong>montaje sin herramientas especiales</strong></li>
</ul>",Muebles Exterior,,Conjunto rinconera,"exterior, terraza, jardín, conjunto rinconera, HPL, hostelería",TRUE,Title,Default Title,557-010026,0,shopify,10,deny,manual,2590.91,3135.00,TRUE,TRUE,https://hevea.es/mpcrm/imgs/uploads/1739795165_rinconera%20loira%208.jpg,1,Set rinconera exterior HPL · elegante | sofá de esquina + mesa de centro,FALSE,Set rinconera exterior HPL · elegante | sofá de esquina + mesa de cent,El Set HPL ofrece una composición de esquina amplia y elegante. Su diseño contemporáneo y materiales resistentes garantizan durabilidad y confort en exteriores.,active,1725.00
set-rinconera-exterior-hpl-moderno-sofa-de-esquina-mesa-de-centro,Set rinconera exterior HPL · moderno | sofá de esquina + mesa de centro,"<p>El Set HPL destaca por su gran formato y estilo moderno. Ideal para terrazas espaciosas, combina amplitud, funcionalidad y resistencia.</p>
<ul>
  <li>Tablero en <strong>HPL de alta presión</strong>: resiste humedad, rayos UV y uso intensivo — fácil de limpiar con agua y jabón</li>
  <li>Resistente a <strong>rayos UV, lluvia y humedad</strong> — preparado para exterior durante todo el año</li>
  <li>Mantenimiento mínimo: no requiere tratamientos ni almacenamiento en invierno</li>
  <li>Composición: <strong>módulos de rinconera + mesa de centro</strong> — aprovecha al máximo esquinas y terrazas grandes</li>
  <li>Apto para uso residencial y proyectos de <strong>hostelería y contract</strong> (hoteles, restaurantes, terrazas de establecimientos)</li>
  <li>Transporte sencillo y <strong>montaje sin herramientas especiales</strong></li>
</ul>",Muebles Exterior,,Conjunto rinconera,"exterior, terraza, jardín, conjunto rinconera, HPL, hostelería",TRUE,Title,Default Title,557-010123,0,shopify,10,deny,manual,2884.30,3490.00,TRUE,TRUE,https://hevea.es/mpcrm/imgs/uploads/1739805444_loira%2030.jpg,1,Set rinconera exterior HPL · moderno | sofá de esquina + mesa de centro,FALSE,Set rinconera exterior HPL · moderno | sofá de esquina + mesa de centr,"El Set HPL destaca por su gran formato y estilo moderno. Ideal para terrazas espaciosas, combina amplitud, funcionalidad y resistencia.",active,1920.00
set-rinconera-exterior-contemporaneo-sofa-de-esquina-mesa-de-centro,Set rinconera exterior · contemporáneo | sofá de esquina + mesa de centro,"<p>El Set es una rinconera diseñada para crear un salón exterior amplio y acogedor. Su estructura resistente y diseño contemporáneo ofrecen comodidad y elegancia en jardines y terrazas.</p>
<ul>
  <li>Resistente a <strong>rayos UV, lluvia y humedad</strong> — preparado para exterior durante todo el año</li>
  <li>Mantenimiento mínimo: no requiere tratamientos ni almacenamiento en invierno</li>
  <li>Composición: <strong>módulos de rinconera + mesa de centro</strong> — aprovecha al máximo esquinas y terrazas grandes</li>
  <li>Apto para uso residencial y proyectos de <strong>hostelería y contract</strong> (hoteles, restaurantes, terrazas de establecimientos)</li>
  <li>Transporte sencillo y <strong>montaje sin herramientas especiales</strong></li>
</ul>",Muebles Exterior,,Conjunto rinconera,"exterior, terraza, jardín, conjunto rinconera, hostelería",TRUE,Title,Default Title,557-1164,0,shopify,10,deny,manual,1760.33,2130.00,TRUE,TRUE,https://hevea.es/mpcrm/imgs/uploads/1739805512_adel%207.jpg,1,Set rinconera exterior · contemporáneo | sofá de esquina + mesa de centro,FALSE,Set rinconera exterior · contemporáneo | sofá de esquina + mesa de cen,El Set es una rinconera diseñada para crear un salón exterior amplio y acogedor. Su estructura resistente y diseño contemporáneo ofrecen comodidad y elegancia en jardines y terrazas.,active,1172.00
set-rinconera-exterior-sofisticado-sofa-de-esquina-mesa-de-centro,Set rinconera exterior · sofisticado | sofá de esquina + mesa de centro,"<p>El Set es una rinconera de gran formato diseñada para crear un auténtico salón exterior amplio y sofisticado. Su distribución en esquina optimiza el espacio y favorece la conversación, convirtiéndose en el punto central de terrazas y jardines. Su estructura resistente y cojines confortables garantizan durabilidad y una experiencia de descanso superior al aire libre.</p>
<ul>
  <li>Cojines con <strong>tapizado técnico para exterior</strong>, resistentes a la intemperie</li>
  <li>Resistente a <strong>rayos UV, lluvia y humedad</strong> — preparado para exterior durante todo el año</li>
  <li>Mantenimiento mínimo: no requiere tratamientos ni almacenamiento en invierno</li>
  <li>Composición: <strong>módulos de rinconera + mesa de centro</strong> — aprovecha al máximo esquinas y terrazas grandes</li>
  <li>Apto para uso residencial y proyectos de <strong>hostelería y contract</strong> (hoteles, restaurantes, terrazas de establecimientos)</li>
  <li>Transporte sencillo y <strong>montaje sin herramientas especiales</strong></li>
</ul>",Muebles Exterior,,Conjunto rinconera,"exterior, terraza, jardín, conjunto rinconera, hostelería",TRUE,Title,Default Title,557-010048,0,shopify,10,deny,manual,2607.44,3155.00,TRUE,TRUE,https://hevea.es/mpcrm/imgs/uploads/1739806050_adel%2030.jpg,1,Set rinconera exterior · sofisticado | sofá de esquina + mesa de centro,FALSE,Set rinconera exterior · sofisticado | sofá de esquina + mesa de centr,"El Set es una rinconera de gran formato diseñada para crear un auténtico salón exterior amplio y sofisticado. Su distribución en esquina optimiza el espacio y favorece la conversación, convirtiéndose en el punto central de terrazas y jardines. Su estructura resistente y cojines confortables garantizan durabilidad y una",active,1736.00
mesa-comedor-exterior-hpl-13590-cm,Mesa comedor exterior HPL 135×90 cm,"<p>La mesa comedor x90 HPL combina diseño moderno y alta resistencia para exteriores. Su tablero HPL ofrece gran durabilidad frente a la intemperie y fácil mantenimiento, mientras que su formato rectangular es ideal para reuniones cómodas en terrazas y jardines.</p>
<ul>
  <li>Tablero en <strong>HPL de alta presión</strong>: resiste humedad, rayos UV y uso intensivo — fácil de limpiar con agua y jabón</li>
  <li>Resistente a <strong>rayos UV, lluvia y humedad</strong> — preparado para exterior durante todo el año</li>
  <li>Mantenimiento mínimo: no requiere tratamientos ni almacenamiento en invierno</li>
  <li>Transporte sencillo y <strong>montaje sin herramientas especiales</strong></li>
</ul>
<p><strong>Dimensiones:</strong> Ancho: 135 cm &nbsp;|&nbsp; Fondo: 90 cm &nbsp;|&nbsp; Alto: 90 cm</p>",Muebles Exterior,,Mesa comedor,"exterior, terraza, jardín, mesa comedor, HPL",TRUE,Title,Default Title,557-010177,0,shopify,10,deny,manual,450.41,545.00,TRUE,TRUE,https://hevea.es/mpcrm/imgs/uploads/mesa%20corcega.png,1,Mesa comedor exterior HPL 135×90 cm,FALSE,Mesa comedor exterior HPL 135×90 cm,"La mesa comedor x90 HPL combina diseño moderno y alta resistencia para exteriores. Su tablero HPL ofrece gran durabilidad frente a la intemperie y fácil mantenimiento, mientras que su formato rectangular es ideal para reuniones cómodas en terrazas y jardines.",active,300.00
mesa-comedor-exterior-hpl-16090-cm,Mesa comedor exterior HPL 160×90 cm,"<p>La mesa x90 HPL amplía el espacio de comedor exterior con una superficie generosa y resistente. Su tablero HPL garantiza durabilidad y estabilidad, perfecta para disfrutar de comidas al aire libre con familia y amigos.</p>
<ul>
  <li>Tablero en <strong>HPL de alta presión</strong>: resiste humedad, rayos UV y uso intensivo — fácil de limpiar con agua y jabón</li>
  <li>Resistente a <strong>rayos UV, lluvia y humedad</strong> — preparado para exterior durante todo el año</li>
  <li>Mantenimiento mínimo: no requiere tratamientos ni almacenamiento en invierno</li>
  <li>Transporte sencillo y <strong>montaje sin herramientas especiales</strong></li>
</ul>
<p><strong>Dimensiones:</strong> Ancho: 160 cm &nbsp;|&nbsp; Fondo: 90 cm &nbsp;|&nbsp; Alto: 90 cm</p>",Muebles Exterior,,Mesa comedor,"exterior, terraza, jardín, mesa comedor, HPL",TRUE,Title,Default Title,123-0017,0,shopify,10,deny,manual,491.74,595.00,TRUE,TRUE,https://hevea.es/mpcrm/imgs/uploads/corcega%20set.jpeg,1,Mesa comedor exterior HPL 160×90 cm,FALSE,Mesa comedor exterior HPL 160×90 cm,"La mesa x90 HPL amplía el espacio de comedor exterior con una superficie generosa y resistente. Su tablero HPL garantiza durabilidad y estabilidad, perfecta para disfrutar de comidas al aire libre con familia y amigos.",active,328.00
silla-exterior-estilo-estilizado,Silla exterior · estilo estilizado,"<p>La silla destaca por su diseño contemporáneo y estructura resistente para uso exterior. Cómoda y estilizada, es ideal para completar conjuntos de comedor aportando equilibrio entre funcionalidad y estética moderna.</p>
<ul>
  <li>Resistente a <strong>rayos UV, lluvia y humedad</strong> — preparado para exterior durante todo el año</li>
  <li>Mantenimiento mínimo: no requiere tratamientos ni almacenamiento en invierno</li>
  <li>Transporte sencillo y <strong>montaje sin herramientas especiales</strong></li>
</ul>
<p><strong>Dimensiones:</strong> Ancho: 55 cm &nbsp;|&nbsp; Fondo: 50 cm &nbsp;|&nbsp; Alto: 107 cm</p>",Muebles Exterior,,Silla,"exterior, terraza, jardín, silla",TRUE,Title,Default Title,123-0002,0,shopify,10,deny,manual,136.36,165.00,TRUE,TRUE,https://hevea.es/mpcrm/imgs/uploads/1740126347_sillon-janeiro-3-antracita-ALTA.png,1,Silla exterior · estilo estilizado,FALSE,Silla exterior · estilo estilizado,"La silla destaca por su diseño contemporáneo y estructura resistente para uso exterior. Cómoda y estilizada, es ideal para completar conjuntos de comedor aportando equilibrio entre funcionalidad y estética moderna.",active,91.00
silla-exterior-estilo-contemporaneo,Silla exterior · estilo contemporáneo,"<p>La silla combina líneas limpias y resistencia estructural. Diseñada para exteriores, ofrece una sentada cómoda y estable, perfecta para acompañar mesas de comedor en terrazas actuales.</p>
<ul>
  <li>Resistente a <strong>rayos UV, lluvia y humedad</strong> — preparado para exterior durante todo el año</li>
  <li>Mantenimiento mínimo: no requiere tratamientos ni almacenamiento en invierno</li>
  <li>Transporte sencillo y <strong>montaje sin herramientas especiales</strong></li>
</ul>
<p><strong>Dimensiones:</strong> Ancho: 55 cm &nbsp;|&nbsp; Fondo: 50 cm &nbsp;|&nbsp; Alto: 90 cm</p>",Muebles Exterior,,Silla,"exterior, terraza, jardín, silla",TRUE,Title,Default Title,123-0001,0,shopify,10,deny,manual,119.83,145.00,TRUE,TRUE,https://hevea.es/mpcrm/imgs/uploads/1740126338_sillon-corcega-3-antracita_ALTA_SF.png,1,Silla exterior · estilo contemporáneo,FALSE,Silla exterior · estilo contemporáneo,"La silla combina líneas limpias y resistencia estructural. Diseñada para exteriores, ofrece una sentada cómoda y estable, perfecta para acompañar mesas de comedor en terrazas actuales.",active,80.00
mesa-comedor-exterior-hpl-10090-cm,Mesa comedor exterior HPL 100×90 cm,"<p>La mesa Ø100 HPL aporta un diseño redondo y acogedor al comedor exterior. Su tablero HPL resistente y su estructura sólida garantizan durabilidad, siendo ideal para espacios más compactos sin renunciar al estilo.</p>
<ul>
  <li>Tablero en <strong>HPL de alta presión</strong>: resiste humedad, rayos UV y uso intensivo — fácil de limpiar con agua y jabón</li>
  <li>Resistente a <strong>rayos UV, lluvia y humedad</strong> — preparado para exterior durante todo el año</li>
  <li>Mantenimiento mínimo: no requiere tratamientos ni almacenamiento en invierno</li>
  <li>Transporte sencillo y <strong>montaje sin herramientas especiales</strong></li>
</ul>
<p><strong>Dimensiones:</strong> Ancho: 100 cm &nbsp;|&nbsp; Fondo: 90 cm &nbsp;|&nbsp; Alto: 76 cm</p>",Muebles Exterior,,Mesa comedor,"exterior, terraza, jardín, mesa comedor, HPL",TRUE,Title,Default Title,123-0013,0,shopify,10,deny,manual,396.69,480.00,TRUE,TRUE,https://hevea.es/mpcrm/imgs/uploads/1739982011_mundra%20100.jpg,1,Mesa comedor exterior HPL 100×90 cm,FALSE,Mesa comedor exterior HPL 100×90 cm,"La mesa Ø100 HPL aporta un diseño redondo y acogedor al comedor exterior. Su tablero HPL resistente y su estructura sólida garantizan durabilidad, siendo ideal para espacios más compactos sin renunciar al estilo.",active,264.00
mesa-comedor-exterior-hpl-15090-cm,Mesa comedor exterior HPL 150×90 cm,"<p>La mesa HPL ofrece una superficie amplia y resistente para comedores exteriores. Su diseño moderno y materiales preparados para exterior la convierten en una opción práctica y elegante.</p>
<ul>
  <li>Tablero en <strong>HPL de alta presión</strong>: resiste humedad, rayos UV y uso intensivo — fácil de limpiar con agua y jabón</li>
  <li>Resistente a <strong>rayos UV, lluvia y humedad</strong> — preparado para exterior durante todo el año</li>
  <li>Mantenimiento mínimo: no requiere tratamientos ni almacenamiento en invierno</li>
  <li>Transporte sencillo y <strong>montaje sin herramientas especiales</strong></li>
</ul>
<p><strong>Dimensiones:</strong> Ancho: 150 cm &nbsp;|&nbsp; Fondo: 90 cm &nbsp;|&nbsp; Alto: 76 cm</p>",Muebles Exterior,,Mesa comedor,"exterior, terraza, jardín, mesa comedor, HPL",TRUE,Title,Default Title,557-011019,0,shopify,10,deny,manual,454.55,550.00,TRUE,TRUE,https://hevea.es/mpcrm/imgs/uploads/1739982968_mundra%20hpl%20150.jpg,1,Mesa comedor exterior HPL 150×90 cm,FALSE,Mesa comedor exterior HPL 150×90 cm,La mesa HPL ofrece una superficie amplia y resistente para comedores exteriores. Su diseño moderno y materiales preparados para exterior la convierten en una opción práctica y elegante.,active,303.00
sillon-exterior-estilo-versatil-58100-cm,Sillón exterior · estilo versátil | 58×100 cm,"<p>El sillón combina comodidad y diseño contemporáneo en una pieza versátil para exterior. Su estructura resistente y asiento confortable lo convierten en el complemento perfecto para zonas de comedor o relax.</p>
<ul>
  <li>Resistente a <strong>rayos UV, lluvia y humedad</strong> — preparado para exterior durante todo el año</li>
  <li>Mantenimiento mínimo: no requiere tratamientos ni almacenamiento en invierno</li>
  <li>Apto para uso residencial y proyectos de <strong>hostelería y contract</strong> (hoteles, restaurantes, terrazas de establecimientos)</li>
  <li>Transporte sencillo y <strong>montaje sin herramientas especiales</strong></li>
</ul>
<p><strong>Dimensiones:</strong> Ancho: 58 cm &nbsp;|&nbsp; Fondo: 57 cm &nbsp;|&nbsp; Alto: 100 cm</p>",Muebles Exterior,,Sillón,"exterior, terraza, jardín, sillón, hostelería",TRUE,Title,Default Title,123-0011,0,shopify,10,deny,manual,78.51,95.00,TRUE,TRUE,https://hevea.es/mpcrm/imgs/uploads/sillon%20avalon.png,1,Sillón exterior · estilo versátil | 58×100 cm,FALSE,Sillón exterior · estilo versátil | 58×100 cm,El sillón combina comodidad y diseño contemporáneo en una pieza versátil para exterior. Su estructura resistente y asiento confortable lo convierten en el complemento perfecto para zonas de comedor o relax.,active,53.00
tumbona-de-exterior,Tumbona de exterior,"<p>La tumbona está diseñada para ofrecer máximo confort bajo el sol. Su estructura resistente y diseño ergonómico permiten disfrutar de largas jornadas de descanso en jardines y zonas de piscina.</p>
<ul>
  <li>Resistente a <strong>rayos UV, lluvia y humedad</strong> — preparado para exterior durante todo el año</li>
  <li>Mantenimiento mínimo: no requiere tratamientos ni almacenamiento en invierno</li>
  <li>Transporte sencillo y <strong>montaje sin herramientas especiales</strong></li>
</ul>
<p><strong>Dimensiones:</strong> Ancho: 53 cm &nbsp;|&nbsp; Fondo: 136 cm &nbsp;|&nbsp; Alto: 105 cm</p>",Muebles Exterior,,Tumbona,"exterior, terraza, jardín, tumbona",TRUE,Title,Default Title,123-0038,0,shopify,10,deny,manual,132.23,160.00,TRUE,TRUE,https://hevea.es/mpcrm/imgs/uploads/tumbona%20brescia.jpg,1,Tumbona de exterior,FALSE,Tumbona de exterior,La tumbona está diseñada para ofrecer máximo confort bajo el sol. Su estructura resistente y diseño ergonómico permiten disfrutar de largas jornadas de descanso en jardines y zonas de piscina.,active,88.00
parasol-para-terraza-300-cm,Parasol para terraza Ø300 cm,"<p>El parasol proporciona amplia sombra y protección solar en terrazas y jardines. Su diseño elegante y estructura sólida lo convierten en un complemento funcional y decorativo.</p>
<ul>
  <li>Resistente a <strong>rayos UV, lluvia y humedad</strong> — preparado para exterior durante todo el año</li>
  <li>Transporte sencillo y <strong>montaje sin herramientas especiales</strong></li>
</ul>
<p><strong>Dimensiones:</strong> Diámetro: 300 cm</p>",Muebles Exterior,,Parasol,"exterior, terraza, jardín, parasol",TRUE,Title,Default Title,928-0016,0,shopify,10,deny,manual,247.93,300.00,TRUE,TRUE,https://hevea.es/mpcrm/imgs/uploads/1739790589_VIENA%20300.jpg,1,Parasol para terraza Ø300 cm,FALSE,Parasol para terraza Ø300 cm,El parasol proporciona amplia sombra y protección solar en terrazas y jardines. Su diseño elegante y estructura sólida lo convierten en un complemento funcional y decorativo.,active,165.00
parasol-para-terraza-350-cm,Parasol para terraza Ø350 cm,"<p>El parasol Ø350 ofrece gran cobertura gracias a su amplio diámetro. Ideal para proteger zonas de comedor o descanso, combina resistencia y diseño moderno.</p>
<ul>
  <li>Resistente a <strong>rayos UV, lluvia y humedad</strong> — preparado para exterior durante todo el año</li>
  <li>Transporte sencillo y <strong>montaje sin herramientas especiales</strong></li>
</ul>
<p><strong>Dimensiones:</strong> Diámetro: 350 cm</p>",Muebles Exterior,,Parasol,"exterior, terraza, jardín, parasol",TRUE,Title,Default Title,557-1682,0,shopify,10,deny,manual,735.54,890.00,TRUE,TRUE,https://hevea.es/mpcrm/imgs/uploads/1739789862_samson%20350.jpg,1,Parasol para terraza Ø350 cm,FALSE,Parasol para terraza Ø350 cm,"El parasol Ø350 ofrece gran cobertura gracias a su amplio diámetro. Ideal para proteger zonas de comedor o descanso, combina resistencia y diseño moderno.",active,490.00
parasol-para-terraza-300-cm-2,Parasol para terraza Ø300 cm 2,"<p>El parasol aporta color y funcionalidad al espacio exterior. Diseñado para proporcionar sombra efectiva, es perfecto para terrazas dinámicas y modernas.</p>
<ul>
  <li>Resistente a <strong>rayos UV, lluvia y humedad</strong> — preparado para exterior durante todo el año</li>
  <li>Transporte sencillo y <strong>montaje sin herramientas especiales</strong></li>
</ul>
<p><strong>Dimensiones:</strong> Diámetro: 300 cm</p>",Muebles Exterior,,Parasol,"exterior, terraza, jardín, parasol",TRUE,Title,Default Title,928-0010,0,shopify,10,deny,manual,111.57,135.00,TRUE,TRUE,https://hevea.es/mpcrm/imgs/uploads/1739790899_CARACAS%20250%20-%20300%20NARANJA.jpg,1,Parasol para terraza Ø300 cm 2,FALSE,Parasol para terraza Ø300 cm 2,"El parasol aporta color y funcionalidad al espacio exterior. Diseñado para proporcionar sombra efectiva, es perfecto para terrazas dinámicas y modernas.",active,75.00
base-de-parasol-25-kg,Base de parasol 25 kg,"<p>La base de parasol 25kg garantiza estabilidad y seguridad para sombrillas de exterior. Compacta y resistente, es el complemento esencial para asegurar el parasol en todo momento.</p>",Muebles Exterior,,Accesorios,"exterior, terraza, jardín, accesorios",TRUE,Title,Default Title,921-0026,0,shopify,10,deny,manual,53.72,65.00,TRUE,TRUE,https://hevea.es/mpcrm/imgs/uploads/1739791182_base%2025-40.png,1,Base de parasol 25 kg,FALSE,Base de parasol 25 kg,"La base de parasol 25kg garantiza estabilidad y seguridad para sombrillas de exterior. Compacta y resistente, es el complemento esencial para asegurar el parasol en todo momento.",active,36.00
set-losas-cemento-para-base-de-parasol,Set losas cemento para base de parasol,"<p>El juego de 4 losas de cemento proporciona el peso necesario para bases de parasol de gran formato. Diseñadas para máxima estabilidad, aseguran firmeza incluso en condiciones exteriores exigentes.</p>",Muebles Exterior,,Accesorios,"exterior, terraza, jardín, accesorios",TRUE,Title,Default Title,921-0009,0,shopify,10,deny,manual,148.76,180.00,TRUE,TRUE,https://hevea.es/mpcrm/imgs/uploads/1739790529_granite%20SAMSON-02.jpg,1,Set losas cemento para base de parasol,FALSE,Set losas cemento para base de parasol,"El juego de 4 losas de cemento proporciona el peso necesario para bases de parasol de gran formato. Diseñadas para máxima estabilidad, aseguran firmeza incluso en condiciones exteriores exigentes.",active,99.00
balancin-jardin-exterior-148194-cm,Balancín jardín exterior · 148×194 cm,"<p>El balancín ofrece una experiencia de relax única en jardines y terrazas. Su diseño cómodo y estructura resistente lo convierten en el lugar perfecto para desconectar al aire libre.</p>
<ul>
  <li>Resistente a <strong>rayos UV, lluvia y humedad</strong> — preparado para exterior durante todo el año</li>
  <li>Mantenimiento mínimo: no requiere tratamientos ni almacenamiento en invierno</li>
  <li>Transporte sencillo y <strong>montaje sin herramientas especiales</strong></li>
</ul>
<p><strong>Dimensiones:</strong> Ancho: 148 cm &nbsp;|&nbsp; Fondo: 194 cm &nbsp;|&nbsp; Alto: 207 cm</p>",Muebles Exterior,,Balancín,"exterior, terraza, jardín, balancín",TRUE,Title,Default Title,557-010143,0,shopify,10,deny,manual,1231.40,1490.00,TRUE,TRUE,https://hevea.es/mpcrm/imgs/uploads/1739806848_sidney.jpg,1,Balancín jardín exterior · 148×194 cm,FALSE,Balancín jardín exterior · 148×194 cm,El balancín ofrece una experiencia de relax única en jardines y terrazas. Su diseño cómodo y estructura resistente lo convierten en el lugar perfecto para desconectar al aire libre.,active,820.00
banco-jardin-con-mesa-integrada-220-cm,Banco jardín con mesa integrada · 220 cm,"<p>El banco con mesa integrada es una solución práctica y funcional para exteriores. Ideal para zonas de picnic o jardines familiares, combina comodidad y utilidad en una sola pieza.</p>
<ul>
  <li>Resistente a <strong>rayos UV, lluvia y humedad</strong> — preparado para exterior durante todo el año</li>
  <li>Mantenimiento mínimo: no requiere tratamientos ni almacenamiento en invierno</li>
  <li>Transporte sencillo y <strong>montaje sin herramientas especiales</strong></li>
</ul>
<p><strong>Dimensiones:</strong> Diámetro: 220 cm &nbsp;|&nbsp; Fondo: 150 cm &nbsp;|&nbsp; Alto: 75 cm</p>",Muebles Exterior,,Banco con mesa,"exterior, terraza, jardín, banco con mesa",TRUE,Title,Default Title,557-010947,0,shopify,10,deny,manual,1979.34,2395.00,TRUE,TRUE,https://hevea.es/mpcrm/imgs/uploads/yulien%20banco%20picnic.png,1,Banco jardín con mesa integrada · 220 cm,FALSE,Banco jardín con mesa integrada · 220 cm,"El banco con mesa integrada es una solución práctica y funcional para exteriores. Ideal para zonas de picnic o jardines familiares, combina comodidad y utilidad en una sola pieza.",active,1318.00
banco-de-exterior-150-cm,Banco de exterior 150 cm,"<p>El banco destaca por su diseño sencillo y resistente. Perfecto para jardines y espacios públicos o privados, aporta funcionalidad y durabilidad.</p>
<ul>
  <li>Resistente a <strong>rayos UV, lluvia y humedad</strong> — preparado para exterior durante todo el año</li>
  <li>Mantenimiento mínimo: no requiere tratamientos ni almacenamiento en invierno</li>
  <li>Transporte sencillo y <strong>montaje sin herramientas especiales</strong></li>
</ul>
<p><strong>Dimensiones:</strong> Ancho: 150 cm &nbsp;|&nbsp; Fondo: 49 cm &nbsp;|&nbsp; Alto: 90 cm</p>",Muebles Exterior,,Banco,"exterior, terraza, jardín, banco",TRUE,Title,Default Title,557-010016,0,shopify,10,deny,manual,289.26,350.00,TRUE,TRUE,https://hevea.es/mpcrm/imgs/uploads/1739809440_gullivert.png,1,Banco de exterior 150 cm,FALSE,Banco de exterior 150 cm,"El banco destaca por su diseño sencillo y resistente. Perfecto para jardines y espacios públicos o privados, aporta funcionalidad y durabilidad.",active,193.00
banco-de-exterior-108-cm,Banco de exterior 108 cm,"<p>El banco combina líneas clásicas y resistencia estructural. Ideal para crear zonas de descanso en exteriores, ofrece comodidad y estabilidad en cualquier entorno.</p>
<ul>
  <li>Resistente a <strong>rayos UV, lluvia y humedad</strong> — preparado para exterior durante todo el año</li>
  <li>Mantenimiento mínimo: no requiere tratamientos ni almacenamiento en invierno</li>
  <li>Transporte sencillo y <strong>montaje sin herramientas especiales</strong></li>
</ul>
<p><strong>Dimensiones:</strong> Ancho: 108 cm &nbsp;|&nbsp; Fondo: 42 cm &nbsp;|&nbsp; Alto: 88 cm</p>",Muebles Exterior,,Banco,"exterior, terraza, jardín, banco",TRUE,Title,Default Title,557-011350,0,shopify,10,deny,manual,260.33,315.00,TRUE,TRUE,https://hevea.es/mpcrm/imgs/uploads/banco%20sevilla.png,1,Banco de exterior 108 cm,FALSE,Banco de exterior 108 cm,"El banco combina líneas clásicas y resistencia estructural. Ideal para crear zonas de descanso en exteriores, ofrece comodidad y estabilidad en cualquier entorno.",active,174.00
