action,handle,title,vendor,preview_url,status,notes
hevea-skip,sillon-exterior-aluminio-estilo-envolvente-9890-cm,Sillón exterior aluminio · estilo envolvente | 98×90 cm,Hevea,https://mueblesexterior.myshopify.com/products/sillon-exterior-aluminio-estilo-envolvente-9890-cm,ok,Already Hevea-tagged
hevea-skip,sofa-terraza-aluminio-2-plazas-estilo-contemporaneo-16690-cm,Sofá terraza aluminio 2 plazas · estilo contemporáneo | 166×90 cm,Hevea,https://mueblesexterior.myshopify.com/products/sofa-terraza-aluminio-2-plazas-estilo-contemporaneo-16690-cm,ok,Already Hevea-tagged
hevea-skip,sofa-terraza-aluminio-3-plazas-estilo-contemporaneo-22090-cm,Sofá terraza aluminio 3 plazas · estilo contemporáneo | 220×90 cm,Hevea,https://mueblesexterior.myshopify.com/products/sofa-terraza-aluminio-3-plazas-estilo-contemporaneo-22090-cm,ok,Already Hevea-tagged
hevea-skip,set-jardin-contemporaneo-sofa-2-plazas-2-sillones-mesa,Set jardín · contemporáneo | sofá 2 plazas + 2 sillones + mesa,Hevea,https://mueblesexterior.myshopify.com/products/set-jardin-contemporaneo-sofa-2-plazas-2-sillones-mesa,ok,Already Hevea-tagged
hevea-skip,set-jardin-aluminio-2-plazas-contemporaneo-sofa-2-plazas-2-sillones-mesa,Set jardín aluminio 2 plazas · contemporáneo | sofá 2 plazas + 2 sillones + mesa,Hevea,https://mueblesexterior.myshopify.com/products/set-jardin-aluminio-2-plazas-contemporaneo-sofa-2-plazas-2-sillones-mesa,ok,Already Hevea-tagged
hevea-skip,set-jardin-aluminio-3-plazas-contemporaneo-sofa-3-plazas-2-sillones-mesa,Set jardín aluminio 3 plazas · contemporáneo | sofá 3 plazas + 2 sillones + mesa,Hevea,https://mueblesexterior.myshopify.com/products/set-jardin-aluminio-3-plazas-contemporaneo-sofa-3-plazas-2-sillones-mesa,ok,Already Hevea-tagged
hevea-skip,sillon-exterior-estilo-elegante-7275-cm,Sillón exterior · estilo elegante | 72×75 cm,Hevea,https://mueblesexterior.myshopify.com/products/sillon-exterior-estilo-elegante-7275-cm,ok,Already Hevea-tagged
hevea-skip,sofa-terraza-2-plazas-estilo-envolvente-13575-cm,Sofá terraza 2 plazas · estilo envolvente | 135×75 cm,Hevea,https://mueblesexterior.myshopify.com/products/sofa-terraza-2-plazas-estilo-envolvente-13575-cm,ok,Already Hevea-tagged
hevea-skip,sofa-terraza-3-plazas-estilo-sofisticado-19475-cm,Sofá terraza 3 plazas · estilo sofisticado | 194×75 cm,Hevea,https://mueblesexterior.myshopify.com/products/sofa-terraza-3-plazas-estilo-sofisticado-19475-cm,ok,Already Hevea-tagged
hevea-skip,mesa-de-centro-exterior-90-cm-altura-40-cm,Mesa de centro exterior 90 cm · altura 40 cm,Hevea,https://mueblesexterior.myshopify.com/products/mesa-de-centro-exterior-90-cm-altura-40-cm,ok,Already Hevea-tagged
hevea-skip,mesa-de-centro-exterior-120-cm-altura-40-cm,Mesa de centro exterior 120 cm · altura 40 cm,Hevea,https://mueblesexterior.myshopify.com/products/mesa-de-centro-exterior-120-cm-altura-40-cm,ok,Already Hevea-tagged
hevea-skip,set-jardin-2-plazas-elegante-sofa-2-plazas-2-sillones-mesa,Set jardín 2 plazas · elegante | sofá 2 plazas + 2 sillones + mesa,Hevea,https://mueblesexterior.myshopify.com/products/set-jardin-2-plazas-elegante-sofa-2-plazas-2-sillones-mesa,ok,Already Hevea-tagged
hevea-skip,set-jardin-3-plazas-sofisticado-sofa-3-plazas-2-sillones-mesa,Set jardín 3 plazas · sofisticado | sofá 3 plazas + 2 sillones + mesa,Hevea,https://mueblesexterior.myshopify.com/products/set-jardin-3-plazas-sofisticado-sofa-3-plazas-2-sillones-mesa,ok,Already Hevea-tagged
hevea-skip,sillon-exterior-estilo-versatil-7783-cm,Sillón exterior · estilo versátil | 77×83 cm,Hevea,https://mueblesexterior.myshopify.com/products/sillon-exterior-estilo-versatil-7783-cm,ok,Already Hevea-tagged
hevea-skip,sofa-terraza-2-plazas-estilo-estilizado-14383-cm,Sofá terraza 2 plazas · estilo estilizado | 143×83 cm,Hevea,https://mueblesexterior.myshopify.com/products/sofa-terraza-2-plazas-estilo-estilizado-14383-cm,ok,Already Hevea-tagged
hevea-skip,sofa-terraza-3-plazas-estilo-contemporaneo-18583-cm,Sofá terraza 3 plazas · estilo contemporáneo | 185×83 cm,Hevea,https://mueblesexterior.myshopify.com/products/sofa-terraza-3-plazas-estilo-contemporaneo-18583-cm,ok,Already Hevea-tagged
hevea-skip,mesa-de-centro-exterior-hpl-70-cm-altura-45-cm,Mesa de centro exterior HPL 70 cm · altura 45 cm,Hevea,https://mueblesexterior.myshopify.com/products/mesa-de-centro-exterior-hpl-70-cm-altura-45-cm,ok,Already Hevea-tagged
hevea-skip,reposapies-exterior-734640-cm,Reposapiés exterior · 73×46×40 cm,Hevea,https://mueblesexterior.myshopify.com/products/reposapies-exterior-734640-cm,ok,Already Hevea-tagged
hevea-skip,set-jardin-2-plazas-moderno-sofa-2-plazas-2-sillones-mesa,Set jardín 2 plazas · moderno | sofá 2 plazas + 2 sillones + mesa,Hevea,https://mueblesexterior.myshopify.com/products/set-jardin-2-plazas-moderno-sofa-2-plazas-2-sillones-mesa,ok,Already Hevea-tagged
hevea-skip,set-jardin-3-plazas-contemporaneo-sofa-3-plazas-2-sillones-mesa,Set jardín 3 plazas · contemporáneo | sofá 3 plazas + 2 sillones + mesa,Hevea,https://mueblesexterior.myshopify.com/products/set-jardin-3-plazas-contemporaneo-sofa-3-plazas-2-sillones-mesa,ok,Already Hevea-tagged
hevea-skip,sillon-exterior-estilo-elegante-6590-cm,Sillón exterior · estilo elegante | 65×90 cm,Hevea,https://mueblesexterior.myshopify.com/products/sillon-exterior-estilo-elegante-6590-cm,ok,Already Hevea-tagged
hevea-skip,sofa-terraza-2-plazas-estilo-contemporaneo-13090-cm,Sofá terraza 2 plazas · estilo contemporáneo | 130×90 cm,Hevea,https://mueblesexterior.myshopify.com/products/sofa-terraza-2-plazas-estilo-contemporaneo-13090-cm,ok,Already Hevea-tagged
hevea-skip,sofa-terraza-3-plazas-estilo-contemporaneo-18590-cm,Sofá terraza 3 plazas · estilo contemporáneo | 185×90 cm,Hevea,https://mueblesexterior.myshopify.com/products/sofa-terraza-3-plazas-estilo-contemporaneo-18590-cm,ok,Already Hevea-tagged
hevea-skip,reposapies-exterior-605040-cm,Reposapiés exterior · 60×50×40 cm,Hevea,https://mueblesexterior.myshopify.com/products/reposapies-exterior-605040-cm,ok,Already Hevea-tagged
hevea-skip,set-jardin-2-plazas-elegante-sofa-2-plazas-2-sillones-mesa-2,Set jardín 2 plazas · elegante | sofá 2 plazas + 2 sillones + mesa 2,Hevea,https://mueblesexterior.myshopify.com/products/set-jardin-2-plazas-elegante-sofa-2-plazas-2-sillones-mesa-2,ok,Already Hevea-tagged
hevea-skip,set-jardin-3-plazas-sofisticado-sofa-3-plazas-2-sillones-mesa-2,Set jardín 3 plazas · sofisticado | sofá 3 plazas + 2 sillones + mesa 2,Hevea,https://mueblesexterior.myshopify.com/products/set-jardin-3-plazas-sofisticado-sofa-3-plazas-2-sillones-mesa-2,ok,Already Hevea-tagged
hevea-skip,sillon-exterior-estilo-envolvente-7582-cm,Sillón exterior · estilo envolvente | 75×82 cm,Hevea,https://mueblesexterior.myshopify.com/products/sillon-exterior-estilo-envolvente-7582-cm,ok,Already Hevea-tagged
hevea-skip,sofa-terraza-3-plazas-estilo-contemporaneo-19882-cm,Sofá terraza 3 plazas · estilo contemporáneo | 198×82 cm,Hevea,https://mueblesexterior.myshopify.com/products/sofa-terraza-3-plazas-estilo-contemporaneo-19882-cm,ok,Already Hevea-tagged
hevea-skip,sofa-terraza-2-plazas-estilo-contemporaneo-15082-cm,Sofá terraza 2 plazas · estilo contemporáneo | 150×82 cm,Hevea,https://mueblesexterior.myshopify.com/products/sofa-terraza-2-plazas-estilo-contemporaneo-15082-cm,ok,Already Hevea-tagged
hevea-skip,mesa-de-centro-exterior-125-cm-altura-38-cm,Mesa de centro exterior 125 cm · altura 38 cm,Hevea,https://mueblesexterior.myshopify.com/products/mesa-de-centro-exterior-125-cm-altura-38-cm,ok,Already Hevea-tagged
hevea-skip,set-jardin-2-plazas-elegante-sofa-2-plazas-2-sillones-mesa-3,Set jardín 2 plazas · elegante | sofá 2 plazas + 2 sillones + mesa 3,Hevea,https://mueblesexterior.myshopify.com/products/set-jardin-2-plazas-elegante-sofa-2-plazas-2-sillones-mesa-3,ok,Already Hevea-tagged
hevea-skip,set-jardin-3-plazas-sofisticado-sofa-3-plazas-2-sillones-mesa-3,Set jardín 3 plazas · sofisticado | sofá 3 plazas + 2 sillones + mesa 3,Hevea,https://mueblesexterior.myshopify.com/products/set-jardin-3-plazas-sofisticado-sofa-3-plazas-2-sillones-mesa-3,ok,Already Hevea-tagged
hevea-skip,sillon-exterior-estilo-estilizado-7069-cm,Sillón exterior · estilo estilizado | 70×69 cm,Hevea,https://mueblesexterior.myshopify.com/products/sillon-exterior-estilo-estilizado-7069-cm,ok,Already Hevea-tagged
hevea-skip,sofa-terraza-2-plazas-estilo-contemporaneo-16269-cm,Sofá terraza 2 plazas · estilo contemporáneo | 162×69 cm,Hevea,https://mueblesexterior.myshopify.com/products/sofa-terraza-2-plazas-estilo-contemporaneo-16269-cm,ok,Already Hevea-tagged
hevea-skip,sofa-terraza-3-plazas-estilo-elegante-22069-cm,Sofá terraza 3 plazas · estilo elegante | 220×69 cm,Hevea,https://mueblesexterior.myshopify.com/products/sofa-terraza-3-plazas-estilo-elegante-22069-cm,ok,Already Hevea-tagged
hevea-skip,reposapies-exterior-504540-cm,Reposapiés exterior · 50×45×40 cm,Hevea,https://mueblesexterior.myshopify.com/products/reposapies-exterior-504540-cm,ok,Already Hevea-tagged
hevea-skip,sillon-exterior-estilo-elegante-6578-cm,Sillón exterior · estilo elegante | 65×78 cm,Hevea,https://mueblesexterior.myshopify.com/products/sillon-exterior-estilo-elegante-6578-cm,ok,Already Hevea-tagged
hevea-skip,sofa-terraza-2-plazas-estilo-contemporaneo-12078-cm,Sofá terraza 2 plazas · estilo contemporáneo | 120×78 cm,Hevea,https://mueblesexterior.myshopify.com/products/sofa-terraza-2-plazas-estilo-contemporaneo-12078-cm,ok,Already Hevea-tagged
hevea-skip,sofa-terraza-3-plazas-estilo-sofisticado-17578-cm,Sofá terraza 3 plazas · estilo sofisticado | 175×78 cm,Hevea,https://mueblesexterior.myshopify.com/products/sofa-terraza-3-plazas-estilo-sofisticado-17578-cm,ok,Already Hevea-tagged
hevea-skip,mesa-de-centro-exterior-90-cm-altura-41-cm,Mesa de centro exterior 90 cm · altura 41 cm,Hevea,https://mueblesexterior.myshopify.com/products/mesa-de-centro-exterior-90-cm-altura-41-cm,ok,Already Hevea-tagged
hevea-skip,mesa-de-centro-exterior-120-cm-altura-41-cm,Mesa de centro exterior 120 cm · altura 41 cm,Hevea,https://mueblesexterior.myshopify.com/products/mesa-de-centro-exterior-120-cm-altura-41-cm,ok,Already Hevea-tagged
hevea-skip,set-jardin-2-plazas-moderno-sofa-2-plazas-2-sillones-mesa-2,Set jardín 2 plazas · moderno | sofá 2 plazas + 2 sillones + mesa 2,Hevea,https://mueblesexterior.myshopify.com/products/set-jardin-2-plazas-moderno-sofa-2-plazas-2-sillones-mesa-2,ok,Already Hevea-tagged
hevea-skip,set-jardin-3-plazas-elegante-sofa-3-plazas-2-sillones-mesa,Set jardín 3 plazas · elegante | sofá 3 plazas + 2 sillones + mesa,Hevea,https://mueblesexterior.myshopify.com/products/set-jardin-3-plazas-elegante-sofa-3-plazas-2-sillones-mesa,ok,Already Hevea-tagged
hevea-skip,sillon-exterior-estilo-versatil-76100-cm,Sillón exterior · estilo versátil | 76×100 cm,Hevea,https://mueblesexterior.myshopify.com/products/sillon-exterior-estilo-versatil-76100-cm,ok,Already Hevea-tagged
hevea-skip,sofa-terraza-2-plazas-estilo-contemporaneo-145100-cm,Sofá terraza 2 plazas · estilo contemporáneo | 145×100 cm,Hevea,https://mueblesexterior.myshopify.com/products/sofa-terraza-2-plazas-estilo-contemporaneo-145100-cm,ok,Already Hevea-tagged
hevea-skip,sofa-terraza-3-plazas-estilo-sofisticado-212100-cm,Sofá terraza 3 plazas · estilo sofisticado | 212×100 cm,Hevea,https://mueblesexterior.myshopify.com/products/sofa-terraza-3-plazas-estilo-sofisticado-212100-cm,ok,Already Hevea-tagged
hevea-skip,set-jardin-2-plazas-elegante-sofa-2-plazas-2-sillones-mesa-4,Set jardín 2 plazas · elegante | sofá 2 plazas + 2 sillones + mesa 4,Hevea,https://mueblesexterior.myshopify.com/products/set-jardin-2-plazas-elegante-sofa-2-plazas-2-sillones-mesa-4,ok,Already Hevea-tagged
hevea-skip,set-jardin-3-plazas-sofisticado-sofa-3-plazas-2-sillones-mesa-4,Set jardín 3 plazas · sofisticado | sofá 3 plazas + 2 sillones + mesa 4,Hevea,https://mueblesexterior.myshopify.com/products/set-jardin-3-plazas-sofisticado-sofa-3-plazas-2-sillones-mesa-4,ok,Already Hevea-tagged
hevea-skip,reposapies-exterior-855043-cm,Reposapiés exterior · 85×50×43 cm,Hevea,https://mueblesexterior.myshopify.com/products/reposapies-exterior-855043-cm,ok,Already Hevea-tagged
hevea-skip,sillon-exterior-estilo-elegante-80104-cm,Sillón exterior · estilo elegante | 80×104 cm,Hevea,https://mueblesexterior.myshopify.com/products/sillon-exterior-estilo-elegante-80104-cm,ok,Already Hevea-tagged
hevea-skip,sofa-terraza-2-plazas-estilo-contemporaneo-164104-cm,Sofá terraza 2 plazas · estilo contemporáneo | 164×104 cm,Hevea,https://mueblesexterior.myshopify.com/products/sofa-terraza-2-plazas-estilo-contemporaneo-164104-cm,ok,Already Hevea-tagged
hevea-skip,sofa-terraza-3-plazas-estilo-contemporaneo-215104-cm,Sofá terraza 3 plazas · estilo contemporáneo | 215×104 cm,Hevea,https://mueblesexterior.myshopify.com/products/sofa-terraza-3-plazas-estilo-contemporaneo-215104-cm,ok,Already Hevea-tagged
hevea-skip,mesa-de-centro-exterior-125-cm-altura-42-cm,Mesa de centro exterior 125 cm · altura 42 cm,Hevea,https://mueblesexterior.myshopify.com/products/mesa-de-centro-exterior-125-cm-altura-42-cm,ok,Already Hevea-tagged
hevea-skip,reposapies-exterior-855043-cm-2,Reposapiés exterior · 85×50×43 cm 2,Hevea,https://mueblesexterior.myshopify.com/products/reposapies-exterior-855043-cm-2,ok,Already Hevea-tagged
hevea-skip,set-jardin-2-plazas-elegante-sofa-2-plazas-2-sillones-mesa-5,Set jardín 2 plazas · elegante | sofá 2 plazas + 2 sillones + mesa 5,Hevea,https://mueblesexterior.myshopify.com/products/set-jardin-2-plazas-elegante-sofa-2-plazas-2-sillones-mesa-5,ok,Already Hevea-tagged
hevea-skip,set-jardin-3-plazas-contemporaneo-sofa-3-plazas-2-sillones-mesa-2,Set jardín 3 plazas · contemporáneo | sofá 3 plazas + 2 sillones + mesa 2,Hevea,https://mueblesexterior.myshopify.com/products/set-jardin-3-plazas-contemporaneo-sofa-3-plazas-2-sillones-mesa-2,ok,Already Hevea-tagged
hevea-skip,sillon-exterior-bicolor-estilo-bicolor-7376-cm,Sillón exterior bicolor · estilo bicolor | 73×76 cm,Hevea,https://mueblesexterior.myshopify.com/products/sillon-exterior-bicolor-estilo-bicolor-7376-cm,ok,Already Hevea-tagged
hevea-skip,sofa-terraza-bicolor-2-plazas-estilo-bicolor-14076-cm,Sofá terraza bicolor 2 plazas · estilo bicolor | 140×76 cm,Hevea,https://mueblesexterior.myshopify.com/products/sofa-terraza-bicolor-2-plazas-estilo-bicolor-14076-cm,ok,Already Hevea-tagged
hevea-skip,sofa-terraza-bicolor-3-plazas-estilo-bicolor-20076-cm,Sofá terraza bicolor 3 plazas · estilo bicolor | 200×76 cm,Hevea,https://mueblesexterior.myshopify.com/products/sofa-terraza-bicolor-3-plazas-estilo-bicolor-20076-cm,ok,Already Hevea-tagged
hevea-skip,mesa-de-centro-exterior-hpl-120-cm-altura-40-cm,Mesa de centro exterior HPL 120 cm · altura 40 cm,Hevea,https://mueblesexterior.myshopify.com/products/mesa-de-centro-exterior-hpl-120-cm-altura-40-cm,ok,Already Hevea-tagged
hevea-skip,mesa-de-centro-exterior-hpl-135-cm-altura-40-cm,Mesa de centro exterior HPL 135 cm · altura 40 cm,Hevea,https://mueblesexterior.myshopify.com/products/mesa-de-centro-exterior-hpl-135-cm-altura-40-cm,ok,Already Hevea-tagged
hevea-skip,reposapies-exterior-bicolor-704544-cm,Reposapiés exterior bicolor · 70×45×44 cm,Hevea,https://mueblesexterior.myshopify.com/products/reposapies-exterior-bicolor-704544-cm,ok,Already Hevea-tagged
hevea-skip,set-jardin-bicolor-2-plazas-bicolor-sofa-2-plazas-2-sillones-mesa,Set jardín bicolor 2 plazas · bicolor | sofá 2 plazas + 2 sillones + mesa,Hevea,https://mueblesexterior.myshopify.com/products/set-jardin-bicolor-2-plazas-bicolor-sofa-2-plazas-2-sillones-mesa,ok,Already Hevea-tagged
hevea-skip,set-jardin-bicolor-3-plazas-bicolor-sofa-3-plazas-2-sillones-mesa,Set jardín bicolor 3 plazas · bicolor | sofá 3 plazas + 2 sillones + mesa,Hevea,https://mueblesexterior.myshopify.com/products/set-jardin-bicolor-3-plazas-bicolor-sofa-3-plazas-2-sillones-mesa,ok,Already Hevea-tagged
hevea-skip,sillon-exterior-estilo-versatil-7685-cm,Sillón exterior · estilo versátil | 76×85 cm,Hevea,https://mueblesexterior.myshopify.com/products/sillon-exterior-estilo-versatil-7685-cm,ok,Already Hevea-tagged
hevea-skip,sofa-terraza-2-plazas-estilo-contemporaneo-13785-cm,Sofá terraza 2 plazas · estilo contemporáneo | 137×85 cm,Hevea,https://mueblesexterior.myshopify.com/products/sofa-terraza-2-plazas-estilo-contemporaneo-13785-cm,ok,Already Hevea-tagged
hevea-skip,sofa-terraza-3-plazas-estilo-contemporaneo-19685-cm,Sofá terraza 3 plazas · estilo contemporáneo | 196×85 cm,Hevea,https://mueblesexterior.myshopify.com/products/sofa-terraza-3-plazas-estilo-contemporaneo-19685-cm,ok,Already Hevea-tagged
hevea-skip,set-jardin-2-plazas-contemporaneo-sofa-2-plazas-2-sillones-mesa,Set jardín 2 plazas · contemporáneo | sofá 2 plazas + 2 sillones + mesa,Hevea,https://mueblesexterior.myshopify.com/products/set-jardin-2-plazas-contemporaneo-sofa-2-plazas-2-sillones-mesa,ok,Already Hevea-tagged
hevea-skip,set-jardin-3-plazas-contemporaneo-sofa-3-plazas-2-sillones-mesa-3,Set jardín 3 plazas · contemporáneo | sofá 3 plazas + 2 sillones + mesa 3,Hevea,https://mueblesexterior.myshopify.com/products/set-jardin-3-plazas-contemporaneo-sofa-3-plazas-2-sillones-mesa-3,ok,Already Hevea-tagged
hevea-skip,sillon-exterior-estilo-moderno-7085-cm,Sillón exterior · estilo moderno | 70×85 cm,Hevea,https://mueblesexterior.myshopify.com/products/sillon-exterior-estilo-moderno-7085-cm,ok,Already Hevea-tagged
hevea-skip,sofa-terraza-2-plazas-estilo-elegante-15085-cm,Sofá terraza 2 plazas · estilo elegante | 150×85 cm,Hevea,https://mueblesexterior.myshopify.com/products/sofa-terraza-2-plazas-estilo-elegante-15085-cm,ok,Already Hevea-tagged
hevea-skip,sofa-terraza-3-plazas-estilo-contemporaneo-19085-cm,Sofá terraza 3 plazas · estilo contemporáneo | 190×85 cm,Hevea,https://mueblesexterior.myshopify.com/products/sofa-terraza-3-plazas-estilo-contemporaneo-19085-cm,ok,Already Hevea-tagged
hevea-skip,set-jardin-2-plazas-contemporaneo-sofa-2-plazas-2-sillones-mesa-2,Set jardín 2 plazas · contemporáneo | sofá 2 plazas + 2 sillones + mesa 2,Hevea,https://mueblesexterior.myshopify.com/products/set-jardin-2-plazas-contemporaneo-sofa-2-plazas-2-sillones-mesa-2,ok,Already Hevea-tagged
hevea-skip,set-jardin-3-plazas-elegante-sofa-3-plazas-2-sillones-mesa-2,Set jardín 3 plazas · elegante | sofá 3 plazas + 2 sillones + mesa 2,Hevea,https://mueblesexterior.myshopify.com/products/set-jardin-3-plazas-elegante-sofa-3-plazas-2-sillones-mesa-2,ok,Already Hevea-tagged
hevea-skip,mesa-de-centro-exterior-90-cm-altura-40-cm-2,Mesa de centro exterior 90 cm · altura 40 cm 2,Hevea,https://mueblesexterior.myshopify.com/products/mesa-de-centro-exterior-90-cm-altura-40-cm-2,ok,Already Hevea-tagged
hevea-skip,mesa-de-centro-exterior-120-cm-altura-40-cm-2,Mesa de centro exterior 120 cm · altura 40 cm 2,Hevea,https://mueblesexterior.myshopify.com/products/mesa-de-centro-exterior-120-cm-altura-40-cm-2,ok,Already Hevea-tagged
hevea-skip,sillon-exterior-estilo-contemporaneo-68115-cm,Sillón exterior · estilo contemporáneo | 68×115 cm,Hevea,https://mueblesexterior.myshopify.com/products/sillon-exterior-estilo-contemporaneo-68115-cm,ok,Already Hevea-tagged
hevea-skip,sofa-terraza-2-plazas-estilo-moderno-128115-cm,Sofá terraza 2 plazas · estilo moderno | 128×115 cm,Hevea,https://mueblesexterior.myshopify.com/products/sofa-terraza-2-plazas-estilo-moderno-128115-cm,ok,Already Hevea-tagged
hevea-skip,sofa-terraza-3-plazas-estilo-contemporaneo-188115-cm,Sofá terraza 3 plazas · estilo contemporáneo | 188×115 cm,Hevea,https://mueblesexterior.myshopify.com/products/sofa-terraza-3-plazas-estilo-contemporaneo-188115-cm,ok,Already Hevea-tagged
hevea-skip,set-jardin-2-plazas-moderno-sofa-2-plazas-2-sillones-mesa-3,Set jardín 2 plazas · moderno | sofá 2 plazas + 2 sillones + mesa 3,Hevea,https://mueblesexterior.myshopify.com/products/set-jardin-2-plazas-moderno-sofa-2-plazas-2-sillones-mesa-3,ok,Already Hevea-tagged
hevea-skip,set-jardin-3-plazas-contemporaneo-sofa-3-plazas-2-sillones-mesa-4,Set jardín 3 plazas · contemporáneo | sofá 3 plazas + 2 sillones + mesa 4,Hevea,https://mueblesexterior.myshopify.com/products/set-jardin-3-plazas-contemporaneo-sofa-3-plazas-2-sillones-mesa-4,ok,Already Hevea-tagged
hevea-skip,sillon-exterior-estilo-versatil-6470-cm,Sillón exterior · estilo versátil | 64×70 cm,Hevea,https://mueblesexterior.myshopify.com/products/sillon-exterior-estilo-versatil-6470-cm,ok,Already Hevea-tagged
hevea-skip,sofa-terraza-2-plazas-estilo-elegante-13170-cm,Sofá terraza 2 plazas · estilo elegante | 131×70 cm,Hevea,https://mueblesexterior.myshopify.com/products/sofa-terraza-2-plazas-estilo-elegante-13170-cm,ok,Already Hevea-tagged
hevea-skip,sofa-terraza-3-plazas-estilo-moderno-18570-cm,Sofá terraza 3 plazas · estilo moderno | 185×70 cm,Hevea,https://mueblesexterior.myshopify.com/products/sofa-terraza-3-plazas-estilo-moderno-18570-cm,ok,Already Hevea-tagged
hevea-skip,mesa-de-centro-exterior-hpl-90-cm-altura-40-cm,Mesa de centro exterior HPL 90 cm · altura 40 cm,Hevea,https://mueblesexterior.myshopify.com/products/mesa-de-centro-exterior-hpl-90-cm-altura-40-cm,ok,Already Hevea-tagged
hevea-skip,mesa-de-centro-exterior-hpl-120-cm-altura-40-cm-2,Mesa de centro exterior HPL 120 cm · altura 40 cm 2,Hevea,https://mueblesexterior.myshopify.com/products/mesa-de-centro-exterior-hpl-120-cm-altura-40-cm-2,ok,Already Hevea-tagged
hevea-skip,set-jardin-2-plazas-moderno-sofa-2-plazas-2-sillones-mesa-4,Set jardín 2 plazas · moderno | sofá 2 plazas + 2 sillones + mesa 4,Hevea,https://mueblesexterior.myshopify.com/products/set-jardin-2-plazas-moderno-sofa-2-plazas-2-sillones-mesa-4,ok,Already Hevea-tagged
hevea-skip,set-jardin-3-plazas-contemporaneo-sofa-3-plazas-2-sillones-mesa-5,Set jardín 3 plazas · contemporáneo | sofá 3 plazas + 2 sillones + mesa 5,Hevea,https://mueblesexterior.myshopify.com/products/set-jardin-3-plazas-contemporaneo-sofa-3-plazas-2-sillones-mesa-5,ok,Already Hevea-tagged
hevea-skip,pergola-aluminio-para-jardin-300300250-cm,Pérgola aluminio para jardín · 300×300×250 cm,Hevea,https://mueblesexterior.myshopify.com/products/pergola-aluminio-para-jardin-300300250-cm,ok,Already Hevea-tagged
hevea-skip,sillon-exterior-estilo-urbano-6670-cm,Sillón exterior · estilo urbano | 66×70 cm,Hevea,https://mueblesexterior.myshopify.com/products/sillon-exterior-estilo-urbano-6670-cm,ok,Already Hevea-tagged
hevea-skip,sofa-terraza-2-plazas-estilo-contemporaneo-13370-cm,Sofá terraza 2 plazas · estilo contemporáneo | 133×70 cm,Hevea,https://mueblesexterior.myshopify.com/products/sofa-terraza-2-plazas-estilo-contemporaneo-13370-cm,ok,Already Hevea-tagged
hevea-skip,sofa-terraza-3-plazas-estilo-moderno-18770-cm,Sofá terraza 3 plazas · estilo moderno | 187×70 cm,Hevea,https://mueblesexterior.myshopify.com/products/sofa-terraza-3-plazas-estilo-moderno-18770-cm,ok,Already Hevea-tagged
hevea-skip,set-jardin-2-plazas-contemporaneo-sofa-2-plazas-2-sillones-mesa-3,Set jardín 2 plazas · contemporáneo | sofá 2 plazas + 2 sillones + mesa 3,Hevea,https://mueblesexterior.myshopify.com/products/set-jardin-2-plazas-contemporaneo-sofa-2-plazas-2-sillones-mesa-3,ok,Already Hevea-tagged
hevea-skip,set-jardin-3-plazas-urbano-sofa-3-plazas-2-sillones-mesa,Set jardín 3 plazas · urbano | sofá 3 plazas + 2 sillones + mesa,Hevea,https://mueblesexterior.myshopify.com/products/set-jardin-3-plazas-urbano-sofa-3-plazas-2-sillones-mesa,ok,Already Hevea-tagged
hevea-skip,set-rinconera-exterior-hpl-sofisticado-sofa-de-esquina-mesa-de-centro,Set rinconera exterior HPL · sofisticado | sofá de esquina + mesa de centro | Blanco - Beige,Hevea,https://mueblesexterior.myshopify.com/products/set-rinconera-exterior-hpl-sofisticado-sofa-de-esquina-mesa-de-centro,ok,Already Hevea-tagged
hevea-skip,set-rinconera-exterior-hpl-elegante-sofa-de-esquina-mesa-de-centro,Set rinconera exterior HPL · elegante | sofá de esquina + mesa de centro,Hevea,https://mueblesexterior.myshopify.com/products/set-rinconera-exterior-hpl-elegante-sofa-de-esquina-mesa-de-centro,ok,Already Hevea-tagged
hevea-skip,set-rinconera-exterior-hpl-moderno-sofa-de-esquina-mesa-de-centro,Set rinconera exterior HPL · moderno | sofá de esquina + mesa de centro,Hevea,https://mueblesexterior.myshopify.com/products/set-rinconera-exterior-hpl-moderno-sofa-de-esquina-mesa-de-centro,ok,Already Hevea-tagged
hevea-skip,set-rinconera-exterior-contemporaneo-sofa-de-esquina-mesa-de-centro,Set rinconera exterior · contemporáneo | sofá de esquina + mesa de centro,Hevea,https://mueblesexterior.myshopify.com/products/set-rinconera-exterior-contemporaneo-sofa-de-esquina-mesa-de-centro,ok,Already Hevea-tagged
hevea-skip,set-rinconera-exterior-sofisticado-sofa-de-esquina-mesa-de-centro,Set rinconera exterior · sofisticado | sofá de esquina + mesa de centro,Hevea,https://mueblesexterior.myshopify.com/products/set-rinconera-exterior-sofisticado-sofa-de-esquina-mesa-de-centro,ok,Already Hevea-tagged
hevea-skip,mesa-comedor-exterior-hpl-13590-cm,Mesa comedor exterior HPL,Hevea,https://mueblesexterior.myshopify.com/products/mesa-comedor-exterior-hpl-13590-cm,ok,Already Hevea-tagged
hevea-skip,silla-exterior-estilo-estilizado,Silla exterior · estilo estilizado,Hevea,https://mueblesexterior.myshopify.com/products/silla-exterior-estilo-estilizado,ok,Already Hevea-tagged
hevea-skip,silla-exterior-estilo-contemporaneo,Silla exterior · estilo contemporáneo,Hevea,https://mueblesexterior.myshopify.com/products/silla-exterior-estilo-contemporaneo,ok,Already Hevea-tagged
hevea-skip,mesa-comedor-exterior-hpl-10090-cm,Mesa comedor exterior HPL 100×90 cm,Hevea,https://mueblesexterior.myshopify.com/products/mesa-comedor-exterior-hpl-10090-cm,ok,Already Hevea-tagged
hevea-skip,mesa-comedor-exterior-hpl-15090-cm,Mesa comedor exterior HPL 150×90 cm,Hevea,https://mueblesexterior.myshopify.com/products/mesa-comedor-exterior-hpl-15090-cm,ok,Already Hevea-tagged
hevea-skip,sillon-exterior-estilo-versatil-58100-cm,Sillón exterior · estilo versátil | 58×100 cm,Hevea,https://mueblesexterior.myshopify.com/products/sillon-exterior-estilo-versatil-58100-cm,ok,Already Hevea-tagged
hevea-skip,tumbona-de-exterior,Tumbona de exterior,Hevea,https://mueblesexterior.myshopify.com/products/tumbona-de-exterior,ok,Already Hevea-tagged
hevea-skip,parasol-para-terraza-300-cm,Parasol para terraza Ø300 cm,Hevea,https://mueblesexterior.myshopify.com/products/parasol-para-terraza-300-cm,ok,Already Hevea-tagged
hevea-skip,parasol-para-terraza-350-cm,Parasol para terraza Ø350 cm,Hevea,https://mueblesexterior.myshopify.com/products/parasol-para-terraza-350-cm,ok,Already Hevea-tagged
hevea-skip,parasol-para-terraza-300-cm-2,Parasol para terraza Ø300 cm 2,Hevea,https://mueblesexterior.myshopify.com/products/parasol-para-terraza-300-cm-2,ok,Already Hevea-tagged
hevea-skip,base-de-parasol-25-kg,Base de parasol 25 kg,Hevea,https://mueblesexterior.myshopify.com/products/base-de-parasol-25-kg,ok,Already Hevea-tagged
hevea-skip,set-losas-cemento-para-base-de-parasol,Set losas cemento para base de parasol,Hevea,https://mueblesexterior.myshopify.com/products/set-losas-cemento-para-base-de-parasol,ok,Already Hevea-tagged
hevea-skip,balancin-jardin-exterior-148194-cm,Balancín jardín exterior · 148×194 cm,Hevea,https://mueblesexterior.myshopify.com/products/balancin-jardin-exterior-148194-cm,ok,Already Hevea-tagged
hevea-skip,banco-jardin-con-mesa-integrada-220-cm,Banco jardín con mesa integrada · 220 cm,Hevea,https://mueblesexterior.myshopify.com/products/banco-jardin-con-mesa-integrada-220-cm,ok,Already Hevea-tagged
hevea-skip,banco-de-exterior-150-cm,Banco de exterior 150 cm,Hevea,https://mueblesexterior.myshopify.com/products/banco-de-exterior-150-cm,ok,Already Hevea-tagged
hevea-skip,banco-de-exterior-108-cm,Banco de exterior 108 cm,Hevea,https://mueblesexterior.myshopify.com/products/banco-de-exterior-108-cm,ok,Already Hevea-tagged
balliu-update,balliu-tumbona-de-exterior-resina-923110d9,Tumbona de exterior resina,Balliu,https://b0gsfsdyse43nzki-96767377732.shopifypreview.com/products_preview?preview_key=f96c3d546b04f0fd7aaaefb83f0a8596&_bt=eyJfcmFpbHMiOnsibWVzc2FnZSI6IkJBaEpJaUp0ZFdWaWJHVnpaWGgwWlhKcGIzSXViWGx6YUc5d2FXWjVMbU52YlFZNkJrVlUiLCJleHAiOiIyMDI2LTAzLTMwVDIyOjE3OjQyLjY4NVoiLCJwdXIiOiJwZXJtYW5lbnRfcGFzc3dvcmRfYnlwYXNzIn19--b597655d637a971a27c499e4c8b7d30030b123b0,ACTIVE,Tag=Balliu; source_color=Amarillo
balliu-update,balliu-tumbona-de-exterior-resina-b19af1ea,Tumbona de exterior resina,Balliu,https://b0gsfsdyse43nzki-96767377732.shopifypreview.com/products_preview?preview_key=e7f2f2d8539fbdc51f57f5fc764e5992&_bt=eyJfcmFpbHMiOnsibWVzc2FnZSI6IkJBaEpJaUp0ZFdWaWJHVnpaWGgwWlhKcGIzSXViWGx6YUc5d2FXWjVMbU52YlFZNkJrVlUiLCJleHAiOiIyMDI2LTAzLTMwVDIyOjE3OjQzLjA1OVoiLCJwdXIiOiJwZXJtYW5lbnRfcGFzc3dvcmRfYnlwYXNzIn19--6f40bcfa017fdff477711bcd9a28b6086e2050fa,ACTIVE,Tag=Balliu; source_color=Amarillo
balliu-update,balliu-tumbona-de-exterior-resina-ddeeef3f,Tumbona de exterior resina,Balliu,https://b0gsfsdyse43nzki-96767377732.shopifypreview.com/products_preview?preview_key=5bb71a64a526e28bcb6a23e53e568eaf&_bt=eyJfcmFpbHMiOnsibWVzc2FnZSI6IkJBaEpJaUp0ZFdWaWJHVnpaWGgwWlhKcGIzSXViWGx6YUc5d2FXWjVMbU52YlFZNkJrVlUiLCJleHAiOiIyMDI2LTAzLTMwVDIyOjE3OjQzLjQyNVoiLCJwdXIiOiJwZXJtYW5lbnRfcGFzc3dvcmRfYnlwYXNzIn19--1106a5a5d16790ca5027ff47fa2ccee9cb812cc9,ACTIVE,Tag=Balliu; source_color=Amarillo
balliu-update,balliu-tumbona-de-exterior-resina-75-cm-add04dfc,Tumbona de exterior resina | 75 cm,Balliu,https://b0gsfsdyse43nzki-96767377732.shopifypreview.com/products_preview?preview_key=70da5291252d47fac8d4282d59f967bb&_bt=eyJfcmFpbHMiOnsibWVzc2FnZSI6IkJBaEpJaUp0ZFdWaWJHVnpaWGgwWlhKcGIzSXViWGx6YUc5d2FXWjVMbU52YlFZNkJrVlUiLCJleHAiOiIyMDI2LTAzLTMwVDIyOjE3OjQzLjk1MFoiLCJwdXIiOiJwZXJtYW5lbnRfcGFzc3dvcmRfYnlwYXNzIn19--e3dda0caa74e84ac40d18b17e4d17a9a070095df,ACTIVE,Tag=Balliu; source_color=Verde
balliu-update,balliu-tumbona-de-exterior-resina-75-cm-3b908f70,Tumbona de exterior resina | 75 cm,Balliu,https://b0gsfsdyse43nzki-96767377732.shopifypreview.com/products_preview?preview_key=93b93593a128bd156565c06846e9a805&_bt=eyJfcmFpbHMiOnsibWVzc2FnZSI6IkJBaEpJaUp0ZFdWaWJHVnpaWGgwWlhKcGIzSXViWGx6YUc5d2FXWjVMbU52YlFZNkJrVlUiLCJleHAiOiIyMDI2LTAzLTMwVDIyOjE3OjQ0LjQ2NVoiLCJwdXIiOiJwZXJtYW5lbnRfcGFzc3dvcmRfYnlwYXNzIn19--b0aef168757b3d81edc9cddac868481aa3ef3dc8,ACTIVE,Tag=Balliu; source_color=Verde
balliu-update,balliu-tumbona-de-exterior-resina-75-cm-009e68e4,Tumbona de exterior resina | 75 cm,Balliu,https://b0gsfsdyse43nzki-96767377732.shopifypreview.com/products_preview?preview_key=6f8356323b9f46aca90fa0ec54dd8471&_bt=eyJfcmFpbHMiOnsibWVzc2FnZSI6IkJBaEpJaUp0ZFdWaWJHVnpaWGgwWlhKcGIzSXViWGx6YUc5d2FXWjVMbU52YlFZNkJrVlUiLCJleHAiOiIyMDI2LTAzLTMwVDIyOjE3OjQ0LjkwOVoiLCJwdXIiOiJwZXJtYW5lbnRfcGFzc3dvcmRfYnlwYXNzIn19--326fbc35b32c8c8ef90a445658767c568ca1cb5e,ACTIVE,Tag=Balliu; source_color=Verde
balliu-update,balliu-tumbona-de-exterior-resina-75-cm-16a6d4db,Tumbona de exterior resina | 75 cm,Balliu,https://b0gsfsdyse43nzki-96767377732.shopifypreview.com/products_preview?preview_key=e5b972c70f4cd4cfabbcc57a09dd0fa7&_bt=eyJfcmFpbHMiOnsibWVzc2FnZSI6IkJBaEpJaUp0ZFdWaWJHVnpaWGgwWlhKcGIzSXViWGx6YUc5d2FXWjVMbU52YlFZNkJrVlUiLCJleHAiOiIyMDI2LTAzLTMwVDIyOjE3OjQ1LjM3OVoiLCJwdXIiOiJwZXJtYW5lbnRfcGFzc3dvcmRfYnlwYXNzIn19--08af353256a35c267e9600f04fe97b67ec6c07c2,ACTIVE,Tag=Balliu; source_color=Verde
balliu-update,balliu-tumbona-de-exterior-resina-75-cm-3d8ca52f,Tumbona de exterior resina | 75 cm,Balliu,https://b0gsfsdyse43nzki-96767377732.shopifypreview.com/products_preview?preview_key=a4ff41caba5ced7ab662248d501e3ff3&_bt=eyJfcmFpbHMiOnsibWVzc2FnZSI6IkJBaEpJaUp0ZFdWaWJHVnpaWGgwWlhKcGIzSXViWGx6YUc5d2FXWjVMbU52YlFZNkJrVlUiLCJleHAiOiIyMDI2LTAzLTMwVDIyOjE3OjQ1Ljk2MFoiLCJwdXIiOiJwZXJtYW5lbnRfcGFzc3dvcmRfYnlwYXNzIn19--fafc1fd6f297d6fd4ff88541d5a7101272d8ae66,ACTIVE,Tag=Balliu; source_color=Verde
balliu-update,balliu-tumbona-de-exterior-resina-75-cm-9f313c12,Tumbona de exterior resina | 75 cm,Balliu,https://b0gsfsdyse43nzki-96767377732.shopifypreview.com/products_preview?preview_key=3447b09f3c3a3d1c3e2e3fc66272893e&_bt=eyJfcmFpbHMiOnsibWVzc2FnZSI6IkJBaEpJaUp0ZFdWaWJHVnpaWGgwWlhKcGIzSXViWGx6YUc5d2FXWjVMbU52YlFZNkJrVlUiLCJleHAiOiIyMDI2LTAzLTMwVDIyOjE3OjQ2LjQ0NloiLCJwdXIiOiJwZXJtYW5lbnRfcGFzc3dvcmRfYnlwYXNzIn19--bf566050c4ab20f2fd7b5319826aaedf85738815,ACTIVE,Tag=Balliu; source_color=Verde
balliu-update,balliu-tumbona-de-exterior-resina-75-cm-aca076ae,Tumbona de exterior resina | 75 cm,Balliu,https://b0gsfsdyse43nzki-96767377732.shopifypreview.com/products_preview?preview_key=23c47911e496c799015641976dba7629&_bt=eyJfcmFpbHMiOnsibWVzc2FnZSI6IkJBaEpJaUp0ZFdWaWJHVnpaWGgwWlhKcGIzSXViWGx6YUc5d2FXWjVMbU52YlFZNkJrVlUiLCJleHAiOiIyMDI2LTAzLTMwVDIyOjE3OjQ3LjA3OFoiLCJwdXIiOiJwZXJtYW5lbnRfcGFzc3dvcmRfYnlwYXNzIn19--b147bf932891e5ce4aadf06cb283cf8326802f7e,ACTIVE,Tag=Balliu; source_color=Verde
balliu-update,balliu-tumbona-de-exterior-resina-75-cm-b52b3a7f,Tumbona de exterior resina | 75 cm,Balliu,https://b0gsfsdyse43nzki-96767377732.shopifypreview.com/products_preview?preview_key=f6f90187ddac0535260c5475c90c2794&_bt=eyJfcmFpbHMiOnsibWVzc2FnZSI6IkJBaEpJaUp0ZFdWaWJHVnpaWGgwWlhKcGIzSXViWGx6YUc5d2FXWjVMbU52YlFZNkJrVlUiLCJleHAiOiIyMDI2LTAzLTMwVDIyOjE3OjQ3LjUzNVoiLCJwdXIiOiJwZXJtYW5lbnRfcGFzc3dvcmRfYnlwYXNzIn19--b6c25c302aff8bb27a323f68df52d3c34af0a532,ACTIVE,Tag=Balliu; source_color=Verde
balliu-update,balliu-tumbona-de-exterior-resina-73-cm-b19af1ea,Tumbona de exterior resina | 73 cm,Balliu,https://b0gsfsdyse43nzki-96767377732.shopifypreview.com/products_preview?preview_key=df94d9a5ecd9efdccebdceded6f31bbb&_bt=eyJfcmFpbHMiOnsibWVzc2FnZSI6IkJBaEpJaUp0ZFdWaWJHVnpaWGgwWlhKcGIzSXViWGx6YUc5d2FXWjVMbU52YlFZNkJrVlUiLCJleHAiOiIyMDI2LTAzLTMwVDIyOjE3OjQ4LjAyN1oiLCJwdXIiOiJwZXJtYW5lbnRfcGFzc3dvcmRfYnlwYXNzIn19--2b251e70dba22402fa4442f18c8febb32babcc0f,ACTIVE,Tag=Balliu; source_color=Amarillo
balliu-update,balliu-tumbona-de-exterior-resina-73-cm-32a6c0ea,Tumbona de exterior resina | 73 cm,Balliu,https://b0gsfsdyse43nzki-96767377732.shopifypreview.com/products_preview?preview_key=636e2a9729fc197bfebcc51464e949e8&_bt=eyJfcmFpbHMiOnsibWVzc2FnZSI6IkJBaEpJaUp0ZFdWaWJHVnpaWGgwWlhKcGIzSXViWGx6YUc5d2FXWjVMbU52YlFZNkJrVlUiLCJleHAiOiIyMDI2LTAzLTMwVDIyOjE3OjQ4LjU0OVoiLCJwdXIiOiJwZXJtYW5lbnRfcGFzc3dvcmRfYnlwYXNzIn19--d290d5684ea11c9a85151923aad62efb276245fc,ACTIVE,Tag=Balliu; source_color=Amarillo
balliu-update,balliu-tumbona-de-exterior-resina-73-cm-d369d964,Tumbona de exterior resina | 73 cm,Balliu,https://b0gsfsdyse43nzki-96767377732.shopifypreview.com/products_preview?preview_key=176a328acf973a93281010ff788fa173&_bt=eyJfcmFpbHMiOnsibWVzc2FnZSI6IkJBaEpJaUp0ZFdWaWJHVnpaWGgwWlhKcGIzSXViWGx6YUc5d2FXWjVMbU52YlFZNkJrVlUiLCJleHAiOiIyMDI2LTAzLTMwVDIyOjE3OjQ5LjA1MloiLCJwdXIiOiJwZXJtYW5lbnRfcGFzc3dvcmRfYnlwYXNzIn19--885eb0c5384021d5a04f67897e977677dda8efdf,ACTIVE,Tag=Balliu; source_color=Amarillo
balliu-update,balliu-tumbona-de-exterior-resina-73-cm-d8285ffb,Tumbona de exterior resina | 73 cm,Balliu,https://b0gsfsdyse43nzki-96767377732.shopifypreview.com/products_preview?preview_key=907cdbf0266fc2f6b1b774e1663c426b&_bt=eyJfcmFpbHMiOnsibWVzc2FnZSI6IkJBaEpJaUp0ZFdWaWJHVnpaWGgwWlhKcGIzSXViWGx6YUc5d2FXWjVMbU52YlFZNkJrVlUiLCJleHAiOiIyMDI2LTAzLTMwVDIyOjE3OjQ5LjUwNloiLCJwdXIiOiJwZXJtYW5lbnRfcGFzc3dvcmRfYnlwYXNzIn19--74284e9b4bd1c9c93aadb2601970b62665e3cdf5,ACTIVE,Tag=Balliu; source_color=Amarillo
balliu-update,balliu-tumbona-de-exterior-resina-73-cm-0648657b,Tumbona de exterior resina | 73 cm,Balliu,https://b0gsfsdyse43nzki-96767377732.shopifypreview.com/products_preview?preview_key=e9cb1b3066b3c5e07e4acbc93c942026&_bt=eyJfcmFpbHMiOnsibWVzc2FnZSI6IkJBaEpJaUp0ZFdWaWJHVnpaWGgwWlhKcGIzSXViWGx6YUc5d2FXWjVMbU52YlFZNkJrVlUiLCJleHAiOiIyMDI2LTAzLTMwVDIyOjE3OjUwLjAzNFoiLCJwdXIiOiJwZXJtYW5lbnRfcGFzc3dvcmRfYnlwYXNzIn19--505634bd2d20baa366de0c2aaf7dfcc5cf94a11e,ACTIVE,Tag=Balliu; source_color=Amarillo
balliu-update,balliu-tumbona-de-exterior-resina-28ff014d,Tumbona de exterior resina,Balliu,https://b0gsfsdyse43nzki-96767377732.shopifypreview.com/products_preview?preview_key=f104380d2fe9441ab039de13cc3056d4&_bt=eyJfcmFpbHMiOnsibWVzc2FnZSI6IkJBaEpJaUp0ZFdWaWJHVnpaWGgwWlhKcGIzSXViWGx6YUc5d2FXWjVMbU52YlFZNkJrVlUiLCJleHAiOiIyMDI2LTAzLTMwVDIyOjE3OjUwLjQ2OVoiLCJwdXIiOiJwZXJtYW5lbnRfcGFzc3dvcmRfYnlwYXNzIn19--ed40a4b76958f998772896cb0b74c6275c8101b5,ACTIVE,Tag=Balliu; source_color=Verde
balliu-update,balliu-tumbona-de-exterior-resina-e5be2a33,Tumbona de exterior resina,Balliu,https://b0gsfsdyse43nzki-96767377732.shopifypreview.com/products_preview?preview_key=adf4343465d88334072af10a94938b96&_bt=eyJfcmFpbHMiOnsibWVzc2FnZSI6IkJBaEpJaUp0ZFdWaWJHVnpaWGgwWlhKcGIzSXViWGx6YUc5d2FXWjVMbU52YlFZNkJrVlUiLCJleHAiOiIyMDI2LTAzLTMwVDIyOjE3OjUwLjk4MFoiLCJwdXIiOiJwZXJtYW5lbnRfcGFzc3dvcmRfYnlwYXNzIn19--8f7c3001bad8ad2355eef4e156f9b8257a5d7df3,ACTIVE,Tag=Balliu; source_color=Verde
balliu-update,balliu-tumbona-de-exterior-sin-ruedas-aluminio-da3f5c24,Tumbona de exterior sin ruedas aluminio,Balliu,https://b0gsfsdyse43nzki-96767377732.shopifypreview.com/products_preview?preview_key=d5a7f0f2915ae110618a3961fa38ec54&_bt=eyJfcmFpbHMiOnsibWVzc2FnZSI6IkJBaEpJaUp0ZFdWaWJHVnpaWGgwWlhKcGIzSXViWGx6YUc5d2FXWjVMbU52YlFZNkJrVlUiLCJleHAiOiIyMDI2LTAzLTMwVDIyOjE3OjUxLjMzMloiLCJwdXIiOiJwZXJtYW5lbnRfcGFzc3dvcmRfYnlwYXNzIn19--aea2dcfc54b27cf40504c581a7a9ac88a2435c14,ACTIVE,Tag=Balliu; source_color=Amarillo
balliu-update,balliu-tumbona-de-exterior-con-ruedas-aluminio-82d4d0a8,Tumbona de exterior con ruedas aluminio,Balliu,https://b0gsfsdyse43nzki-96767377732.shopifypreview.com/products_preview?preview_key=43676ea8bff5a23f19277617275fcc25&_bt=eyJfcmFpbHMiOnsibWVzc2FnZSI6IkJBaEpJaUp0ZFdWaWJHVnpaWGgwWlhKcGIzSXViWGx6YUc5d2FXWjVMbU52YlFZNkJrVlUiLCJleHAiOiIyMDI2LTAzLTMwVDIyOjE3OjUxLjY0N1oiLCJwdXIiOiJwZXJtYW5lbnRfcGFzc3dvcmRfYnlwYXNzIn19--bcf94c7fcf0b1e834aa35b85d86488522b5c9929,ACTIVE,Tag=Balliu; source_color=Amarillo
balliu-update,balliu-tumbona-de-exterior-aluminio-36870d09,Tumbona de exterior aluminio,Balliu,https://b0gsfsdyse43nzki-96767377732.shopifypreview.com/products_preview?preview_key=06d93a6d777e74d6b144b8bd43b59740&_bt=eyJfcmFpbHMiOnsibWVzc2FnZSI6IkJBaEpJaUp0ZFdWaWJHVnpaWGgwWlhKcGIzSXViWGx6YUc5d2FXWjVMbU52YlFZNkJrVlUiLCJleHAiOiIyMDI2LTAzLTMwVDIyOjE3OjUxLjk2NFoiLCJwdXIiOiJwZXJtYW5lbnRfcGFzc3dvcmRfYnlwYXNzIn19--e84374301f9fcd1ebee7bc5da7157517bd864d7f,ACTIVE,Tag=Balliu; source_color=Amarillo
balliu-update,balliu-tumbona-de-exterior-con-ruedas-aluminio-afba154c,Tumbona de exterior con ruedas aluminio,Balliu,https://b0gsfsdyse43nzki-96767377732.shopifypreview.com/products_preview?preview_key=95f236c36debddd1b14fece9ab49a649&_bt=eyJfcmFpbHMiOnsibWVzc2FnZSI6IkJBaEpJaUp0ZFdWaWJHVnpaWGgwWlhKcGIzSXViWGx6YUc5d2FXWjVMbU52YlFZNkJrVlUiLCJleHAiOiIyMDI2LTAzLTMwVDIyOjE3OjUyLjI3OVoiLCJwdXIiOiJwZXJtYW5lbnRfcGFzc3dvcmRfYnlwYXNzIn19--29ad1e73432869d8ac5ac767a1432a4997b3cce3,ACTIVE,Tag=Balliu; source_color=Amarillo
balliu-update,balliu-tumbona-de-exterior-aluminio-d08586c1,Tumbona de exterior aluminio,Balliu,https://b0gsfsdyse43nzki-96767377732.shopifypreview.com/products_preview?preview_key=ae5e08e07314bf360cb6910ad5dd0c7d&_bt=eyJfcmFpbHMiOnsibWVzc2FnZSI6IkJBaEpJaUp0ZFdWaWJHVnpaWGgwWlhKcGIzSXViWGx6YUc5d2FXWjVMbU52YlFZNkJrVlUiLCJleHAiOiIyMDI2LTAzLTMwVDIyOjE3OjUyLjU5OFoiLCJwdXIiOiJwZXJtYW5lbnRfcGFzc3dvcmRfYnlwYXNzIn19--2cf6f506059eb545d681839b759f8d72536db5e2,ACTIVE,Tag=Balliu; source_color=Amarillo
balliu-update,balliu-tumbona-de-exterior-con-ruedas-aluminio-9e0f219d,Tumbona de exterior con ruedas aluminio,Balliu,https://b0gsfsdyse43nzki-96767377732.shopifypreview.com/products_preview?preview_key=5efdfb9f34f372676a4a988abd9b9fd8&_bt=eyJfcmFpbHMiOnsibWVzc2FnZSI6IkJBaEpJaUp0ZFdWaWJHVnpaWGgwWlhKcGIzSXViWGx6YUc5d2FXWjVMbU52YlFZNkJrVlUiLCJleHAiOiIyMDI2LTAzLTMwVDIyOjE3OjUyLjk1N1oiLCJwdXIiOiJwZXJtYW5lbnRfcGFzc3dvcmRfYnlwYXNzIn19--777d2e2e7fcdbec4259fd63f89f2503b6e678075,ACTIVE,Tag=Balliu; source_color=Amarillo
balliu-update,balliu-tumbona-de-exterior-con-ruedas-aluminio-58-cm-9064b7b9,Tumbona de exterior con ruedas aluminio | 58 cm,Balliu,https://b0gsfsdyse43nzki-96767377732.shopifypreview.com/products_preview?preview_key=2506548e7d6643f2c95635bde513ffc1&_bt=eyJfcmFpbHMiOnsibWVzc2FnZSI6IkJBaEpJaUp0ZFdWaWJHVnpaWGgwWlhKcGIzSXViWGx6YUc5d2FXWjVMbU52YlFZNkJrVlUiLCJleHAiOiIyMDI2LTAzLTMwVDIyOjE3OjUzLjQ1MloiLCJwdXIiOiJwZXJtYW5lbnRfcGFzc3dvcmRfYnlwYXNzIn19--02d358266701a9601671c97b032497e5b8565b1d,ACTIVE,Tag=Balliu; source_color=Verde
balliu-update,balliu-tumbona-de-exterior-aluminio-68-cm-f7ab4da8,Tumbona de exterior aluminio | 68 cm,Balliu,https://b0gsfsdyse43nzki-96767377732.shopifypreview.com/products_preview?preview_key=47bd14a6646ace08ede7e281cfdca8cc&_bt=eyJfcmFpbHMiOnsibWVzc2FnZSI6IkJBaEpJaUp0ZFdWaWJHVnpaWGgwWlhKcGIzSXViWGx6YUc5d2FXWjVMbU52YlFZNkJrVlUiLCJleHAiOiIyMDI2LTAzLTMwVDIyOjE3OjUzLjk3M1oiLCJwdXIiOiJwZXJtYW5lbnRfcGFzc3dvcmRfYnlwYXNzIn19--3c86c6cd3feb7c20592cc09770eefee8b4d5fbfd,ACTIVE,Tag=Balliu; source_color=Verde
balliu-update,balliu-tumbona-de-exterior-20620134,Tumbona de exterior,Balliu,https://b0gsfsdyse43nzki-96767377732.shopifypreview.com/products_preview?preview_key=cd1c6dd9c7ca9bf9dda618887baa2c03&_bt=eyJfcmFpbHMiOnsibWVzc2FnZSI6IkJBaEpJaUp0ZFdWaWJHVnpaWGgwWlhKcGIzSXViWGx6YUc5d2FXWjVMbU52YlFZNkJrVlUiLCJleHAiOiIyMDI2LTAzLTMwVDIyOjE3OjU0LjI3NFoiLCJwdXIiOiJwZXJtYW5lbnRfcGFzc3dvcmRfYnlwYXNzIn19--300e08522ff5ab5405682be0645857d65f7e9384,ACTIVE,Tag=Balliu; source_color=Rojo
balliu-update,balliu-mini-tumbona-de-exterior-aluminio-62-cm-5a6f53eb,Mini tumbona de exterior aluminio | 62 cm,Balliu,https://b0gsfsdyse43nzki-96767377732.shopifypreview.com/products_preview?preview_key=267eebf2e2394ea264594f6026e1661b&_bt=eyJfcmFpbHMiOnsibWVzc2FnZSI6IkJBaEpJaUp0ZFdWaWJHVnpaWGgwWlhKcGIzSXViWGx6YUc5d2FXWjVMbU52YlFZNkJrVlUiLCJleHAiOiIyMDI2LTAzLTMwVDIyOjE3OjU0Ljc5NFoiLCJwdXIiOiJwZXJtYW5lbnRfcGFzc3dvcmRfYnlwYXNzIn19--e99006ab76fbb9e977acd4d83cd002c083975f43,ACTIVE,Tag=Balliu; source_color=Verde
balliu-update,balliu-mini-tumbona-de-exterior-madera-59-cm-fa211c70,Mini tumbona de exterior madera | 59 cm,Balliu,https://b0gsfsdyse43nzki-96767377732.shopifypreview.com/products_preview?preview_key=8eb21b23ba49aa8acb724505d5c9267b&_bt=eyJfcmFpbHMiOnsibWVzc2FnZSI6IkJBaEpJaUp0ZFdWaWJHVnpaWGgwWlhKcGIzSXViWGx6YUc5d2FXWjVMbU52YlFZNkJrVlUiLCJleHAiOiIyMDI2LTAzLTMwVDIyOjE3OjU1LjMyMFoiLCJwdXIiOiJwZXJtYW5lbnRfcGFzc3dvcmRfYnlwYXNzIn19--03709510d598427c4feecf8724fe8e9ae475e83b,ACTIVE,Tag=Balliu; source_color=Verde
balliu-update,balliu-mini-tumbona-de-exterior-aluminio-57-cm-98ab84ce,Mini tumbona de exterior aluminio | 57 cm,Balliu,https://b0gsfsdyse43nzki-96767377732.shopifypreview.com/products_preview?preview_key=d93c91458759c4b53b3002ecbdfbd7c8&_bt=eyJfcmFpbHMiOnsibWVzc2FnZSI6IkJBaEpJaUp0ZFdWaWJHVnpaWGgwWlhKcGIzSXViWGx6YUc5d2FXWjVMbU52YlFZNkJrVlUiLCJleHAiOiIyMDI2LTAzLTMwVDIyOjE3OjU1LjgwOFoiLCJwdXIiOiJwZXJtYW5lbnRfcGFzc3dvcmRfYnlwYXNzIn19--0db9b500f7c35b79f6ac22f579177861d1a5e53e,ACTIVE,Tag=Balliu; source_color=Verde
balliu-update,balliu-cama-balinesa-exterior-aluminio-estilo-sofisticado-160-cm-2bd3a7a4,Cama balinesa exterior aluminio · estilo sofisticado | 160 cm,Balliu,https://b0gsfsdyse43nzki-96767377732.shopifypreview.com/products_preview?preview_key=f79758b603ca22d5c34fbdccbfe514ab&_bt=eyJfcmFpbHMiOnsibWVzc2FnZSI6IkJBaEpJaUp0ZFdWaWJHVnpaWGgwWlhKcGIzSXViWGx6YUc5d2FXWjVMbU52YlFZNkJrVlUiLCJleHAiOiIyMDI2LTAzLTMwVDIyOjE3OjU2LjI5MVoiLCJwdXIiOiJwZXJtYW5lbnRfcGFzc3dvcmRfYnlwYXNzIn19--b4c88e3abc557d9e7a6a35a1fe89b8a23b9560ce,ACTIVE,Tag=Balliu; source_color=Verde
balliu-update,balliu-cama-balinesa-exterior-aluminio-estilo-minimalista-198-cm-dcaf71d8,Cama balinesa exterior aluminio · estilo minimalista | 198 cm,Balliu,https://b0gsfsdyse43nzki-96767377732.shopifypreview.com/products_preview?preview_key=ba2c86c5a17d2fde53607f9bd97c2f7d&_bt=eyJfcmFpbHMiOnsibWVzc2FnZSI6IkJBaEpJaUp0ZFdWaWJHVnpaWGgwWlhKcGIzSXViWGx6YUc5d2FXWjVMbU52YlFZNkJrVlUiLCJleHAiOiIyMDI2LTAzLTMwVDIyOjE3OjU2Ljc3M1oiLCJwdXIiOiJwZXJtYW5lbnRfcGFzc3dvcmRfYnlwYXNzIn19--e912730fbc4a416c991bf1ff1a3b3390488df773,ACTIVE,Tag=Balliu; source_color=Verde
balliu-update,balliu-taburete-exterior-aluminio-estilo-elegante-56-cm-a66b4a0a,Taburete exterior aluminio · estilo elegante | 56 cm,Balliu,https://b0gsfsdyse43nzki-96767377732.shopifypreview.com/products_preview?preview_key=5c259afd670a2c18ef348f7780cded7d&_bt=eyJfcmFpbHMiOnsibWVzc2FnZSI6IkJBaEpJaUp0ZFdWaWJHVnpaWGgwWlhKcGIzSXViWGx6YUc5d2FXWjVMbU52YlFZNkJrVlUiLCJleHAiOiIyMDI2LTAzLTMwVDIyOjE3OjU3LjI5NloiLCJwdXIiOiJwZXJtYW5lbnRfcGFzc3dvcmRfYnlwYXNzIn19--4e596a66dfa60f092babded1b5c4e014b436fe9d,ACTIVE,Tag=Balliu; source_color=Verde
balliu-update,balliu-silla-exterior-con-brazos-aluminio-estilo-elegante-56-cm-5c88bd77,Silla exterior con brazos aluminio · estilo elegante | 56 cm,Balliu,https://b0gsfsdyse43nzki-96767377732.shopifypreview.com/products_preview?preview_key=2ae3e85454999707b5a2f4a8452580b3&_bt=eyJfcmFpbHMiOnsibWVzc2FnZSI6IkJBaEpJaUp0ZFdWaWJHVnpaWGgwWlhKcGIzSXViWGx6YUc5d2FXWjVMbU52YlFZNkJrVlUiLCJleHAiOiIyMDI2LTAzLTMwVDIyOjE3OjU3Ljc2MloiLCJwdXIiOiJwZXJtYW5lbnRfcGFzc3dvcmRfYnlwYXNzIn19--0afbf62842575acb2ae614c328967a5229ade1af,ACTIVE,Tag=Balliu; source_color=Verde
balliu-update,balliu-silla-exterior-con-brazos-aluminio-estilo-elegante-56-cm-eaf4a34a,Silla exterior con brazos aluminio · estilo elegante | 56 cm,Balliu,https://b0gsfsdyse43nzki-96767377732.shopifypreview.com/products_preview?preview_key=3fbe4a7a80d52fe235616d2f44d8220a&_bt=eyJfcmFpbHMiOnsibWVzc2FnZSI6IkJBaEpJaUp0ZFdWaWJHVnpaWGgwWlhKcGIzSXViWGx6YUc5d2FXWjVMbU52YlFZNkJrVlUiLCJleHAiOiIyMDI2LTAzLTMwVDIyOjE3OjU4LjMyM1oiLCJwdXIiOiJwZXJtYW5lbnRfcGFzc3dvcmRfYnlwYXNzIn19--80c81c05028fb1641573078f54f1d83afa51c765,ACTIVE,Tag=Balliu; source_color=Verde
balliu-update,balliu-silla-exterior-resina-estilo-minimalista-484cbea0,Silla exterior resina · estilo minimalista,Balliu,https://b0gsfsdyse43nzki-96767377732.shopifypreview.com/products_preview?preview_key=19691b54fa4132f764bf503e869faa68&_bt=eyJfcmFpbHMiOnsibWVzc2FnZSI6IkJBaEpJaUp0ZFdWaWJHVnpaWGgwWlhKcGIzSXViWGx6YUc5d2FXWjVMbU52YlFZNkJrVlUiLCJleHAiOiIyMDI2LTAzLTMwVDIyOjE3OjU4LjkwNVoiLCJwdXIiOiJwZXJtYW5lbnRfcGFzc3dvcmRfYnlwYXNzIn19--f74608e284b89f37119f7f853f10b48eb0b95895,ACTIVE,Tag=Balliu; source_color=Verde
balliu-update,balliu-silla-exterior-resina-estilo-minimalista-611d28cc,Silla exterior resina · estilo minimalista,Balliu,https://b0gsfsdyse43nzki-96767377732.shopifypreview.com/products_preview?preview_key=ca831e959f60ef287618ec824c16e969&_bt=eyJfcmFpbHMiOnsibWVzc2FnZSI6IkJBaEpJaUp0ZFdWaWJHVnpaWGgwWlhKcGIzSXViWGx6YUc5d2FXWjVMbU52YlFZNkJrVlUiLCJleHAiOiIyMDI2LTAzLTMwVDIyOjE3OjU5LjQ4M1oiLCJwdXIiOiJwZXJtYW5lbnRfcGFzc3dvcmRfYnlwYXNzIn19--ac19fe23e54c28811803bdbba130b223847e249b,ACTIVE,Tag=Balliu; source_color=Verde
balliu-update,balliu-silla-exterior-resina-estilo-clasico-57-cm-8164cc65,Silla exterior resina · estilo clásico | 57 cm,Balliu,https://b0gsfsdyse43nzki-96767377732.shopifypreview.com/products_preview?preview_key=f910a3578d8a6eec49115db89d4a03fc&_bt=eyJfcmFpbHMiOnsibWVzc2FnZSI6IkJBaEpJaUp0ZFdWaWJHVnpaWGgwWlhKcGIzSXViWGx6YUc5d2FXWjVMbU52YlFZNkJrVlUiLCJleHAiOiIyMDI2LTAzLTMwVDIyOjE4OjAwLjE1MloiLCJwdXIiOiJwZXJtYW5lbnRfcGFzc3dvcmRfYnlwYXNzIn19--5e28800fe53ae3dbc8240d19bfe9769266011235,ACTIVE,Tag=Balliu; source_color=Verde
balliu-update,balliu-silla-exterior-resina-estilo-clasico-57-cm-5f329445,Silla exterior resina · estilo clásico | 57 cm,Balliu,https://b0gsfsdyse43nzki-96767377732.shopifypreview.com/products_preview?preview_key=e091879b13c93ff2848e4ad16728349a&_bt=eyJfcmFpbHMiOnsibWVzc2FnZSI6IkJBaEpJaUp0ZFdWaWJHVnpaWGgwWlhKcGIzSXViWGx6YUc5d2FXWjVMbU52YlFZNkJrVlUiLCJleHAiOiIyMDI2LTAzLTMwVDIyOjE4OjAwLjYyNFoiLCJwdXIiOiJwZXJtYW5lbnRfcGFzc3dvcmRfYnlwYXNzIn19--9385ef529f9ce9dbe93b9e5ac898eb7e439b03fd,ACTIVE,Tag=Balliu; source_color=Verde
balliu-update,balliu-silla-exterior-resina-estilo-funcional-0b607ec7,Silla exterior resina · estilo funcional,Balliu,https://b0gsfsdyse43nzki-96767377732.shopifypreview.com/products_preview?preview_key=f3489740d2fb2829bb57d7b219e04291&_bt=eyJfcmFpbHMiOnsibWVzc2FnZSI6IkJBaEpJaUp0ZFdWaWJHVnpaWGgwWlhKcGIzSXViWGx6YUc5d2FXWjVMbU52YlFZNkJrVlUiLCJleHAiOiIyMDI2LTAzLTMwVDIyOjE4OjAwLjkzMFoiLCJwdXIiOiJwZXJtYW5lbnRfcGFzc3dvcmRfYnlwYXNzIn19--44273108a6bde6277483a68a558196a496808812,ACTIVE,Tag=Balliu; source_color=Amarillo
balliu-update,balliu-silla-exterior-resina-estilo-funcional-5fda60b0,Silla exterior resina · estilo funcional,Balliu,https://b0gsfsdyse43nzki-96767377732.shopifypreview.com/products_preview?preview_key=30db2924c1c7d262670755ee135e7743&_bt=eyJfcmFpbHMiOnsibWVzc2FnZSI6IkJBaEpJaUp0ZFdWaWJHVnpaWGgwWlhKcGIzSXViWGx6YUc5d2FXWjVMbU52YlFZNkJrVlUiLCJleHAiOiIyMDI2LTAzLTMwVDIyOjE4OjAxLjI1M1oiLCJwdXIiOiJwZXJtYW5lbnRfcGFzc3dvcmRfYnlwYXNzIn19--6e1d8f5162d9710af1fc71330743876ce0e767bc,ACTIVE,Tag=Balliu; source_color=Amarillo
balliu-update,balliu-silla-exterior-sin-brazos-resina-estilo-contemporaneo-49-cm-af080e9c,Silla exterior sin brazos resina · estilo contemporáneo | 49 cm,Balliu,https://b0gsfsdyse43nzki-96767377732.shopifypreview.com/products_preview?preview_key=8fdf18527739729705df72a158700b2e&_bt=eyJfcmFpbHMiOnsibWVzc2FnZSI6IkJBaEpJaUp0ZFdWaWJHVnpaWGgwWlhKcGIzSXViWGx6YUc5d2FXWjVMbU52YlFZNkJrVlUiLCJleHAiOiIyMDI2LTAzLTMwVDIyOjE4OjAxLjY5MVoiLCJwdXIiOiJwZXJtYW5lbnRfcGFzc3dvcmRfYnlwYXNzIn19--4ea7805ee4dc2b354ed080d11827687bee5e45e8,ACTIVE,Tag=Balliu; source_color=Verde
balliu-update,balliu-silla-exterior-con-brazos-resina-estilo-contemporaneo-49-cm-d52becc5,Silla exterior con brazos resina · estilo contemporáneo | 49 cm,Balliu,https://b0gsfsdyse43nzki-96767377732.shopifypreview.com/products_preview?preview_key=86e7271409c3b415b41809d3cc24b7e6&_bt=eyJfcmFpbHMiOnsibWVzc2FnZSI6IkJBaEpJaUp0ZFdWaWJHVnpaWGgwWlhKcGIzSXViWGx6YUc5d2FXWjVMbU52YlFZNkJrVlUiLCJleHAiOiIyMDI2LTAzLTMwVDIyOjE4OjAyLjE2MFoiLCJwdXIiOiJwZXJtYW5lbnRfcGFzc3dvcmRfYnlwYXNzIn19--1c67d9ccb0d4875847cae30028587d2769f93910,ACTIVE,Tag=Balliu; source_color=Verde
balliu-update,balliu-silla-exterior-sin-brazos-resina-estilo-funcional-daabcdaf,Silla exterior sin brazos resina · estilo funcional,Balliu,https://b0gsfsdyse43nzki-96767377732.shopifypreview.com/products_preview?preview_key=0bcc372bf4b33a517d71ba5ef2873a67&_bt=eyJfcmFpbHMiOnsibWVzc2FnZSI6IkJBaEpJaUp0ZFdWaWJHVnpaWGgwWlhKcGIzSXViWGx6YUc5d2FXWjVMbU52YlFZNkJrVlUiLCJleHAiOiIyMDI2LTAzLTMwVDIyOjE4OjAyLjYwN1oiLCJwdXIiOiJwZXJtYW5lbnRfcGFzc3dvcmRfYnlwYXNzIn19--6fa811bb71e5bf05e66dbbdd32da2dd4d9970f95,ACTIVE,Tag=Balliu; source_color=Verde
balliu-update,balliu-silla-exterior-con-brazos-resina-estilo-funcional-75353330,Silla exterior con brazos resina · estilo funcional,Balliu,https://b0gsfsdyse43nzki-96767377732.shopifypreview.com/products_preview?preview_key=14f0791743570c21993e4ba9d1953bf2&_bt=eyJfcmFpbHMiOnsibWVzc2FnZSI6IkJBaEpJaUp0ZFdWaWJHVnpaWGgwWlhKcGIzSXViWGx6YUc5d2FXWjVMbU52YlFZNkJrVlUiLCJleHAiOiIyMDI2LTAzLTMwVDIyOjE4OjAzLjIxMFoiLCJwdXIiOiJwZXJtYW5lbnRfcGFzc3dvcmRfYnlwYXNzIn19--ece5e0db1bdddd13421b3f548286ef1d8f1795bb,ACTIVE,Tag=Balliu; source_color=Verde
balliu-update,balliu-silla-exterior-con-brazos-resina-estilo-funcional-51f30794,Silla exterior con brazos resina · estilo funcional,Balliu,https://b0gsfsdyse43nzki-96767377732.shopifypreview.com/products_preview?preview_key=8d6ada9f43bf8c66bdca3f8f6bb9230a&_bt=eyJfcmFpbHMiOnsibWVzc2FnZSI6IkJBaEpJaUp0ZFdWaWJHVnpaWGgwWlhKcGIzSXViWGx6YUc5d2FXWjVMbU52YlFZNkJrVlUiLCJleHAiOiIyMDI2LTAzLTMwVDIyOjE4OjAzLjczMVoiLCJwdXIiOiJwZXJtYW5lbnRfcGFzc3dvcmRfYnlwYXNzIn19--13e70cf3f57067ec22b94b3e6b5ff46edb3dfb20,ACTIVE,Tag=Balliu; source_color=Verde
balliu-update,balliu-silla-exterior-sin-brazos-estilo-contemporaneo-53-cm-cd07e7d6,Silla exterior sin brazos · estilo contemporáneo | 53 cm,Balliu,https://b0gsfsdyse43nzki-96767377732.shopifypreview.com/products_preview?preview_key=196c9f3d1ed9dc5bd1f83c712a4209f2&_bt=eyJfcmFpbHMiOnsibWVzc2FnZSI6IkJBaEpJaUp0ZFdWaWJHVnpaWGgwWlhKcGIzSXViWGx6YUc5d2FXWjVMbU52YlFZNkJrVlUiLCJleHAiOiIyMDI2LTAzLTMwVDIyOjE4OjA0LjI0MFoiLCJwdXIiOiJwZXJtYW5lbnRfcGFzc3dvcmRfYnlwYXNzIn19--6bb707e6e8e164e76cc6f82d920e2e7fdb286841,ACTIVE,Tag=Balliu; source_color=Amarillo
balliu-update,balliu-silla-exterior-con-brazos-estilo-contemporaneo-53-cm-c654c52f,Silla exterior con brazos · estilo contemporáneo | 53 cm,Balliu,https://b0gsfsdyse43nzki-96767377732.shopifypreview.com/products_preview?preview_key=8056a5ed2c0b2d1f05e4a95a6e44a6e1&_bt=eyJfcmFpbHMiOnsibWVzc2FnZSI6IkJBaEpJaUp0ZFdWaWJHVnpaWGgwWlhKcGIzSXViWGx6YUc5d2FXWjVMbU52YlFZNkJrVlUiLCJleHAiOiIyMDI2LTAzLTMwVDIyOjE4OjA0Ljc3OFoiLCJwdXIiOiJwZXJtYW5lbnRfcGFzc3dvcmRfYnlwYXNzIn19--e0b216ac08c664c7b25d2290d57f5708952e7b36,ACTIVE,Tag=Balliu; source_color=Amarillo
balliu-update,balliu-silla-exterior-con-brazos-resina-estilo-funcional-94b6e5b5,Silla exterior con brazos resina · estilo funcional,Balliu,https://b0gsfsdyse43nzki-96767377732.shopifypreview.com/products_preview?preview_key=553b53d8af5a8b72f392e3ec0dc1db3c&_bt=eyJfcmFpbHMiOnsibWVzc2FnZSI6IkJBaEpJaUp0ZFdWaWJHVnpaWGgwWlhKcGIzSXViWGx6YUc5d2FXWjVMbU52YlFZNkJrVlUiLCJleHAiOiIyMDI2LTAzLTMwVDIyOjE4OjA1LjE2N1oiLCJwdXIiOiJwZXJtYW5lbnRfcGFzc3dvcmRfYnlwYXNzIn19--5e0370fdb4ae3b04ec56fe128a1a371d398ae3ad,ACTIVE,Tag=Balliu; source_color=Rojo
balliu-update,balliu-silla-exterior-con-brazos-aluminio-estilo-elegante-58-cm-bc0c02ec,Silla exterior con brazos aluminio · estilo elegante | 58 cm,Balliu,https://b0gsfsdyse43nzki-96767377732.shopifypreview.com/products_preview?preview_key=2b0677e784a51213fc5a50b66482fe61&_bt=eyJfcmFpbHMiOnsibWVzc2FnZSI6IkJBaEpJaUp0ZFdWaWJHVnpaWGgwWlhKcGIzSXViWGx6YUc5d2FXWjVMbU52YlFZNkJrVlUiLCJleHAiOiIyMDI2LTAzLTMwVDIyOjE4OjA1LjYzMVoiLCJwdXIiOiJwZXJtYW5lbnRfcGFzc3dvcmRfYnlwYXNzIn19--eddd72405689de588a6d28863c39a1b5b29bd8ae,ACTIVE,Tag=Balliu; source_color=Verde
balliu-create,balliu-silla-exterior-con-brazos-resina-estilo-funcional-94b6e5b5-2,Silla exterior con brazos resina · estilo funcional,Balliu,https://b0gsfsdyse43nzki-96767377732.shopifypreview.com/products_preview?preview_key=72b6b73d7d6cac0edbc7b4b42a45e300&_bt=eyJfcmFpbHMiOnsibWVzc2FnZSI6IkJBaEpJaUp0ZFdWaWJHVnpaWGgwWlhKcGIzSXViWGx6YUc5d2FXWjVMbU52YlFZNkJrVlUiLCJleHAiOiIyMDI2LTAzLTMwVDIyOjE4OjA2LjE4MloiLCJwdXIiOiJwZXJtYW5lbnRfcGFzc3dvcmRfYnlwYXNzIn19--07367da2a26bc9a1a39122e7d75c0b564e0dd450,ACTIVE,Tag=Balliu; source_color=Rojo
balliu-update,balliu-silla-exterior-aluminio-estilo-contemporaneo-afd89221,Silla exterior aluminio · estilo contemporáneo,Balliu,https://b0gsfsdyse43nzki-96767377732.shopifypreview.com/products_preview?preview_key=6af97714755fe16bfe33c7c38e9c8b5f&_bt=eyJfcmFpbHMiOnsibWVzc2FnZSI6IkJBaEpJaUp0ZFdWaWJHVnpaWGgwWlhKcGIzSXViWGx6YUc5d2FXWjVMbU52YlFZNkJrVlUiLCJleHAiOiIyMDI2LTAzLTMwVDIyOjE4OjA2LjUyM1oiLCJwdXIiOiJwZXJtYW5lbnRfcGFzc3dvcmRfYnlwYXNzIn19--402e3157af092cc4bc99c2974c761f2b399642ce,ACTIVE,Tag=Balliu; source_color=Rojo
balliu-update,balliu-mesa-exterior-aluminio-9e30ca7f,Mesa exterior aluminio,Balliu,https://b0gsfsdyse43nzki-96767377732.shopifypreview.com/products_preview?preview_key=a1ff69a60c3c408a7f9bd4e14b15082f&_bt=eyJfcmFpbHMiOnsibWVzc2FnZSI6IkJBaEpJaUp0ZFdWaWJHVnpaWGgwWlhKcGIzSXViWGx6YUc5d2FXWjVMbU52YlFZNkJrVlUiLCJleHAiOiIyMDI2LTAzLTMwVDIyOjE4OjA2Ljg1OFoiLCJwdXIiOiJwZXJtYW5lbnRfcGFzc3dvcmRfYnlwYXNzIn19--c277650a3cd71fbed5d5fa24f18eb80f83b3449f,ACTIVE,Tag=Balliu; source_color=Rojo
balliu-update,balliu-mesa-exterior-5d0fb586,Mesa exterior,Balliu,https://b0gsfsdyse43nzki-96767377732.shopifypreview.com/products_preview?preview_key=64a77a9cd4d9a932c982c0cd43af5fc8&_bt=eyJfcmFpbHMiOnsibWVzc2FnZSI6IkJBaEpJaUp0ZFdWaWJHVnpaWGgwWlhKcGIzSXViWGx6YUc5d2FXWjVMbU52YlFZNkJrVlUiLCJleHAiOiIyMDI2LTAzLTMwVDIyOjE4OjA3LjE3M1oiLCJwdXIiOiJwZXJtYW5lbnRfcGFzc3dvcmRfYnlwYXNzIn19--f38a4c51f5a5d1dbed5a5a8b25b1fbd99b572a24,ACTIVE,Tag=Balliu; source_color=Rojo
balliu-update,balliu-mesa-exterior-1cf4d3d5,Mesa exterior,Balliu,https://b0gsfsdyse43nzki-96767377732.shopifypreview.com/products_preview?preview_key=fe2907977a3fd978ecf20febbcb74d45&_bt=eyJfcmFpbHMiOnsibWVzc2FnZSI6IkJBaEpJaUp0ZFdWaWJHVnpaWGgwWlhKcGIzSXViWGx6YUc5d2FXWjVMbU52YlFZNkJrVlUiLCJleHAiOiIyMDI2LTAzLTMwVDIyOjE4OjA3LjQ5NloiLCJwdXIiOiJwZXJtYW5lbnRfcGFzc3dvcmRfYnlwYXNzIn19--17445c67857c32844e0a483eae37c33b670a4936,ACTIVE,Tag=Balliu; source_color=Rojo
balliu-update,balliu-mesa-auxiliar-exterior-resina-48-cm-de421a42,Mesa auxiliar exterior resina | 48 cm,Balliu,https://b0gsfsdyse43nzki-96767377732.shopifypreview.com/products_preview?preview_key=14004da6fef69a26822f75869b32715c&_bt=eyJfcmFpbHMiOnsibWVzc2FnZSI6IkJBaEpJaUp0ZFdWaWJHVnpaWGgwWlhKcGIzSXViWGx6YUc5d2FXWjVMbU52YlFZNkJrVlUiLCJleHAiOiIyMDI2LTAzLTMwVDIyOjE4OjA4LjAwNVoiLCJwdXIiOiJwZXJtYW5lbnRfcGFzc3dvcmRfYnlwYXNzIn19--dc2c52fd37a458afaa6da27908d4944b00609412,ACTIVE,Tag=Balliu; source_color=Verde
balliu-update,balliu-mesa-auxiliar-exterior-resina-48-cm-911a77ba,Mesa auxiliar exterior resina | 48 cm,Balliu,https://b0gsfsdyse43nzki-96767377732.shopifypreview.com/products_preview?preview_key=79ba31163bf325614944c351078a98ee&_bt=eyJfcmFpbHMiOnsibWVzc2FnZSI6IkJBaEpJaUp0ZFdWaWJHVnpaWGgwWlhKcGIzSXViWGx6YUc5d2FXWjVMbU52YlFZNkJrVlUiLCJleHAiOiIyMDI2LTAzLTMwVDIyOjE4OjA4LjUwMloiLCJwdXIiOiJwZXJtYW5lbnRfcGFzc3dvcmRfYnlwYXNzIn19--07e79d064810587b2b144b4a2cc2b3e6a5481e07,ACTIVE,Tag=Balliu; source_color=Verde
balliu-update,balliu-mesa-auxiliar-exterior-resina-48-cm-35554775,Mesa auxiliar exterior resina | 48 cm,Balliu,https://b0gsfsdyse43nzki-96767377732.shopifypreview.com/products_preview?preview_key=c563a4de40da817ece745e76d0cbd360&_bt=eyJfcmFpbHMiOnsibWVzc2FnZSI6IkJBaEpJaUp0ZFdWaWJHVnpaWGgwWlhKcGIzSXViWGx6YUc5d2FXWjVMbU52YlFZNkJrVlUiLCJleHAiOiIyMDI2LTAzLTMwVDIyOjE4OjA4LjkzOVoiLCJwdXIiOiJwZXJtYW5lbnRfcGFzc3dvcmRfYnlwYXNzIn19--7201a58c14f1200c07775f35d9cde753f40e8b0d,ACTIVE,Tag=Balliu; source_color=Amarillo
balliu-update,balliu-mesa-auxiliar-exterior-resina-48-cm-25cd2ede,Mesa auxiliar exterior resina | 48 cm,Balliu,https://b0gsfsdyse43nzki-96767377732.shopifypreview.com/products_preview?preview_key=7f803ffeceec4a6a8c2afd2f53a0f0b1&_bt=eyJfcmFpbHMiOnsibWVzc2FnZSI6IkJBaEpJaUp0ZFdWaWJHVnpaWGgwWlhKcGIzSXViWGx6YUc5d2FXWjVMbU52YlFZNkJrVlUiLCJleHAiOiIyMDI2LTAzLTMwVDIyOjE4OjEwLjE5OVoiLCJwdXIiOiJwZXJtYW5lbnRfcGFzc3dvcmRfYnlwYXNzIn19--822ae399c388bb74a808882c66cf0b11f1010ba6,ACTIVE,Tag=Balliu; source_color=Amarillo
balliu-update,balliu-mesa-auxiliar-exterior-aluminio-54-cm-6c7a42d9,Mesa auxiliar exterior aluminio | 54 cm,Balliu,https://b0gsfsdyse43nzki-96767377732.shopifypreview.com/products_preview?preview_key=910dc7c56132c62bea695efe994a37c6&_bt=eyJfcmFpbHMiOnsibWVzc2FnZSI6IkJBaEpJaUp0ZFdWaWJHVnpaWGgwWlhKcGIzSXViWGx6YUc5d2FXWjVMbU52YlFZNkJrVlUiLCJleHAiOiIyMDI2LTAzLTMwVDIyOjE4OjEwLjY1MloiLCJwdXIiOiJwZXJtYW5lbnRfcGFzc3dvcmRfYnlwYXNzIn19--e1b43c2757adf68628cd527deb706c8ddcc4ccaa,ACTIVE,Tag=Balliu; source_color=Verde
balliu-update,balliu-mesa-auxiliar-exterior-aluminio-90b11e5b,Mesa auxiliar exterior aluminio,Balliu,https://b0gsfsdyse43nzki-96767377732.shopifypreview.com/products_preview?preview_key=a9bc3983d0c0b7f8beb7c2cf092d5f05&_bt=eyJfcmFpbHMiOnsibWVzc2FnZSI6IkJBaEpJaUp0ZFdWaWJHVnpaWGgwWlhKcGIzSXViWGx6YUc5d2FXWjVMbU52YlFZNkJrVlUiLCJleHAiOiIyMDI2LTAzLTMwVDIyOjE4OjExLjE1M1oiLCJwdXIiOiJwZXJtYW5lbnRfcGFzc3dvcmRfYnlwYXNzIn19--701a1b175354578a5cc9c8619309b3b4f5ddecc9,ACTIVE,Tag=Balliu; source_color=Verde
balliu-update,balliu-mesa-auxiliar-exterior-aluminio-27ce9446,Mesa auxiliar exterior aluminio,Balliu,https://b0gsfsdyse43nzki-96767377732.shopifypreview.com/products_preview?preview_key=1a2ee9a372451c2435159fd39389273d&_bt=eyJfcmFpbHMiOnsibWVzc2FnZSI6IkJBaEpJaUp0ZFdWaWJHVnpaWGgwWlhKcGIzSXViWGx6YUc5d2FXWjVMbU52YlFZNkJrVlUiLCJleHAiOiIyMDI2LTAzLTMwVDIyOjE4OjExLjYyNFoiLCJwdXIiOiJwZXJtYW5lbnRfcGFzc3dvcmRfYnlwYXNzIn19--0c52875dbbcc309ac9d1c9a84d01dbdf9ec08330,ACTIVE,Tag=Balliu; source_color=Verde
balliu-update,balliu-mesa-auxiliar-exterior-aluminio-60-cm-c5331ce8,Mesa auxiliar exterior aluminio | 60 cm,Balliu,https://b0gsfsdyse43nzki-96767377732.shopifypreview.com/products_preview?preview_key=045cdf84e902e362182b785a3106403a&_bt=eyJfcmFpbHMiOnsibWVzc2FnZSI6IkJBaEpJaUp0ZFdWaWJHVnpaWGgwWlhKcGIzSXViWGx6YUc5d2FXWjVMbU52YlFZNkJrVlUiLCJleHAiOiIyMDI2LTAzLTMwVDIyOjE4OjEyLjA5MloiLCJwdXIiOiJwZXJtYW5lbnRfcGFzc3dvcmRfYnlwYXNzIn19--f1e3c4592aee9dbe2648bd897f71a5002530588e,ACTIVE,Tag=Balliu; source_color=Verde
balliu-update,balliu-mesa-auxiliar-exterior-aluminio-60-cm-7664d255,Mesa auxiliar exterior aluminio | 60 cm,Balliu,https://b0gsfsdyse43nzki-96767377732.shopifypreview.com/products_preview?preview_key=8e3afaf4ac54cfe47517e3bf28003462&_bt=eyJfcmFpbHMiOnsibWVzc2FnZSI6IkJBaEpJaUp0ZFdWaWJHVnpaWGgwWlhKcGIzSXViWGx6YUc5d2FXWjVMbU52YlFZNkJrVlUiLCJleHAiOiIyMDI2LTAzLTMwVDIyOjE4OjEyLjY0MVoiLCJwdXIiOiJwZXJtYW5lbnRfcGFzc3dvcmRfYnlwYXNzIn19--fc1636a15a3e92edb6a09d9754b2f3ea741b694e,ACTIVE,Tag=Balliu; source_color=Verde
balliu-update,balliu-mesa-auxiliar-exterior-aluminio-60-cm-9c991818,Mesa auxiliar exterior aluminio | 60 cm,Balliu,https://b0gsfsdyse43nzki-96767377732.shopifypreview.com/products_preview?preview_key=7c23d1a65a7ef2966f8335bc3f3b257f&_bt=eyJfcmFpbHMiOnsibWVzc2FnZSI6IkJBaEpJaUp0ZFdWaWJHVnpaWGgwWlhKcGIzSXViWGx6YUc5d2FXWjVMbU52YlFZNkJrVlUiLCJleHAiOiIyMDI2LTAzLTMwVDIyOjE4OjEzLjE0MloiLCJwdXIiOiJwZXJtYW5lbnRfcGFzc3dvcmRfYnlwYXNzIn19--280cc4cbcb8829942f26280a56bf750ec363d805,ACTIVE,Tag=Balliu; source_color=Verde
balliu-update,balliu-mesa-exterior-resina-70-cm-33ce1613,Mesa exterior resina | Ø70 cm,Balliu,https://b0gsfsdyse43nzki-96767377732.shopifypreview.com/products_preview?preview_key=031cdbd0f9a3e8ce3e36636af12327f8&_bt=eyJfcmFpbHMiOnsibWVzc2FnZSI6IkJBaEpJaUp0ZFdWaWJHVnpaWGgwWlhKcGIzSXViWGx6YUc5d2FXWjVMbU52YlFZNkJrVlUiLCJleHAiOiIyMDI2LTAzLTMwVDIyOjE4OjEzLjYwNFoiLCJwdXIiOiJwZXJtYW5lbnRfcGFzc3dvcmRfYnlwYXNzIn19--60f77b4b2b68ff69834b8c82a2e77c562f5fc3a6,ACTIVE,Tag=Balliu; source_color=Verde
balliu-update,balliu-mesa-exterior-resina-80-cm-eb565c3e,Mesa exterior resina | Ø80 cm,Balliu,https://b0gsfsdyse43nzki-96767377732.shopifypreview.com/products_preview?preview_key=b9390a8c4e92112b563e6be4e04e9c26&_bt=eyJfcmFpbHMiOnsibWVzc2FnZSI6IkJBaEpJaUp0ZFdWaWJHVnpaWGgwWlhKcGIzSXViWGx6YUc5d2FXWjVMbU52YlFZNkJrVlUiLCJleHAiOiIyMDI2LTAzLTMwVDIyOjE4OjE0LjE4NloiLCJwdXIiOiJwZXJtYW5lbnRfcGFzc3dvcmRfYnlwYXNzIn19--254558108fa4ba797100f7efa6d228bf49f01ea3,ACTIVE,Tag=Balliu; source_color=Verde
balliu-update,balliu-mesa-exterior-resina-90-cm-871df608,Mesa exterior resina | Ø90 cm,Balliu,https://b0gsfsdyse43nzki-96767377732.shopifypreview.com/products_preview?preview_key=e25946f918e37852c1231fe2546645e2&_bt=eyJfcmFpbHMiOnsibWVzc2FnZSI6IkJBaEpJaUp0ZFdWaWJHVnpaWGgwWlhKcGIzSXViWGx6YUc5d2FXWjVMbU52YlFZNkJrVlUiLCJleHAiOiIyMDI2LTAzLTMwVDIyOjE4OjE0LjcxMFoiLCJwdXIiOiJwZXJtYW5lbnRfcGFzc3dvcmRfYnlwYXNzIn19--6727076f253bee1a5510c4f54b0078b06a9751cd,ACTIVE,Tag=Balliu; source_color=Verde
balliu-update,balliu-mesa-exterior-resina-7070-cm-7ab14c9a,Mesa exterior resina | 70×70 cm,Balliu,https://b0gsfsdyse43nzki-96767377732.shopifypreview.com/products_preview?preview_key=6f1f8033bb9754d4455554d4982ec0af&_bt=eyJfcmFpbHMiOnsibWVzc2FnZSI6IkJBaEpJaUp0ZFdWaWJHVnpaWGgwWlhKcGIzSXViWGx6YUc5d2FXWjVMbU52YlFZNkJrVlUiLCJleHAiOiIyMDI2LTAzLTMwVDIyOjE4OjE1LjE3NVoiLCJwdXIiOiJwZXJtYW5lbnRfcGFzc3dvcmRfYnlwYXNzIn19--d79a4af9f2c8f0be769186a11098d48add6bc56d,ACTIVE,Tag=Balliu; source_color=Verde
balliu-update,balliu-mesa-exterior-resina-8080-cm-1a5a5005,Mesa exterior resina | 80×80 cm,Balliu,https://b0gsfsdyse43nzki-96767377732.shopifypreview.com/products_preview?preview_key=0b8cc7f79265e581b563500adfac2fcf&_bt=eyJfcmFpbHMiOnsibWVzc2FnZSI6IkJBaEpJaUp0ZFdWaWJHVnpaWGgwWlhKcGIzSXViWGx6YUc5d2FXWjVMbU52YlFZNkJrVlUiLCJleHAiOiIyMDI2LTAzLTMwVDIyOjE4OjE1Ljc0OVoiLCJwdXIiOiJwZXJtYW5lbnRfcGFzc3dvcmRfYnlwYXNzIn19--62c050ea494c4b32f0f48004835ce53c9ee80b3e,ACTIVE,Tag=Balliu; source_color=Verde
balliu-update,balliu-mesa-exterior-resina-12080-cm-747885bd,Mesa exterior resina | 120×80 cm,Balliu,https://b0gsfsdyse43nzki-96767377732.shopifypreview.com/products_preview?preview_key=c1346cf23619420d0524ff5fdb3fcce7&_bt=eyJfcmFpbHMiOnsibWVzc2FnZSI6IkJBaEpJaUp0ZFdWaWJHVnpaWGgwWlhKcGIzSXViWGx6YUc5d2FXWjVMbU52YlFZNkJrVlUiLCJleHAiOiIyMDI2LTAzLTMwVDIyOjE4OjE2LjIxMloiLCJwdXIiOiJwZXJtYW5lbnRfcGFzc3dvcmRfYnlwYXNzIn19--c9f19aba21b3e780d3ae50224e6cc368bdf63535,ACTIVE,Tag=Balliu; source_color=Verde
balliu-update,balliu-mesa-exterior-aluminio-8080-cm-ef580ae2,Mesa exterior aluminio | 80×80 cm,Balliu,https://b0gsfsdyse43nzki-96767377732.shopifypreview.com/products_preview?preview_key=7125d25362d928760bf1cb86276fe425&_bt=eyJfcmFpbHMiOnsibWVzc2FnZSI6IkJBaEpJaUp0ZFdWaWJHVnpaWGgwWlhKcGIzSXViWGx6YUc5d2FXWjVMbU52YlFZNkJrVlUiLCJleHAiOiIyMDI2LTAzLTMwVDIyOjE4OjE2LjY3NVoiLCJwdXIiOiJwZXJtYW5lbnRfcGFzc3dvcmRfYnlwYXNzIn19--12800e8ae120f0f84a63244aaac2c241d73c5a4b,ACTIVE,Tag=Balliu; source_color=Verde
balliu-update,balliu-mesa-exterior-aluminio-8080-cm-fce3b8bd,Mesa exterior aluminio | 80×80 cm,Balliu,https://b0gsfsdyse43nzki-96767377732.shopifypreview.com/products_preview?preview_key=da1779aeada8d88460eb2d046d783741&_bt=eyJfcmFpbHMiOnsibWVzc2FnZSI6IkJBaEpJaUp0ZFdWaWJHVnpaWGgwWlhKcGIzSXViWGx6YUc5d2FXWjVMbU52YlFZNkJrVlUiLCJleHAiOiIyMDI2LTAzLTMwVDIyOjE4OjE3LjE2OVoiLCJwdXIiOiJwZXJtYW5lbnRfcGFzc3dvcmRfYnlwYXNzIn19--7f89b26478b18ce3f0158caf5f7a663c57a84ef9,ACTIVE,Tag=Balliu; source_color=Verde
balliu-update,balliu-mesa-exterior-aluminio-13080-cm-df7c872b,Mesa exterior aluminio | 130×80 cm,Balliu,https://b0gsfsdyse43nzki-96767377732.shopifypreview.com/products_preview?preview_key=7b482675f292424869d4247d5d6c4230&_bt=eyJfcmFpbHMiOnsibWVzc2FnZSI6IkJBaEpJaUp0ZFdWaWJHVnpaWGgwWlhKcGIzSXViWGx6YUc5d2FXWjVMbU52YlFZNkJrVlUiLCJleHAiOiIyMDI2LTAzLTMwVDIyOjE4OjE3LjYyNFoiLCJwdXIiOiJwZXJtYW5lbnRfcGFzc3dvcmRfYnlwYXNzIn19--f27055c014cd0563364aabd75d4ed23c495c18cd,ACTIVE,Tag=Balliu; source_color=Verde
balliu-update,balliu-mesa-exterior-aluminio-13080-cm-5068224e,Mesa exterior aluminio | 130×80 cm,Balliu,https://b0gsfsdyse43nzki-96767377732.shopifypreview.com/products_preview?preview_key=acf1d0e00ad42ad977ce5190f57e4bfe&_bt=eyJfcmFpbHMiOnsibWVzc2FnZSI6IkJBaEpJaUp0ZFdWaWJHVnpaWGgwWlhKcGIzSXViWGx6YUc5d2FXWjVMbU52YlFZNkJrVlUiLCJleHAiOiIyMDI2LTAzLTMwVDIyOjE4OjE4LjEzM1oiLCJwdXIiOiJwZXJtYW5lbnRfcGFzc3dvcmRfYnlwYXNzIn19--3141e5de3230a7cccf5dcdbab0c9564878bd0a4f,ACTIVE,Tag=Balliu; source_color=Verde
balliu-update,balliu-mesa-exterior-aluminio-16090-cm-11303f43,Mesa exterior aluminio | 160×90 cm,Balliu,https://b0gsfsdyse43nzki-96767377732.shopifypreview.com/products_preview?preview_key=4c62fadb8989eae40415a84852640d8a&_bt=eyJfcmFpbHMiOnsibWVzc2FnZSI6IkJBaEpJaUp0ZFdWaWJHVnpaWGgwWlhKcGIzSXViWGx6YUc5d2FXWjVMbU52YlFZNkJrVlUiLCJleHAiOiIyMDI2LTAzLTMwVDIyOjE4OjE4LjYwNloiLCJwdXIiOiJwZXJtYW5lbnRfcGFzc3dvcmRfYnlwYXNzIn19--8b38b7dcfd1d68b29d44ac7847f6ea12226e7828,ACTIVE,Tag=Balliu; source_color=Verde
balliu-update,balliu-mesa-exterior-aluminio-16090-cm-c39e3349,Mesa exterior aluminio | 160×90 cm,Balliu,https://b0gsfsdyse43nzki-96767377732.shopifypreview.com/products_preview?preview_key=56b2c3b1acd002c6ac1314f174928599&_bt=eyJfcmFpbHMiOnsibWVzc2FnZSI6IkJBaEpJaUp0ZFdWaWJHVnpaWGgwWlhKcGIzSXViWGx6YUc5d2FXWjVMbU52YlFZNkJrVlUiLCJleHAiOiIyMDI2LTAzLTMwVDIyOjE4OjE5LjEzMVoiLCJwdXIiOiJwZXJtYW5lbnRfcGFzc3dvcmRfYnlwYXNzIn19--aa2ac59d240a94756ab6b39f31cdaec3e4ccf900,ACTIVE,Tag=Balliu; source_color=Verde
balliu-update,balliu-mesa-exterior-aluminio-19090-cm-4d2d1e60,Mesa exterior aluminio | 190×90 cm,Balliu,https://b0gsfsdyse43nzki-96767377732.shopifypreview.com/products_preview?preview_key=0823af426a09baae0981852fb8f41af5&_bt=eyJfcmFpbHMiOnsibWVzc2FnZSI6IkJBaEpJaUp0ZFdWaWJHVnpaWGgwWlhKcGIzSXViWGx6YUc5d2FXWjVMbU52YlFZNkJrVlUiLCJleHAiOiIyMDI2LTAzLTMwVDIyOjE4OjE5LjYxOVoiLCJwdXIiOiJwZXJtYW5lbnRfcGFzc3dvcmRfYnlwYXNzIn19--f6ad1cac6aad3213bab892c5d39365b0be4cf38f,ACTIVE,Tag=Balliu; source_color=Verde
balliu-update,balliu-mesa-exterior-aluminio-19090-cm-7fcc116e,Mesa exterior aluminio | 190×90 cm,Balliu,https://b0gsfsdyse43nzki-96767377732.shopifypreview.com/products_preview?preview_key=cd95a40ff593820dbc86528b0d555b60&_bt=eyJfcmFpbHMiOnsibWVzc2FnZSI6IkJBaEpJaUp0ZFdWaWJHVnpaWGgwWlhKcGIzSXViWGx6YUc5d2FXWjVMbU52YlFZNkJrVlUiLCJleHAiOiIyMDI2LTAzLTMwVDIyOjE4OjM2LjMxOFoiLCJwdXIiOiJwZXJtYW5lbnRfcGFzc3dvcmRfYnlwYXNzIn19--8d7c81f726d1ca6daa7a539943a814b20604b988,ACTIVE,Tag=Balliu; source_color=Verde
balliu-update,balliu-mesa-exterior-hpl-24090-cm-78358691,Mesa exterior HPL | 240×90 cm,Balliu,https://b0gsfsdyse43nzki-96767377732.shopifypreview.com/products_preview?preview_key=d715b1b993850b5c59a1ebeeafa60220&_bt=eyJfcmFpbHMiOnsibWVzc2FnZSI6IkJBaEpJaUp0ZFdWaWJHVnpaWGgwWlhKcGIzSXViWGx6YUc5d2FXWjVMbU52YlFZNkJrVlUiLCJleHAiOiIyMDI2LTAzLTMwVDIyOjE4OjM2LjYwN1oiLCJwdXIiOiJwZXJtYW5lbnRfcGFzc3dvcmRfYnlwYXNzIn19--1cb57cf4c348d06db1905bbabb0c5d0ebca49c8c,ACTIVE,Tag=Balliu; source_color=Rojo
balliu-update,balliu-mesa-exterior-hpl-24090-cm-d4e471c5,Mesa exterior HPL | 240×90 cm,Balliu,https://b0gsfsdyse43nzki-96767377732.shopifypreview.com/products_preview?preview_key=561f7b0ff3d6724a51426d933bb7302f&_bt=eyJfcmFpbHMiOnsibWVzc2FnZSI6IkJBaEpJaUp0ZFdWaWJHVnpaWGgwWlhKcGIzSXViWGx6YUc5d2FXWjVMbU52YlFZNkJrVlUiLCJleHAiOiIyMDI2LTAzLTMwVDIyOjE4OjM2Ljk1M1oiLCJwdXIiOiJwZXJtYW5lbnRfcGFzc3dvcmRfYnlwYXNzIn19--c6dbc3ba8693850de74caf4b4580d74830e0811e,ACTIVE,Tag=Balliu; source_color=Rojo
balliu-update,balliu-mesa-exterior-140-18090-cm-e4ec7d7c,Mesa exterior | 140/180×90 cm,Balliu,https://b0gsfsdyse43nzki-96767377732.shopifypreview.com/products_preview?preview_key=9a8b13950c92b7ed240e0fc4f2f0d618&_bt=eyJfcmFpbHMiOnsibWVzc2FnZSI6IkJBaEpJaUp0ZFdWaWJHVnpaWGgwWlhKcGIzSXViWGx6YUc5d2FXWjVMbU52YlFZNkJrVlUiLCJleHAiOiIyMDI2LTAzLTMwVDIyOjE4OjM3LjMxNFoiLCJwdXIiOiJwZXJtYW5lbnRfcGFzc3dvcmRfYnlwYXNzIn19--607098c17f09cbf7ebbec9e9ebe6d01515545257,ACTIVE,Tag=Balliu; source_color=Rojo
balliu-update,balliu-mesa-exterior-200-260100-cm-9d798e50,Mesa exterior | 200/260×100 cm,Balliu,https://b0gsfsdyse43nzki-96767377732.shopifypreview.com/products_preview?preview_key=319abc0f31694722317e4333e7ca1f1d&_bt=eyJfcmFpbHMiOnsibWVzc2FnZSI6IkJBaEpJaUp0ZFdWaWJHVnpaWGgwWlhKcGIzSXViWGx6YUc5d2FXWjVMbU52YlFZNkJrVlUiLCJleHAiOiIyMDI2LTAzLTMwVDIyOjE4OjM3Ljc0MloiLCJwdXIiOiJwZXJtYW5lbnRfcGFzc3dvcmRfYnlwYXNzIn19--590943ecade59643e3f7c3de12a16e5a269d9685,ACTIVE,Tag=Balliu; source_color=Rojo
balliu-update,balliu-mesa-exterior-hpl-140-180100-cm-8e073aab,Mesa exterior HPL | 140/180×100 cm,Balliu,https://b0gsfsdyse43nzki-96767377732.shopifypreview.com/products_preview?preview_key=864fad31a8422981763e3e9c9617e692&_bt=eyJfcmFpbHMiOnsibWVzc2FnZSI6IkJBaEpJaUp0ZFdWaWJHVnpaWGgwWlhKcGIzSXViWGx6YUc5d2FXWjVMbU52YlFZNkJrVlUiLCJleHAiOiIyMDI2LTAzLTMwVDIyOjE4OjM4LjEwMloiLCJwdXIiOiJwZXJtYW5lbnRfcGFzc3dvcmRfYnlwYXNzIn19--0daacc3cdd96e1a961a15869ff4c1ebb61b714b2,ACTIVE,Tag=Balliu; source_color=Rojo
balliu-update,balliu-mesa-exterior-hpl-140-180100-cm-e5e3bb40,Mesa exterior HPL | 140/180×100 cm,Balliu,https://b0gsfsdyse43nzki-96767377732.shopifypreview.com/products_preview?preview_key=a6ab606e0c69cef10ac6836393f67373&_bt=eyJfcmFpbHMiOnsibWVzc2FnZSI6IkJBaEpJaUp0ZFdWaWJHVnpaWGgwWlhKcGIzSXViWGx6YUc5d2FXWjVMbU52YlFZNkJrVlUiLCJleHAiOiIyMDI2LTAzLTMwVDIyOjE4OjM4LjQxMVoiLCJwdXIiOiJwZXJtYW5lbnRfcGFzc3dvcmRfYnlwYXNzIn19--314f36338804a442121c61839a3887e86fd7c9da,ACTIVE,Tag=Balliu; source_color=Rojo
balliu-update,balliu-mesa-exterior-hpl-200-260100-cm-23187ea9,Mesa exterior HPL | 200/260×100 cm,Balliu,https://b0gsfsdyse43nzki-96767377732.shopifypreview.com/products_preview?preview_key=e074f8c9beeccc2f3e22d5ed290f3ca7&_bt=eyJfcmFpbHMiOnsibWVzc2FnZSI6IkJBaEpJaUp0ZFdWaWJHVnpaWGgwWlhKcGIzSXViWGx6YUc5d2FXWjVMbU52YlFZNkJrVlUiLCJleHAiOiIyMDI2LTAzLTMwVDIyOjE4OjM4LjcyNFoiLCJwdXIiOiJwZXJtYW5lbnRfcGFzc3dvcmRfYnlwYXNzIn19--7966b37507c71d352ae91feb6d2330ebc48791ff,ACTIVE,Tag=Balliu; source_color=Rojo
balliu-update,balliu-mesa-exterior-hpl-200-260100-cm-4a63be2f,Mesa exterior HPL | 200/260×100 cm,Balliu,https://b0gsfsdyse43nzki-96767377732.shopifypreview.com/products_preview?preview_key=7be8722f6dd057a2b082511ad683ec5f&_bt=eyJfcmFpbHMiOnsibWVzc2FnZSI6IkJBaEpJaUp0ZFdWaWJHVnpaWGgwWlhKcGIzSXViWGx6YUc5d2FXWjVMbU52YlFZNkJrVlUiLCJleHAiOiIyMDI2LTAzLTMwVDIyOjE4OjM5LjAzMVoiLCJwdXIiOiJwZXJtYW5lbnRfcGFzc3dvcmRfYnlwYXNzIn19--b7ced7ed35d021fcb6dc6147cb68ca19991860c9,ACTIVE,Tag=Balliu; source_color=Rojo
balliu-update,balliu-mesa-alta-exterior-hpl-45c511e9,Mesa alta exterior HPL,Balliu,https://b0gsfsdyse43nzki-96767377732.shopifypreview.com/products_preview?preview_key=08f0da871b97e44c01fabdc590845a61&_bt=eyJfcmFpbHMiOnsibWVzc2FnZSI6IkJBaEpJaUp0ZFdWaWJHVnpaWGgwWlhKcGIzSXViWGx6YUc5d2FXWjVMbU52YlFZNkJrVlUiLCJleHAiOiIyMDI2LTAzLTMwVDIyOjE4OjM5LjM2N1oiLCJwdXIiOiJwZXJtYW5lbnRfcGFzc3dvcmRfYnlwYXNzIn19--e1e4aa78d5431a019988e7641ff4797af677071b,ACTIVE,Tag=Balliu; source_color=Rojo
balliu-update,balliu-mesa-alta-exterior-hpl-f99491ce,Mesa alta exterior HPL,Balliu,https://b0gsfsdyse43nzki-96767377732.shopifypreview.com/products_preview?preview_key=455d09382b9b5e6b55a031b788caa7f6&_bt=eyJfcmFpbHMiOnsibWVzc2FnZSI6IkJBaEpJaUp0ZFdWaWJHVnpaWGgwWlhKcGIzSXViWGx6YUc5d2FXWjVMbU52YlFZNkJrVlUiLCJleHAiOiIyMDI2LTAzLTMwVDIyOjE4OjM5LjcwMloiLCJwdXIiOiJwZXJtYW5lbnRfcGFzc3dvcmRfYnlwYXNzIn19--9a56fccce10d92d741ed759834358f54a02c3dea,ACTIVE,Tag=Balliu; source_color=Rojo
balliu-update,balliu-mesa-exterior-hpl-451e7ba8,Mesa exterior HPL,Balliu,https://b0gsfsdyse43nzki-96767377732.shopifypreview.com/products_preview?preview_key=e51e5b4acfa1a2c0535f86fb07eed962&_bt=eyJfcmFpbHMiOnsibWVzc2FnZSI6IkJBaEpJaUp0ZFdWaWJHVnpaWGgwWlhKcGIzSXViWGx6YUc5d2FXWjVMbU52YlFZNkJrVlUiLCJleHAiOiIyMDI2LTAzLTMwVDIyOjE4OjQwLjAxN1oiLCJwdXIiOiJwZXJtYW5lbnRfcGFzc3dvcmRfYnlwYXNzIn19--5a7265bd43f07260678d048ec9a6ce46d7e6f75d,ACTIVE,Tag=Balliu; source_color=Rojo
balliu-update,balliu-mesa-exterior-hpl-3adfe773,Mesa exterior HPL,Balliu,https://b0gsfsdyse43nzki-96767377732.shopifypreview.com/products_preview?preview_key=a72aa244f74934a2bc626d470d62423c&_bt=eyJfcmFpbHMiOnsibWVzc2FnZSI6IkJBaEpJaUp0ZFdWaWJHVnpaWGgwWlhKcGIzSXViWGx6YUc5d2FXWjVMbU52YlFZNkJrVlUiLCJleHAiOiIyMDI2LTAzLTMwVDIyOjE4OjQwLjQ3MVoiLCJwdXIiOiJwZXJtYW5lbnRfcGFzc3dvcmRfYnlwYXNzIn19--f7791d9e087e8c7daa4270339558dca2b0343e0a,ACTIVE,Tag=Balliu; source_color=Rojo
balliu-update,balliu-mesa-exterior-hpl-65e3ca13,Mesa exterior HPL,Balliu,https://b0gsfsdyse43nzki-96767377732.shopifypreview.com/products_preview?preview_key=eab02b7f484e9d01e5849dabc9217d66&_bt=eyJfcmFpbHMiOnsibWVzc2FnZSI6IkJBaEpJaUp0ZFdWaWJHVnpaWGgwWlhKcGIzSXViWGx6YUc5d2FXWjVMbU52YlFZNkJrVlUiLCJleHAiOiIyMDI2LTAzLTMwVDIyOjE4OjQwLjgyMFoiLCJwdXIiOiJwZXJtYW5lbnRfcGFzc3dvcmRfYnlwYXNzIn19--e347f9bd4cd9657f989f0b1d87b4358e57305fea,ACTIVE,Tag=Balliu; source_color=Rojo
balliu-update,balliu-mesa-exterior-hpl-1b4f3962,Mesa exterior HPL,Balliu,https://b0gsfsdyse43nzki-96767377732.shopifypreview.com/products_preview?preview_key=82b970e7652a4af907963874c7f84244&_bt=eyJfcmFpbHMiOnsibWVzc2FnZSI6IkJBaEpJaUp0ZFdWaWJHVnpaWGgwWlhKcGIzSXViWGx6YUc5d2FXWjVMbU52YlFZNkJrVlUiLCJleHAiOiIyMDI2LTAzLTMwVDIyOjE4OjQxLjE1OFoiLCJwdXIiOiJwZXJtYW5lbnRfcGFzc3dvcmRfYnlwYXNzIn19--e5509b1331edf104cd185b8a65569bd23e564b39,ACTIVE,Tag=Balliu; source_color=Rojo
balliu-update,balliu-mesa-exterior-aluminio-90-cm-22901f1b,Mesa exterior aluminio | Ø90 cm,Balliu,https://b0gsfsdyse43nzki-96767377732.shopifypreview.com/products_preview?preview_key=49ad2d053f47e38cf0aa490dccb10129&_bt=eyJfcmFpbHMiOnsibWVzc2FnZSI6IkJBaEpJaUp0ZFdWaWJHVnpaWGgwWlhKcGIzSXViWGx6YUc5d2FXWjVMbU52YlFZNkJrVlUiLCJleHAiOiIyMDI2LTAzLTMwVDIyOjE4OjQxLjYzMVoiLCJwdXIiOiJwZXJtYW5lbnRfcGFzc3dvcmRfYnlwYXNzIn19--cdf6fa76e573e1b2e9c16d4dd5b781b12892cdc3,ACTIVE,Tag=Balliu; source_color=Verde
balliu-update,balliu-mesa-exterior-aluminio-90-cm-6c6dfd1c,Mesa exterior aluminio | Ø90 cm,Balliu,https://b0gsfsdyse43nzki-96767377732.shopifypreview.com/products_preview?preview_key=d93d09a69c73a3e6a1ef2938740425fe&_bt=eyJfcmFpbHMiOnsibWVzc2FnZSI6IkJBaEpJaUp0ZFdWaWJHVnpaWGgwWlhKcGIzSXViWGx6YUc5d2FXWjVMbU52YlFZNkJrVlUiLCJleHAiOiIyMDI2LTAzLTMwVDIyOjE4OjQyLjY3NFoiLCJwdXIiOiJwZXJtYW5lbnRfcGFzc3dvcmRfYnlwYXNzIn19--996aeeddeb2e636035641402acb46adf094817c1,ACTIVE,Tag=Balliu; source_color=Verde
balliu-update,balliu-mesa-exterior-aluminio-7070-cm-724b0db0,Mesa exterior aluminio | 70×70 cm,Balliu,https://b0gsfsdyse43nzki-96767377732.shopifypreview.com/products_preview?preview_key=ccffe86a0d7b9bdceab4416d0c4c9a71&_bt=eyJfcmFpbHMiOnsibWVzc2FnZSI6IkJBaEpJaUp0ZFdWaWJHVnpaWGgwWlhKcGIzSXViWGx6YUc5d2FXWjVMbU52YlFZNkJrVlUiLCJleHAiOiIyMDI2LTAzLTMwVDIyOjE4OjQzLjI5NFoiLCJwdXIiOiJwZXJtYW5lbnRfcGFzc3dvcmRfYnlwYXNzIn19--1f0c078b8ea21849af059d359ba9042eee89b437,ACTIVE,Tag=Balliu; source_color=Verde
balliu-update,balliu-mesa-exterior-aluminio-7070-cm-a0a23f40,Mesa exterior aluminio | 70×70 cm,Balliu,https://b0gsfsdyse43nzki-96767377732.shopifypreview.com/products_preview?preview_key=989c2f68cff5b1f925ce5bd75588d140&_bt=eyJfcmFpbHMiOnsibWVzc2FnZSI6IkJBaEpJaUp0ZFdWaWJHVnpaWGgwWlhKcGIzSXViWGx6YUc5d2FXWjVMbU52YlFZNkJrVlUiLCJleHAiOiIyMDI2LTAzLTMwVDIyOjE4OjQzLjc2M1oiLCJwdXIiOiJwZXJtYW5lbnRfcGFzc3dvcmRfYnlwYXNzIn19--068fd737182a22651ddf0e5d4413d16bab4812e6,ACTIVE,Tag=Balliu; source_color=Verde
balliu-update,balliu-mesa-exterior-aluminio-8080-cm-2a80cb3a,Mesa exterior aluminio | 80×80 cm,Balliu,https://b0gsfsdyse43nzki-96767377732.shopifypreview.com/products_preview?preview_key=8093cd819fe0dbf7c2f75132bcdd8ea7&_bt=eyJfcmFpbHMiOnsibWVzc2FnZSI6IkJBaEpJaUp0ZFdWaWJHVnpaWGgwWlhKcGIzSXViWGx6YUc5d2FXWjVMbU52YlFZNkJrVlUiLCJleHAiOiIyMDI2LTAzLTMwVDIyOjE4OjQ0LjIwN1oiLCJwdXIiOiJwZXJtYW5lbnRfcGFzc3dvcmRfYnlwYXNzIn19--46cf963a63330e16bf9920a2f43d510a1e132f19,ACTIVE,Tag=Balliu; source_color=Verde
balliu-update,balliu-mesa-exterior-aluminio-8080-cm-8ca835ff,Mesa exterior aluminio | 80×80 cm,Balliu,https://b0gsfsdyse43nzki-96767377732.shopifypreview.com/products_preview?preview_key=0ef6993de064a21492bd2f8675ef3dba&_bt=eyJfcmFpbHMiOnsibWVzc2FnZSI6IkJBaEpJaUp0ZFdWaWJHVnpaWGgwWlhKcGIzSXViWGx6YUc5d2FXWjVMbU52YlFZNkJrVlUiLCJleHAiOiIyMDI2LTAzLTMwVDIyOjE4OjQ0Ljc0OFoiLCJwdXIiOiJwZXJtYW5lbnRfcGFzc3dvcmRfYnlwYXNzIn19--52892dc33b71f6353b2c0f0350cfcda40a626507,ACTIVE,Tag=Balliu; source_color=Verde
balliu-update,balliu-mesa-exterior-aluminio-12080-cm-5c848c82,Mesa exterior aluminio | 120×80 cm,Balliu,https://b0gsfsdyse43nzki-96767377732.shopifypreview.com/products_preview?preview_key=02e909ed6116d2f84cc12e1131866042&_bt=eyJfcmFpbHMiOnsibWVzc2FnZSI6IkJBaEpJaUp0ZFdWaWJHVnpaWGgwWlhKcGIzSXViWGx6YUc5d2FXWjVMbU52YlFZNkJrVlUiLCJleHAiOiIyMDI2LTAzLTMwVDIyOjE4OjQ1LjE4OVoiLCJwdXIiOiJwZXJtYW5lbnRfcGFzc3dvcmRfYnlwYXNzIn19--7840d2d798ad29f23aad9d3f5ab762b816ac441c,ACTIVE,Tag=Balliu; source_color=Verde
balliu-update,balliu-mesa-exterior-aluminio-12080-cm-798dcadf,Mesa exterior aluminio | 120×80 cm,Balliu,https://b0gsfsdyse43nzki-96767377732.shopifypreview.com/products_preview?preview_key=d51b4934c8ec71b3436099463a1b7ecd&_bt=eyJfcmFpbHMiOnsibWVzc2FnZSI6IkJBaEpJaUp0ZFdWaWJHVnpaWGgwWlhKcGIzSXViWGx6YUc5d2FXWjVMbU52YlFZNkJrVlUiLCJleHAiOiIyMDI2LTAzLTMwVDIyOjE4OjQ1LjcwOFoiLCJwdXIiOiJwZXJtYW5lbnRfcGFzc3dvcmRfYnlwYXNzIn19--b9caaa0dd048cf35b43ad713f6fdea438d77c909,ACTIVE,Tag=Balliu; source_color=Verde
balliu-update,balliu-mesa-exterior-aluminio-12080-cm-3c3bf077,Mesa exterior aluminio | 120×80 cm,Balliu,https://b0gsfsdyse43nzki-96767377732.shopifypreview.com/products_preview?preview_key=20001079d2157489f5a32e9917434d26&_bt=eyJfcmFpbHMiOnsibWVzc2FnZSI6IkJBaEpJaUp0ZFdWaWJHVnpaWGgwWlhKcGIzSXViWGx6YUc5d2FXWjVMbU52YlFZNkJrVlUiLCJleHAiOiIyMDI2LTAzLTMwVDIyOjE4OjQ2LjI1MloiLCJwdXIiOiJwZXJtYW5lbnRfcGFzc3dvcmRfYnlwYXNzIn19--f39bc4cabc5adfa4169fd44a00a25f34425d8dc3,ACTIVE,Tag=Balliu; source_color=Verde
balliu-update,balliu-mesa-exterior-aluminio-12080-cm-05c442cf,Mesa exterior aluminio | 120×80 cm,Balliu,https://b0gsfsdyse43nzki-96767377732.shopifypreview.com/products_preview?preview_key=03ea5d2d26dcf3f7c534625f51e23fdf&_bt=eyJfcmFpbHMiOnsibWVzc2FnZSI6IkJBaEpJaUp0ZFdWaWJHVnpaWGgwWlhKcGIzSXViWGx6YUc5d2FXWjVMbU52YlFZNkJrVlUiLCJleHAiOiIyMDI2LTAzLTMwVDIyOjE4OjQ2Ljc1MVoiLCJwdXIiOiJwZXJtYW5lbnRfcGFzc3dvcmRfYnlwYXNzIn19--e99bde2e29488635ba20590a5b0ab825c7d20c87,ACTIVE,Tag=Balliu; source_color=Verde
balliu-update,balliu-mesa-alta-exterior-hpl-a3352658,Mesa alta exterior HPL,Balliu,https://b0gsfsdyse43nzki-96767377732.shopifypreview.com/products_preview?preview_key=5e0bba84cf475e29b2b68821b1b8d5f1&_bt=eyJfcmFpbHMiOnsibWVzc2FnZSI6IkJBaEpJaUp0ZFdWaWJHVnpaWGgwWlhKcGIzSXViWGx6YUc5d2FXWjVMbU52YlFZNkJrVlUiLCJleHAiOiIyMDI2LTAzLTMwVDIyOjE4OjQ3LjEwNFoiLCJwdXIiOiJwZXJtYW5lbnRfcGFzc3dvcmRfYnlwYXNzIn19--0d1fb07e9107b6dbc549beec3a6b65e8c3af2d51,ACTIVE,Tag=Balliu; source_color=Rojo
balliu-create,balliu-mesa-alta-exterior-hpl-a3352658-2,Mesa alta exterior HPL,Balliu,https://b0gsfsdyse43nzki-96767377732.shopifypreview.com/products_preview?preview_key=2bdca03f500d4f14dd212c0ca5a98c85&_bt=eyJfcmFpbHMiOnsibWVzc2FnZSI6IkJBaEpJaUp0ZFdWaWJHVnpaWGgwWlhKcGIzSXViWGx6YUc5d2FXWjVMbU52YlFZNkJrVlUiLCJleHAiOiIyMDI2LTAzLTMwVDIyOjE4OjQ3LjY4OVoiLCJwdXIiOiJwZXJtYW5lbnRfcGFzc3dvcmRfYnlwYXNzIn19--08e1f4a5bbb15437dc69d0804e3d1ed420f617fc,ACTIVE,Tag=Balliu; source_color=Rojo
balliu-update,balliu-mesa-alta-exterior-hpl-94512eab,Mesa alta exterior HPL,Balliu,https://b0gsfsdyse43nzki-96767377732.shopifypreview.com/products_preview?preview_key=14a4260d1dcbece017020b1215463597&_bt=eyJfcmFpbHMiOnsibWVzc2FnZSI6IkJBaEpJaUp0ZFdWaWJHVnpaWGgwWlhKcGIzSXViWGx6YUc5d2FXWjVMbU52YlFZNkJrVlUiLCJleHAiOiIyMDI2LTAzLTMwVDIyOjE4OjQ4LjAyMFoiLCJwdXIiOiJwZXJtYW5lbnRfcGFzc3dvcmRfYnlwYXNzIn19--7f7dc37b89592af07caad1649b3bd154da11203c,ACTIVE,Tag=Balliu; source_color=Rojo
balliu-update,balliu-mesa-alta-exterior-hpl-5d74130e,Mesa alta exterior HPL,Balliu,https://b0gsfsdyse43nzki-96767377732.shopifypreview.com/products_preview?preview_key=1eeb9730242fea86283eba3f428a8e67&_bt=eyJfcmFpbHMiOnsibWVzc2FnZSI6IkJBaEpJaUp0ZFdWaWJHVnpaWGgwWlhKcGIzSXViWGx6YUc5d2FXWjVMbU52YlFZNkJrVlUiLCJleHAiOiIyMDI2LTAzLTMwVDIyOjE4OjQ4LjM3MVoiLCJwdXIiOiJwZXJtYW5lbnRfcGFzc3dvcmRfYnlwYXNzIn19--33393629b48bd3bfdb9933498eb4c6d2f870c003,ACTIVE,Tag=Balliu; source_color=Rojo
balliu-update,balliu-mesa-exterior-hpl-7070-cm-9d14e31f,Mesa exterior HPL | 70×70 cm,Balliu,https://b0gsfsdyse43nzki-96767377732.shopifypreview.com/products_preview?preview_key=f3659427f35df862bc4b4b56f8962d15&_bt=eyJfcmFpbHMiOnsibWVzc2FnZSI6IkJBaEpJaUp0ZFdWaWJHVnpaWGgwWlhKcGIzSXViWGx6YUc5d2FXWjVMbU52YlFZNkJrVlUiLCJleHAiOiIyMDI2LTAzLTMwVDIyOjE4OjQ4LjY5N1oiLCJwdXIiOiJwZXJtYW5lbnRfcGFzc3dvcmRfYnlwYXNzIn19--83ac4ec95f39b4262110365b09425ed046f3d172,ACTIVE,Tag=Balliu; source_color=Rojo
balliu-update,balliu-mesa-exterior-hpl-7070-cm-146f72ca,Mesa exterior HPL | 70×70 cm,Balliu,https://b0gsfsdyse43nzki-96767377732.shopifypreview.com/products_preview?preview_key=c7ac5c711c1d5f04dd9c64854a9413c4&_bt=eyJfcmFpbHMiOnsibWVzc2FnZSI6IkJBaEpJaUp0ZFdWaWJHVnpaWGgwWlhKcGIzSXViWGx6YUc5d2FXWjVMbU52YlFZNkJrVlUiLCJleHAiOiIyMDI2LTAzLTMwVDIyOjE4OjQ5LjA2M1oiLCJwdXIiOiJwZXJtYW5lbnRfcGFzc3dvcmRfYnlwYXNzIn19--5c3f0b7b98b8e5036bcd65079bf339059c5efceb,ACTIVE,Tag=Balliu; source_color=Rojo
balliu-update,balliu-mesa-exterior-hpl-8080-cm-1a2fe7b5,Mesa exterior HPL | 80×80 cm,Balliu,https://b0gsfsdyse43nzki-96767377732.shopifypreview.com/products_preview?preview_key=dc478b1315d1643814ea42002ffa9a5c&_bt=eyJfcmFpbHMiOnsibWVzc2FnZSI6IkJBaEpJaUp0ZFdWaWJHVnpaWGgwWlhKcGIzSXViWGx6YUc5d2FXWjVMbU52YlFZNkJrVlUiLCJleHAiOiIyMDI2LTAzLTMwVDIyOjE4OjQ5LjM1N1oiLCJwdXIiOiJwZXJtYW5lbnRfcGFzc3dvcmRfYnlwYXNzIn19--4602125f2538bced5965c94ffb8843eb63a36806,ACTIVE,Tag=Balliu; source_color=Rojo
balliu-update,balliu-mesa-exterior-hpl-8080-cm-96593887,Mesa exterior HPL | 80×80 cm,Balliu,https://b0gsfsdyse43nzki-96767377732.shopifypreview.com/products_preview?preview_key=fcc5339c9151a44753af5c4746af282a&_bt=eyJfcmFpbHMiOnsibWVzc2FnZSI6IkJBaEpJaUp0ZFdWaWJHVnpaWGgwWlhKcGIzSXViWGx6YUc5d2FXWjVMbU52YlFZNkJrVlUiLCJleHAiOiIyMDI2LTAzLTMwVDIyOjE4OjQ5LjY2NFoiLCJwdXIiOiJwZXJtYW5lbnRfcGFzc3dvcmRfYnlwYXNzIn19--23baebd8b5e8d2d39b79c4f256852111b8d57e86,ACTIVE,Tag=Balliu; source_color=Rojo
balliu-update,balliu-mesa-exterior-hpl-7070-cm-f6074154,Mesa exterior HPL | 70×70 cm,Balliu,https://b0gsfsdyse43nzki-96767377732.shopifypreview.com/products_preview?preview_key=a3bc010ff577b169c854fab2ced7208f&_bt=eyJfcmFpbHMiOnsibWVzc2FnZSI6IkJBaEpJaUp0ZFdWaWJHVnpaWGgwWlhKcGIzSXViWGx6YUc5d2FXWjVMbU52YlFZNkJrVlUiLCJleHAiOiIyMDI2LTAzLTMwVDIyOjE4OjUwLjAxMVoiLCJwdXIiOiJwZXJtYW5lbnRfcGFzc3dvcmRfYnlwYXNzIn19--19983226f19903c4cdcf1cc13c4b18b7d4dbaaef,ACTIVE,Tag=Balliu; source_color=Rojo
balliu-update,balliu-mesa-exterior-aluminio-7070-cm-1b61e6b6,Mesa exterior aluminio | 70×70 cm,Balliu,https://b0gsfsdyse43nzki-96767377732.shopifypreview.com/products_preview?preview_key=62cbe19f793eed9586b36780e8262a95&_bt=eyJfcmFpbHMiOnsibWVzc2FnZSI6IkJBaEpJaUp0ZFdWaWJHVnpaWGgwWlhKcGIzSXViWGx6YUc5d2FXWjVMbU52YlFZNkJrVlUiLCJleHAiOiIyMDI2LTAzLTMwVDIyOjE4OjUwLjUwNVoiLCJwdXIiOiJwZXJtYW5lbnRfcGFzc3dvcmRfYnlwYXNzIn19--8b249c6a383cd631740bd166c7e767ba91529296,ACTIVE,Tag=Balliu; source_color=Verde
balliu-update,balliu-mesa-exterior-aluminio-8080-cm-a05618ad,Mesa exterior aluminio | 80×80 cm,Balliu,https://b0gsfsdyse43nzki-96767377732.shopifypreview.com/products_preview?preview_key=11c2af052e34359f025cc04cf9134bb9&_bt=eyJfcmFpbHMiOnsibWVzc2FnZSI6IkJBaEpJaUp0ZFdWaWJHVnpaWGgwWlhKcGIzSXViWGx6YUc5d2FXWjVMbU52YlFZNkJrVlUiLCJleHAiOiIyMDI2LTAzLTMwVDIyOjE4OjUwLjk3M1oiLCJwdXIiOiJwZXJtYW5lbnRfcGFzc3dvcmRfYnlwYXNzIn19--ff11eaf65e61cfd55829df998ad4c853866898d3,ACTIVE,Tag=Balliu; source_color=Verde
balliu-update,balliu-mesa-exterior-aluminio-8080-cm-0a3ee957,Mesa exterior aluminio | 80×80 cm,Balliu,https://b0gsfsdyse43nzki-96767377732.shopifypreview.com/products_preview?preview_key=9e0b0b44e99fd95f6f62734030d33022&_bt=eyJfcmFpbHMiOnsibWVzc2FnZSI6IkJBaEpJaUp0ZFdWaWJHVnpaWGgwWlhKcGIzSXViWGx6YUc5d2FXWjVMbU52YlFZNkJrVlUiLCJleHAiOiIyMDI2LTAzLTMwVDIyOjE5OjA3LjY5NloiLCJwdXIiOiJwZXJtYW5lbnRfcGFzc3dvcmRfYnlwYXNzIn19--aab923122cbd2ae59a04ba4b44258a8018a9a853,ACTIVE,Tag=Balliu; source_color=Verde
balliu-update,balliu-mesa-exterior-aluminio-80-cm-50525e0b,Mesa exterior aluminio | Ø80 cm,Balliu,https://b0gsfsdyse43nzki-96767377732.shopifypreview.com/products_preview?preview_key=941b51474d516907fb3d46271e157626&_bt=eyJfcmFpbHMiOnsibWVzc2FnZSI6IkJBaEpJaUp0ZFdWaWJHVnpaWGgwWlhKcGIzSXViWGx6YUc5d2FXWjVMbU52YlFZNkJrVlUiLCJleHAiOiIyMDI2LTAzLTMwVDIyOjE5OjI0LjQyNVoiLCJwdXIiOiJwZXJtYW5lbnRfcGFzc3dvcmRfYnlwYXNzIn19--9133ce3705fe0b88d439efa5c87c69ba24e79978,ACTIVE,Tag=Balliu; source_color=Verde
balliu-update,balliu-mesa-exterior-aluminio-80-cm-b06218ca,Mesa exterior aluminio | Ø80 cm,Balliu,https://b0gsfsdyse43nzki-96767377732.shopifypreview.com/products_preview?preview_key=32eebb44cbebba47e50a0238a4751acc&_bt=eyJfcmFpbHMiOnsibWVzc2FnZSI6IkJBaEpJaUp0ZFdWaWJHVnpaWGgwWlhKcGIzSXViWGx6YUc5d2FXWjVMbU52YlFZNkJrVlUiLCJleHAiOiIyMDI2LTAzLTMwVDIyOjE5OjI0Ljg4NVoiLCJwdXIiOiJwZXJtYW5lbnRfcGFzc3dvcmRfYnlwYXNzIn19--2db4533f7fbac4238798d90600bbb3d02ccf23d2,ACTIVE,Tag=Balliu; source_color=Verde
balliu-update,balliu-mesa-exterior-aluminio-12080-cm-bf75a33d,Mesa exterior aluminio | 120×80 cm,Balliu,https://b0gsfsdyse43nzki-96767377732.shopifypreview.com/products_preview?preview_key=66a0333fb3ae5e7af6f29d86febf724c&_bt=eyJfcmFpbHMiOnsibWVzc2FnZSI6IkJBaEpJaUp0ZFdWaWJHVnpaWGgwWlhKcGIzSXViWGx6YUc5d2FXWjVMbU52YlFZNkJrVlUiLCJleHAiOiIyMDI2LTAzLTMwVDIyOjE5OjI1LjM0MVoiLCJwdXIiOiJwZXJtYW5lbnRfcGFzc3dvcmRfYnlwYXNzIn19--956b82f9d52203ddc7bb0e5d5fec6f1baf3c0049,ACTIVE,Tag=Balliu; source_color=Verde
balliu-update,balliu-mesa-exterior-aluminio-75-cm-d7ab6e04,Mesa exterior aluminio | 75 cm,Balliu,https://b0gsfsdyse43nzki-96767377732.shopifypreview.com/products_preview?preview_key=da64b6c2764b67e1910f89f6206f4514&_bt=eyJfcmFpbHMiOnsibWVzc2FnZSI6IkJBaEpJaUp0ZFdWaWJHVnpaWGgwWlhKcGIzSXViWGx6YUc5d2FXWjVMbU52YlFZNkJrVlUiLCJleHAiOiIyMDI2LTAzLTMwVDIyOjE5OjI1LjgzMFoiLCJwdXIiOiJwZXJtYW5lbnRfcGFzc3dvcmRfYnlwYXNzIn19--c29c04c7695a6baf30aebd6b3f430372da0818f6,ACTIVE,Tag=Balliu; source_color=Verde
balliu-update,balliu-mesa-exterior-aluminio-75-cm-dd745448,Mesa exterior aluminio | 75 cm,Balliu,https://b0gsfsdyse43nzki-96767377732.shopifypreview.com/products_preview?preview_key=795a19d618938e5533e509543857592f&_bt=eyJfcmFpbHMiOnsibWVzc2FnZSI6IkJBaEpJaUp0ZFdWaWJHVnpaWGgwWlhKcGIzSXViWGx6YUc5d2FXWjVMbU52YlFZNkJrVlUiLCJleHAiOiIyMDI2LTAzLTMwVDIyOjE5OjI2LjM0MloiLCJwdXIiOiJwZXJtYW5lbnRfcGFzc3dvcmRfYnlwYXNzIn19--67274d3d3cd66bf5bbb1468eb68152ed95b22c07,ACTIVE,Tag=Balliu; source_color=Verde
balliu-update,balliu-mesa-exterior-aluminio-75-cm-c0092e17,Mesa exterior aluminio | 75 cm,Balliu,https://b0gsfsdyse43nzki-96767377732.shopifypreview.com/products_preview?preview_key=2d56281199e91241f42085a521e205a3&_bt=eyJfcmFpbHMiOnsibWVzc2FnZSI6IkJBaEpJaUp0ZFdWaWJHVnpaWGgwWlhKcGIzSXViWGx6YUc5d2FXWjVMbU52YlFZNkJrVlUiLCJleHAiOiIyMDI2LTAzLTMwVDIyOjE5OjI2LjgwNFoiLCJwdXIiOiJwZXJtYW5lbnRfcGFzc3dvcmRfYnlwYXNzIn19--d4f116dd339d63a7767f32d0a083712f33ba5d0e,ACTIVE,Tag=Balliu; source_color=Verde
balliu-update,balliu-mesa-exterior-aluminio-72-cm-72514f40,Mesa exterior aluminio | 72 cm,Balliu,https://b0gsfsdyse43nzki-96767377732.shopifypreview.com/products_preview?preview_key=c86cd4ed2cd0f00a4e5c30ead6f10885&_bt=eyJfcmFpbHMiOnsibWVzc2FnZSI6IkJBaEpJaUp0ZFdWaWJHVnpaWGgwWlhKcGIzSXViWGx6YUc5d2FXWjVMbU52YlFZNkJrVlUiLCJleHAiOiIyMDI2LTAzLTMwVDIyOjE5OjI3LjI5NloiLCJwdXIiOiJwZXJtYW5lbnRfcGFzc3dvcmRfYnlwYXNzIn19--b337abb0357e7236cc13b53f60c2bb0af255c3df,ACTIVE,Tag=Balliu; source_color=Verde
balliu-update,balliu-sofa-exterior-3-plazas-aluminio-estilo-elegante-62-cm-5e2ef268,Sofá exterior 3 plazas aluminio · estilo elegante | 62 cm,Balliu,https://b0gsfsdyse43nzki-96767377732.shopifypreview.com/products_preview?preview_key=d5e8f7f13cc7a0fd2ca4f0a5725da945&_bt=eyJfcmFpbHMiOnsibWVzc2FnZSI6IkJBaEpJaUp0ZFdWaWJHVnpaWGgwWlhKcGIzSXViWGx6YUc5d2FXWjVMbU52YlFZNkJrVlUiLCJleHAiOiIyMDI2LTAzLTMwVDIyOjE5OjI3Ljc1N1oiLCJwdXIiOiJwZXJtYW5lbnRfcGFzc3dvcmRfYnlwYXNzIn19--faa039cb619fffd401b4e1ca23d8fe1df7e05f85,ACTIVE,Tag=Balliu; source_color=Verde
balliu-update,balliu-sofa-exterior-3-plazas-aluminio-estilo-elegante-62-cm-4c82d31e,Sofá exterior 3 plazas aluminio · estilo elegante | 62 cm,Balliu,https://b0gsfsdyse43nzki-96767377732.shopifypreview.com/products_preview?preview_key=df26335cdeeab1509e0da5b454eed8d3&_bt=eyJfcmFpbHMiOnsibWVzc2FnZSI6IkJBaEpJaUp0ZFdWaWJHVnpaWGgwWlhKcGIzSXViWGx6YUc5d2FXWjVMbU52YlFZNkJrVlUiLCJleHAiOiIyMDI2LTAzLTMwVDIyOjE5OjI4LjI0N1oiLCJwdXIiOiJwZXJtYW5lbnRfcGFzc3dvcmRfYnlwYXNzIn19--c8bd8e41db6d0ea71f5dfcd70a451b4d5c28a28a,ACTIVE,Tag=Balliu; source_color=Verde
balliu-update,balliu-sofa-exterior-3-plazas-aluminio-estilo-elegante-62-cm-cace2317,Sofá exterior 3 plazas aluminio · estilo elegante | 62 cm,Balliu,https://b0gsfsdyse43nzki-96767377732.shopifypreview.com/products_preview?preview_key=d4acee1c28e39a8246b5c8a9395a57d9&_bt=eyJfcmFpbHMiOnsibWVzc2FnZSI6IkJBaEpJaUp0ZFdWaWJHVnpaWGgwWlhKcGIzSXViWGx6YUc5d2FXWjVMbU52YlFZNkJrVlUiLCJleHAiOiIyMDI2LTAzLTMwVDIyOjE5OjI4LjY5OVoiLCJwdXIiOiJwZXJtYW5lbnRfcGFzc3dvcmRfYnlwYXNzIn19--c7b5dea9913e841ea62e5e062aa1c216d4a35b44,ACTIVE,Tag=Balliu; source_color=Verde
balliu-update,balliu-mesa-auxiliar-exterior-aluminio-54-cm-19d3d0ee,Mesa auxiliar exterior aluminio | 54 cm,Balliu,https://b0gsfsdyse43nzki-96767377732.shopifypreview.com/products_preview?preview_key=5fee9825bb9802facd6550ef0a00193e&_bt=eyJfcmFpbHMiOnsibWVzc2FnZSI6IkJBaEpJaUp0ZFdWaWJHVnpaWGgwWlhKcGIzSXViWGx6YUc5d2FXWjVMbU52YlFZNkJrVlUiLCJleHAiOiIyMDI2LTAzLTMwVDIyOjE5OjI5LjIzMVoiLCJwdXIiOiJwZXJtYW5lbnRfcGFzc3dvcmRfYnlwYXNzIn19--80d5faad05ad3099d9562b39ce81714e0a9d38a8,ACTIVE,Tag=Balliu; source_color=Verde
balliu-update,balliu-mesa-auxiliar-exterior-aluminio-54-cm-9e2a2ecb,Mesa auxiliar exterior aluminio | 54 cm,Balliu,https://b0gsfsdyse43nzki-96767377732.shopifypreview.com/products_preview?preview_key=1ff8ae31981804602fd9162597bac606&_bt=eyJfcmFpbHMiOnsibWVzc2FnZSI6IkJBaEpJaUp0ZFdWaWJHVnpaWGgwWlhKcGIzSXViWGx6YUc5d2FXWjVMbU52YlFZNkJrVlUiLCJleHAiOiIyMDI2LTAzLTMwVDIyOjE5OjI5LjY5NFoiLCJwdXIiOiJwZXJtYW5lbnRfcGFzc3dvcmRfYnlwYXNzIn19--f9d278989e046c96356002b50dc504630aa03d3c,ACTIVE,Tag=Balliu; source_color=Verde
balliu-update,balliu-mesa-auxiliar-exterior-aluminio-54-cm-5ad43bf2,Mesa auxiliar exterior aluminio | 54 cm,Balliu,https://b0gsfsdyse43nzki-96767377732.shopifypreview.com/products_preview?preview_key=59b4e44ced0180a5c797299762346d3c&_bt=eyJfcmFpbHMiOnsibWVzc2FnZSI6IkJBaEpJaUp0ZFdWaWJHVnpaWGgwWlhKcGIzSXViWGx6YUc5d2FXWjVMbU52YlFZNkJrVlUiLCJleHAiOiIyMDI2LTAzLTMwVDIyOjE5OjMwLjE0NFoiLCJwdXIiOiJwZXJtYW5lbnRfcGFzc3dvcmRfYnlwYXNzIn19--21ada5b5ed0ce3fe5e09bead728d40b3cb3d3d36,ACTIVE,Tag=Balliu; source_color=Verde
balliu-update,balliu-mesa-auxiliar-exterior-aluminio-54-cm-2ad5a2df,Mesa auxiliar exterior aluminio | 54 cm,Balliu,https://b0gsfsdyse43nzki-96767377732.shopifypreview.com/products_preview?preview_key=dbb1f539d830ba93f4eaf1e80cf721c6&_bt=eyJfcmFpbHMiOnsibWVzc2FnZSI6IkJBaEpJaUp0ZFdWaWJHVnpaWGgwWlhKcGIzSXViWGx6YUc5d2FXWjVMbU52YlFZNkJrVlUiLCJleHAiOiIyMDI2LTAzLTMwVDIyOjE5OjMwLjY2MloiLCJwdXIiOiJwZXJtYW5lbnRfcGFzc3dvcmRfYnlwYXNzIn19--775bc10cf5db4376420fe7752844f9635f00e7d7,ACTIVE,Tag=Balliu; source_color=Verde
balliu-update,balliu-sofa-exterior-3-plazas-aluminio-estilo-contemporaneo-77-cm-674ab9a1,Sofá exterior 3 plazas aluminio · estilo contemporáneo | 77 cm,Balliu,https://b0gsfsdyse43nzki-96767377732.shopifypreview.com/products_preview?preview_key=ddc667db9f3a19b5c3afca7b15999c71&_bt=eyJfcmFpbHMiOnsibWVzc2FnZSI6IkJBaEpJaUp0ZFdWaWJHVnpaWGgwWlhKcGIzSXViWGx6YUc5d2FXWjVMbU52YlFZNkJrVlUiLCJleHAiOiIyMDI2LTAzLTMwVDIyOjE5OjMxLjE0NFoiLCJwdXIiOiJwZXJtYW5lbnRfcGFzc3dvcmRfYnlwYXNzIn19--a0948fc5b6005f8e666535bdb5fc4abeaae6fd84,ACTIVE,Tag=Balliu; source_color=Verde
balliu-update,balliu-sofa-exterior-3-plazas-aluminio-estilo-contemporaneo-77-cm-aed77e2a,Sofá exterior 3 plazas aluminio · estilo contemporáneo | 77 cm,Balliu,https://b0gsfsdyse43nzki-96767377732.shopifypreview.com/products_preview?preview_key=34df10d2f2d9e98230f2fafef979d12a&_bt=eyJfcmFpbHMiOnsibWVzc2FnZSI6IkJBaEpJaUp0ZFdWaWJHVnpaWGgwWlhKcGIzSXViWGx6YUc5d2FXWjVMbU52YlFZNkJrVlUiLCJleHAiOiIyMDI2LTAzLTMwVDIyOjE5OjMyLjEyOFoiLCJwdXIiOiJwZXJtYW5lbnRfcGFzc3dvcmRfYnlwYXNzIn19--b97f1909dde4ec75c829d4b137c5fc7679ab035a,ACTIVE,Tag=Balliu; source_color=Verde
balliu-update,balliu-sofa-exterior-3-plazas-aluminio-estilo-contemporaneo-77-cm-e58d825a,Sofá exterior 3 plazas aluminio · estilo contemporáneo | 77 cm,Balliu,https://b0gsfsdyse43nzki-96767377732.shopifypreview.com/products_preview?preview_key=2308f81b780446574cd5fccd1a7342f3&_bt=eyJfcmFpbHMiOnsibWVzc2FnZSI6IkJBaEpJaUp0ZFdWaWJHVnpaWGgwWlhKcGIzSXViWGx6YUc5d2FXWjVMbU52YlFZNkJrVlUiLCJleHAiOiIyMDI2LTAzLTMwVDIyOjE5OjMyLjc0OVoiLCJwdXIiOiJwZXJtYW5lbnRfcGFzc3dvcmRfYnlwYXNzIn19--e7bb6ff2448c4ee52020dce13036450dfc0d2721,ACTIVE,Tag=Balliu; source_color=Verde
balliu-update,balliu-mesa-de-centro-exterior-aluminio-60-cm-510b363e,Mesa de centro exterior aluminio | 60 cm,Balliu,https://b0gsfsdyse43nzki-96767377732.shopifypreview.com/products_preview?preview_key=26e53e2d7871e1d27275acc40725cc21&_bt=eyJfcmFpbHMiOnsibWVzc2FnZSI6IkJBaEpJaUp0ZFdWaWJHVnpaWGgwWlhKcGIzSXViWGx6YUc5d2FXWjVMbU52YlFZNkJrVlUiLCJleHAiOiIyMDI2LTAzLTMwVDIyOjE5OjMzLjIwNFoiLCJwdXIiOiJwZXJtYW5lbnRfcGFzc3dvcmRfYnlwYXNzIn19--7cc7f8718115342187b803cb12c2a48347abeadb,ACTIVE,Tag=Balliu; source_color=Verde
balliu-update,balliu-mesa-de-centro-exterior-aluminio-60-cm-bc53f712,Mesa de centro exterior aluminio | 60 cm,Balliu,https://b0gsfsdyse43nzki-96767377732.shopifypreview.com/products_preview?preview_key=06bdfc8478f5294b55f6b62c560abe9b&_bt=eyJfcmFpbHMiOnsibWVzc2FnZSI6IkJBaEpJaUp0ZFdWaWJHVnpaWGgwWlhKcGIzSXViWGx6YUc5d2FXWjVMbU52YlFZNkJrVlUiLCJleHAiOiIyMDI2LTAzLTMwVDIyOjE5OjMzLjY5OFoiLCJwdXIiOiJwZXJtYW5lbnRfcGFzc3dvcmRfYnlwYXNzIn19--50ab43adac80df6ea42401b7e24a7e2e6c7dade0,ACTIVE,Tag=Balliu; source_color=Verde
balliu-update,balliu-parasol-para-terraza-acrilico-236bd5f0,Parasol para terraza acrílico,Balliu,https://b0gsfsdyse43nzki-96767377732.shopifypreview.com/products_preview?preview_key=3c85d4f7998c9ace3b68903dbba6a626&_bt=eyJfcmFpbHMiOnsibWVzc2FnZSI6IkJBaEpJaUp0ZFdWaWJHVnpaWGgwWlhKcGIzSXViWGx6YUc5d2FXWjVMbU52YlFZNkJrVlUiLCJleHAiOiIyMDI2LTAzLTMwVDIyOjE5OjM0LjAzNVoiLCJwdXIiOiJwZXJtYW5lbnRfcGFzc3dvcmRfYnlwYXNzIn19--9ad2f57bec1861adaf6f10877f865f4cda30acfd,ACTIVE,Tag=Balliu; source_color=Rojo
balliu-update,balliu-parasol-para-terraza-82e48b2d,Parasol para terraza,Balliu,https://b0gsfsdyse43nzki-96767377732.shopifypreview.com/products_preview?preview_key=6379e1631926630a467932c5c89577c1&_bt=eyJfcmFpbHMiOnsibWVzc2FnZSI6IkJBaEpJaUp0ZFdWaWJHVnpaWGgwWlhKcGIzSXViWGx6YUc5d2FXWjVMbU52YlFZNkJrVlUiLCJleHAiOiIyMDI2LTAzLTMwVDIyOjE5OjM0LjQxNVoiLCJwdXIiOiJwZXJtYW5lbnRfcGFzc3dvcmRfYnlwYXNzIn19--001596f88bf906051c68a1a51ca4aa5c53ea7030,ACTIVE,Tag=Balliu; source_color=Rojo
balliu-create,balliu-parasol-para-terraza-acrilico-236bd5f0-2,Parasol para terraza acrílico,Balliu,https://b0gsfsdyse43nzki-96767377732.shopifypreview.com/products_preview?preview_key=d2cd3f8c4bc3a96480133555da4621da&_bt=eyJfcmFpbHMiOnsibWVzc2FnZSI6IkJBaEpJaUp0ZFdWaWJHVnpaWGgwWlhKcGIzSXViWGx6YUc5d2FXWjVMbU52YlFZNkJrVlUiLCJleHAiOiIyMDI2LTAzLTMwVDIyOjE5OjM0LjkwNloiLCJwdXIiOiJwZXJtYW5lbnRfcGFzc3dvcmRfYnlwYXNzIn19--278dc96232130c5ddd5230e69bef931d5d708ce6,ACTIVE,Tag=Balliu; source_color=Rojo
balliu-create,balliu-parasol-para-terraza-82e48b2d-2,Parasol para terraza,Balliu,https://b0gsfsdyse43nzki-96767377732.shopifypreview.com/products_preview?preview_key=f6682fffca06628407fb675942408b50&_bt=eyJfcmFpbHMiOnsibWVzc2FnZSI6IkJBaEpJaUp0ZFdWaWJHVnpaWGgwWlhKcGIzSXViWGx6YUc5d2FXWjVMbU52YlFZNkJrVlUiLCJleHAiOiIyMDI2LTAzLTMwVDIyOjE5OjM1LjQzNloiLCJwdXIiOiJwZXJtYW5lbnRfcGFzc3dvcmRfYnlwYXNzIn19--8d20d642476a1fc3fccf3c92eb8c5da4229e097f,ACTIVE,Tag=Balliu; source_color=Rojo
balliu-update,balliu-parasol-para-terraza-f1ed8b8b,Parasol para terraza,Balliu,https://b0gsfsdyse43nzki-96767377732.shopifypreview.com/products_preview?preview_key=5be3ea075ba8c9b893aebf47f74641d3&_bt=eyJfcmFpbHMiOnsibWVzc2FnZSI6IkJBaEpJaUp0ZFdWaWJHVnpaWGgwWlhKcGIzSXViWGx6YUc5d2FXWjVMbU52YlFZNkJrVlUiLCJleHAiOiIyMDI2LTAzLTMwVDIyOjE5OjM1Ljc5M1oiLCJwdXIiOiJwZXJtYW5lbnRfcGFzc3dvcmRfYnlwYXNzIn19--25aa6351a211c76cc8e37895542052ae2e87365c,ACTIVE,Tag=Balliu; source_color=Rojo
balliu-update,balliu-parasol-para-terraza-acrilico-c8dd492d,Parasol para terraza acrílico,Balliu,https://b0gsfsdyse43nzki-96767377732.shopifypreview.com/products_preview?preview_key=2f21e468d6a57a0146e6f95f02171d9e&_bt=eyJfcmFpbHMiOnsibWVzc2FnZSI6IkJBaEpJaUp0ZFdWaWJHVnpaWGgwWlhKcGIzSXViWGx6YUc5d2FXWjVMbU52YlFZNkJrVlUiLCJleHAiOiIyMDI2LTAzLTMwVDIyOjE5OjM2LjE0NloiLCJwdXIiOiJwZXJtYW5lbnRfcGFzc3dvcmRfYnlwYXNzIn19--325e2c147cde44c5e3088dea46517e277f87b5d9,ACTIVE,Tag=Balliu; source_color=Rojo
balliu-create,balliu-parasol-para-terraza-acrilico-236bd5f0-3,Parasol para terraza acrílico,Balliu,https://b0gsfsdyse43nzki-96767377732.shopifypreview.com/products_preview?preview_key=a19422130f108276136b5c374879c8e5&_bt=eyJfcmFpbHMiOnsibWVzc2FnZSI6IkJBaEpJaUp0ZFdWaWJHVnpaWGgwWlhKcGIzSXViWGx6YUc5d2FXWjVMbU52YlFZNkJrVlUiLCJleHAiOiIyMDI2LTAzLTMwVDIyOjE5OjM2LjY5M1oiLCJwdXIiOiJwZXJtYW5lbnRfcGFzc3dvcmRfYnlwYXNzIn19--2f2411f9c0a332f2b8913359355f1376bdea8220,ACTIVE,Tag=Balliu; source_color=Rojo
balliu-create,balliu-parasol-para-terraza-82e48b2d-3,Parasol para terraza,Balliu,https://b0gsfsdyse43nzki-96767377732.shopifypreview.com/products_preview?preview_key=b826e47a59716cacbafe670037b2d4b3&_bt=eyJfcmFpbHMiOnsibWVzc2FnZSI6IkJBaEpJaUp0ZFdWaWJHVnpaWGgwWlhKcGIzSXViWGx6YUc5d2FXWjVMbU52YlFZNkJrVlUiLCJleHAiOiIyMDI2LTAzLTMwVDIyOjE5OjM3LjM0OFoiLCJwdXIiOiJwZXJtYW5lbnRfcGFzc3dvcmRfYnlwYXNzIn19--b56dfcc31fb6b4d6008c598fd22b85ef04430de2,ACTIVE,Tag=Balliu; source_color=Rojo
balliu-update,balliu-parasol-para-terraza-aluminio-300-cm-3b7e77d1,Parasol para terraza aluminio | Ø300 cm,Balliu,https://b0gsfsdyse43nzki-96767377732.shopifypreview.com/products_preview?preview_key=63022cbf636e6e4d328e16947213a09d&_bt=eyJfcmFpbHMiOnsibWVzc2FnZSI6IkJBaEpJaUp0ZFdWaWJHVnpaWGgwWlhKcGIzSXViWGx6YUc5d2FXWjVMbU52YlFZNkJrVlUiLCJleHAiOiIyMDI2LTAzLTMwVDIyOjE5OjM3Ljk1OFoiLCJwdXIiOiJwZXJtYW5lbnRfcGFzc3dvcmRfYnlwYXNzIn19--df5b071dea2914848d7b2d284e27847f7ee10686,ACTIVE,Tag=Balliu; source_color=Verde
balliu-update,balliu-parasol-para-terraza-aluminio-300-cm-0ceba8e7,Parasol para terraza aluminio | 300 cm,Balliu,https://b0gsfsdyse43nzki-96767377732.shopifypreview.com/products_preview?preview_key=5c2b401c07ff29e4e0157f4e11aaae20&_bt=eyJfcmFpbHMiOnsibWVzc2FnZSI6IkJBaEpJaUp0ZFdWaWJHVnpaWGgwWlhKcGIzSXViWGx6YUc5d2FXWjVMbU52YlFZNkJrVlUiLCJleHAiOiIyMDI2LTAzLTMwVDIyOjE5OjM4LjQ0NVoiLCJwdXIiOiJwZXJtYW5lbnRfcGFzc3dvcmRfYnlwYXNzIn19--3fc85ea3cdafb31a6e21c67a7deaffcc79722111,ACTIVE,Tag=Balliu; source_color=Verde
balliu-update,balliu-parasol-para-terraza-aluminio-300-cm-6c1e1224,Parasol para terraza aluminio | 300 cm,Balliu,https://b0gsfsdyse43nzki-96767377732.shopifypreview.com/products_preview?preview_key=c71d4244ce8ab7acb25fd53f189b9864&_bt=eyJfcmFpbHMiOnsibWVzc2FnZSI6IkJBaEpJaUp0ZFdWaWJHVnpaWGgwWlhKcGIzSXViWGx6YUc5d2FXWjVMbU52YlFZNkJrVlUiLCJleHAiOiIyMDI2LTAzLTMwVDIyOjE5OjM4LjkzMFoiLCJwdXIiOiJwZXJtYW5lbnRfcGFzc3dvcmRfYnlwYXNzIn19--df2833b52c6064a517dcf9614fd5b09fe100b560,ACTIVE,Tag=Balliu; source_color=Verde
balliu-update,balliu-accesorio-exterior-resina-da11d420,Accesorio exterior resina,Balliu,https://b0gsfsdyse43nzki-96767377732.shopifypreview.com/products_preview?preview_key=950eb62a99380ce42b38e2bcb36eba97&_bt=eyJfcmFpbHMiOnsibWVzc2FnZSI6IkJBaEpJaUp0ZFdWaWJHVnpaWGgwWlhKcGIzSXViWGx6YUc5d2FXWjVMbU52YlFZNkJrVlUiLCJleHAiOiIyMDI2LTAzLTMwVDIyOjE5OjM5LjI2NFoiLCJwdXIiOiJwZXJtYW5lbnRfcGFzc3dvcmRfYnlwYXNzIn19--5808ecac0a7e58db9b7f0366ce98e949f9c30a89,ACTIVE,Tag=Balliu; source_color=Rojo
balliu-update,balliu-accesorio-exterior-resina-df85d2d1,Accesorio exterior resina,Balliu,https://b0gsfsdyse43nzki-96767377732.shopifypreview.com/products_preview?preview_key=dcab4b9feebfb2e93f068c6abf96e73b&_bt=eyJfcmFpbHMiOnsibWVzc2FnZSI6IkJBaEpJaUp0ZFdWaWJHVnpaWGgwWlhKcGIzSXViWGx6YUc5d2FXWjVMbU52YlFZNkJrVlUiLCJleHAiOiIyMDI2LTAzLTMwVDIyOjE5OjM5LjU3M1oiLCJwdXIiOiJwZXJtYW5lbnRfcGFzc3dvcmRfYnlwYXNzIn19--c0b98af35cd7fefca570cf9062e04634097f00cf,ACTIVE,Tag=Balliu; source_color=Rojo
balliu-update,balliu-colchoneta-para-tumbona-acrilico-26977cb8,Colchoneta para tumbona acrílico,Balliu,https://b0gsfsdyse43nzki-96767377732.shopifypreview.com/products_preview?preview_key=435225449077174c16c0173ead960af8&_bt=eyJfcmFpbHMiOnsibWVzc2FnZSI6IkJBaEpJaUp0ZFdWaWJHVnpaWGgwWlhKcGIzSXViWGx6YUc5d2FXWjVMbU52YlFZNkJrVlUiLCJleHAiOiIyMDI2LTAzLTMwVDIyOjE5OjM5Ljg4MloiLCJwdXIiOiJwZXJtYW5lbnRfcGFzc3dvcmRfYnlwYXNzIn19--c69a0a7700c89413c59a284fd5727ff64a3c9833,ACTIVE,Tag=Balliu; source_color=Rojo
balliu-update,balliu-colchoneta-para-tumbona-0e9a3256,Colchoneta para tumbona,Balliu,https://b0gsfsdyse43nzki-96767377732.shopifypreview.com/products_preview?preview_key=28126de787e959132874717f8c777c44&_bt=eyJfcmFpbHMiOnsibWVzc2FnZSI6IkJBaEpJaUp0ZFdWaWJHVnpaWGgwWlhKcGIzSXViWGx6YUc5d2FXWjVMbU52YlFZNkJrVlUiLCJleHAiOiIyMDI2LTAzLTMwVDIyOjE5OjQwLjI0MFoiLCJwdXIiOiJwZXJtYW5lbnRfcGFzc3dvcmRfYnlwYXNzIn19--fafdc6f4d7a96b0eeb703669b6502aa56f7c2eba,ACTIVE,Tag=Balliu; source_color=Rojo
balliu-update,balliu-colchoneta-para-tumbona-41269616,Colchoneta para tumbona,Balliu,https://b0gsfsdyse43nzki-96767377732.shopifypreview.com/products_preview?preview_key=f0e72f5e0553f79c63e24bff7c85ed0c&_bt=eyJfcmFpbHMiOnsibWVzc2FnZSI6IkJBaEpJaUp0ZFdWaWJHVnpaWGgwWlhKcGIzSXViWGx6YUc5d2FXWjVMbU52YlFZNkJrVlUiLCJleHAiOiIyMDI2LTAzLTMwVDIyOjE5OjQwLjU5MloiLCJwdXIiOiJwZXJtYW5lbnRfcGFzc3dvcmRfYnlwYXNzIn19--66c723f0953447bb51066839d2b1cf468cc038ff,ACTIVE,Tag=Balliu; source_color=Rojo
balliu-update,balliu-mobiliario-exterior-resina-28-cm-6264905d,Mobiliario exterior resina | 28 cm,Balliu,https://b0gsfsdyse43nzki-96767377732.shopifypreview.com/products_preview?preview_key=7ad181dbfa8d31dfb590fe3ec914be7b&_bt=eyJfcmFpbHMiOnsibWVzc2FnZSI6IkJBaEpJaUp0ZFdWaWJHVnpaWGgwWlhKcGIzSXViWGx6YUc5d2FXWjVMbU52YlFZNkJrVlUiLCJleHAiOiIyMDI2LTAzLTMwVDIyOjE5OjQxLjA1NloiLCJwdXIiOiJwZXJtYW5lbnRfcGFzc3dvcmRfYnlwYXNzIn19--a32aeb1298659883a12e8b6f12f4112b0534cfda,ACTIVE,Tag=Balliu; source_color=Amarillo
balliu-update,balliu-pie-de-parasol-c2147052,Pie de parasol,Balliu,https://b0gsfsdyse43nzki-96767377732.shopifypreview.com/products_preview?preview_key=166a81c5fe0bd0312d0131d031e358c4&_bt=eyJfcmFpbHMiOnsibWVzc2FnZSI6IkJBaEpJaUp0ZFdWaWJHVnpaWGgwWlhKcGIzSXViWGx6YUc5d2FXWjVMbU52YlFZNkJrVlUiLCJleHAiOiIyMDI2LTAzLTMwVDIyOjE5OjQxLjM3MloiLCJwdXIiOiJwZXJtYW5lbnRfcGFzc3dvcmRfYnlwYXNzIn19--fb73735c38b02a5e79fe3fcfd2a271c65caadc4a,ACTIVE,Tag=Balliu; source_color=Rojo
balliu-update,balliu-pie-de-parasol-fab3cac6,Pie de parasol,Balliu,https://b0gsfsdyse43nzki-96767377732.shopifypreview.com/products_preview?preview_key=b1cbabf1198d8211f696026faa55fb91&_bt=eyJfcmFpbHMiOnsibWVzc2FnZSI6IkJBaEpJaUp0ZFdWaWJHVnpaWGgwWlhKcGIzSXViWGx6YUc5d2FXWjVMbU52YlFZNkJrVlUiLCJleHAiOiIyMDI2LTAzLTMwVDIyOjE5OjQyLjIxNVoiLCJwdXIiOiJwZXJtYW5lbnRfcGFzc3dvcmRfYnlwYXNzIn19--0e23e563ccdd6bcb2dc0a2254e7dee0f664be30b,ACTIVE,Tag=Balliu; source_color=Rojo
balliu-update,balliu-base-de-parasol-3ee8b72d,Base de parasol,Balliu,https://b0gsfsdyse43nzki-96767377732.shopifypreview.com/products_preview?preview_key=0a7535187677bfc127bff46eceac7e2f&_bt=eyJfcmFpbHMiOnsibWVzc2FnZSI6IkJBaEpJaUp0ZFdWaWJHVnpaWGgwWlhKcGIzSXViWGx6YUc5d2FXWjVMbU52YlFZNkJrVlUiLCJleHAiOiIyMDI2LTAzLTMwVDIyOjE5OjQyLjUyMVoiLCJwdXIiOiJwZXJtYW5lbnRfcGFzc3dvcmRfYnlwYXNzIn19--b7fecb9cacf64916f0df41476ebc6d67814b02e1,ACTIVE,Tag=Balliu; source_color=Rojo
balliu-update,balliu-base-de-parasol-890a4cd4,Base de parasol,Balliu,https://b0gsfsdyse43nzki-96767377732.shopifypreview.com/products_preview?preview_key=3dc08db68c26550ae661e3f6ae630efb&_bt=eyJfcmFpbHMiOnsibWVzc2FnZSI6IkJBaEpJaUp0ZFdWaWJHVnpaWGgwWlhKcGIzSXViWGx6YUc5d2FXWjVMbU52YlFZNkJrVlUiLCJleHAiOiIyMDI2LTAzLTMwVDIyOjE5OjQyLjg4OVoiLCJwdXIiOiJwZXJtYW5lbnRfcGFzc3dvcmRfYnlwYXNzIn19--ee56ee9d8c8e017b1b7f3dcd7aca46ee9aa37038,ACTIVE,Tag=Balliu; source_color=Rojo
balliu-update,balliu-funda-protectora-exterior-d7d20ab0,Funda protectora exterior,Balliu,https://b0gsfsdyse43nzki-96767377732.shopifypreview.com/products_preview?preview_key=2afc1323e7be40106ee18407533fbce4&_bt=eyJfcmFpbHMiOnsibWVzc2FnZSI6IkJBaEpJaUp0ZFdWaWJHVnpaWGgwWlhKcGIzSXViWGx6YUc5d2FXWjVMbU52YlFZNkJrVlUiLCJleHAiOiIyMDI2LTAzLTMwVDIyOjE5OjQzLjIyNFoiLCJwdXIiOiJwZXJtYW5lbnRfcGFzc3dvcmRfYnlwYXNzIn19--be1007c8f286f8c5b1e78a769ef32eca86de2d7d,ACTIVE,Tag=Balliu; source_color=Rojo
balliu-update,balliu-funda-protectora-exterior-287bb1c0,Funda protectora exterior,Balliu,https://b0gsfsdyse43nzki-96767377732.shopifypreview.com/products_preview?preview_key=e1119779b423de5b7ab8a90fbbccfd17&_bt=eyJfcmFpbHMiOnsibWVzc2FnZSI6IkJBaEpJaUp0ZFdWaWJHVnpaWGgwWlhKcGIzSXViWGx6YUc5d2FXWjVMbU52YlFZNkJrVlUiLCJleHAiOiIyMDI2LTAzLTMwVDIyOjE5OjQzLjU1NVoiLCJwdXIiOiJwZXJtYW5lbnRfcGFzc3dvcmRfYnlwYXNzIn19--dbb85a53ffa3bfb7da9a8f8017f7a755390d504e,ACTIVE,Tag=Balliu; source_color=Rojo
balliu-update,balliu-funda-protectora-exterior-686cc405,Funda protectora exterior,Balliu,https://b0gsfsdyse43nzki-96767377732.shopifypreview.com/products_preview?preview_key=67276dae5e3d07caf9ab834eed2cf05e&_bt=eyJfcmFpbHMiOnsibWVzc2FnZSI6IkJBaEpJaUp0ZFdWaWJHVnpaWGgwWlhKcGIzSXViWGx6YUc5d2FXWjVMbU52YlFZNkJrVlUiLCJleHAiOiIyMDI2LTAzLTMwVDIyOjE5OjQzLjk1MVoiLCJwdXIiOiJwZXJtYW5lbnRfcGFzc3dvcmRfYnlwYXNzIn19--e69c97543923c4a9850f542e748525049ffcbe82,ACTIVE,Tag=Balliu; source_color=Rojo
balliu-update,balliu-funda-protectora-exterior-acrilico-a1c16324,Funda protectora exterior acrílico,Balliu,https://b0gsfsdyse43nzki-96767377732.shopifypreview.com/products_preview?preview_key=80d875a27845170bf221b69f393c737c&_bt=eyJfcmFpbHMiOnsibWVzc2FnZSI6IkJBaEpJaUp0ZFdWaWJHVnpaWGgwWlhKcGIzSXViWGx6YUc5d2FXWjVMbU52YlFZNkJrVlUiLCJleHAiOiIyMDI2LTAzLTMwVDIyOjE5OjQ0LjMxOFoiLCJwdXIiOiJwZXJtYW5lbnRfcGFzc3dvcmRfYnlwYXNzIn19--65511b9825c494460c0b8a9f5fe67e5a42906e61,ACTIVE,Tag=Balliu; source_color=Rojo
balliu-update,balliu-funda-protectora-exterior-6f6d4953,Funda protectora exterior,Balliu,https://b0gsfsdyse43nzki-96767377732.shopifypreview.com/products_preview?preview_key=679d233bc33ceb911bc652b922a38c07&_bt=eyJfcmFpbHMiOnsibWVzc2FnZSI6IkJBaEpJaUp0ZFdWaWJHVnpaWGgwWlhKcGIzSXViWGx6YUc5d2FXWjVMbU52YlFZNkJrVlUiLCJleHAiOiIyMDI2LTAzLTMwVDIyOjE5OjQ0LjY2MloiLCJwdXIiOiJwZXJtYW5lbnRfcGFzc3dvcmRfYnlwYXNzIn19--1e57404f82470fc6616ec04851c105b980d61936,ACTIVE,Tag=Balliu; source_color=Rojo
balliu-update,balliu-funda-protectora-exterior-0595c4c0,Funda protectora exterior,Balliu,https://b0gsfsdyse43nzki-96767377732.shopifypreview.com/products_preview?preview_key=4d45d5bf13c23f940f351dca68656557&_bt=eyJfcmFpbHMiOnsibWVzc2FnZSI6IkJBaEpJaUp0ZFdWaWJHVnpaWGgwWlhKcGIzSXViWGx6YUc5d2FXWjVMbU52YlFZNkJrVlUiLCJleHAiOiIyMDI2LTAzLTMwVDIyOjE5OjQ0Ljk5NVoiLCJwdXIiOiJwZXJtYW5lbnRfcGFzc3dvcmRfYnlwYXNzIn19--4fa4428e8ede3544a898e33c8a491c84a6505a11,ACTIVE,Tag=Balliu; source_color=Rojo
balliu-update,balliu-funda-protectora-exterior-852af1c6,Funda protectora exterior,Balliu,https://b0gsfsdyse43nzki-96767377732.shopifypreview.com/products_preview?preview_key=b5ff2b0ccb79a5383133d76b987adaf3&_bt=eyJfcmFpbHMiOnsibWVzc2FnZSI6IkJBaEpJaUp0ZFdWaWJHVnpaWGgwWlhKcGIzSXViWGx6YUc5d2FXWjVMbU52YlFZNkJrVlUiLCJleHAiOiIyMDI2LTAzLTMwVDIyOjE5OjQ1LjM0N1oiLCJwdXIiOiJwZXJtYW5lbnRfcGFzc3dvcmRfYnlwYXNzIn19--f9f42fa2a9cdae71fb7b790f04bb29e2c4ed6271,ACTIVE,Tag=Balliu; source_color=Rojo
balliu-update,balliu-funda-protectora-exterior-340b2844,Funda protectora exterior,Balliu,https://b0gsfsdyse43nzki-96767377732.shopifypreview.com/products_preview?preview_key=ad962b9b5c382c8982d852e3ec5d5728&_bt=eyJfcmFpbHMiOnsibWVzc2FnZSI6IkJBaEpJaUp0ZFdWaWJHVnpaWGgwWlhKcGIzSXViWGx6YUc5d2FXWjVMbU52YlFZNkJrVlUiLCJleHAiOiIyMDI2LTAzLTMwVDIyOjE5OjQ1LjY3NloiLCJwdXIiOiJwZXJtYW5lbnRfcGFzc3dvcmRfYnlwYXNzIn19--50e5911809a63037015e7629ca8fb82f9b439e7d,ACTIVE,Tag=Balliu; source_color=Rojo
balliu-update,balliu-cojin-exterior-523e5ae9,Cojín exterior,Balliu,https://b0gsfsdyse43nzki-96767377732.shopifypreview.com/products_preview?preview_key=fa872eed4c3ae274398d160bde8a152f&_bt=eyJfcmFpbHMiOnsibWVzc2FnZSI6IkJBaEpJaUp0ZFdWaWJHVnpaWGgwWlhKcGIzSXViWGx6YUc5d2FXWjVMbU52YlFZNkJrVlUiLCJleHAiOiIyMDI2LTAzLTMwVDIyOjE5OjQ1Ljk5N1oiLCJwdXIiOiJwZXJtYW5lbnRfcGFzc3dvcmRfYnlwYXNzIn19--3d6cdbf0d516c67b3747fe96aa847a089a9c48f3,ACTIVE,Tag=Balliu; source_color=Rojo
balliu-update,balliu-limpiador-para-mobiliario-exterior-d0d3fc26,Limpiador para mobiliario exterior,Balliu,https://b0gsfsdyse43nzki-96767377732.shopifypreview.com/products_preview?preview_key=34270e547f7034faa948a0974459f51b&_bt=eyJfcmFpbHMiOnsibWVzc2FnZSI6IkJBaEpJaUp0ZFdWaWJHVnpaWGgwWlhKcGIzSXViWGx6YUc5d2FXWjVMbU52YlFZNkJrVlUiLCJleHAiOiIyMDI2LTAzLTMwVDIyOjE5OjQ2LjMxMVoiLCJwdXIiOiJwZXJtYW5lbnRfcGFzc3dvcmRfYnlwYXNzIn19--4801326b4d4225ab7dac0ce524717415f62890b9,ACTIVE,Tag=Balliu; source_color=Rojo
