producto,tipo,modelo_fabricante,color_variante,sku_santavila,ref_proveedor_guardada,handle,EAN_a_rellenar
Tumbona exterior resina · Ø73 cm tablillas · Eva Pro T,Tumbona,Eva Pro T,Blanco,SV-EVAPRO-T-BLANCO,BALLIU_EVA_PRO_TUMBONA_CHASIS_BLANCO_TA_923110D9 + Prestige,balliu-tumbona-de-exterior-resina-923110d9,
Tumbona exterior resina · Ø73 cm tablillas · Eva Pro T,Tumbona,Eva Pro T,Arena,SV-EVAPRO-T-ARENA,BALLIU_EVA_PRO_TUMBONA_CHASIS_BLANCO_TA_923110D9 + Prestige,balliu-tumbona-de-exterior-resina-923110d9,
Tumbona exterior resina · Ø73 cm tablillas · Eva Pro T,Tumbona,Eva Pro T,Bronce,SV-EVAPRO-T-BRONCE,BALLIU_EVA_PRO_TUMBONA_CHASIS_BLANCO_TA_923110D9 + Prestige,balliu-tumbona-de-exterior-resina-923110d9,
Tumbona exterior resina · Ø73 cm tablillas · Eva Pro T,Tumbona,Eva Pro T,Gris Oscuro,SV-EVAPRO-T-GRIS-OSC,BALLIU_EVA_PRO_TUMBONA_CHASIS_BLANCO_TA_923110D9 + Prestige,balliu-tumbona-de-exterior-resina-923110d9,
Tumbona exterior resina · Ø73 cm tablillas · Eva Pro T,Tumbona,Eva Pro T,Tórtola,SV-EVAPRO-T-TORTOLA,BALLIU_EVA_PRO_TUMBONA_CHASIS_BLANCO_TA_923110D9 + Prestige,balliu-tumbona-de-exterior-resina-923110d9,
Tumbona exterior resina · Ø73 cm tela · Eva Pro,Tumbona,Eva Pro,Blanco / Azul,SV-EVAPRO-BLANCO-AZUL,BALLIU_EVA_PRO_TUMBONA_CHASIS_BLANCO_TE_B19AF1EA + variantes,balliu-tumbona-de-exterior-resina-b19af1ea,
Tumbona exterior resina · Ø73 cm tela · Eva Pro,Tumbona,Eva Pro,Blanco / Amarillo,SV-EVAPRO-BLANCO-AMARILLO,BALLIU_EVA_PRO_TUMBONA_CHASIS_BLANCO_TE_B19AF1EA + variantes,balliu-tumbona-de-exterior-resina-b19af1ea,
Tumbona exterior resina · Ø73 cm tela · Eva Pro,Tumbona,Eva Pro,Blanco / Naranja,SV-EVAPRO-BLANCO-NARANJA,BALLIU_EVA_PRO_TUMBONA_CHASIS_BLANCO_TE_B19AF1EA + variantes,balliu-tumbona-de-exterior-resina-b19af1ea,
Tumbona exterior resina · Ø73 cm tela · Eva Pro,Tumbona,Eva Pro,Blanco / Verde claro,SV-EVAPRO-BLANCO-VERDE-CLARO,BALLIU_EVA_PRO_TUMBONA_CHASIS_BLANCO_TE_B19AF1EA + variantes,balliu-tumbona-de-exterior-resina-b19af1ea,
Tumbona exterior resina · Ø73 cm tela · Eva Pro,Tumbona,Eva Pro,Blanco / Blanco,SV-EVAPRO-BLANCO-BLANCO,BALLIU_EVA_PRO_TUMBONA_CHASIS_BLANCO_TE_B19AF1EA + variantes,balliu-tumbona-de-exterior-resina-b19af1ea,
Tumbona exterior resina · Ø73 cm tela · Eva Pro,Tumbona,Eva Pro,Blanco / Natural,SV-EVAPRO-BLANCO-NATURAL,BALLIU_EVA_PRO_TUMBONA_CHASIS_BLANCO_TE_B19AF1EA + variantes,balliu-tumbona-de-exterior-resina-b19af1ea,
Tumbona exterior resina · Ø73 cm tela · Eva Pro,Tumbona,Eva Pro,Blanco / Capuchino,SV-EVAPRO-BLANCO-CAPUCHINO,BALLIU_EVA_PRO_TUMBONA_CHASIS_BLANCO_TE_B19AF1EA + variantes,balliu-tumbona-de-exterior-resina-b19af1ea,
Tumbona exterior resina · Ø73 cm tela · Eva Pro,Tumbona,Eva Pro,Blanco / Caqui,SV-EVAPRO-BLANCO-CAQUI,BALLIU_EVA_PRO_TUMBONA_CHASIS_BLANCO_TE_B19AF1EA + variantes,balliu-tumbona-de-exterior-resina-b19af1ea,
Tumbona exterior resina · Ø73 cm tela · Eva Pro,Tumbona,Eva Pro,Blanco / Marrón oscuro,SV-EVAPRO-BLANCO-MARRON-OSC,BALLIU_EVA_PRO_TUMBONA_CHASIS_BLANCO_TE_B19AF1EA + variantes,balliu-tumbona-de-exterior-resina-b19af1ea,
Tumbona exterior resina · Ø73 cm tela · Eva Pro,Tumbona,Eva Pro,Blanco / Arena,SV-EVAPRO-BLANCO-ARENA,BALLIU_EVA_PRO_TUMBONA_CHASIS_BLANCO_TE_B19AF1EA + variantes,balliu-tumbona-de-exterior-resina-b19af1ea,
Tumbona exterior resina · Ø73 cm tela · Eva Pro,Tumbona,Eva Pro,Blanco / Verde oscuro,SV-EVAPRO-BLANCO-VERDE-OSC,BALLIU_EVA_PRO_TUMBONA_CHASIS_BLANCO_TE_B19AF1EA + variantes,balliu-tumbona-de-exterior-resina-b19af1ea,
Tumbona exterior resina · Ø73 cm tela · Eva Pro,Tumbona,Eva Pro,Blanco / Azul celeste,SV-EVAPRO-BLANCO-AZUL-CEL,BALLIU_EVA_PRO_TUMBONA_CHASIS_BLANCO_TE_B19AF1EA + variantes,balliu-tumbona-de-exterior-resina-b19af1ea,
Tumbona exterior resina · Ø73 cm tela · Eva Pro,Tumbona,Eva Pro,Blanco / Ceniza,SV-EVAPRO-BLANCO-CENIZA,BALLIU_EVA_PRO_TUMBONA_CHASIS_BLANCO_TE_B19AF1EA + variantes,balliu-tumbona-de-exterior-resina-b19af1ea,
Tumbona exterior resina · Ø73 cm tela · Eva Pro,Tumbona,Eva Pro,Blanco / Azul marino,SV-EVAPRO-BLANCO-AZUL-MAR,BALLIU_EVA_PRO_TUMBONA_CHASIS_BLANCO_TE_B19AF1EA + variantes,balliu-tumbona-de-exterior-resina-b19af1ea,
Tumbona exterior resina · Ø73 cm tela · Eva Pro,Tumbona,Eva Pro,Blanco / Gris oscuro,SV-EVAPRO-BLANCO-GRIS-OSC,BALLIU_EVA_PRO_TUMBONA_CHASIS_BLANCO_TE_B19AF1EA + variantes,balliu-tumbona-de-exterior-resina-b19af1ea,
Tumbona exterior resina · Ø73 cm tela · Eva Pro,Tumbona,Eva Pro,Blanco / Azul acero,SV-EVAPRO-BLANCO-AZUL-ACERO,BALLIU_EVA_PRO_TUMBONA_CHASIS_BLANCO_TE_B19AF1EA + variantes,balliu-tumbona-de-exterior-resina-b19af1ea,
Tumbona exterior resina · Ø73 cm tela · Eva Pro,Tumbona,Eva Pro,Arena / Azul,SV-EVAPRO-ARENA-AZUL,BALLIU_EVA_PRO_TUMBONA_CHASIS_BLANCO_TE_B19AF1EA + variantes,balliu-tumbona-de-exterior-resina-b19af1ea,
Tumbona exterior resina · Ø73 cm tela · Eva Pro,Tumbona,Eva Pro,Arena / Amarillo,SV-EVAPRO-ARENA-AMARILLO,BALLIU_EVA_PRO_TUMBONA_CHASIS_BLANCO_TE_B19AF1EA + variantes,balliu-tumbona-de-exterior-resina-b19af1ea,
Tumbona exterior resina · Ø73 cm tela · Eva Pro,Tumbona,Eva Pro,Arena / Naranja,SV-EVAPRO-ARENA-NARANJA,BALLIU_EVA_PRO_TUMBONA_CHASIS_BLANCO_TE_B19AF1EA + variantes,balliu-tumbona-de-exterior-resina-b19af1ea,
Tumbona exterior resina · Ø73 cm tela · Eva Pro,Tumbona,Eva Pro,Arena / Verde claro,SV-EVAPRO-ARENA-VERDE-CLARO,BALLIU_EVA_PRO_TUMBONA_CHASIS_BLANCO_TE_B19AF1EA + variantes,balliu-tumbona-de-exterior-resina-b19af1ea,
Tumbona exterior resina · Ø73 cm tela · Eva Pro,Tumbona,Eva Pro,Arena / Blanco,SV-EVAPRO-ARENA-BLANCO,BALLIU_EVA_PRO_TUMBONA_CHASIS_BLANCO_TE_B19AF1EA + variantes,balliu-tumbona-de-exterior-resina-b19af1ea,
Tumbona exterior resina · Ø73 cm tela · Eva Pro,Tumbona,Eva Pro,Arena / Natural,SV-EVAPRO-ARENA-NATURAL,BALLIU_EVA_PRO_TUMBONA_CHASIS_BLANCO_TE_B19AF1EA + variantes,balliu-tumbona-de-exterior-resina-b19af1ea,
Tumbona exterior resina · Ø73 cm tela · Eva Pro,Tumbona,Eva Pro,Arena / Capuchino,SV-EVAPRO-ARENA-CAPUCHINO,BALLIU_EVA_PRO_TUMBONA_CHASIS_BLANCO_TE_B19AF1EA + variantes,balliu-tumbona-de-exterior-resina-b19af1ea,
Tumbona exterior resina · Ø73 cm tela · Eva Pro,Tumbona,Eva Pro,Arena / Caqui,SV-EVAPRO-ARENA-CAQUI,BALLIU_EVA_PRO_TUMBONA_CHASIS_BLANCO_TE_B19AF1EA + variantes,balliu-tumbona-de-exterior-resina-b19af1ea,
Tumbona exterior resina · Ø73 cm tela · Eva Pro,Tumbona,Eva Pro,Arena / Marrón oscuro,SV-EVAPRO-ARENA-MARRON-OSC,BALLIU_EVA_PRO_TUMBONA_CHASIS_BLANCO_TE_B19AF1EA + variantes,balliu-tumbona-de-exterior-resina-b19af1ea,
Tumbona exterior resina · Ø73 cm tela · Eva Pro,Tumbona,Eva Pro,Arena / Arena,SV-EVAPRO-ARENA-ARENA,BALLIU_EVA_PRO_TUMBONA_CHASIS_BLANCO_TE_B19AF1EA + variantes,balliu-tumbona-de-exterior-resina-b19af1ea,
Tumbona exterior resina · Ø73 cm tela · Eva Pro,Tumbona,Eva Pro,Arena / Verde oscuro,SV-EVAPRO-ARENA-VERDE-OSC,BALLIU_EVA_PRO_TUMBONA_CHASIS_BLANCO_TE_B19AF1EA + variantes,balliu-tumbona-de-exterior-resina-b19af1ea,
Tumbona exterior resina · Ø73 cm tela · Eva Pro,Tumbona,Eva Pro,Arena / Azul celeste,SV-EVAPRO-ARENA-AZUL-CEL,BALLIU_EVA_PRO_TUMBONA_CHASIS_BLANCO_TE_B19AF1EA + variantes,balliu-tumbona-de-exterior-resina-b19af1ea,
Tumbona exterior resina · Ø73 cm tela · Eva Pro,Tumbona,Eva Pro,Arena / Ceniza,SV-EVAPRO-ARENA-CENIZA,BALLIU_EVA_PRO_TUMBONA_CHASIS_BLANCO_TE_B19AF1EA + variantes,balliu-tumbona-de-exterior-resina-b19af1ea,
Tumbona exterior resina · Ø73 cm tela · Eva Pro,Tumbona,Eva Pro,Arena / Azul marino,SV-EVAPRO-ARENA-AZUL-MAR,BALLIU_EVA_PRO_TUMBONA_CHASIS_BLANCO_TE_B19AF1EA + variantes,balliu-tumbona-de-exterior-resina-b19af1ea,
Tumbona exterior resina · Ø73 cm tela · Eva Pro,Tumbona,Eva Pro,Arena / Gris oscuro,SV-EVAPRO-ARENA-GRIS-OSC,BALLIU_EVA_PRO_TUMBONA_CHASIS_BLANCO_TE_B19AF1EA + variantes,balliu-tumbona-de-exterior-resina-b19af1ea,
Tumbona exterior resina · Ø73 cm tela · Eva Pro,Tumbona,Eva Pro,Arena / Azul acero,SV-EVAPRO-ARENA-AZUL-ACERO,BALLIU_EVA_PRO_TUMBONA_CHASIS_BLANCO_TE_B19AF1EA + variantes,balliu-tumbona-de-exterior-resina-b19af1ea,
Tumbona exterior resina · Ø73 cm tela · Eva Pro,Tumbona,Eva Pro,Bronce / Azul,SV-EVAPRO-BRONCE-AZUL,BALLIU_EVA_PRO_TUMBONA_CHASIS_BLANCO_TE_B19AF1EA + variantes,balliu-tumbona-de-exterior-resina-b19af1ea,
Tumbona exterior resina · Ø73 cm tela · Eva Pro,Tumbona,Eva Pro,Bronce / Amarillo,SV-EVAPRO-BRONCE-AMARILLO,BALLIU_EVA_PRO_TUMBONA_CHASIS_BLANCO_TE_B19AF1EA + variantes,balliu-tumbona-de-exterior-resina-b19af1ea,
Tumbona exterior resina · Ø73 cm tela · Eva Pro,Tumbona,Eva Pro,Bronce / Naranja,SV-EVAPRO-BRONCE-NARANJA,BALLIU_EVA_PRO_TUMBONA_CHASIS_BLANCO_TE_B19AF1EA + variantes,balliu-tumbona-de-exterior-resina-b19af1ea,
Tumbona exterior resina · Ø73 cm tela · Eva Pro,Tumbona,Eva Pro,Bronce / Verde claro,SV-EVAPRO-BRONCE-VERDE-CLARO,BALLIU_EVA_PRO_TUMBONA_CHASIS_BLANCO_TE_B19AF1EA + variantes,balliu-tumbona-de-exterior-resina-b19af1ea,
Tumbona exterior resina · Ø73 cm tela · Eva Pro,Tumbona,Eva Pro,Bronce / Blanco,SV-EVAPRO-BRONCE-BLANCO,BALLIU_EVA_PRO_TUMBONA_CHASIS_BLANCO_TE_B19AF1EA + variantes,balliu-tumbona-de-exterior-resina-b19af1ea,
Tumbona exterior resina · Ø73 cm tela · Eva Pro,Tumbona,Eva Pro,Bronce / Natural,SV-EVAPRO-BRONCE-NATURAL,BALLIU_EVA_PRO_TUMBONA_CHASIS_BLANCO_TE_B19AF1EA + variantes,balliu-tumbona-de-exterior-resina-b19af1ea,
Tumbona exterior resina · Ø73 cm tela · Eva Pro,Tumbona,Eva Pro,Bronce / Capuchino,SV-EVAPRO-BRONCE-CAPUCHINO,BALLIU_EVA_PRO_TUMBONA_CHASIS_BLANCO_TE_B19AF1EA + variantes,balliu-tumbona-de-exterior-resina-b19af1ea,
Tumbona exterior resina · Ø73 cm tela · Eva Pro,Tumbona,Eva Pro,Bronce / Caqui,SV-EVAPRO-BRONCE-CAQUI,BALLIU_EVA_PRO_TUMBONA_CHASIS_BLANCO_TE_B19AF1EA + variantes,balliu-tumbona-de-exterior-resina-b19af1ea,
Tumbona exterior resina · Ø73 cm tela · Eva Pro,Tumbona,Eva Pro,Bronce / Marrón oscuro,SV-EVAPRO-BRONCE-MARRON-OSC,BALLIU_EVA_PRO_TUMBONA_CHASIS_BLANCO_TE_B19AF1EA + variantes,balliu-tumbona-de-exterior-resina-b19af1ea,
Tumbona exterior resina · Ø73 cm tela · Eva Pro,Tumbona,Eva Pro,Bronce / Arena,SV-EVAPRO-BRONCE-ARENA,BALLIU_EVA_PRO_TUMBONA_CHASIS_BLANCO_TE_B19AF1EA + variantes,balliu-tumbona-de-exterior-resina-b19af1ea,
Tumbona exterior resina · Ø73 cm tela · Eva Pro,Tumbona,Eva Pro,Bronce / Verde oscuro,SV-EVAPRO-BRONCE-VERDE-OSC,BALLIU_EVA_PRO_TUMBONA_CHASIS_BLANCO_TE_B19AF1EA + variantes,balliu-tumbona-de-exterior-resina-b19af1ea,
Tumbona exterior resina · Ø73 cm tela · Eva Pro,Tumbona,Eva Pro,Bronce / Azul celeste,SV-EVAPRO-BRONCE-AZUL-CEL,BALLIU_EVA_PRO_TUMBONA_CHASIS_BLANCO_TE_B19AF1EA + variantes,balliu-tumbona-de-exterior-resina-b19af1ea,
Tumbona exterior resina · Ø73 cm tela · Eva Pro,Tumbona,Eva Pro,Bronce / Ceniza,SV-EVAPRO-BRONCE-CENIZA,BALLIU_EVA_PRO_TUMBONA_CHASIS_BLANCO_TE_B19AF1EA + variantes,balliu-tumbona-de-exterior-resina-b19af1ea,
Tumbona exterior resina · Ø73 cm tela · Eva Pro,Tumbona,Eva Pro,Bronce / Azul marino,SV-EVAPRO-BRONCE-AZUL-MAR,BALLIU_EVA_PRO_TUMBONA_CHASIS_BLANCO_TE_B19AF1EA + variantes,balliu-tumbona-de-exterior-resina-b19af1ea,
Tumbona exterior resina · Ø73 cm tela · Eva Pro,Tumbona,Eva Pro,Bronce / Gris oscuro,SV-EVAPRO-BRONCE-GRIS-OSC,BALLIU_EVA_PRO_TUMBONA_CHASIS_BLANCO_TE_B19AF1EA + variantes,balliu-tumbona-de-exterior-resina-b19af1ea,
Tumbona exterior resina · Ø73 cm tela · Eva Pro,Tumbona,Eva Pro,Bronce / Azul acero,SV-EVAPRO-BRONCE-AZUL-ACERO,BALLIU_EVA_PRO_TUMBONA_CHASIS_BLANCO_TE_B19AF1EA + variantes,balliu-tumbona-de-exterior-resina-b19af1ea,
Tumbona exterior resina · Ø73 cm tela · Eva Pro,Tumbona,Eva Pro,Gris Oscuro / Azul,SV-EVAPRO-GRIS-OSC-AZUL,BALLIU_EVA_PRO_TUMBONA_CHASIS_BLANCO_TE_B19AF1EA + variantes,balliu-tumbona-de-exterior-resina-b19af1ea,
Tumbona exterior resina · Ø73 cm tela · Eva Pro,Tumbona,Eva Pro,Gris Oscuro / Amarillo,SV-EVAPRO-GRIS-OSC-AMARILLO,BALLIU_EVA_PRO_TUMBONA_CHASIS_BLANCO_TE_B19AF1EA + variantes,balliu-tumbona-de-exterior-resina-b19af1ea,
Tumbona exterior resina · Ø73 cm tela · Eva Pro,Tumbona,Eva Pro,Gris Oscuro / Naranja,SV-EVAPRO-GRIS-OSC-NARANJA,BALLIU_EVA_PRO_TUMBONA_CHASIS_BLANCO_TE_B19AF1EA + variantes,balliu-tumbona-de-exterior-resina-b19af1ea,
Tumbona exterior resina · Ø73 cm tela · Eva Pro,Tumbona,Eva Pro,Gris Oscuro / Verde claro,SV-EVAPRO-GRIS-OSC-VERDE-CLARO,BALLIU_EVA_PRO_TUMBONA_CHASIS_BLANCO_TE_B19AF1EA + variantes,balliu-tumbona-de-exterior-resina-b19af1ea,
Tumbona exterior resina · Ø73 cm tela · Eva Pro,Tumbona,Eva Pro,Gris Oscuro / Blanco,SV-EVAPRO-GRIS-OSC-BLANCO,BALLIU_EVA_PRO_TUMBONA_CHASIS_BLANCO_TE_B19AF1EA + variantes,balliu-tumbona-de-exterior-resina-b19af1ea,
Tumbona exterior resina · Ø73 cm tela · Eva Pro,Tumbona,Eva Pro,Gris Oscuro / Natural,SV-EVAPRO-GRIS-OSC-NATURAL,BALLIU_EVA_PRO_TUMBONA_CHASIS_BLANCO_TE_B19AF1EA + variantes,balliu-tumbona-de-exterior-resina-b19af1ea,
Tumbona exterior resina · Ø73 cm tela · Eva Pro,Tumbona,Eva Pro,Gris Oscuro / Capuchino,SV-EVAPRO-GRIS-OSC-CAPUCHINO,BALLIU_EVA_PRO_TUMBONA_CHASIS_BLANCO_TE_B19AF1EA + variantes,balliu-tumbona-de-exterior-resina-b19af1ea,
Tumbona exterior resina · Ø73 cm tela · Eva Pro,Tumbona,Eva Pro,Gris Oscuro / Caqui,SV-EVAPRO-GRIS-OSC-CAQUI,BALLIU_EVA_PRO_TUMBONA_CHASIS_BLANCO_TE_B19AF1EA + variantes,balliu-tumbona-de-exterior-resina-b19af1ea,
Tumbona exterior resina · Ø73 cm tela · Eva Pro,Tumbona,Eva Pro,Gris Oscuro / Marrón oscuro,SV-EVAPRO-GRIS-OSC-MARRON-OSC,BALLIU_EVA_PRO_TUMBONA_CHASIS_BLANCO_TE_B19AF1EA + variantes,balliu-tumbona-de-exterior-resina-b19af1ea,
Tumbona exterior resina · Ø73 cm tela · Eva Pro,Tumbona,Eva Pro,Gris Oscuro / Arena,SV-EVAPRO-GRIS-OSC-ARENA,BALLIU_EVA_PRO_TUMBONA_CHASIS_BLANCO_TE_B19AF1EA + variantes,balliu-tumbona-de-exterior-resina-b19af1ea,
Tumbona exterior resina · Ø73 cm tela · Eva Pro,Tumbona,Eva Pro,Gris Oscuro / Verde oscuro,SV-EVAPRO-GRIS-OSC-VERDE-OSC,BALLIU_EVA_PRO_TUMBONA_CHASIS_BLANCO_TE_B19AF1EA + variantes,balliu-tumbona-de-exterior-resina-b19af1ea,
Tumbona exterior resina · Ø73 cm tela · Eva Pro,Tumbona,Eva Pro,Gris Oscuro / Azul celeste,SV-EVAPRO-GRIS-OSC-AZUL-CEL,BALLIU_EVA_PRO_TUMBONA_CHASIS_BLANCO_TE_B19AF1EA + variantes,balliu-tumbona-de-exterior-resina-b19af1ea,
Tumbona exterior resina · Ø73 cm tela · Eva Pro,Tumbona,Eva Pro,Gris Oscuro / Ceniza,SV-EVAPRO-GRIS-OSC-CENIZA,BALLIU_EVA_PRO_TUMBONA_CHASIS_BLANCO_TE_B19AF1EA + variantes,balliu-tumbona-de-exterior-resina-b19af1ea,
Tumbona exterior resina · Ø73 cm tela · Eva Pro,Tumbona,Eva Pro,Gris Oscuro / Azul marino,SV-EVAPRO-GRIS-OSC-AZUL-MAR,BALLIU_EVA_PRO_TUMBONA_CHASIS_BLANCO_TE_B19AF1EA + variantes,balliu-tumbona-de-exterior-resina-b19af1ea,
Tumbona exterior resina · Ø73 cm tela · Eva Pro,Tumbona,Eva Pro,Gris Oscuro / Gris oscuro,SV-EVAPRO-GRIS-OSC-GRIS-OSC,BALLIU_EVA_PRO_TUMBONA_CHASIS_BLANCO_TE_B19AF1EA + variantes,balliu-tumbona-de-exterior-resina-b19af1ea,
Tumbona exterior resina · Ø73 cm tela · Eva Pro,Tumbona,Eva Pro,Gris Oscuro / Azul acero,SV-EVAPRO-GRIS-OSC-AZUL-ACERO,BALLIU_EVA_PRO_TUMBONA_CHASIS_BLANCO_TE_B19AF1EA + variantes,balliu-tumbona-de-exterior-resina-b19af1ea,
Tumbona exterior resina · Ø73 cm tela · Eva Pro,Tumbona,Eva Pro,Tórtola / Azul,SV-EVAPRO-TORTOLA-AZUL,BALLIU_EVA_PRO_TUMBONA_CHASIS_BLANCO_TE_B19AF1EA + variantes,balliu-tumbona-de-exterior-resina-b19af1ea,
Tumbona exterior resina · Ø73 cm tela · Eva Pro,Tumbona,Eva Pro,Tórtola / Amarillo,SV-EVAPRO-TORTOLA-AMARILLO,BALLIU_EVA_PRO_TUMBONA_CHASIS_BLANCO_TE_B19AF1EA + variantes,balliu-tumbona-de-exterior-resina-b19af1ea,
Tumbona exterior resina · Ø73 cm tela · Eva Pro,Tumbona,Eva Pro,Tórtola / Naranja,SV-EVAPRO-TORTOLA-NARANJA,BALLIU_EVA_PRO_TUMBONA_CHASIS_BLANCO_TE_B19AF1EA + variantes,balliu-tumbona-de-exterior-resina-b19af1ea,
Tumbona exterior resina · Ø73 cm tela · Eva Pro,Tumbona,Eva Pro,Tórtola / Verde claro,SV-EVAPRO-TORTOLA-VERDE-CLARO,BALLIU_EVA_PRO_TUMBONA_CHASIS_BLANCO_TE_B19AF1EA + variantes,balliu-tumbona-de-exterior-resina-b19af1ea,
Tumbona exterior resina · Ø73 cm tela · Eva Pro,Tumbona,Eva Pro,Tórtola / Blanco,SV-EVAPRO-TORTOLA-BLANCO,BALLIU_EVA_PRO_TUMBONA_CHASIS_BLANCO_TE_B19AF1EA + variantes,balliu-tumbona-de-exterior-resina-b19af1ea,
Tumbona exterior resina · Ø73 cm tela · Eva Pro,Tumbona,Eva Pro,Tórtola / Natural,SV-EVAPRO-TORTOLA-NATURAL,BALLIU_EVA_PRO_TUMBONA_CHASIS_BLANCO_TE_B19AF1EA + variantes,balliu-tumbona-de-exterior-resina-b19af1ea,
Tumbona exterior resina · Ø73 cm tela · Eva Pro,Tumbona,Eva Pro,Tórtola / Capuchino,SV-EVAPRO-TORTOLA-CAPUCHINO,BALLIU_EVA_PRO_TUMBONA_CHASIS_BLANCO_TE_B19AF1EA + variantes,balliu-tumbona-de-exterior-resina-b19af1ea,
Tumbona exterior resina · Ø73 cm tela · Eva Pro,Tumbona,Eva Pro,Tórtola / Caqui,SV-EVAPRO-TORTOLA-CAQUI,BALLIU_EVA_PRO_TUMBONA_CHASIS_BLANCO_TE_B19AF1EA + variantes,balliu-tumbona-de-exterior-resina-b19af1ea,
Tumbona exterior resina · Ø73 cm tela · Eva Pro,Tumbona,Eva Pro,Tórtola / Marrón oscuro,SV-EVAPRO-TORTOLA-MARRON-OSC,BALLIU_EVA_PRO_TUMBONA_CHASIS_BLANCO_TE_B19AF1EA + variantes,balliu-tumbona-de-exterior-resina-b19af1ea,
Tumbona exterior resina · Ø73 cm tela · Eva Pro,Tumbona,Eva Pro,Tórtola / Arena,SV-EVAPRO-TORTOLA-ARENA,BALLIU_EVA_PRO_TUMBONA_CHASIS_BLANCO_TE_B19AF1EA + variantes,balliu-tumbona-de-exterior-resina-b19af1ea,
Tumbona exterior resina · Ø73 cm tela · Eva Pro,Tumbona,Eva Pro,Tórtola / Verde oscuro,SV-EVAPRO-TORTOLA-VERDE-OSC,BALLIU_EVA_PRO_TUMBONA_CHASIS_BLANCO_TE_B19AF1EA + variantes,balliu-tumbona-de-exterior-resina-b19af1ea,
Tumbona exterior resina · Ø73 cm tela · Eva Pro,Tumbona,Eva Pro,Tórtola / Azul celeste,SV-EVAPRO-TORTOLA-AZUL-CEL,BALLIU_EVA_PRO_TUMBONA_CHASIS_BLANCO_TE_B19AF1EA + variantes,balliu-tumbona-de-exterior-resina-b19af1ea,
Tumbona exterior resina · Ø73 cm tela · Eva Pro,Tumbona,Eva Pro,Tórtola / Ceniza,SV-EVAPRO-TORTOLA-CENIZA,BALLIU_EVA_PRO_TUMBONA_CHASIS_BLANCO_TE_B19AF1EA + variantes,balliu-tumbona-de-exterior-resina-b19af1ea,
Tumbona exterior resina · Ø73 cm tela · Eva Pro,Tumbona,Eva Pro,Tórtola / Azul marino,SV-EVAPRO-TORTOLA-AZUL-MAR,BALLIU_EVA_PRO_TUMBONA_CHASIS_BLANCO_TE_B19AF1EA + variantes,balliu-tumbona-de-exterior-resina-b19af1ea,
Tumbona exterior resina · Ø73 cm tela · Eva Pro,Tumbona,Eva Pro,Tórtola / Gris oscuro,SV-EVAPRO-TORTOLA-GRIS-OSC,BALLIU_EVA_PRO_TUMBONA_CHASIS_BLANCO_TE_B19AF1EA + variantes,balliu-tumbona-de-exterior-resina-b19af1ea,
Tumbona exterior resina · Ø73 cm tela · Eva Pro,Tumbona,Eva Pro,Tórtola / Azul acero,SV-EVAPRO-TORTOLA-AZUL-ACERO,BALLIU_EVA_PRO_TUMBONA_CHASIS_BLANCO_TE_B19AF1EA + variantes,balliu-tumbona-de-exterior-resina-b19af1ea,
Tumbona exterior resina · 75 cm tela · Carmen,Tumbona,Carmen,Blanco / Azul,SV-CARMEN-BLANCO-AZUL,BALLIU_CARMEN_TUMBONA_CHASIS_BLANCO_TE_009E68E4 + variantes,balliu-tumbona-de-exterior-resina-75-cm-009e68e4,
Tumbona exterior resina · 75 cm tela · Carmen,Tumbona,Carmen,Blanco / Amarillo,SV-CARMEN-BLANCO-AMARILLO,BALLIU_CARMEN_TUMBONA_CHASIS_BLANCO_TE_009E68E4 + variantes,balliu-tumbona-de-exterior-resina-75-cm-009e68e4,
Tumbona exterior resina · 75 cm tela · Carmen,Tumbona,Carmen,Blanco / Naranja,SV-CARMEN-BLANCO-NARANJA,BALLIU_CARMEN_TUMBONA_CHASIS_BLANCO_TE_009E68E4 + variantes,balliu-tumbona-de-exterior-resina-75-cm-009e68e4,
Tumbona exterior resina · 75 cm tela · Carmen,Tumbona,Carmen,Blanco / Verde claro,SV-CARMEN-BLANCO-VERDE-CLARO,BALLIU_CARMEN_TUMBONA_CHASIS_BLANCO_TE_009E68E4 + variantes,balliu-tumbona-de-exterior-resina-75-cm-009e68e4,
Tumbona exterior resina · 75 cm tela · Carmen,Tumbona,Carmen,Blanco / Blanco,SV-CARMEN-BLANCO-BLANCO,BALLIU_CARMEN_TUMBONA_CHASIS_BLANCO_TE_009E68E4 + variantes,balliu-tumbona-de-exterior-resina-75-cm-009e68e4,
Tumbona exterior resina · 75 cm tela · Carmen,Tumbona,Carmen,Blanco / Natural,SV-CARMEN-BLANCO-NATURAL,BALLIU_CARMEN_TUMBONA_CHASIS_BLANCO_TE_009E68E4 + variantes,balliu-tumbona-de-exterior-resina-75-cm-009e68e4,
Tumbona exterior resina · 75 cm tela · Carmen,Tumbona,Carmen,Blanco / Capuchino,SV-CARMEN-BLANCO-CAPUCHINO,BALLIU_CARMEN_TUMBONA_CHASIS_BLANCO_TE_009E68E4 + variantes,balliu-tumbona-de-exterior-resina-75-cm-009e68e4,
Tumbona exterior resina · 75 cm tela · Carmen,Tumbona,Carmen,Blanco / Caqui,SV-CARMEN-BLANCO-CAQUI,BALLIU_CARMEN_TUMBONA_CHASIS_BLANCO_TE_009E68E4 + variantes,balliu-tumbona-de-exterior-resina-75-cm-009e68e4,
Tumbona exterior resina · 75 cm tela · Carmen,Tumbona,Carmen,Blanco / Marrón oscuro,SV-CARMEN-BLANCO-MARRON-OSC,BALLIU_CARMEN_TUMBONA_CHASIS_BLANCO_TE_009E68E4 + variantes,balliu-tumbona-de-exterior-resina-75-cm-009e68e4,
Tumbona exterior resina · 75 cm tela · Carmen,Tumbona,Carmen,Blanco / Arena,SV-CARMEN-BLANCO-ARENA,BALLIU_CARMEN_TUMBONA_CHASIS_BLANCO_TE_009E68E4 + variantes,balliu-tumbona-de-exterior-resina-75-cm-009e68e4,
Tumbona exterior resina · 75 cm tela · Carmen,Tumbona,Carmen,Blanco / Verde oscuro,SV-CARMEN-BLANCO-VERDE-OSC,BALLIU_CARMEN_TUMBONA_CHASIS_BLANCO_TE_009E68E4 + variantes,balliu-tumbona-de-exterior-resina-75-cm-009e68e4,
Tumbona exterior resina · 75 cm tela · Carmen,Tumbona,Carmen,Blanco / Azul celeste,SV-CARMEN-BLANCO-AZUL-CEL,BALLIU_CARMEN_TUMBONA_CHASIS_BLANCO_TE_009E68E4 + variantes,balliu-tumbona-de-exterior-resina-75-cm-009e68e4,
Tumbona exterior resina · 75 cm tela · Carmen,Tumbona,Carmen,Blanco / Ceniza,SV-CARMEN-BLANCO-CENIZA,BALLIU_CARMEN_TUMBONA_CHASIS_BLANCO_TE_009E68E4 + variantes,balliu-tumbona-de-exterior-resina-75-cm-009e68e4,
Tumbona exterior resina · 75 cm tela · Carmen,Tumbona,Carmen,Blanco / Azul marino,SV-CARMEN-BLANCO-AZUL-MAR,BALLIU_CARMEN_TUMBONA_CHASIS_BLANCO_TE_009E68E4 + variantes,balliu-tumbona-de-exterior-resina-75-cm-009e68e4,
Tumbona exterior resina · 75 cm tela · Carmen,Tumbona,Carmen,Blanco / Gris oscuro,SV-CARMEN-BLANCO-GRIS-OSC,BALLIU_CARMEN_TUMBONA_CHASIS_BLANCO_TE_009E68E4 + variantes,balliu-tumbona-de-exterior-resina-75-cm-009e68e4,
Tumbona exterior resina · 75 cm tela · Carmen,Tumbona,Carmen,Blanco / Azul acero,SV-CARMEN-BLANCO-AZUL-ACERO,BALLIU_CARMEN_TUMBONA_CHASIS_BLANCO_TE_009E68E4 + variantes,balliu-tumbona-de-exterior-resina-75-cm-009e68e4,
Tumbona exterior resina · 75 cm tela · Carmen,Tumbona,Carmen,Arena / Azul,SV-CARMEN-ARENA-AZUL,BALLIU_CARMEN_TUMBONA_CHASIS_BLANCO_TE_009E68E4 + variantes,balliu-tumbona-de-exterior-resina-75-cm-009e68e4,
Tumbona exterior resina · 75 cm tela · Carmen,Tumbona,Carmen,Arena / Amarillo,SV-CARMEN-ARENA-AMARILLO,BALLIU_CARMEN_TUMBONA_CHASIS_BLANCO_TE_009E68E4 + variantes,balliu-tumbona-de-exterior-resina-75-cm-009e68e4,
Tumbona exterior resina · 75 cm tela · Carmen,Tumbona,Carmen,Arena / Naranja,SV-CARMEN-ARENA-NARANJA,BALLIU_CARMEN_TUMBONA_CHASIS_BLANCO_TE_009E68E4 + variantes,balliu-tumbona-de-exterior-resina-75-cm-009e68e4,
Tumbona exterior resina · 75 cm tela · Carmen,Tumbona,Carmen,Arena / Verde claro,SV-CARMEN-ARENA-VERDE-CLARO,BALLIU_CARMEN_TUMBONA_CHASIS_BLANCO_TE_009E68E4 + variantes,balliu-tumbona-de-exterior-resina-75-cm-009e68e4,
Tumbona exterior resina · 75 cm tela · Carmen,Tumbona,Carmen,Arena / Blanco,SV-CARMEN-ARENA-BLANCO,BALLIU_CARMEN_TUMBONA_CHASIS_BLANCO_TE_009E68E4 + variantes,balliu-tumbona-de-exterior-resina-75-cm-009e68e4,
Tumbona exterior resina · 75 cm tela · Carmen,Tumbona,Carmen,Arena / Natural,SV-CARMEN-ARENA-NATURAL,BALLIU_CARMEN_TUMBONA_CHASIS_BLANCO_TE_009E68E4 + variantes,balliu-tumbona-de-exterior-resina-75-cm-009e68e4,
Tumbona exterior resina · 75 cm tela · Carmen,Tumbona,Carmen,Arena / Capuchino,SV-CARMEN-ARENA-CAPUCHINO,BALLIU_CARMEN_TUMBONA_CHASIS_BLANCO_TE_009E68E4 + variantes,balliu-tumbona-de-exterior-resina-75-cm-009e68e4,
Tumbona exterior resina · 75 cm tela · Carmen,Tumbona,Carmen,Arena / Caqui,SV-CARMEN-ARENA-CAQUI,BALLIU_CARMEN_TUMBONA_CHASIS_BLANCO_TE_009E68E4 + variantes,balliu-tumbona-de-exterior-resina-75-cm-009e68e4,
Tumbona exterior resina · 75 cm tela · Carmen,Tumbona,Carmen,Arena / Marrón oscuro,SV-CARMEN-ARENA-MARRON-OSC,BALLIU_CARMEN_TUMBONA_CHASIS_BLANCO_TE_009E68E4 + variantes,balliu-tumbona-de-exterior-resina-75-cm-009e68e4,
Tumbona exterior resina · 75 cm tela · Carmen,Tumbona,Carmen,Arena / Arena,SV-CARMEN-ARENA-ARENA,BALLIU_CARMEN_TUMBONA_CHASIS_BLANCO_TE_009E68E4 + variantes,balliu-tumbona-de-exterior-resina-75-cm-009e68e4,
Tumbona exterior resina · 75 cm tela · Carmen,Tumbona,Carmen,Arena / Verde oscuro,SV-CARMEN-ARENA-VERDE-OSC,BALLIU_CARMEN_TUMBONA_CHASIS_BLANCO_TE_009E68E4 + variantes,balliu-tumbona-de-exterior-resina-75-cm-009e68e4,
Tumbona exterior resina · 75 cm tela · Carmen,Tumbona,Carmen,Arena / Azul celeste,SV-CARMEN-ARENA-AZUL-CEL,BALLIU_CARMEN_TUMBONA_CHASIS_BLANCO_TE_009E68E4 + variantes,balliu-tumbona-de-exterior-resina-75-cm-009e68e4,
Tumbona exterior resina · 75 cm tela · Carmen,Tumbona,Carmen,Arena / Ceniza,SV-CARMEN-ARENA-CENIZA,BALLIU_CARMEN_TUMBONA_CHASIS_BLANCO_TE_009E68E4 + variantes,balliu-tumbona-de-exterior-resina-75-cm-009e68e4,
Tumbona exterior resina · 75 cm tela · Carmen,Tumbona,Carmen,Arena / Azul marino,SV-CARMEN-ARENA-AZUL-MAR,BALLIU_CARMEN_TUMBONA_CHASIS_BLANCO_TE_009E68E4 + variantes,balliu-tumbona-de-exterior-resina-75-cm-009e68e4,
Tumbona exterior resina · 75 cm tela · Carmen,Tumbona,Carmen,Arena / Gris oscuro,SV-CARMEN-ARENA-GRIS-OSC,BALLIU_CARMEN_TUMBONA_CHASIS_BLANCO_TE_009E68E4 + variantes,balliu-tumbona-de-exterior-resina-75-cm-009e68e4,
Tumbona exterior resina · 75 cm tela · Carmen,Tumbona,Carmen,Arena / Azul acero,SV-CARMEN-ARENA-AZUL-ACERO,BALLIU_CARMEN_TUMBONA_CHASIS_BLANCO_TE_009E68E4 + variantes,balliu-tumbona-de-exterior-resina-75-cm-009e68e4,
Tumbona exterior resina · 75 cm tela · Carmen,Tumbona,Carmen,Bronce / Azul,SV-CARMEN-BRONCE-AZUL,BALLIU_CARMEN_TUMBONA_CHASIS_BLANCO_TE_009E68E4 + variantes,balliu-tumbona-de-exterior-resina-75-cm-009e68e4,
Tumbona exterior resina · 75 cm tela · Carmen,Tumbona,Carmen,Bronce / Amarillo,SV-CARMEN-BRONCE-AMARILLO,BALLIU_CARMEN_TUMBONA_CHASIS_BLANCO_TE_009E68E4 + variantes,balliu-tumbona-de-exterior-resina-75-cm-009e68e4,
Tumbona exterior resina · 75 cm tela · Carmen,Tumbona,Carmen,Bronce / Naranja,SV-CARMEN-BRONCE-NARANJA,BALLIU_CARMEN_TUMBONA_CHASIS_BLANCO_TE_009E68E4 + variantes,balliu-tumbona-de-exterior-resina-75-cm-009e68e4,
Tumbona exterior resina · 75 cm tela · Carmen,Tumbona,Carmen,Bronce / Verde claro,SV-CARMEN-BRONCE-VERDE-CLARO,BALLIU_CARMEN_TUMBONA_CHASIS_BLANCO_TE_009E68E4 + variantes,balliu-tumbona-de-exterior-resina-75-cm-009e68e4,
Tumbona exterior resina · 75 cm tela · Carmen,Tumbona,Carmen,Bronce / Blanco,SV-CARMEN-BRONCE-BLANCO,BALLIU_CARMEN_TUMBONA_CHASIS_BLANCO_TE_009E68E4 + variantes,balliu-tumbona-de-exterior-resina-75-cm-009e68e4,
Tumbona exterior resina · 75 cm tela · Carmen,Tumbona,Carmen,Bronce / Natural,SV-CARMEN-BRONCE-NATURAL,BALLIU_CARMEN_TUMBONA_CHASIS_BLANCO_TE_009E68E4 + variantes,balliu-tumbona-de-exterior-resina-75-cm-009e68e4,
Tumbona exterior resina · 75 cm tela · Carmen,Tumbona,Carmen,Bronce / Capuchino,SV-CARMEN-BRONCE-CAPUCHINO,BALLIU_CARMEN_TUMBONA_CHASIS_BLANCO_TE_009E68E4 + variantes,balliu-tumbona-de-exterior-resina-75-cm-009e68e4,
Tumbona exterior resina · 75 cm tela · Carmen,Tumbona,Carmen,Bronce / Caqui,SV-CARMEN-BRONCE-CAQUI,BALLIU_CARMEN_TUMBONA_CHASIS_BLANCO_TE_009E68E4 + variantes,balliu-tumbona-de-exterior-resina-75-cm-009e68e4,
Tumbona exterior resina · 75 cm tela · Carmen,Tumbona,Carmen,Bronce / Marrón oscuro,SV-CARMEN-BRONCE-MARRON-OSC,BALLIU_CARMEN_TUMBONA_CHASIS_BLANCO_TE_009E68E4 + variantes,balliu-tumbona-de-exterior-resina-75-cm-009e68e4,
Tumbona exterior resina · 75 cm tela · Carmen,Tumbona,Carmen,Bronce / Arena,SV-CARMEN-BRONCE-ARENA,BALLIU_CARMEN_TUMBONA_CHASIS_BLANCO_TE_009E68E4 + variantes,balliu-tumbona-de-exterior-resina-75-cm-009e68e4,
Tumbona exterior resina · 75 cm tela · Carmen,Tumbona,Carmen,Bronce / Verde oscuro,SV-CARMEN-BRONCE-VERDE-OSC,BALLIU_CARMEN_TUMBONA_CHASIS_BLANCO_TE_009E68E4 + variantes,balliu-tumbona-de-exterior-resina-75-cm-009e68e4,
Tumbona exterior resina · 75 cm tela · Carmen,Tumbona,Carmen,Bronce / Azul celeste,SV-CARMEN-BRONCE-AZUL-CEL,BALLIU_CARMEN_TUMBONA_CHASIS_BLANCO_TE_009E68E4 + variantes,balliu-tumbona-de-exterior-resina-75-cm-009e68e4,
Tumbona exterior resina · 75 cm tela · Carmen,Tumbona,Carmen,Bronce / Ceniza,SV-CARMEN-BRONCE-CENIZA,BALLIU_CARMEN_TUMBONA_CHASIS_BLANCO_TE_009E68E4 + variantes,balliu-tumbona-de-exterior-resina-75-cm-009e68e4,
Tumbona exterior resina · 75 cm tela · Carmen,Tumbona,Carmen,Bronce / Azul marino,SV-CARMEN-BRONCE-AZUL-MAR,BALLIU_CARMEN_TUMBONA_CHASIS_BLANCO_TE_009E68E4 + variantes,balliu-tumbona-de-exterior-resina-75-cm-009e68e4,
Tumbona exterior resina · 75 cm tela · Carmen,Tumbona,Carmen,Bronce / Gris oscuro,SV-CARMEN-BRONCE-GRIS-OSC,BALLIU_CARMEN_TUMBONA_CHASIS_BLANCO_TE_009E68E4 + variantes,balliu-tumbona-de-exterior-resina-75-cm-009e68e4,
Tumbona exterior resina · 75 cm tela · Carmen,Tumbona,Carmen,Bronce / Azul acero,SV-CARMEN-BRONCE-AZUL-ACERO,BALLIU_CARMEN_TUMBONA_CHASIS_BLANCO_TE_009E68E4 + variantes,balliu-tumbona-de-exterior-resina-75-cm-009e68e4,
Tumbona exterior resina · 75 cm tela · Carmen,Tumbona,Carmen,Gris Oscuro / Azul,SV-CARMEN-GRIS-OSC-AZUL,BALLIU_CARMEN_TUMBONA_CHASIS_BLANCO_TE_009E68E4 + variantes,balliu-tumbona-de-exterior-resina-75-cm-009e68e4,
Tumbona exterior resina · 75 cm tela · Carmen,Tumbona,Carmen,Gris Oscuro / Amarillo,SV-CARMEN-GRIS-OSC-AMARILLO,BALLIU_CARMEN_TUMBONA_CHASIS_BLANCO_TE_009E68E4 + variantes,balliu-tumbona-de-exterior-resina-75-cm-009e68e4,
Tumbona exterior resina · 75 cm tela · Carmen,Tumbona,Carmen,Gris Oscuro / Naranja,SV-CARMEN-GRIS-OSC-NARANJA,BALLIU_CARMEN_TUMBONA_CHASIS_BLANCO_TE_009E68E4 + variantes,balliu-tumbona-de-exterior-resina-75-cm-009e68e4,
Tumbona exterior resina · 75 cm tela · Carmen,Tumbona,Carmen,Gris Oscuro / Verde claro,SV-CARMEN-GRIS-OSC-VERDE-CLARO,BALLIU_CARMEN_TUMBONA_CHASIS_BLANCO_TE_009E68E4 + variantes,balliu-tumbona-de-exterior-resina-75-cm-009e68e4,
Tumbona exterior resina · 75 cm tela · Carmen,Tumbona,Carmen,Gris Oscuro / Blanco,SV-CARMEN-GRIS-OSC-BLANCO,BALLIU_CARMEN_TUMBONA_CHASIS_BLANCO_TE_009E68E4 + variantes,balliu-tumbona-de-exterior-resina-75-cm-009e68e4,
Tumbona exterior resina · 75 cm tela · Carmen,Tumbona,Carmen,Gris Oscuro / Natural,SV-CARMEN-GRIS-OSC-NATURAL,BALLIU_CARMEN_TUMBONA_CHASIS_BLANCO_TE_009E68E4 + variantes,balliu-tumbona-de-exterior-resina-75-cm-009e68e4,
Tumbona exterior resina · 75 cm tela · Carmen,Tumbona,Carmen,Gris Oscuro / Capuchino,SV-CARMEN-GRIS-OSC-CAPUCHINO,BALLIU_CARMEN_TUMBONA_CHASIS_BLANCO_TE_009E68E4 + variantes,balliu-tumbona-de-exterior-resina-75-cm-009e68e4,
Tumbona exterior resina · 75 cm tela · Carmen,Tumbona,Carmen,Gris Oscuro / Caqui,SV-CARMEN-GRIS-OSC-CAQUI,BALLIU_CARMEN_TUMBONA_CHASIS_BLANCO_TE_009E68E4 + variantes,balliu-tumbona-de-exterior-resina-75-cm-009e68e4,
Tumbona exterior resina · 75 cm tela · Carmen,Tumbona,Carmen,Gris Oscuro / Marrón oscuro,SV-CARMEN-GRIS-OSC-MARRON-OSC,BALLIU_CARMEN_TUMBONA_CHASIS_BLANCO_TE_009E68E4 + variantes,balliu-tumbona-de-exterior-resina-75-cm-009e68e4,
Tumbona exterior resina · 75 cm tela · Carmen,Tumbona,Carmen,Gris Oscuro / Arena,SV-CARMEN-GRIS-OSC-ARENA,BALLIU_CARMEN_TUMBONA_CHASIS_BLANCO_TE_009E68E4 + variantes,balliu-tumbona-de-exterior-resina-75-cm-009e68e4,
Tumbona exterior resina · 75 cm tela · Carmen,Tumbona,Carmen,Gris Oscuro / Verde oscuro,SV-CARMEN-GRIS-OSC-VERDE-OSC,BALLIU_CARMEN_TUMBONA_CHASIS_BLANCO_TE_009E68E4 + variantes,balliu-tumbona-de-exterior-resina-75-cm-009e68e4,
Tumbona exterior resina · 75 cm tela · Carmen,Tumbona,Carmen,Gris Oscuro / Azul celeste,SV-CARMEN-GRIS-OSC-AZUL-CEL,BALLIU_CARMEN_TUMBONA_CHASIS_BLANCO_TE_009E68E4 + variantes,balliu-tumbona-de-exterior-resina-75-cm-009e68e4,
Tumbona exterior resina · 75 cm tela · Carmen,Tumbona,Carmen,Gris Oscuro / Ceniza,SV-CARMEN-GRIS-OSC-CENIZA,BALLIU_CARMEN_TUMBONA_CHASIS_BLANCO_TE_009E68E4 + variantes,balliu-tumbona-de-exterior-resina-75-cm-009e68e4,
Tumbona exterior resina · 75 cm tela · Carmen,Tumbona,Carmen,Gris Oscuro / Azul marino,SV-CARMEN-GRIS-OSC-AZUL-MAR,BALLIU_CARMEN_TUMBONA_CHASIS_BLANCO_TE_009E68E4 + variantes,balliu-tumbona-de-exterior-resina-75-cm-009e68e4,
Tumbona exterior resina · 75 cm tela · Carmen,Tumbona,Carmen,Gris Oscuro / Gris oscuro,SV-CARMEN-GRIS-OSC-GRIS-OSC,BALLIU_CARMEN_TUMBONA_CHASIS_BLANCO_TE_009E68E4 + variantes,balliu-tumbona-de-exterior-resina-75-cm-009e68e4,
Tumbona exterior resina · 75 cm tela · Carmen,Tumbona,Carmen,Gris Oscuro / Azul acero,SV-CARMEN-GRIS-OSC-AZUL-ACERO,BALLIU_CARMEN_TUMBONA_CHASIS_BLANCO_TE_009E68E4 + variantes,balliu-tumbona-de-exterior-resina-75-cm-009e68e4,
Tumbona exterior resina · 75 cm tela · Carmen,Tumbona,Carmen,Madera / Azul,SV-CARMEN-MADERA-AZUL,BALLIU_CARMEN_TUMBONA_CHASIS_BLANCO_TE_009E68E4 + variantes,balliu-tumbona-de-exterior-resina-75-cm-009e68e4,
Tumbona exterior resina · 75 cm tela · Carmen,Tumbona,Carmen,Madera / Amarillo,SV-CARMEN-MADERA-AMARILLO,BALLIU_CARMEN_TUMBONA_CHASIS_BLANCO_TE_009E68E4 + variantes,balliu-tumbona-de-exterior-resina-75-cm-009e68e4,
Tumbona exterior resina · 75 cm tela · Carmen,Tumbona,Carmen,Madera / Naranja,SV-CARMEN-MADERA-NARANJA,BALLIU_CARMEN_TUMBONA_CHASIS_BLANCO_TE_009E68E4 + variantes,balliu-tumbona-de-exterior-resina-75-cm-009e68e4,
Tumbona exterior resina · 75 cm tela · Carmen,Tumbona,Carmen,Madera / Verde claro,SV-CARMEN-MADERA-VERDE-CLARO,BALLIU_CARMEN_TUMBONA_CHASIS_BLANCO_TE_009E68E4 + variantes,balliu-tumbona-de-exterior-resina-75-cm-009e68e4,
Tumbona exterior resina · 75 cm tela · Carmen,Tumbona,Carmen,Madera / Blanco,SV-CARMEN-MADERA-BLANCO,BALLIU_CARMEN_TUMBONA_CHASIS_BLANCO_TE_009E68E4 + variantes,balliu-tumbona-de-exterior-resina-75-cm-009e68e4,
Tumbona exterior resina · 75 cm tela · Carmen,Tumbona,Carmen,Madera / Natural,SV-CARMEN-MADERA-NATURAL,BALLIU_CARMEN_TUMBONA_CHASIS_BLANCO_TE_009E68E4 + variantes,balliu-tumbona-de-exterior-resina-75-cm-009e68e4,
Tumbona exterior resina · 75 cm tela · Carmen,Tumbona,Carmen,Madera / Capuchino,SV-CARMEN-MADERA-CAPUCHINO,BALLIU_CARMEN_TUMBONA_CHASIS_BLANCO_TE_009E68E4 + variantes,balliu-tumbona-de-exterior-resina-75-cm-009e68e4,
Tumbona exterior resina · 75 cm tela · Carmen,Tumbona,Carmen,Madera / Caqui,SV-CARMEN-MADERA-CAQUI,BALLIU_CARMEN_TUMBONA_CHASIS_BLANCO_TE_009E68E4 + variantes,balliu-tumbona-de-exterior-resina-75-cm-009e68e4,
Tumbona exterior resina · 75 cm tela · Carmen,Tumbona,Carmen,Madera / Marrón oscuro,SV-CARMEN-MADERA-MARRON-OSC,BALLIU_CARMEN_TUMBONA_CHASIS_BLANCO_TE_009E68E4 + variantes,balliu-tumbona-de-exterior-resina-75-cm-009e68e4,
Tumbona exterior resina · 75 cm tela · Carmen,Tumbona,Carmen,Madera / Arena,SV-CARMEN-MADERA-ARENA,BALLIU_CARMEN_TUMBONA_CHASIS_BLANCO_TE_009E68E4 + variantes,balliu-tumbona-de-exterior-resina-75-cm-009e68e4,
Tumbona exterior resina · 75 cm tela · Carmen,Tumbona,Carmen,Madera / Verde oscuro,SV-CARMEN-MADERA-VERDE-OSC,BALLIU_CARMEN_TUMBONA_CHASIS_BLANCO_TE_009E68E4 + variantes,balliu-tumbona-de-exterior-resina-75-cm-009e68e4,
Tumbona exterior resina · 75 cm tela · Carmen,Tumbona,Carmen,Madera / Azul celeste,SV-CARMEN-MADERA-AZUL-CEL,BALLIU_CARMEN_TUMBONA_CHASIS_BLANCO_TE_009E68E4 + variantes,balliu-tumbona-de-exterior-resina-75-cm-009e68e4,
Tumbona exterior resina · 75 cm tela · Carmen,Tumbona,Carmen,Madera / Ceniza,SV-CARMEN-MADERA-CENIZA,BALLIU_CARMEN_TUMBONA_CHASIS_BLANCO_TE_009E68E4 + variantes,balliu-tumbona-de-exterior-resina-75-cm-009e68e4,
Tumbona exterior resina · 75 cm tela · Carmen,Tumbona,Carmen,Madera / Azul marino,SV-CARMEN-MADERA-AZUL-MAR,BALLIU_CARMEN_TUMBONA_CHASIS_BLANCO_TE_009E68E4 + variantes,balliu-tumbona-de-exterior-resina-75-cm-009e68e4,
Tumbona exterior resina · 75 cm tela · Carmen,Tumbona,Carmen,Madera / Gris oscuro,SV-CARMEN-MADERA-GRIS-OSC,BALLIU_CARMEN_TUMBONA_CHASIS_BLANCO_TE_009E68E4 + variantes,balliu-tumbona-de-exterior-resina-75-cm-009e68e4,
Tumbona exterior resina · 75 cm tela · Carmen,Tumbona,Carmen,Madera / Azul acero,SV-CARMEN-MADERA-AZUL-ACERO,BALLIU_CARMEN_TUMBONA_CHASIS_BLANCO_TE_009E68E4 + variantes,balliu-tumbona-de-exterior-resina-75-cm-009e68e4,
Tumbona exterior resina playa · 75 cm tela · Lola,Tumbona,Lola,Blanco / Azul,SV-LOLA-BLANCO-AZUL,BALLIU_LOLA_TUMBONA_CHASIS_BLANCO_TE_ACA076AE + variantes,balliu-tumbona-de-exterior-resina-75-cm-aca076ae,
Tumbona exterior resina playa · 75 cm tela · Lola,Tumbona,Lola,Blanco / Amarillo,SV-LOLA-BLANCO-AMARILLO,BALLIU_LOLA_TUMBONA_CHASIS_BLANCO_TE_ACA076AE + variantes,balliu-tumbona-de-exterior-resina-75-cm-aca076ae,
Tumbona exterior resina playa · 75 cm tela · Lola,Tumbona,Lola,Blanco / Naranja,SV-LOLA-BLANCO-NARANJA,BALLIU_LOLA_TUMBONA_CHASIS_BLANCO_TE_ACA076AE + variantes,balliu-tumbona-de-exterior-resina-75-cm-aca076ae,
Tumbona exterior resina playa · 75 cm tela · Lola,Tumbona,Lola,Blanco / Verde claro,SV-LOLA-BLANCO-VERDE-CLARO,BALLIU_LOLA_TUMBONA_CHASIS_BLANCO_TE_ACA076AE + variantes,balliu-tumbona-de-exterior-resina-75-cm-aca076ae,
Tumbona exterior resina playa · 75 cm tela · Lola,Tumbona,Lola,Blanco / Blanco,SV-LOLA-BLANCO-BLANCO,BALLIU_LOLA_TUMBONA_CHASIS_BLANCO_TE_ACA076AE + variantes,balliu-tumbona-de-exterior-resina-75-cm-aca076ae,
Tumbona exterior resina playa · 75 cm tela · Lola,Tumbona,Lola,Blanco / Natural,SV-LOLA-BLANCO-NATURAL,BALLIU_LOLA_TUMBONA_CHASIS_BLANCO_TE_ACA076AE + variantes,balliu-tumbona-de-exterior-resina-75-cm-aca076ae,
Tumbona exterior resina playa · 75 cm tela · Lola,Tumbona,Lola,Blanco / Capuchino,SV-LOLA-BLANCO-CAPUCHINO,BALLIU_LOLA_TUMBONA_CHASIS_BLANCO_TE_ACA076AE + variantes,balliu-tumbona-de-exterior-resina-75-cm-aca076ae,
Tumbona exterior resina playa · 75 cm tela · Lola,Tumbona,Lola,Blanco / Caqui,SV-LOLA-BLANCO-CAQUI,BALLIU_LOLA_TUMBONA_CHASIS_BLANCO_TE_ACA076AE + variantes,balliu-tumbona-de-exterior-resina-75-cm-aca076ae,
Tumbona exterior resina playa · 75 cm tela · Lola,Tumbona,Lola,Blanco / Marrón oscuro,SV-LOLA-BLANCO-MARRON-OSC,BALLIU_LOLA_TUMBONA_CHASIS_BLANCO_TE_ACA076AE + variantes,balliu-tumbona-de-exterior-resina-75-cm-aca076ae,
Tumbona exterior resina playa · 75 cm tela · Lola,Tumbona,Lola,Blanco / Arena,SV-LOLA-BLANCO-ARENA,BALLIU_LOLA_TUMBONA_CHASIS_BLANCO_TE_ACA076AE + variantes,balliu-tumbona-de-exterior-resina-75-cm-aca076ae,
Tumbona exterior resina playa · 75 cm tela · Lola,Tumbona,Lola,Blanco / Verde oscuro,SV-LOLA-BLANCO-VERDE-OSC,BALLIU_LOLA_TUMBONA_CHASIS_BLANCO_TE_ACA076AE + variantes,balliu-tumbona-de-exterior-resina-75-cm-aca076ae,
Tumbona exterior resina playa · 75 cm tela · Lola,Tumbona,Lola,Blanco / Azul celeste,SV-LOLA-BLANCO-AZUL-CEL,BALLIU_LOLA_TUMBONA_CHASIS_BLANCO_TE_ACA076AE + variantes,balliu-tumbona-de-exterior-resina-75-cm-aca076ae,
Tumbona exterior resina playa · 75 cm tela · Lola,Tumbona,Lola,Blanco / Ceniza,SV-LOLA-BLANCO-CENIZA,BALLIU_LOLA_TUMBONA_CHASIS_BLANCO_TE_ACA076AE + variantes,balliu-tumbona-de-exterior-resina-75-cm-aca076ae,
Tumbona exterior resina playa · 75 cm tela · Lola,Tumbona,Lola,Blanco / Azul marino,SV-LOLA-BLANCO-AZUL-MAR,BALLIU_LOLA_TUMBONA_CHASIS_BLANCO_TE_ACA076AE + variantes,balliu-tumbona-de-exterior-resina-75-cm-aca076ae,
Tumbona exterior resina playa · 75 cm tela · Lola,Tumbona,Lola,Blanco / Gris oscuro,SV-LOLA-BLANCO-GRIS-OSC,BALLIU_LOLA_TUMBONA_CHASIS_BLANCO_TE_ACA076AE + variantes,balliu-tumbona-de-exterior-resina-75-cm-aca076ae,
Tumbona exterior resina playa · 75 cm tela · Lola,Tumbona,Lola,Blanco / Azul acero,SV-LOLA-BLANCO-AZUL-ACERO,BALLIU_LOLA_TUMBONA_CHASIS_BLANCO_TE_ACA076AE + variantes,balliu-tumbona-de-exterior-resina-75-cm-aca076ae,
Tumbona exterior resina playa · 75 cm tela · Lola,Tumbona,Lola,Arena / Azul,SV-LOLA-ARENA-AZUL,BALLIU_LOLA_TUMBONA_CHASIS_BLANCO_TE_ACA076AE + variantes,balliu-tumbona-de-exterior-resina-75-cm-aca076ae,
Tumbona exterior resina playa · 75 cm tela · Lola,Tumbona,Lola,Arena / Amarillo,SV-LOLA-ARENA-AMARILLO,BALLIU_LOLA_TUMBONA_CHASIS_BLANCO_TE_ACA076AE + variantes,balliu-tumbona-de-exterior-resina-75-cm-aca076ae,
Tumbona exterior resina playa · 75 cm tela · Lola,Tumbona,Lola,Arena / Naranja,SV-LOLA-ARENA-NARANJA,BALLIU_LOLA_TUMBONA_CHASIS_BLANCO_TE_ACA076AE + variantes,balliu-tumbona-de-exterior-resina-75-cm-aca076ae,
Tumbona exterior resina playa · 75 cm tela · Lola,Tumbona,Lola,Arena / Verde claro,SV-LOLA-ARENA-VERDE-CLARO,BALLIU_LOLA_TUMBONA_CHASIS_BLANCO_TE_ACA076AE + variantes,balliu-tumbona-de-exterior-resina-75-cm-aca076ae,
Tumbona exterior resina playa · 75 cm tela · Lola,Tumbona,Lola,Arena / Blanco,SV-LOLA-ARENA-BLANCO,BALLIU_LOLA_TUMBONA_CHASIS_BLANCO_TE_ACA076AE + variantes,balliu-tumbona-de-exterior-resina-75-cm-aca076ae,
Tumbona exterior resina playa · 75 cm tela · Lola,Tumbona,Lola,Arena / Natural,SV-LOLA-ARENA-NATURAL,BALLIU_LOLA_TUMBONA_CHASIS_BLANCO_TE_ACA076AE + variantes,balliu-tumbona-de-exterior-resina-75-cm-aca076ae,
Tumbona exterior resina playa · 75 cm tela · Lola,Tumbona,Lola,Arena / Capuchino,SV-LOLA-ARENA-CAPUCHINO,BALLIU_LOLA_TUMBONA_CHASIS_BLANCO_TE_ACA076AE + variantes,balliu-tumbona-de-exterior-resina-75-cm-aca076ae,
Tumbona exterior resina playa · 75 cm tela · Lola,Tumbona,Lola,Arena / Caqui,SV-LOLA-ARENA-CAQUI,BALLIU_LOLA_TUMBONA_CHASIS_BLANCO_TE_ACA076AE + variantes,balliu-tumbona-de-exterior-resina-75-cm-aca076ae,
Tumbona exterior resina playa · 75 cm tela · Lola,Tumbona,Lola,Arena / Marrón oscuro,SV-LOLA-ARENA-MARRON-OSC,BALLIU_LOLA_TUMBONA_CHASIS_BLANCO_TE_ACA076AE + variantes,balliu-tumbona-de-exterior-resina-75-cm-aca076ae,
Tumbona exterior resina playa · 75 cm tela · Lola,Tumbona,Lola,Arena / Arena,SV-LOLA-ARENA-ARENA,BALLIU_LOLA_TUMBONA_CHASIS_BLANCO_TE_ACA076AE + variantes,balliu-tumbona-de-exterior-resina-75-cm-aca076ae,
Tumbona exterior resina playa · 75 cm tela · Lola,Tumbona,Lola,Arena / Verde oscuro,SV-LOLA-ARENA-VERDE-OSC,BALLIU_LOLA_TUMBONA_CHASIS_BLANCO_TE_ACA076AE + variantes,balliu-tumbona-de-exterior-resina-75-cm-aca076ae,
Tumbona exterior resina playa · 75 cm tela · Lola,Tumbona,Lola,Arena / Azul celeste,SV-LOLA-ARENA-AZUL-CEL,BALLIU_LOLA_TUMBONA_CHASIS_BLANCO_TE_ACA076AE + variantes,balliu-tumbona-de-exterior-resina-75-cm-aca076ae,
Tumbona exterior resina playa · 75 cm tela · Lola,Tumbona,Lola,Arena / Ceniza,SV-LOLA-ARENA-CENIZA,BALLIU_LOLA_TUMBONA_CHASIS_BLANCO_TE_ACA076AE + variantes,balliu-tumbona-de-exterior-resina-75-cm-aca076ae,
Tumbona exterior resina playa · 75 cm tela · Lola,Tumbona,Lola,Arena / Azul marino,SV-LOLA-ARENA-AZUL-MAR,BALLIU_LOLA_TUMBONA_CHASIS_BLANCO_TE_ACA076AE + variantes,balliu-tumbona-de-exterior-resina-75-cm-aca076ae,
Tumbona exterior resina playa · 75 cm tela · Lola,Tumbona,Lola,Arena / Gris oscuro,SV-LOLA-ARENA-GRIS-OSC,BALLIU_LOLA_TUMBONA_CHASIS_BLANCO_TE_ACA076AE + variantes,balliu-tumbona-de-exterior-resina-75-cm-aca076ae,
Tumbona exterior resina playa · 75 cm tela · Lola,Tumbona,Lola,Arena / Azul acero,SV-LOLA-ARENA-AZUL-ACERO,BALLIU_LOLA_TUMBONA_CHASIS_BLANCO_TE_ACA076AE + variantes,balliu-tumbona-de-exterior-resina-75-cm-aca076ae,
Tumbona exterior resina playa · 75 cm tela · Lola,Tumbona,Lola,Bronce / Azul,SV-LOLA-BRONCE-AZUL,BALLIU_LOLA_TUMBONA_CHASIS_BLANCO_TE_ACA076AE + variantes,balliu-tumbona-de-exterior-resina-75-cm-aca076ae,
Tumbona exterior resina playa · 75 cm tela · Lola,Tumbona,Lola,Bronce / Amarillo,SV-LOLA-BRONCE-AMARILLO,BALLIU_LOLA_TUMBONA_CHASIS_BLANCO_TE_ACA076AE + variantes,balliu-tumbona-de-exterior-resina-75-cm-aca076ae,
Tumbona exterior resina playa · 75 cm tela · Lola,Tumbona,Lola,Bronce / Naranja,SV-LOLA-BRONCE-NARANJA,BALLIU_LOLA_TUMBONA_CHASIS_BLANCO_TE_ACA076AE + variantes,balliu-tumbona-de-exterior-resina-75-cm-aca076ae,
Tumbona exterior resina playa · 75 cm tela · Lola,Tumbona,Lola,Bronce / Verde claro,SV-LOLA-BRONCE-VERDE-CLARO,BALLIU_LOLA_TUMBONA_CHASIS_BLANCO_TE_ACA076AE + variantes,balliu-tumbona-de-exterior-resina-75-cm-aca076ae,
Tumbona exterior resina playa · 75 cm tela · Lola,Tumbona,Lola,Bronce / Blanco,SV-LOLA-BRONCE-BLANCO,BALLIU_LOLA_TUMBONA_CHASIS_BLANCO_TE_ACA076AE + variantes,balliu-tumbona-de-exterior-resina-75-cm-aca076ae,
Tumbona exterior resina playa · 75 cm tela · Lola,Tumbona,Lola,Bronce / Natural,SV-LOLA-BRONCE-NATURAL,BALLIU_LOLA_TUMBONA_CHASIS_BLANCO_TE_ACA076AE + variantes,balliu-tumbona-de-exterior-resina-75-cm-aca076ae,
Tumbona exterior resina playa · 75 cm tela · Lola,Tumbona,Lola,Bronce / Capuchino,SV-LOLA-BRONCE-CAPUCHINO,BALLIU_LOLA_TUMBONA_CHASIS_BLANCO_TE_ACA076AE + variantes,balliu-tumbona-de-exterior-resina-75-cm-aca076ae,
Tumbona exterior resina playa · 75 cm tela · Lola,Tumbona,Lola,Bronce / Caqui,SV-LOLA-BRONCE-CAQUI,BALLIU_LOLA_TUMBONA_CHASIS_BLANCO_TE_ACA076AE + variantes,balliu-tumbona-de-exterior-resina-75-cm-aca076ae,
Tumbona exterior resina playa · 75 cm tela · Lola,Tumbona,Lola,Bronce / Marrón oscuro,SV-LOLA-BRONCE-MARRON-OSC,BALLIU_LOLA_TUMBONA_CHASIS_BLANCO_TE_ACA076AE + variantes,balliu-tumbona-de-exterior-resina-75-cm-aca076ae,
Tumbona exterior resina playa · 75 cm tela · Lola,Tumbona,Lola,Bronce / Arena,SV-LOLA-BRONCE-ARENA,BALLIU_LOLA_TUMBONA_CHASIS_BLANCO_TE_ACA076AE + variantes,balliu-tumbona-de-exterior-resina-75-cm-aca076ae,
Tumbona exterior resina playa · 75 cm tela · Lola,Tumbona,Lola,Bronce / Verde oscuro,SV-LOLA-BRONCE-VERDE-OSC,BALLIU_LOLA_TUMBONA_CHASIS_BLANCO_TE_ACA076AE + variantes,balliu-tumbona-de-exterior-resina-75-cm-aca076ae,
Tumbona exterior resina playa · 75 cm tela · Lola,Tumbona,Lola,Bronce / Azul celeste,SV-LOLA-BRONCE-AZUL-CEL,BALLIU_LOLA_TUMBONA_CHASIS_BLANCO_TE_ACA076AE + variantes,balliu-tumbona-de-exterior-resina-75-cm-aca076ae,
Tumbona exterior resina playa · 75 cm tela · Lola,Tumbona,Lola,Bronce / Ceniza,SV-LOLA-BRONCE-CENIZA,BALLIU_LOLA_TUMBONA_CHASIS_BLANCO_TE_ACA076AE + variantes,balliu-tumbona-de-exterior-resina-75-cm-aca076ae,
Tumbona exterior resina playa · 75 cm tela · Lola,Tumbona,Lola,Bronce / Azul marino,SV-LOLA-BRONCE-AZUL-MAR,BALLIU_LOLA_TUMBONA_CHASIS_BLANCO_TE_ACA076AE + variantes,balliu-tumbona-de-exterior-resina-75-cm-aca076ae,
Tumbona exterior resina playa · 75 cm tela · Lola,Tumbona,Lola,Bronce / Gris oscuro,SV-LOLA-BRONCE-GRIS-OSC,BALLIU_LOLA_TUMBONA_CHASIS_BLANCO_TE_ACA076AE + variantes,balliu-tumbona-de-exterior-resina-75-cm-aca076ae,
Tumbona exterior resina playa · 75 cm tela · Lola,Tumbona,Lola,Bronce / Azul acero,SV-LOLA-BRONCE-AZUL-ACERO,BALLIU_LOLA_TUMBONA_CHASIS_BLANCO_TE_ACA076AE + variantes,balliu-tumbona-de-exterior-resina-75-cm-aca076ae,
Tumbona exterior resina playa · 75 cm tela · Lola,Tumbona,Lola,Gris Oscuro / Azul,SV-LOLA-GRIS-OSC-AZUL,BALLIU_LOLA_TUMBONA_CHASIS_BLANCO_TE_ACA076AE + variantes,balliu-tumbona-de-exterior-resina-75-cm-aca076ae,
Tumbona exterior resina playa · 75 cm tela · Lola,Tumbona,Lola,Gris Oscuro / Amarillo,SV-LOLA-GRIS-OSC-AMARILLO,BALLIU_LOLA_TUMBONA_CHASIS_BLANCO_TE_ACA076AE + variantes,balliu-tumbona-de-exterior-resina-75-cm-aca076ae,
Tumbona exterior resina playa · 75 cm tela · Lola,Tumbona,Lola,Gris Oscuro / Naranja,SV-LOLA-GRIS-OSC-NARANJA,BALLIU_LOLA_TUMBONA_CHASIS_BLANCO_TE_ACA076AE + variantes,balliu-tumbona-de-exterior-resina-75-cm-aca076ae,
Tumbona exterior resina playa · 75 cm tela · Lola,Tumbona,Lola,Gris Oscuro / Verde claro,SV-LOLA-GRIS-OSC-VERDE-CLARO,BALLIU_LOLA_TUMBONA_CHASIS_BLANCO_TE_ACA076AE + variantes,balliu-tumbona-de-exterior-resina-75-cm-aca076ae,
Tumbona exterior resina playa · 75 cm tela · Lola,Tumbona,Lola,Gris Oscuro / Blanco,SV-LOLA-GRIS-OSC-BLANCO,BALLIU_LOLA_TUMBONA_CHASIS_BLANCO_TE_ACA076AE + variantes,balliu-tumbona-de-exterior-resina-75-cm-aca076ae,
Tumbona exterior resina playa · 75 cm tela · Lola,Tumbona,Lola,Gris Oscuro / Natural,SV-LOLA-GRIS-OSC-NATURAL,BALLIU_LOLA_TUMBONA_CHASIS_BLANCO_TE_ACA076AE + variantes,balliu-tumbona-de-exterior-resina-75-cm-aca076ae,
Tumbona exterior resina playa · 75 cm tela · Lola,Tumbona,Lola,Gris Oscuro / Capuchino,SV-LOLA-GRIS-OSC-CAPUCHINO,BALLIU_LOLA_TUMBONA_CHASIS_BLANCO_TE_ACA076AE + variantes,balliu-tumbona-de-exterior-resina-75-cm-aca076ae,
Tumbona exterior resina playa · 75 cm tela · Lola,Tumbona,Lola,Gris Oscuro / Caqui,SV-LOLA-GRIS-OSC-CAQUI,BALLIU_LOLA_TUMBONA_CHASIS_BLANCO_TE_ACA076AE + variantes,balliu-tumbona-de-exterior-resina-75-cm-aca076ae,
Tumbona exterior resina playa · 75 cm tela · Lola,Tumbona,Lola,Gris Oscuro / Marrón oscuro,SV-LOLA-GRIS-OSC-MARRON-OSC,BALLIU_LOLA_TUMBONA_CHASIS_BLANCO_TE_ACA076AE + variantes,balliu-tumbona-de-exterior-resina-75-cm-aca076ae,
Tumbona exterior resina playa · 75 cm tela · Lola,Tumbona,Lola,Gris Oscuro / Arena,SV-LOLA-GRIS-OSC-ARENA,BALLIU_LOLA_TUMBONA_CHASIS_BLANCO_TE_ACA076AE + variantes,balliu-tumbona-de-exterior-resina-75-cm-aca076ae,
Tumbona exterior resina playa · 75 cm tela · Lola,Tumbona,Lola,Gris Oscuro / Verde oscuro,SV-LOLA-GRIS-OSC-VERDE-OSC,BALLIU_LOLA_TUMBONA_CHASIS_BLANCO_TE_ACA076AE + variantes,balliu-tumbona-de-exterior-resina-75-cm-aca076ae,
Tumbona exterior resina playa · 75 cm tela · Lola,Tumbona,Lola,Gris Oscuro / Azul celeste,SV-LOLA-GRIS-OSC-AZUL-CEL,BALLIU_LOLA_TUMBONA_CHASIS_BLANCO_TE_ACA076AE + variantes,balliu-tumbona-de-exterior-resina-75-cm-aca076ae,
Tumbona exterior resina playa · 75 cm tela · Lola,Tumbona,Lola,Gris Oscuro / Ceniza,SV-LOLA-GRIS-OSC-CENIZA,BALLIU_LOLA_TUMBONA_CHASIS_BLANCO_TE_ACA076AE + variantes,balliu-tumbona-de-exterior-resina-75-cm-aca076ae,
Tumbona exterior resina playa · 75 cm tela · Lola,Tumbona,Lola,Gris Oscuro / Azul marino,SV-LOLA-GRIS-OSC-AZUL-MAR,BALLIU_LOLA_TUMBONA_CHASIS_BLANCO_TE_ACA076AE + variantes,balliu-tumbona-de-exterior-resina-75-cm-aca076ae,
Tumbona exterior resina playa · 75 cm tela · Lola,Tumbona,Lola,Gris Oscuro / Gris oscuro,SV-LOLA-GRIS-OSC-GRIS-OSC,BALLIU_LOLA_TUMBONA_CHASIS_BLANCO_TE_ACA076AE + variantes,balliu-tumbona-de-exterior-resina-75-cm-aca076ae,
Tumbona exterior resina playa · 75 cm tela · Lola,Tumbona,Lola,Gris Oscuro / Azul acero,SV-LOLA-GRIS-OSC-AZUL-ACERO,BALLIU_LOLA_TUMBONA_CHASIS_BLANCO_TE_ACA076AE + variantes,balliu-tumbona-de-exterior-resina-75-cm-aca076ae,
Tumbona exterior resina playa · 75 cm tela · Lola,Tumbona,Lola,Madera / Azul,SV-LOLA-MADERA-AZUL,BALLIU_LOLA_TUMBONA_CHASIS_BLANCO_TE_ACA076AE + variantes,balliu-tumbona-de-exterior-resina-75-cm-aca076ae,
Tumbona exterior resina playa · 75 cm tela · Lola,Tumbona,Lola,Madera / Amarillo,SV-LOLA-MADERA-AMARILLO,BALLIU_LOLA_TUMBONA_CHASIS_BLANCO_TE_ACA076AE + variantes,balliu-tumbona-de-exterior-resina-75-cm-aca076ae,
Tumbona exterior resina playa · 75 cm tela · Lola,Tumbona,Lola,Madera / Naranja,SV-LOLA-MADERA-NARANJA,BALLIU_LOLA_TUMBONA_CHASIS_BLANCO_TE_ACA076AE + variantes,balliu-tumbona-de-exterior-resina-75-cm-aca076ae,
Tumbona exterior resina playa · 75 cm tela · Lola,Tumbona,Lola,Madera / Verde claro,SV-LOLA-MADERA-VERDE-CLARO,BALLIU_LOLA_TUMBONA_CHASIS_BLANCO_TE_ACA076AE + variantes,balliu-tumbona-de-exterior-resina-75-cm-aca076ae,
Tumbona exterior resina playa · 75 cm tela · Lola,Tumbona,Lola,Madera / Blanco,SV-LOLA-MADERA-BLANCO,BALLIU_LOLA_TUMBONA_CHASIS_BLANCO_TE_ACA076AE + variantes,balliu-tumbona-de-exterior-resina-75-cm-aca076ae,
Tumbona exterior resina playa · 75 cm tela · Lola,Tumbona,Lola,Madera / Natural,SV-LOLA-MADERA-NATURAL,BALLIU_LOLA_TUMBONA_CHASIS_BLANCO_TE_ACA076AE + variantes,balliu-tumbona-de-exterior-resina-75-cm-aca076ae,
Tumbona exterior resina playa · 75 cm tela · Lola,Tumbona,Lola,Madera / Capuchino,SV-LOLA-MADERA-CAPUCHINO,BALLIU_LOLA_TUMBONA_CHASIS_BLANCO_TE_ACA076AE + variantes,balliu-tumbona-de-exterior-resina-75-cm-aca076ae,
Tumbona exterior resina playa · 75 cm tela · Lola,Tumbona,Lola,Madera / Caqui,SV-LOLA-MADERA-CAQUI,BALLIU_LOLA_TUMBONA_CHASIS_BLANCO_TE_ACA076AE + variantes,balliu-tumbona-de-exterior-resina-75-cm-aca076ae,
Tumbona exterior resina playa · 75 cm tela · Lola,Tumbona,Lola,Madera / Marrón oscuro,SV-LOLA-MADERA-MARRON-OSC,BALLIU_LOLA_TUMBONA_CHASIS_BLANCO_TE_ACA076AE + variantes,balliu-tumbona-de-exterior-resina-75-cm-aca076ae,
Tumbona exterior resina playa · 75 cm tela · Lola,Tumbona,Lola,Madera / Arena,SV-LOLA-MADERA-ARENA,BALLIU_LOLA_TUMBONA_CHASIS_BLANCO_TE_ACA076AE + variantes,balliu-tumbona-de-exterior-resina-75-cm-aca076ae,
Tumbona exterior resina playa · 75 cm tela · Lola,Tumbona,Lola,Madera / Verde oscuro,SV-LOLA-MADERA-VERDE-OSC,BALLIU_LOLA_TUMBONA_CHASIS_BLANCO_TE_ACA076AE + variantes,balliu-tumbona-de-exterior-resina-75-cm-aca076ae,
Tumbona exterior resina playa · 75 cm tela · Lola,Tumbona,Lola,Madera / Azul celeste,SV-LOLA-MADERA-AZUL-CEL,BALLIU_LOLA_TUMBONA_CHASIS_BLANCO_TE_ACA076AE + variantes,balliu-tumbona-de-exterior-resina-75-cm-aca076ae,
Tumbona exterior resina playa · 75 cm tela · Lola,Tumbona,Lola,Madera / Ceniza,SV-LOLA-MADERA-CENIZA,BALLIU_LOLA_TUMBONA_CHASIS_BLANCO_TE_ACA076AE + variantes,balliu-tumbona-de-exterior-resina-75-cm-aca076ae,
Tumbona exterior resina playa · 75 cm tela · Lola,Tumbona,Lola,Madera / Azul marino,SV-LOLA-MADERA-AZUL-MAR,BALLIU_LOLA_TUMBONA_CHASIS_BLANCO_TE_ACA076AE + variantes,balliu-tumbona-de-exterior-resina-75-cm-aca076ae,
Tumbona exterior resina playa · 75 cm tela · Lola,Tumbona,Lola,Madera / Gris oscuro,SV-LOLA-MADERA-GRIS-OSC,BALLIU_LOLA_TUMBONA_CHASIS_BLANCO_TE_ACA076AE + variantes,balliu-tumbona-de-exterior-resina-75-cm-aca076ae,
Tumbona exterior resina playa · 75 cm tela · Lola,Tumbona,Lola,Madera / Azul acero,SV-LOLA-MADERA-AZUL-ACERO,BALLIU_LOLA_TUMBONA_CHASIS_BLANCO_TE_ACA076AE + variantes,balliu-tumbona-de-exterior-resina-75-cm-aca076ae,
Tumbona exterior resina playa · 73 cm tela · Eva RG,Tumbona,Eva RG,Blanco / Azul,SV-EVARG-BLANCO-AZUL,BALLIU_EVA_RG_TUMBONA_CHASIS_BLANCO_TE_D369D964 + Arena,balliu-tumbona-de-exterior-resina-73-cm-d369d964,
Tumbona exterior resina playa · 73 cm tela · Eva RG,Tumbona,Eva RG,Blanco / Amarillo,SV-EVARG-BLANCO-AMARILLO,BALLIU_EVA_RG_TUMBONA_CHASIS_BLANCO_TE_D369D964 + Arena,balliu-tumbona-de-exterior-resina-73-cm-d369d964,
Tumbona exterior resina playa · 73 cm tela · Eva RG,Tumbona,Eva RG,Blanco / Naranja,SV-EVARG-BLANCO-NARANJA,BALLIU_EVA_RG_TUMBONA_CHASIS_BLANCO_TE_D369D964 + Arena,balliu-tumbona-de-exterior-resina-73-cm-d369d964,
Tumbona exterior resina playa · 73 cm tela · Eva RG,Tumbona,Eva RG,Blanco / Verde claro,SV-EVARG-BLANCO-VERDE-CLARO,BALLIU_EVA_RG_TUMBONA_CHASIS_BLANCO_TE_D369D964 + Arena,balliu-tumbona-de-exterior-resina-73-cm-d369d964,
Tumbona exterior resina playa · 73 cm tela · Eva RG,Tumbona,Eva RG,Blanco / Blanco,SV-EVARG-BLANCO-BLANCO,BALLIU_EVA_RG_TUMBONA_CHASIS_BLANCO_TE_D369D964 + Arena,balliu-tumbona-de-exterior-resina-73-cm-d369d964,
Tumbona exterior resina playa · 73 cm tela · Eva RG,Tumbona,Eva RG,Blanco / Natural,SV-EVARG-BLANCO-NATURAL,BALLIU_EVA_RG_TUMBONA_CHASIS_BLANCO_TE_D369D964 + Arena,balliu-tumbona-de-exterior-resina-73-cm-d369d964,
Tumbona exterior resina playa · 73 cm tela · Eva RG,Tumbona,Eva RG,Blanco / Capuchino,SV-EVARG-BLANCO-CAPUCHINO,BALLIU_EVA_RG_TUMBONA_CHASIS_BLANCO_TE_D369D964 + Arena,balliu-tumbona-de-exterior-resina-73-cm-d369d964,
Tumbona exterior resina playa · 73 cm tela · Eva RG,Tumbona,Eva RG,Blanco / Caqui,SV-EVARG-BLANCO-CAQUI,BALLIU_EVA_RG_TUMBONA_CHASIS_BLANCO_TE_D369D964 + Arena,balliu-tumbona-de-exterior-resina-73-cm-d369d964,
Tumbona exterior resina playa · 73 cm tela · Eva RG,Tumbona,Eva RG,Blanco / Marrón oscuro,SV-EVARG-BLANCO-MARRON-OSC,BALLIU_EVA_RG_TUMBONA_CHASIS_BLANCO_TE_D369D964 + Arena,balliu-tumbona-de-exterior-resina-73-cm-d369d964,
Tumbona exterior resina playa · 73 cm tela · Eva RG,Tumbona,Eva RG,Blanco / Arena,SV-EVARG-BLANCO-ARENA,BALLIU_EVA_RG_TUMBONA_CHASIS_BLANCO_TE_D369D964 + Arena,balliu-tumbona-de-exterior-resina-73-cm-d369d964,
Tumbona exterior resina playa · 73 cm tela · Eva RG,Tumbona,Eva RG,Blanco / Verde oscuro,SV-EVARG-BLANCO-VERDE-OSC,BALLIU_EVA_RG_TUMBONA_CHASIS_BLANCO_TE_D369D964 + Arena,balliu-tumbona-de-exterior-resina-73-cm-d369d964,
Tumbona exterior resina playa · 73 cm tela · Eva RG,Tumbona,Eva RG,Blanco / Azul celeste,SV-EVARG-BLANCO-AZUL-CEL,BALLIU_EVA_RG_TUMBONA_CHASIS_BLANCO_TE_D369D964 + Arena,balliu-tumbona-de-exterior-resina-73-cm-d369d964,
Tumbona exterior resina playa · 73 cm tela · Eva RG,Tumbona,Eva RG,Blanco / Ceniza,SV-EVARG-BLANCO-CENIZA,BALLIU_EVA_RG_TUMBONA_CHASIS_BLANCO_TE_D369D964 + Arena,balliu-tumbona-de-exterior-resina-73-cm-d369d964,
Tumbona exterior resina playa · 73 cm tela · Eva RG,Tumbona,Eva RG,Blanco / Azul marino,SV-EVARG-BLANCO-AZUL-MAR,BALLIU_EVA_RG_TUMBONA_CHASIS_BLANCO_TE_D369D964 + Arena,balliu-tumbona-de-exterior-resina-73-cm-d369d964,
Tumbona exterior resina playa · 73 cm tela · Eva RG,Tumbona,Eva RG,Blanco / Gris oscuro,SV-EVARG-BLANCO-GRIS-OSC,BALLIU_EVA_RG_TUMBONA_CHASIS_BLANCO_TE_D369D964 + Arena,balliu-tumbona-de-exterior-resina-73-cm-d369d964,
Tumbona exterior resina playa · 73 cm tela · Eva RG,Tumbona,Eva RG,Blanco / Azul acero,SV-EVARG-BLANCO-AZUL-ACERO,BALLIU_EVA_RG_TUMBONA_CHASIS_BLANCO_TE_D369D964 + Arena,balliu-tumbona-de-exterior-resina-73-cm-d369d964,
Tumbona exterior resina playa · 73 cm tela · Eva RG,Tumbona,Eva RG,Arena / Azul,SV-EVARG-ARENA-AZUL,BALLIU_EVA_RG_TUMBONA_CHASIS_BLANCO_TE_D369D964 + Arena,balliu-tumbona-de-exterior-resina-73-cm-d369d964,
Tumbona exterior resina playa · 73 cm tela · Eva RG,Tumbona,Eva RG,Arena / Amarillo,SV-EVARG-ARENA-AMARILLO,BALLIU_EVA_RG_TUMBONA_CHASIS_BLANCO_TE_D369D964 + Arena,balliu-tumbona-de-exterior-resina-73-cm-d369d964,
Tumbona exterior resina playa · 73 cm tela · Eva RG,Tumbona,Eva RG,Arena / Naranja,SV-EVARG-ARENA-NARANJA,BALLIU_EVA_RG_TUMBONA_CHASIS_BLANCO_TE_D369D964 + Arena,balliu-tumbona-de-exterior-resina-73-cm-d369d964,
Tumbona exterior resina playa · 73 cm tela · Eva RG,Tumbona,Eva RG,Arena / Verde claro,SV-EVARG-ARENA-VERDE-CLARO,BALLIU_EVA_RG_TUMBONA_CHASIS_BLANCO_TE_D369D964 + Arena,balliu-tumbona-de-exterior-resina-73-cm-d369d964,
Tumbona exterior resina playa · 73 cm tela · Eva RG,Tumbona,Eva RG,Arena / Blanco,SV-EVARG-ARENA-BLANCO,BALLIU_EVA_RG_TUMBONA_CHASIS_BLANCO_TE_D369D964 + Arena,balliu-tumbona-de-exterior-resina-73-cm-d369d964,
Tumbona exterior resina playa · 73 cm tela · Eva RG,Tumbona,Eva RG,Arena / Natural,SV-EVARG-ARENA-NATURAL,BALLIU_EVA_RG_TUMBONA_CHASIS_BLANCO_TE_D369D964 + Arena,balliu-tumbona-de-exterior-resina-73-cm-d369d964,
Tumbona exterior resina playa · 73 cm tela · Eva RG,Tumbona,Eva RG,Arena / Capuchino,SV-EVARG-ARENA-CAPUCHINO,BALLIU_EVA_RG_TUMBONA_CHASIS_BLANCO_TE_D369D964 + Arena,balliu-tumbona-de-exterior-resina-73-cm-d369d964,
Tumbona exterior resina playa · 73 cm tela · Eva RG,Tumbona,Eva RG,Arena / Caqui,SV-EVARG-ARENA-CAQUI,BALLIU_EVA_RG_TUMBONA_CHASIS_BLANCO_TE_D369D964 + Arena,balliu-tumbona-de-exterior-resina-73-cm-d369d964,
Tumbona exterior resina playa · 73 cm tela · Eva RG,Tumbona,Eva RG,Arena / Marrón oscuro,SV-EVARG-ARENA-MARRON-OSC,BALLIU_EVA_RG_TUMBONA_CHASIS_BLANCO_TE_D369D964 + Arena,balliu-tumbona-de-exterior-resina-73-cm-d369d964,
Tumbona exterior resina playa · 73 cm tela · Eva RG,Tumbona,Eva RG,Arena / Arena,SV-EVARG-ARENA-ARENA,BALLIU_EVA_RG_TUMBONA_CHASIS_BLANCO_TE_D369D964 + Arena,balliu-tumbona-de-exterior-resina-73-cm-d369d964,
Tumbona exterior resina playa · 73 cm tela · Eva RG,Tumbona,Eva RG,Arena / Verde oscuro,SV-EVARG-ARENA-VERDE-OSC,BALLIU_EVA_RG_TUMBONA_CHASIS_BLANCO_TE_D369D964 + Arena,balliu-tumbona-de-exterior-resina-73-cm-d369d964,
Tumbona exterior resina playa · 73 cm tela · Eva RG,Tumbona,Eva RG,Arena / Azul celeste,SV-EVARG-ARENA-AZUL-CEL,BALLIU_EVA_RG_TUMBONA_CHASIS_BLANCO_TE_D369D964 + Arena,balliu-tumbona-de-exterior-resina-73-cm-d369d964,
Tumbona exterior resina playa · 73 cm tela · Eva RG,Tumbona,Eva RG,Arena / Ceniza,SV-EVARG-ARENA-CENIZA,BALLIU_EVA_RG_TUMBONA_CHASIS_BLANCO_TE_D369D964 + Arena,balliu-tumbona-de-exterior-resina-73-cm-d369d964,
Tumbona exterior resina playa · 73 cm tela · Eva RG,Tumbona,Eva RG,Arena / Azul marino,SV-EVARG-ARENA-AZUL-MAR,BALLIU_EVA_RG_TUMBONA_CHASIS_BLANCO_TE_D369D964 + Arena,balliu-tumbona-de-exterior-resina-73-cm-d369d964,
Tumbona exterior resina playa · 73 cm tela · Eva RG,Tumbona,Eva RG,Arena / Gris oscuro,SV-EVARG-ARENA-GRIS-OSC,BALLIU_EVA_RG_TUMBONA_CHASIS_BLANCO_TE_D369D964 + Arena,balliu-tumbona-de-exterior-resina-73-cm-d369d964,
Tumbona exterior resina playa · 73 cm tela · Eva RG,Tumbona,Eva RG,Arena / Azul acero,SV-EVARG-ARENA-AZUL-ACERO,BALLIU_EVA_RG_TUMBONA_CHASIS_BLANCO_TE_D369D964 + Arena,balliu-tumbona-de-exterior-resina-73-cm-d369d964,
Tumbona exterior resina jardín · 73 cm tablillas · Eva RTG,Tumbona,Eva RTG,Blanco,SV-EVARTG-BLANCO,BALLIU_EVA_RTG_TUMBONA_CHASIS_BLANCO_TA_0648657B,balliu-tumbona-de-exterior-resina-73-cm-0648657b,
Tumbona exterior resina · Noa,Tumbona,Noa,Antracita / Azul,SV-NOA-ANTRACITA-AZUL,BALLIU_NOA_TUMBONA_CHASIS_BLANCO_TE_28FF014D + Prestige,balliu-tumbona-de-exterior-resina-28ff014d,
Tumbona exterior resina · Noa,Tumbona,Noa,Antracita / Amarillo,SV-NOA-ANTRACITA-AMARILLO,BALLIU_NOA_TUMBONA_CHASIS_BLANCO_TE_28FF014D + Prestige,balliu-tumbona-de-exterior-resina-28ff014d,
Tumbona exterior resina · Noa,Tumbona,Noa,Antracita / Naranja,SV-NOA-ANTRACITA-NARANJA,BALLIU_NOA_TUMBONA_CHASIS_BLANCO_TE_28FF014D + Prestige,balliu-tumbona-de-exterior-resina-28ff014d,
Tumbona exterior resina · Noa,Tumbona,Noa,Antracita / Verde claro,SV-NOA-ANTRACITA-VERDE-CLARO,BALLIU_NOA_TUMBONA_CHASIS_BLANCO_TE_28FF014D + Prestige,balliu-tumbona-de-exterior-resina-28ff014d,
Tumbona exterior resina · Noa,Tumbona,Noa,Antracita / Blanco,SV-NOA-ANTRACITA-BLANCO,BALLIU_NOA_TUMBONA_CHASIS_BLANCO_TE_28FF014D + Prestige,balliu-tumbona-de-exterior-resina-28ff014d,
Tumbona exterior resina · Noa,Tumbona,Noa,Antracita / Natural,SV-NOA-ANTRACITA-NATURAL,BALLIU_NOA_TUMBONA_CHASIS_BLANCO_TE_28FF014D + Prestige,balliu-tumbona-de-exterior-resina-28ff014d,
Tumbona exterior resina · Noa,Tumbona,Noa,Antracita / Capuchino,SV-NOA-ANTRACITA-CAPUCHINO,BALLIU_NOA_TUMBONA_CHASIS_BLANCO_TE_28FF014D + Prestige,balliu-tumbona-de-exterior-resina-28ff014d,
Tumbona exterior resina · Noa,Tumbona,Noa,Antracita / Caqui,SV-NOA-ANTRACITA-CAQUI,BALLIU_NOA_TUMBONA_CHASIS_BLANCO_TE_28FF014D + Prestige,balliu-tumbona-de-exterior-resina-28ff014d,
Tumbona exterior resina · Noa,Tumbona,Noa,Antracita / Marrón oscuro,SV-NOA-ANTRACITA-MARRON-OSC,BALLIU_NOA_TUMBONA_CHASIS_BLANCO_TE_28FF014D + Prestige,balliu-tumbona-de-exterior-resina-28ff014d,
Tumbona exterior resina · Noa,Tumbona,Noa,Antracita / Arena,SV-NOA-ANTRACITA-ARENA,BALLIU_NOA_TUMBONA_CHASIS_BLANCO_TE_28FF014D + Prestige,balliu-tumbona-de-exterior-resina-28ff014d,
Tumbona exterior resina · Noa,Tumbona,Noa,Antracita / Verde oscuro,SV-NOA-ANTRACITA-VERDE-OSC,BALLIU_NOA_TUMBONA_CHASIS_BLANCO_TE_28FF014D + Prestige,balliu-tumbona-de-exterior-resina-28ff014d,
Tumbona exterior resina · Noa,Tumbona,Noa,Antracita / Azul celeste,SV-NOA-ANTRACITA-AZUL-CEL,BALLIU_NOA_TUMBONA_CHASIS_BLANCO_TE_28FF014D + Prestige,balliu-tumbona-de-exterior-resina-28ff014d,
Tumbona exterior resina · Noa,Tumbona,Noa,Antracita / Ceniza,SV-NOA-ANTRACITA-CENIZA,BALLIU_NOA_TUMBONA_CHASIS_BLANCO_TE_28FF014D + Prestige,balliu-tumbona-de-exterior-resina-28ff014d,
Tumbona exterior resina · Noa,Tumbona,Noa,Antracita / Azul marino,SV-NOA-ANTRACITA-AZUL-MAR,BALLIU_NOA_TUMBONA_CHASIS_BLANCO_TE_28FF014D + Prestige,balliu-tumbona-de-exterior-resina-28ff014d,
Tumbona exterior resina · Noa,Tumbona,Noa,Antracita / Gris oscuro,SV-NOA-ANTRACITA-GRIS-OSC,BALLIU_NOA_TUMBONA_CHASIS_BLANCO_TE_28FF014D + Prestige,balliu-tumbona-de-exterior-resina-28ff014d,
Tumbona exterior resina · Noa,Tumbona,Noa,Antracita / Azul acero,SV-NOA-ANTRACITA-AZUL-ACERO,BALLIU_NOA_TUMBONA_CHASIS_BLANCO_TE_28FF014D + Prestige,balliu-tumbona-de-exterior-resina-28ff014d,
Tumbona exterior resina · Noa,Tumbona,Noa,Arena / Azul,SV-NOA-ARENA-AZUL,BALLIU_NOA_TUMBONA_CHASIS_BLANCO_TE_28FF014D + Prestige,balliu-tumbona-de-exterior-resina-28ff014d,
Tumbona exterior resina · Noa,Tumbona,Noa,Arena / Amarillo,SV-NOA-ARENA-AMARILLO,BALLIU_NOA_TUMBONA_CHASIS_BLANCO_TE_28FF014D + Prestige,balliu-tumbona-de-exterior-resina-28ff014d,
Tumbona exterior resina · Noa,Tumbona,Noa,Arena / Naranja,SV-NOA-ARENA-NARANJA,BALLIU_NOA_TUMBONA_CHASIS_BLANCO_TE_28FF014D + Prestige,balliu-tumbona-de-exterior-resina-28ff014d,
Tumbona exterior resina · Noa,Tumbona,Noa,Arena / Verde claro,SV-NOA-ARENA-VERDE-CLARO,BALLIU_NOA_TUMBONA_CHASIS_BLANCO_TE_28FF014D + Prestige,balliu-tumbona-de-exterior-resina-28ff014d,
Tumbona exterior resina · Noa,Tumbona,Noa,Arena / Blanco,SV-NOA-ARENA-BLANCO,BALLIU_NOA_TUMBONA_CHASIS_BLANCO_TE_28FF014D + Prestige,balliu-tumbona-de-exterior-resina-28ff014d,
Tumbona exterior resina · Noa,Tumbona,Noa,Arena / Natural,SV-NOA-ARENA-NATURAL,BALLIU_NOA_TUMBONA_CHASIS_BLANCO_TE_28FF014D + Prestige,balliu-tumbona-de-exterior-resina-28ff014d,
Tumbona exterior resina · Noa,Tumbona,Noa,Arena / Capuchino,SV-NOA-ARENA-CAPUCHINO,BALLIU_NOA_TUMBONA_CHASIS_BLANCO_TE_28FF014D + Prestige,balliu-tumbona-de-exterior-resina-28ff014d,
Tumbona exterior resina · Noa,Tumbona,Noa,Arena / Caqui,SV-NOA-ARENA-CAQUI,BALLIU_NOA_TUMBONA_CHASIS_BLANCO_TE_28FF014D + Prestige,balliu-tumbona-de-exterior-resina-28ff014d,
Tumbona exterior resina · Noa,Tumbona,Noa,Arena / Marrón oscuro,SV-NOA-ARENA-MARRON-OSC,BALLIU_NOA_TUMBONA_CHASIS_BLANCO_TE_28FF014D + Prestige,balliu-tumbona-de-exterior-resina-28ff014d,
Tumbona exterior resina · Noa,Tumbona,Noa,Arena / Arena,SV-NOA-ARENA-ARENA,BALLIU_NOA_TUMBONA_CHASIS_BLANCO_TE_28FF014D + Prestige,balliu-tumbona-de-exterior-resina-28ff014d,
Tumbona exterior resina · Noa,Tumbona,Noa,Arena / Verde oscuro,SV-NOA-ARENA-VERDE-OSC,BALLIU_NOA_TUMBONA_CHASIS_BLANCO_TE_28FF014D + Prestige,balliu-tumbona-de-exterior-resina-28ff014d,
Tumbona exterior resina · Noa,Tumbona,Noa,Arena / Azul celeste,SV-NOA-ARENA-AZUL-CEL,BALLIU_NOA_TUMBONA_CHASIS_BLANCO_TE_28FF014D + Prestige,balliu-tumbona-de-exterior-resina-28ff014d,
Tumbona exterior resina · Noa,Tumbona,Noa,Arena / Ceniza,SV-NOA-ARENA-CENIZA,BALLIU_NOA_TUMBONA_CHASIS_BLANCO_TE_28FF014D + Prestige,balliu-tumbona-de-exterior-resina-28ff014d,
Tumbona exterior resina · Noa,Tumbona,Noa,Arena / Azul marino,SV-NOA-ARENA-AZUL-MAR,BALLIU_NOA_TUMBONA_CHASIS_BLANCO_TE_28FF014D + Prestige,balliu-tumbona-de-exterior-resina-28ff014d,
Tumbona exterior resina · Noa,Tumbona,Noa,Arena / Gris oscuro,SV-NOA-ARENA-GRIS-OSC,BALLIU_NOA_TUMBONA_CHASIS_BLANCO_TE_28FF014D + Prestige,balliu-tumbona-de-exterior-resina-28ff014d,
Tumbona exterior resina · Noa,Tumbona,Noa,Arena / Azul acero,SV-NOA-ARENA-AZUL-ACERO,BALLIU_NOA_TUMBONA_CHASIS_BLANCO_TE_28FF014D + Prestige,balliu-tumbona-de-exterior-resina-28ff014d,
Tumbona exterior resina · Noa,Tumbona,Noa,Blanco / Azul,SV-NOA-BLANCO-AZUL,BALLIU_NOA_TUMBONA_CHASIS_BLANCO_TE_28FF014D + Prestige,balliu-tumbona-de-exterior-resina-28ff014d,
Tumbona exterior resina · Noa,Tumbona,Noa,Blanco / Amarillo,SV-NOA-BLANCO-AMARILLO,BALLIU_NOA_TUMBONA_CHASIS_BLANCO_TE_28FF014D + Prestige,balliu-tumbona-de-exterior-resina-28ff014d,
Tumbona exterior resina · Noa,Tumbona,Noa,Blanco / Naranja,SV-NOA-BLANCO-NARANJA,BALLIU_NOA_TUMBONA_CHASIS_BLANCO_TE_28FF014D + Prestige,balliu-tumbona-de-exterior-resina-28ff014d,
Tumbona exterior resina · Noa,Tumbona,Noa,Blanco / Verde claro,SV-NOA-BLANCO-VERDE-CLARO,BALLIU_NOA_TUMBONA_CHASIS_BLANCO_TE_28FF014D + Prestige,balliu-tumbona-de-exterior-resina-28ff014d,
Tumbona exterior resina · Noa,Tumbona,Noa,Blanco / Blanco,SV-NOA-BLANCO-BLANCO,BALLIU_NOA_TUMBONA_CHASIS_BLANCO_TE_28FF014D + Prestige,balliu-tumbona-de-exterior-resina-28ff014d,
Tumbona exterior resina · Noa,Tumbona,Noa,Blanco / Natural,SV-NOA-BLANCO-NATURAL,BALLIU_NOA_TUMBONA_CHASIS_BLANCO_TE_28FF014D + Prestige,balliu-tumbona-de-exterior-resina-28ff014d,
Tumbona exterior resina · Noa,Tumbona,Noa,Blanco / Capuchino,SV-NOA-BLANCO-CAPUCHINO,BALLIU_NOA_TUMBONA_CHASIS_BLANCO_TE_28FF014D + Prestige,balliu-tumbona-de-exterior-resina-28ff014d,
Tumbona exterior resina · Noa,Tumbona,Noa,Blanco / Caqui,SV-NOA-BLANCO-CAQUI,BALLIU_NOA_TUMBONA_CHASIS_BLANCO_TE_28FF014D + Prestige,balliu-tumbona-de-exterior-resina-28ff014d,
Tumbona exterior resina · Noa,Tumbona,Noa,Blanco / Marrón oscuro,SV-NOA-BLANCO-MARRON-OSC,BALLIU_NOA_TUMBONA_CHASIS_BLANCO_TE_28FF014D + Prestige,balliu-tumbona-de-exterior-resina-28ff014d,
Tumbona exterior resina · Noa,Tumbona,Noa,Blanco / Arena,SV-NOA-BLANCO-ARENA,BALLIU_NOA_TUMBONA_CHASIS_BLANCO_TE_28FF014D + Prestige,balliu-tumbona-de-exterior-resina-28ff014d,
Tumbona exterior resina · Noa,Tumbona,Noa,Blanco / Verde oscuro,SV-NOA-BLANCO-VERDE-OSC,BALLIU_NOA_TUMBONA_CHASIS_BLANCO_TE_28FF014D + Prestige,balliu-tumbona-de-exterior-resina-28ff014d,
Tumbona exterior resina · Noa,Tumbona,Noa,Blanco / Azul celeste,SV-NOA-BLANCO-AZUL-CEL,BALLIU_NOA_TUMBONA_CHASIS_BLANCO_TE_28FF014D + Prestige,balliu-tumbona-de-exterior-resina-28ff014d,
Tumbona exterior resina · Noa,Tumbona,Noa,Blanco / Ceniza,SV-NOA-BLANCO-CENIZA,BALLIU_NOA_TUMBONA_CHASIS_BLANCO_TE_28FF014D + Prestige,balliu-tumbona-de-exterior-resina-28ff014d,
Tumbona exterior resina · Noa,Tumbona,Noa,Blanco / Azul marino,SV-NOA-BLANCO-AZUL-MAR,BALLIU_NOA_TUMBONA_CHASIS_BLANCO_TE_28FF014D + Prestige,balliu-tumbona-de-exterior-resina-28ff014d,
Tumbona exterior resina · Noa,Tumbona,Noa,Blanco / Gris oscuro,SV-NOA-BLANCO-GRIS-OSC,BALLIU_NOA_TUMBONA_CHASIS_BLANCO_TE_28FF014D + Prestige,balliu-tumbona-de-exterior-resina-28ff014d,
Tumbona exterior resina · Noa,Tumbona,Noa,Blanco / Azul acero,SV-NOA-BLANCO-AZUL-ACERO,BALLIU_NOA_TUMBONA_CHASIS_BLANCO_TE_28FF014D + Prestige,balliu-tumbona-de-exterior-resina-28ff014d,
Tumbona exterior resina · Noa,Tumbona,Noa,Madera / Azul,SV-NOA-MADERA-AZUL,BALLIU_NOA_TUMBONA_CHASIS_BLANCO_TE_28FF014D + Prestige,balliu-tumbona-de-exterior-resina-28ff014d,
Tumbona exterior resina · Noa,Tumbona,Noa,Madera / Amarillo,SV-NOA-MADERA-AMARILLO,BALLIU_NOA_TUMBONA_CHASIS_BLANCO_TE_28FF014D + Prestige,balliu-tumbona-de-exterior-resina-28ff014d,
Tumbona exterior resina · Noa,Tumbona,Noa,Madera / Naranja,SV-NOA-MADERA-NARANJA,BALLIU_NOA_TUMBONA_CHASIS_BLANCO_TE_28FF014D + Prestige,balliu-tumbona-de-exterior-resina-28ff014d,
Tumbona exterior resina · Noa,Tumbona,Noa,Madera / Verde claro,SV-NOA-MADERA-VERDE-CLARO,BALLIU_NOA_TUMBONA_CHASIS_BLANCO_TE_28FF014D + Prestige,balliu-tumbona-de-exterior-resina-28ff014d,
Tumbona exterior resina · Noa,Tumbona,Noa,Madera / Blanco,SV-NOA-MADERA-BLANCO,BALLIU_NOA_TUMBONA_CHASIS_BLANCO_TE_28FF014D + Prestige,balliu-tumbona-de-exterior-resina-28ff014d,
Tumbona exterior resina · Noa,Tumbona,Noa,Madera / Natural,SV-NOA-MADERA-NATURAL,BALLIU_NOA_TUMBONA_CHASIS_BLANCO_TE_28FF014D + Prestige,balliu-tumbona-de-exterior-resina-28ff014d,
Tumbona exterior resina · Noa,Tumbona,Noa,Madera / Capuchino,SV-NOA-MADERA-CAPUCHINO,BALLIU_NOA_TUMBONA_CHASIS_BLANCO_TE_28FF014D + Prestige,balliu-tumbona-de-exterior-resina-28ff014d,
Tumbona exterior resina · Noa,Tumbona,Noa,Madera / Caqui,SV-NOA-MADERA-CAQUI,BALLIU_NOA_TUMBONA_CHASIS_BLANCO_TE_28FF014D + Prestige,balliu-tumbona-de-exterior-resina-28ff014d,
Tumbona exterior resina · Noa,Tumbona,Noa,Madera / Marrón oscuro,SV-NOA-MADERA-MARRON-OSC,BALLIU_NOA_TUMBONA_CHASIS_BLANCO_TE_28FF014D + Prestige,balliu-tumbona-de-exterior-resina-28ff014d,
Tumbona exterior resina · Noa,Tumbona,Noa,Madera / Arena,SV-NOA-MADERA-ARENA,BALLIU_NOA_TUMBONA_CHASIS_BLANCO_TE_28FF014D + Prestige,balliu-tumbona-de-exterior-resina-28ff014d,
Tumbona exterior resina · Noa,Tumbona,Noa,Madera / Verde oscuro,SV-NOA-MADERA-VERDE-OSC,BALLIU_NOA_TUMBONA_CHASIS_BLANCO_TE_28FF014D + Prestige,balliu-tumbona-de-exterior-resina-28ff014d,
Tumbona exterior resina · Noa,Tumbona,Noa,Madera / Azul celeste,SV-NOA-MADERA-AZUL-CEL,BALLIU_NOA_TUMBONA_CHASIS_BLANCO_TE_28FF014D + Prestige,balliu-tumbona-de-exterior-resina-28ff014d,
Tumbona exterior resina · Noa,Tumbona,Noa,Madera / Ceniza,SV-NOA-MADERA-CENIZA,BALLIU_NOA_TUMBONA_CHASIS_BLANCO_TE_28FF014D + Prestige,balliu-tumbona-de-exterior-resina-28ff014d,
Tumbona exterior resina · Noa,Tumbona,Noa,Madera / Azul marino,SV-NOA-MADERA-AZUL-MAR,BALLIU_NOA_TUMBONA_CHASIS_BLANCO_TE_28FF014D + Prestige,balliu-tumbona-de-exterior-resina-28ff014d,
Tumbona exterior resina · Noa,Tumbona,Noa,Madera / Gris oscuro,SV-NOA-MADERA-GRIS-OSC,BALLIU_NOA_TUMBONA_CHASIS_BLANCO_TE_28FF014D + Prestige,balliu-tumbona-de-exterior-resina-28ff014d,
Tumbona exterior resina · Noa,Tumbona,Noa,Madera / Azul acero,SV-NOA-MADERA-AZUL-ACERO,BALLIU_NOA_TUMBONA_CHASIS_BLANCO_TE_28FF014D + Prestige,balliu-tumbona-de-exterior-resina-28ff014d,
Tumbona exterior resina · Noa,Tumbona,Noa,Tórtola / Azul,SV-NOA-TORTOLA-AZUL,BALLIU_NOA_TUMBONA_CHASIS_BLANCO_TE_28FF014D + Prestige,balliu-tumbona-de-exterior-resina-28ff014d,
Tumbona exterior resina · Noa,Tumbona,Noa,Tórtola / Amarillo,SV-NOA-TORTOLA-AMARILLO,BALLIU_NOA_TUMBONA_CHASIS_BLANCO_TE_28FF014D + Prestige,balliu-tumbona-de-exterior-resina-28ff014d,
Tumbona exterior resina · Noa,Tumbona,Noa,Tórtola / Naranja,SV-NOA-TORTOLA-NARANJA,BALLIU_NOA_TUMBONA_CHASIS_BLANCO_TE_28FF014D + Prestige,balliu-tumbona-de-exterior-resina-28ff014d,
Tumbona exterior resina · Noa,Tumbona,Noa,Tórtola / Verde claro,SV-NOA-TORTOLA-VERDE-CLARO,BALLIU_NOA_TUMBONA_CHASIS_BLANCO_TE_28FF014D + Prestige,balliu-tumbona-de-exterior-resina-28ff014d,
Tumbona exterior resina · Noa,Tumbona,Noa,Tórtola / Blanco,SV-NOA-TORTOLA-BLANCO,BALLIU_NOA_TUMBONA_CHASIS_BLANCO_TE_28FF014D + Prestige,balliu-tumbona-de-exterior-resina-28ff014d,
Tumbona exterior resina · Noa,Tumbona,Noa,Tórtola / Natural,SV-NOA-TORTOLA-NATURAL,BALLIU_NOA_TUMBONA_CHASIS_BLANCO_TE_28FF014D + Prestige,balliu-tumbona-de-exterior-resina-28ff014d,
Tumbona exterior resina · Noa,Tumbona,Noa,Tórtola / Capuchino,SV-NOA-TORTOLA-CAPUCHINO,BALLIU_NOA_TUMBONA_CHASIS_BLANCO_TE_28FF014D + Prestige,balliu-tumbona-de-exterior-resina-28ff014d,
Tumbona exterior resina · Noa,Tumbona,Noa,Tórtola / Caqui,SV-NOA-TORTOLA-CAQUI,BALLIU_NOA_TUMBONA_CHASIS_BLANCO_TE_28FF014D + Prestige,balliu-tumbona-de-exterior-resina-28ff014d,
Tumbona exterior resina · Noa,Tumbona,Noa,Tórtola / Marrón oscuro,SV-NOA-TORTOLA-MARRON-OSC,BALLIU_NOA_TUMBONA_CHASIS_BLANCO_TE_28FF014D + Prestige,balliu-tumbona-de-exterior-resina-28ff014d,
Tumbona exterior resina · Noa,Tumbona,Noa,Tórtola / Arena,SV-NOA-TORTOLA-ARENA,BALLIU_NOA_TUMBONA_CHASIS_BLANCO_TE_28FF014D + Prestige,balliu-tumbona-de-exterior-resina-28ff014d,
Tumbona exterior resina · Noa,Tumbona,Noa,Tórtola / Verde oscuro,SV-NOA-TORTOLA-VERDE-OSC,BALLIU_NOA_TUMBONA_CHASIS_BLANCO_TE_28FF014D + Prestige,balliu-tumbona-de-exterior-resina-28ff014d,
Tumbona exterior resina · Noa,Tumbona,Noa,Tórtola / Azul celeste,SV-NOA-TORTOLA-AZUL-CEL,BALLIU_NOA_TUMBONA_CHASIS_BLANCO_TE_28FF014D + Prestige,balliu-tumbona-de-exterior-resina-28ff014d,
Tumbona exterior resina · Noa,Tumbona,Noa,Tórtola / Ceniza,SV-NOA-TORTOLA-CENIZA,BALLIU_NOA_TUMBONA_CHASIS_BLANCO_TE_28FF014D + Prestige,balliu-tumbona-de-exterior-resina-28ff014d,
Tumbona exterior resina · Noa,Tumbona,Noa,Tórtola / Azul marino,SV-NOA-TORTOLA-AZUL-MAR,BALLIU_NOA_TUMBONA_CHASIS_BLANCO_TE_28FF014D + Prestige,balliu-tumbona-de-exterior-resina-28ff014d,
Tumbona exterior resina · Noa,Tumbona,Noa,Tórtola / Gris oscuro,SV-NOA-TORTOLA-GRIS-OSC,BALLIU_NOA_TUMBONA_CHASIS_BLANCO_TE_28FF014D + Prestige,balliu-tumbona-de-exterior-resina-28ff014d,
Tumbona exterior resina · Noa,Tumbona,Noa,Tórtola / Azul acero,SV-NOA-TORTOLA-AZUL-ACERO,BALLIU_NOA_TUMBONA_CHASIS_BLANCO_TE_28FF014D + Prestige,balliu-tumbona-de-exterior-resina-28ff014d,
Tumbona exterior aluminio · con/sin ruedas · Olimpia,Tumbona,Olimpia,No / Blanco / Azul,SV-OLIMPIA-SR-BLANCO-AZUL,BALLIU_OLIMPIA_TUMBONA_SIN/CON_RUEDAS_*,balliu-tumbona-de-exterior-sin-ruedas-aluminio-da3f5c24,
Tumbona exterior aluminio · con/sin ruedas · Olimpia,Tumbona,Olimpia,No / Blanco / Amarillo,SV-OLIMPIA-SR-BLANCO-AMARILLO,BALLIU_OLIMPIA_TUMBONA_SIN/CON_RUEDAS_*,balliu-tumbona-de-exterior-sin-ruedas-aluminio-da3f5c24,
Tumbona exterior aluminio · con/sin ruedas · Olimpia,Tumbona,Olimpia,No / Blanco / Naranja,SV-OLIMPIA-SR-BLANCO-NARANJA,BALLIU_OLIMPIA_TUMBONA_SIN/CON_RUEDAS_*,balliu-tumbona-de-exterior-sin-ruedas-aluminio-da3f5c24,
Tumbona exterior aluminio · con/sin ruedas · Olimpia,Tumbona,Olimpia,No / Blanco / Verde claro,SV-OLIMPIA-SR-BLANCO-VERDE-CLARO,BALLIU_OLIMPIA_TUMBONA_SIN/CON_RUEDAS_*,balliu-tumbona-de-exterior-sin-ruedas-aluminio-da3f5c24,
Tumbona exterior aluminio · con/sin ruedas · Olimpia,Tumbona,Olimpia,No / Blanco / Blanco,SV-OLIMPIA-SR-BLANCO-BLANCO,BALLIU_OLIMPIA_TUMBONA_SIN/CON_RUEDAS_*,balliu-tumbona-de-exterior-sin-ruedas-aluminio-da3f5c24,
Tumbona exterior aluminio · con/sin ruedas · Olimpia,Tumbona,Olimpia,No / Blanco / Natural,SV-OLIMPIA-SR-BLANCO-NATURAL,BALLIU_OLIMPIA_TUMBONA_SIN/CON_RUEDAS_*,balliu-tumbona-de-exterior-sin-ruedas-aluminio-da3f5c24,
Tumbona exterior aluminio · con/sin ruedas · Olimpia,Tumbona,Olimpia,No / Blanco / Capuchino,SV-OLIMPIA-SR-BLANCO-CAPUCHINO,BALLIU_OLIMPIA_TUMBONA_SIN/CON_RUEDAS_*,balliu-tumbona-de-exterior-sin-ruedas-aluminio-da3f5c24,
Tumbona exterior aluminio · con/sin ruedas · Olimpia,Tumbona,Olimpia,No / Blanco / Caqui,SV-OLIMPIA-SR-BLANCO-CAQUI,BALLIU_OLIMPIA_TUMBONA_SIN/CON_RUEDAS_*,balliu-tumbona-de-exterior-sin-ruedas-aluminio-da3f5c24,
Tumbona exterior aluminio · con/sin ruedas · Olimpia,Tumbona,Olimpia,No / Blanco / Marrón oscuro,SV-OLIMPIA-SR-BLANCO-MARRON-OSC,BALLIU_OLIMPIA_TUMBONA_SIN/CON_RUEDAS_*,balliu-tumbona-de-exterior-sin-ruedas-aluminio-da3f5c24,
Tumbona exterior aluminio · con/sin ruedas · Olimpia,Tumbona,Olimpia,No / Blanco / Arena,SV-OLIMPIA-SR-BLANCO-ARENA,BALLIU_OLIMPIA_TUMBONA_SIN/CON_RUEDAS_*,balliu-tumbona-de-exterior-sin-ruedas-aluminio-da3f5c24,
Tumbona exterior aluminio · con/sin ruedas · Olimpia,Tumbona,Olimpia,No / Blanco / Verde oscuro,SV-OLIMPIA-SR-BLANCO-VERDE-OSC,BALLIU_OLIMPIA_TUMBONA_SIN/CON_RUEDAS_*,balliu-tumbona-de-exterior-sin-ruedas-aluminio-da3f5c24,
Tumbona exterior aluminio · con/sin ruedas · Olimpia,Tumbona,Olimpia,No / Blanco / Azul celeste,SV-OLIMPIA-SR-BLANCO-AZUL-CEL,BALLIU_OLIMPIA_TUMBONA_SIN/CON_RUEDAS_*,balliu-tumbona-de-exterior-sin-ruedas-aluminio-da3f5c24,
Tumbona exterior aluminio · con/sin ruedas · Olimpia,Tumbona,Olimpia,No / Blanco / Ceniza,SV-OLIMPIA-SR-BLANCO-CENIZA,BALLIU_OLIMPIA_TUMBONA_SIN/CON_RUEDAS_*,balliu-tumbona-de-exterior-sin-ruedas-aluminio-da3f5c24,
Tumbona exterior aluminio · con/sin ruedas · Olimpia,Tumbona,Olimpia,No / Blanco / Azul marino,SV-OLIMPIA-SR-BLANCO-AZUL-MAR,BALLIU_OLIMPIA_TUMBONA_SIN/CON_RUEDAS_*,balliu-tumbona-de-exterior-sin-ruedas-aluminio-da3f5c24,
Tumbona exterior aluminio · con/sin ruedas · Olimpia,Tumbona,Olimpia,No / Blanco / Gris oscuro,SV-OLIMPIA-SR-BLANCO-GRIS-OSC,BALLIU_OLIMPIA_TUMBONA_SIN/CON_RUEDAS_*,balliu-tumbona-de-exterior-sin-ruedas-aluminio-da3f5c24,
Tumbona exterior aluminio · con/sin ruedas · Olimpia,Tumbona,Olimpia,No / Blanco / Azul acero,SV-OLIMPIA-SR-BLANCO-AZUL-ACERO,BALLIU_OLIMPIA_TUMBONA_SIN/CON_RUEDAS_*,balliu-tumbona-de-exterior-sin-ruedas-aluminio-da3f5c24,
Tumbona exterior aluminio · con/sin ruedas · Olimpia,Tumbona,Olimpia,No / Tórtola / Azul,SV-OLIMPIA-SR-TORTOLA-AZUL,BALLIU_OLIMPIA_TUMBONA_SIN/CON_RUEDAS_*,balliu-tumbona-de-exterior-sin-ruedas-aluminio-da3f5c24,
Tumbona exterior aluminio · con/sin ruedas · Olimpia,Tumbona,Olimpia,No / Tórtola / Amarillo,SV-OLIMPIA-SR-TORTOLA-AMARILLO,BALLIU_OLIMPIA_TUMBONA_SIN/CON_RUEDAS_*,balliu-tumbona-de-exterior-sin-ruedas-aluminio-da3f5c24,
Tumbona exterior aluminio · con/sin ruedas · Olimpia,Tumbona,Olimpia,No / Tórtola / Naranja,SV-OLIMPIA-SR-TORTOLA-NARANJA,BALLIU_OLIMPIA_TUMBONA_SIN/CON_RUEDAS_*,balliu-tumbona-de-exterior-sin-ruedas-aluminio-da3f5c24,
Tumbona exterior aluminio · con/sin ruedas · Olimpia,Tumbona,Olimpia,No / Tórtola / Verde claro,SV-OLIMPIA-SR-TORTOLA-VERDE-CLARO,BALLIU_OLIMPIA_TUMBONA_SIN/CON_RUEDAS_*,balliu-tumbona-de-exterior-sin-ruedas-aluminio-da3f5c24,
Tumbona exterior aluminio · con/sin ruedas · Olimpia,Tumbona,Olimpia,No / Tórtola / Blanco,SV-OLIMPIA-SR-TORTOLA-BLANCO,BALLIU_OLIMPIA_TUMBONA_SIN/CON_RUEDAS_*,balliu-tumbona-de-exterior-sin-ruedas-aluminio-da3f5c24,
Tumbona exterior aluminio · con/sin ruedas · Olimpia,Tumbona,Olimpia,No / Tórtola / Natural,SV-OLIMPIA-SR-TORTOLA-NATURAL,BALLIU_OLIMPIA_TUMBONA_SIN/CON_RUEDAS_*,balliu-tumbona-de-exterior-sin-ruedas-aluminio-da3f5c24,
Tumbona exterior aluminio · con/sin ruedas · Olimpia,Tumbona,Olimpia,No / Tórtola / Capuchino,SV-OLIMPIA-SR-TORTOLA-CAPUCHINO,BALLIU_OLIMPIA_TUMBONA_SIN/CON_RUEDAS_*,balliu-tumbona-de-exterior-sin-ruedas-aluminio-da3f5c24,
Tumbona exterior aluminio · con/sin ruedas · Olimpia,Tumbona,Olimpia,No / Tórtola / Caqui,SV-OLIMPIA-SR-TORTOLA-CAQUI,BALLIU_OLIMPIA_TUMBONA_SIN/CON_RUEDAS_*,balliu-tumbona-de-exterior-sin-ruedas-aluminio-da3f5c24,
Tumbona exterior aluminio · con/sin ruedas · Olimpia,Tumbona,Olimpia,No / Tórtola / Marrón oscuro,SV-OLIMPIA-SR-TORTOLA-MARRON-OSC,BALLIU_OLIMPIA_TUMBONA_SIN/CON_RUEDAS_*,balliu-tumbona-de-exterior-sin-ruedas-aluminio-da3f5c24,
Tumbona exterior aluminio · con/sin ruedas · Olimpia,Tumbona,Olimpia,No / Tórtola / Arena,SV-OLIMPIA-SR-TORTOLA-ARENA,BALLIU_OLIMPIA_TUMBONA_SIN/CON_RUEDAS_*,balliu-tumbona-de-exterior-sin-ruedas-aluminio-da3f5c24,
Tumbona exterior aluminio · con/sin ruedas · Olimpia,Tumbona,Olimpia,No / Tórtola / Verde oscuro,SV-OLIMPIA-SR-TORTOLA-VERDE-OSC,BALLIU_OLIMPIA_TUMBONA_SIN/CON_RUEDAS_*,balliu-tumbona-de-exterior-sin-ruedas-aluminio-da3f5c24,
Tumbona exterior aluminio · con/sin ruedas · Olimpia,Tumbona,Olimpia,No / Tórtola / Azul celeste,SV-OLIMPIA-SR-TORTOLA-AZUL-CEL,BALLIU_OLIMPIA_TUMBONA_SIN/CON_RUEDAS_*,balliu-tumbona-de-exterior-sin-ruedas-aluminio-da3f5c24,
Tumbona exterior aluminio · con/sin ruedas · Olimpia,Tumbona,Olimpia,No / Tórtola / Ceniza,SV-OLIMPIA-SR-TORTOLA-CENIZA,BALLIU_OLIMPIA_TUMBONA_SIN/CON_RUEDAS_*,balliu-tumbona-de-exterior-sin-ruedas-aluminio-da3f5c24,
Tumbona exterior aluminio · con/sin ruedas · Olimpia,Tumbona,Olimpia,No / Tórtola / Azul marino,SV-OLIMPIA-SR-TORTOLA-AZUL-MAR,BALLIU_OLIMPIA_TUMBONA_SIN/CON_RUEDAS_*,balliu-tumbona-de-exterior-sin-ruedas-aluminio-da3f5c24,
Tumbona exterior aluminio · con/sin ruedas · Olimpia,Tumbona,Olimpia,No / Tórtola / Gris oscuro,SV-OLIMPIA-SR-TORTOLA-GRIS-OSC,BALLIU_OLIMPIA_TUMBONA_SIN/CON_RUEDAS_*,balliu-tumbona-de-exterior-sin-ruedas-aluminio-da3f5c24,
Tumbona exterior aluminio · con/sin ruedas · Olimpia,Tumbona,Olimpia,No / Tórtola / Azul acero,SV-OLIMPIA-SR-TORTOLA-AZUL-ACERO,BALLIU_OLIMPIA_TUMBONA_SIN/CON_RUEDAS_*,balliu-tumbona-de-exterior-sin-ruedas-aluminio-da3f5c24,
Tumbona exterior aluminio · con/sin ruedas · Olimpia,Tumbona,Olimpia,No / Aluminio / Azul,SV-OLIMPIA-SR-ALUMINIO-AZUL,BALLIU_OLIMPIA_TUMBONA_SIN/CON_RUEDAS_*,balliu-tumbona-de-exterior-sin-ruedas-aluminio-da3f5c24,
Tumbona exterior aluminio · con/sin ruedas · Olimpia,Tumbona,Olimpia,No / Aluminio / Amarillo,SV-OLIMPIA-SR-ALUMINIO-AMARILLO,BALLIU_OLIMPIA_TUMBONA_SIN/CON_RUEDAS_*,balliu-tumbona-de-exterior-sin-ruedas-aluminio-da3f5c24,
Tumbona exterior aluminio · con/sin ruedas · Olimpia,Tumbona,Olimpia,No / Aluminio / Naranja,SV-OLIMPIA-SR-ALUMINIO-NARANJA,BALLIU_OLIMPIA_TUMBONA_SIN/CON_RUEDAS_*,balliu-tumbona-de-exterior-sin-ruedas-aluminio-da3f5c24,
Tumbona exterior aluminio · con/sin ruedas · Olimpia,Tumbona,Olimpia,No / Aluminio / Verde claro,SV-OLIMPIA-SR-ALUMINIO-VERDE-CLARO,BALLIU_OLIMPIA_TUMBONA_SIN/CON_RUEDAS_*,balliu-tumbona-de-exterior-sin-ruedas-aluminio-da3f5c24,
Tumbona exterior aluminio · con/sin ruedas · Olimpia,Tumbona,Olimpia,No / Aluminio / Blanco,SV-OLIMPIA-SR-ALUMINIO-BLANCO,BALLIU_OLIMPIA_TUMBONA_SIN/CON_RUEDAS_*,balliu-tumbona-de-exterior-sin-ruedas-aluminio-da3f5c24,
Tumbona exterior aluminio · con/sin ruedas · Olimpia,Tumbona,Olimpia,No / Aluminio / Natural,SV-OLIMPIA-SR-ALUMINIO-NATURAL,BALLIU_OLIMPIA_TUMBONA_SIN/CON_RUEDAS_*,balliu-tumbona-de-exterior-sin-ruedas-aluminio-da3f5c24,
Tumbona exterior aluminio · con/sin ruedas · Olimpia,Tumbona,Olimpia,No / Aluminio / Capuchino,SV-OLIMPIA-SR-ALUMINIO-CAPUCHINO,BALLIU_OLIMPIA_TUMBONA_SIN/CON_RUEDAS_*,balliu-tumbona-de-exterior-sin-ruedas-aluminio-da3f5c24,
Tumbona exterior aluminio · con/sin ruedas · Olimpia,Tumbona,Olimpia,No / Aluminio / Caqui,SV-OLIMPIA-SR-ALUMINIO-CAQUI,BALLIU_OLIMPIA_TUMBONA_SIN/CON_RUEDAS_*,balliu-tumbona-de-exterior-sin-ruedas-aluminio-da3f5c24,
Tumbona exterior aluminio · con/sin ruedas · Olimpia,Tumbona,Olimpia,No / Aluminio / Marrón oscuro,SV-OLIMPIA-SR-ALUMINIO-MARRON-OSC,BALLIU_OLIMPIA_TUMBONA_SIN/CON_RUEDAS_*,balliu-tumbona-de-exterior-sin-ruedas-aluminio-da3f5c24,
Tumbona exterior aluminio · con/sin ruedas · Olimpia,Tumbona,Olimpia,No / Aluminio / Arena,SV-OLIMPIA-SR-ALUMINIO-ARENA,BALLIU_OLIMPIA_TUMBONA_SIN/CON_RUEDAS_*,balliu-tumbona-de-exterior-sin-ruedas-aluminio-da3f5c24,
Tumbona exterior aluminio · con/sin ruedas · Olimpia,Tumbona,Olimpia,No / Aluminio / Verde oscuro,SV-OLIMPIA-SR-ALUMINIO-VERDE-OSC,BALLIU_OLIMPIA_TUMBONA_SIN/CON_RUEDAS_*,balliu-tumbona-de-exterior-sin-ruedas-aluminio-da3f5c24,
Tumbona exterior aluminio · con/sin ruedas · Olimpia,Tumbona,Olimpia,No / Aluminio / Azul celeste,SV-OLIMPIA-SR-ALUMINIO-AZUL-CEL,BALLIU_OLIMPIA_TUMBONA_SIN/CON_RUEDAS_*,balliu-tumbona-de-exterior-sin-ruedas-aluminio-da3f5c24,
Tumbona exterior aluminio · con/sin ruedas · Olimpia,Tumbona,Olimpia,No / Aluminio / Ceniza,SV-OLIMPIA-SR-ALUMINIO-CENIZA,BALLIU_OLIMPIA_TUMBONA_SIN/CON_RUEDAS_*,balliu-tumbona-de-exterior-sin-ruedas-aluminio-da3f5c24,
Tumbona exterior aluminio · con/sin ruedas · Olimpia,Tumbona,Olimpia,No / Aluminio / Azul marino,SV-OLIMPIA-SR-ALUMINIO-AZUL-MAR,BALLIU_OLIMPIA_TUMBONA_SIN/CON_RUEDAS_*,balliu-tumbona-de-exterior-sin-ruedas-aluminio-da3f5c24,
Tumbona exterior aluminio · con/sin ruedas · Olimpia,Tumbona,Olimpia,No / Aluminio / Gris oscuro,SV-OLIMPIA-SR-ALUMINIO-GRIS-OSC,BALLIU_OLIMPIA_TUMBONA_SIN/CON_RUEDAS_*,balliu-tumbona-de-exterior-sin-ruedas-aluminio-da3f5c24,
Tumbona exterior aluminio · con/sin ruedas · Olimpia,Tumbona,Olimpia,No / Aluminio / Azul acero,SV-OLIMPIA-SR-ALUMINIO-AZUL-ACERO,BALLIU_OLIMPIA_TUMBONA_SIN/CON_RUEDAS_*,balliu-tumbona-de-exterior-sin-ruedas-aluminio-da3f5c24,
Tumbona exterior aluminio · con/sin ruedas · Olimpia,Tumbona,Olimpia,Sí / Blanco / Azul,SV-OLIMPIA-R-BLANCO-AZUL,BALLIU_OLIMPIA_TUMBONA_SIN/CON_RUEDAS_*,balliu-tumbona-de-exterior-sin-ruedas-aluminio-da3f5c24,
Tumbona exterior aluminio · con/sin ruedas · Olimpia,Tumbona,Olimpia,Sí / Blanco / Amarillo,SV-OLIMPIA-R-BLANCO-AMARILLO,BALLIU_OLIMPIA_TUMBONA_SIN/CON_RUEDAS_*,balliu-tumbona-de-exterior-sin-ruedas-aluminio-da3f5c24,
Tumbona exterior aluminio · con/sin ruedas · Olimpia,Tumbona,Olimpia,Sí / Blanco / Naranja,SV-OLIMPIA-R-BLANCO-NARANJA,BALLIU_OLIMPIA_TUMBONA_SIN/CON_RUEDAS_*,balliu-tumbona-de-exterior-sin-ruedas-aluminio-da3f5c24,
Tumbona exterior aluminio · con/sin ruedas · Olimpia,Tumbona,Olimpia,Sí / Blanco / Verde claro,SV-OLIMPIA-R-BLANCO-VERDE-CLARO,BALLIU_OLIMPIA_TUMBONA_SIN/CON_RUEDAS_*,balliu-tumbona-de-exterior-sin-ruedas-aluminio-da3f5c24,
Tumbona exterior aluminio · con/sin ruedas · Olimpia,Tumbona,Olimpia,Sí / Blanco / Blanco,SV-OLIMPIA-R-BLANCO-BLANCO,BALLIU_OLIMPIA_TUMBONA_SIN/CON_RUEDAS_*,balliu-tumbona-de-exterior-sin-ruedas-aluminio-da3f5c24,
Tumbona exterior aluminio · con/sin ruedas · Olimpia,Tumbona,Olimpia,Sí / Blanco / Natural,SV-OLIMPIA-R-BLANCO-NATURAL,BALLIU_OLIMPIA_TUMBONA_SIN/CON_RUEDAS_*,balliu-tumbona-de-exterior-sin-ruedas-aluminio-da3f5c24,
Tumbona exterior aluminio · con/sin ruedas · Olimpia,Tumbona,Olimpia,Sí / Blanco / Capuchino,SV-OLIMPIA-R-BLANCO-CAPUCHINO,BALLIU_OLIMPIA_TUMBONA_SIN/CON_RUEDAS_*,balliu-tumbona-de-exterior-sin-ruedas-aluminio-da3f5c24,
Tumbona exterior aluminio · con/sin ruedas · Olimpia,Tumbona,Olimpia,Sí / Blanco / Caqui,SV-OLIMPIA-R-BLANCO-CAQUI,BALLIU_OLIMPIA_TUMBONA_SIN/CON_RUEDAS_*,balliu-tumbona-de-exterior-sin-ruedas-aluminio-da3f5c24,
Tumbona exterior aluminio · con/sin ruedas · Olimpia,Tumbona,Olimpia,Sí / Blanco / Marrón oscuro,SV-OLIMPIA-R-BLANCO-MARRON-OSC,BALLIU_OLIMPIA_TUMBONA_SIN/CON_RUEDAS_*,balliu-tumbona-de-exterior-sin-ruedas-aluminio-da3f5c24,
Tumbona exterior aluminio · con/sin ruedas · Olimpia,Tumbona,Olimpia,Sí / Blanco / Arena,SV-OLIMPIA-R-BLANCO-ARENA,BALLIU_OLIMPIA_TUMBONA_SIN/CON_RUEDAS_*,balliu-tumbona-de-exterior-sin-ruedas-aluminio-da3f5c24,
Tumbona exterior aluminio · con/sin ruedas · Olimpia,Tumbona,Olimpia,Sí / Blanco / Verde oscuro,SV-OLIMPIA-R-BLANCO-VERDE-OSC,BALLIU_OLIMPIA_TUMBONA_SIN/CON_RUEDAS_*,balliu-tumbona-de-exterior-sin-ruedas-aluminio-da3f5c24,
Tumbona exterior aluminio · con/sin ruedas · Olimpia,Tumbona,Olimpia,Sí / Blanco / Azul celeste,SV-OLIMPIA-R-BLANCO-AZUL-CEL,BALLIU_OLIMPIA_TUMBONA_SIN/CON_RUEDAS_*,balliu-tumbona-de-exterior-sin-ruedas-aluminio-da3f5c24,
Tumbona exterior aluminio · con/sin ruedas · Olimpia,Tumbona,Olimpia,Sí / Blanco / Ceniza,SV-OLIMPIA-R-BLANCO-CENIZA,BALLIU_OLIMPIA_TUMBONA_SIN/CON_RUEDAS_*,balliu-tumbona-de-exterior-sin-ruedas-aluminio-da3f5c24,
Tumbona exterior aluminio · con/sin ruedas · Olimpia,Tumbona,Olimpia,Sí / Blanco / Azul marino,SV-OLIMPIA-R-BLANCO-AZUL-MAR,BALLIU_OLIMPIA_TUMBONA_SIN/CON_RUEDAS_*,balliu-tumbona-de-exterior-sin-ruedas-aluminio-da3f5c24,
Tumbona exterior aluminio · con/sin ruedas · Olimpia,Tumbona,Olimpia,Sí / Blanco / Gris oscuro,SV-OLIMPIA-R-BLANCO-GRIS-OSC,BALLIU_OLIMPIA_TUMBONA_SIN/CON_RUEDAS_*,balliu-tumbona-de-exterior-sin-ruedas-aluminio-da3f5c24,
Tumbona exterior aluminio · con/sin ruedas · Olimpia,Tumbona,Olimpia,Sí / Blanco / Azul acero,SV-OLIMPIA-R-BLANCO-AZUL-ACERO,BALLIU_OLIMPIA_TUMBONA_SIN/CON_RUEDAS_*,balliu-tumbona-de-exterior-sin-ruedas-aluminio-da3f5c24,
Tumbona exterior aluminio · con/sin ruedas · Olimpia,Tumbona,Olimpia,Sí / Tórtola / Azul,SV-OLIMPIA-R-TORTOLA-AZUL,BALLIU_OLIMPIA_TUMBONA_SIN/CON_RUEDAS_*,balliu-tumbona-de-exterior-sin-ruedas-aluminio-da3f5c24,
Tumbona exterior aluminio · con/sin ruedas · Olimpia,Tumbona,Olimpia,Sí / Tórtola / Amarillo,SV-OLIMPIA-R-TORTOLA-AMARILLO,BALLIU_OLIMPIA_TUMBONA_SIN/CON_RUEDAS_*,balliu-tumbona-de-exterior-sin-ruedas-aluminio-da3f5c24,
Tumbona exterior aluminio · con/sin ruedas · Olimpia,Tumbona,Olimpia,Sí / Tórtola / Naranja,SV-OLIMPIA-R-TORTOLA-NARANJA,BALLIU_OLIMPIA_TUMBONA_SIN/CON_RUEDAS_*,balliu-tumbona-de-exterior-sin-ruedas-aluminio-da3f5c24,
Tumbona exterior aluminio · con/sin ruedas · Olimpia,Tumbona,Olimpia,Sí / Tórtola / Verde claro,SV-OLIMPIA-R-TORTOLA-VERDE-CLARO,BALLIU_OLIMPIA_TUMBONA_SIN/CON_RUEDAS_*,balliu-tumbona-de-exterior-sin-ruedas-aluminio-da3f5c24,
Tumbona exterior aluminio · con/sin ruedas · Olimpia,Tumbona,Olimpia,Sí / Tórtola / Blanco,SV-OLIMPIA-R-TORTOLA-BLANCO,BALLIU_OLIMPIA_TUMBONA_SIN/CON_RUEDAS_*,balliu-tumbona-de-exterior-sin-ruedas-aluminio-da3f5c24,
Tumbona exterior aluminio · con/sin ruedas · Olimpia,Tumbona,Olimpia,Sí / Tórtola / Natural,SV-OLIMPIA-R-TORTOLA-NATURAL,BALLIU_OLIMPIA_TUMBONA_SIN/CON_RUEDAS_*,balliu-tumbona-de-exterior-sin-ruedas-aluminio-da3f5c24,
Tumbona exterior aluminio · con/sin ruedas · Olimpia,Tumbona,Olimpia,Sí / Tórtola / Capuchino,SV-OLIMPIA-R-TORTOLA-CAPUCHINO,BALLIU_OLIMPIA_TUMBONA_SIN/CON_RUEDAS_*,balliu-tumbona-de-exterior-sin-ruedas-aluminio-da3f5c24,
Tumbona exterior aluminio · con/sin ruedas · Olimpia,Tumbona,Olimpia,Sí / Tórtola / Caqui,SV-OLIMPIA-R-TORTOLA-CAQUI,BALLIU_OLIMPIA_TUMBONA_SIN/CON_RUEDAS_*,balliu-tumbona-de-exterior-sin-ruedas-aluminio-da3f5c24,
Tumbona exterior aluminio · con/sin ruedas · Olimpia,Tumbona,Olimpia,Sí / Tórtola / Marrón oscuro,SV-OLIMPIA-R-TORTOLA-MARRON-OSC,BALLIU_OLIMPIA_TUMBONA_SIN/CON_RUEDAS_*,balliu-tumbona-de-exterior-sin-ruedas-aluminio-da3f5c24,
Tumbona exterior aluminio · con/sin ruedas · Olimpia,Tumbona,Olimpia,Sí / Tórtola / Arena,SV-OLIMPIA-R-TORTOLA-ARENA,BALLIU_OLIMPIA_TUMBONA_SIN/CON_RUEDAS_*,balliu-tumbona-de-exterior-sin-ruedas-aluminio-da3f5c24,
Tumbona exterior aluminio · con/sin ruedas · Olimpia,Tumbona,Olimpia,Sí / Tórtola / Verde oscuro,SV-OLIMPIA-R-TORTOLA-VERDE-OSC,BALLIU_OLIMPIA_TUMBONA_SIN/CON_RUEDAS_*,balliu-tumbona-de-exterior-sin-ruedas-aluminio-da3f5c24,
Tumbona exterior aluminio · con/sin ruedas · Olimpia,Tumbona,Olimpia,Sí / Tórtola / Azul celeste,SV-OLIMPIA-R-TORTOLA-AZUL-CEL,BALLIU_OLIMPIA_TUMBONA_SIN/CON_RUEDAS_*,balliu-tumbona-de-exterior-sin-ruedas-aluminio-da3f5c24,
Tumbona exterior aluminio · con/sin ruedas · Olimpia,Tumbona,Olimpia,Sí / Tórtola / Ceniza,SV-OLIMPIA-R-TORTOLA-CENIZA,BALLIU_OLIMPIA_TUMBONA_SIN/CON_RUEDAS_*,balliu-tumbona-de-exterior-sin-ruedas-aluminio-da3f5c24,
Tumbona exterior aluminio · con/sin ruedas · Olimpia,Tumbona,Olimpia,Sí / Tórtola / Azul marino,SV-OLIMPIA-R-TORTOLA-AZUL-MAR,BALLIU_OLIMPIA_TUMBONA_SIN/CON_RUEDAS_*,balliu-tumbona-de-exterior-sin-ruedas-aluminio-da3f5c24,
Tumbona exterior aluminio · con/sin ruedas · Olimpia,Tumbona,Olimpia,Sí / Tórtola / Gris oscuro,SV-OLIMPIA-R-TORTOLA-GRIS-OSC,BALLIU_OLIMPIA_TUMBONA_SIN/CON_RUEDAS_*,balliu-tumbona-de-exterior-sin-ruedas-aluminio-da3f5c24,
Tumbona exterior aluminio · con/sin ruedas · Olimpia,Tumbona,Olimpia,Sí / Tórtola / Azul acero,SV-OLIMPIA-R-TORTOLA-AZUL-ACERO,BALLIU_OLIMPIA_TUMBONA_SIN/CON_RUEDAS_*,balliu-tumbona-de-exterior-sin-ruedas-aluminio-da3f5c24,
Tumbona exterior aluminio · con/sin ruedas · Olimpia,Tumbona,Olimpia,Sí / Aluminio / Azul,SV-OLIMPIA-R-ALUMINIO-AZUL,BALLIU_OLIMPIA_TUMBONA_SIN/CON_RUEDAS_*,balliu-tumbona-de-exterior-sin-ruedas-aluminio-da3f5c24,
Tumbona exterior aluminio · con/sin ruedas · Olimpia,Tumbona,Olimpia,Sí / Aluminio / Amarillo,SV-OLIMPIA-R-ALUMINIO-AMARILLO,BALLIU_OLIMPIA_TUMBONA_SIN/CON_RUEDAS_*,balliu-tumbona-de-exterior-sin-ruedas-aluminio-da3f5c24,
Tumbona exterior aluminio · con/sin ruedas · Olimpia,Tumbona,Olimpia,Sí / Aluminio / Naranja,SV-OLIMPIA-R-ALUMINIO-NARANJA,BALLIU_OLIMPIA_TUMBONA_SIN/CON_RUEDAS_*,balliu-tumbona-de-exterior-sin-ruedas-aluminio-da3f5c24,
Tumbona exterior aluminio · con/sin ruedas · Olimpia,Tumbona,Olimpia,Sí / Aluminio / Verde claro,SV-OLIMPIA-R-ALUMINIO-VERDE-CLARO,BALLIU_OLIMPIA_TUMBONA_SIN/CON_RUEDAS_*,balliu-tumbona-de-exterior-sin-ruedas-aluminio-da3f5c24,
Tumbona exterior aluminio · con/sin ruedas · Olimpia,Tumbona,Olimpia,Sí / Aluminio / Blanco,SV-OLIMPIA-R-ALUMINIO-BLANCO,BALLIU_OLIMPIA_TUMBONA_SIN/CON_RUEDAS_*,balliu-tumbona-de-exterior-sin-ruedas-aluminio-da3f5c24,
Tumbona exterior aluminio · con/sin ruedas · Olimpia,Tumbona,Olimpia,Sí / Aluminio / Natural,SV-OLIMPIA-R-ALUMINIO-NATURAL,BALLIU_OLIMPIA_TUMBONA_SIN/CON_RUEDAS_*,balliu-tumbona-de-exterior-sin-ruedas-aluminio-da3f5c24,
Tumbona exterior aluminio · con/sin ruedas · Olimpia,Tumbona,Olimpia,Sí / Aluminio / Capuchino,SV-OLIMPIA-R-ALUMINIO-CAPUCHINO,BALLIU_OLIMPIA_TUMBONA_SIN/CON_RUEDAS_*,balliu-tumbona-de-exterior-sin-ruedas-aluminio-da3f5c24,
Tumbona exterior aluminio · con/sin ruedas · Olimpia,Tumbona,Olimpia,Sí / Aluminio / Caqui,SV-OLIMPIA-R-ALUMINIO-CAQUI,BALLIU_OLIMPIA_TUMBONA_SIN/CON_RUEDAS_*,balliu-tumbona-de-exterior-sin-ruedas-aluminio-da3f5c24,
Tumbona exterior aluminio · con/sin ruedas · Olimpia,Tumbona,Olimpia,Sí / Aluminio / Marrón oscuro,SV-OLIMPIA-R-ALUMINIO-MARRON-OSC,BALLIU_OLIMPIA_TUMBONA_SIN/CON_RUEDAS_*,balliu-tumbona-de-exterior-sin-ruedas-aluminio-da3f5c24,
Tumbona exterior aluminio · con/sin ruedas · Olimpia,Tumbona,Olimpia,Sí / Aluminio / Arena,SV-OLIMPIA-R-ALUMINIO-ARENA,BALLIU_OLIMPIA_TUMBONA_SIN/CON_RUEDAS_*,balliu-tumbona-de-exterior-sin-ruedas-aluminio-da3f5c24,
Tumbona exterior aluminio · con/sin ruedas · Olimpia,Tumbona,Olimpia,Sí / Aluminio / Verde oscuro,SV-OLIMPIA-R-ALUMINIO-VERDE-OSC,BALLIU_OLIMPIA_TUMBONA_SIN/CON_RUEDAS_*,balliu-tumbona-de-exterior-sin-ruedas-aluminio-da3f5c24,
Tumbona exterior aluminio · con/sin ruedas · Olimpia,Tumbona,Olimpia,Sí / Aluminio / Azul celeste,SV-OLIMPIA-R-ALUMINIO-AZUL-CEL,BALLIU_OLIMPIA_TUMBONA_SIN/CON_RUEDAS_*,balliu-tumbona-de-exterior-sin-ruedas-aluminio-da3f5c24,
Tumbona exterior aluminio · con/sin ruedas · Olimpia,Tumbona,Olimpia,Sí / Aluminio / Ceniza,SV-OLIMPIA-R-ALUMINIO-CENIZA,BALLIU_OLIMPIA_TUMBONA_SIN/CON_RUEDAS_*,balliu-tumbona-de-exterior-sin-ruedas-aluminio-da3f5c24,
Tumbona exterior aluminio · con/sin ruedas · Olimpia,Tumbona,Olimpia,Sí / Aluminio / Azul marino,SV-OLIMPIA-R-ALUMINIO-AZUL-MAR,BALLIU_OLIMPIA_TUMBONA_SIN/CON_RUEDAS_*,balliu-tumbona-de-exterior-sin-ruedas-aluminio-da3f5c24,
Tumbona exterior aluminio · con/sin ruedas · Olimpia,Tumbona,Olimpia,Sí / Aluminio / Gris oscuro,SV-OLIMPIA-R-ALUMINIO-GRIS-OSC,BALLIU_OLIMPIA_TUMBONA_SIN/CON_RUEDAS_*,balliu-tumbona-de-exterior-sin-ruedas-aluminio-da3f5c24,
Tumbona exterior aluminio · con/sin ruedas · Olimpia,Tumbona,Olimpia,Sí / Aluminio / Azul acero,SV-OLIMPIA-R-ALUMINIO-AZUL-ACERO,BALLIU_OLIMPIA_TUMBONA_SIN/CON_RUEDAS_*,balliu-tumbona-de-exterior-sin-ruedas-aluminio-da3f5c24,
Tumbona exterior aluminio · Etna,Tumbona,Etna,No / Blanco / Azul,SV-ETNA-SR-BLANCO-AZUL,BALLIU_ETNA_TUMBONA_TELA_BALLIU_36870D09 + CON,balliu-tumbona-de-exterior-aluminio-36870d09,
Tumbona exterior aluminio · Etna,Tumbona,Etna,No / Blanco / Amarillo,SV-ETNA-SR-BLANCO-AMARILLO,BALLIU_ETNA_TUMBONA_TELA_BALLIU_36870D09 + CON,balliu-tumbona-de-exterior-aluminio-36870d09,
Tumbona exterior aluminio · Etna,Tumbona,Etna,No / Blanco / Naranja,SV-ETNA-SR-BLANCO-NARANJA,BALLIU_ETNA_TUMBONA_TELA_BALLIU_36870D09 + CON,balliu-tumbona-de-exterior-aluminio-36870d09,
Tumbona exterior aluminio · Etna,Tumbona,Etna,No / Blanco / Verde claro,SV-ETNA-SR-BLANCO-VERDE-CLARO,BALLIU_ETNA_TUMBONA_TELA_BALLIU_36870D09 + CON,balliu-tumbona-de-exterior-aluminio-36870d09,
Tumbona exterior aluminio · Etna,Tumbona,Etna,No / Blanco / Blanco,SV-ETNA-SR-BLANCO-BLANCO,BALLIU_ETNA_TUMBONA_TELA_BALLIU_36870D09 + CON,balliu-tumbona-de-exterior-aluminio-36870d09,
Tumbona exterior aluminio · Etna,Tumbona,Etna,No / Blanco / Natural,SV-ETNA-SR-BLANCO-NATURAL,BALLIU_ETNA_TUMBONA_TELA_BALLIU_36870D09 + CON,balliu-tumbona-de-exterior-aluminio-36870d09,
Tumbona exterior aluminio · Etna,Tumbona,Etna,No / Blanco / Capuchino,SV-ETNA-SR-BLANCO-CAPUCHINO,BALLIU_ETNA_TUMBONA_TELA_BALLIU_36870D09 + CON,balliu-tumbona-de-exterior-aluminio-36870d09,
Tumbona exterior aluminio · Etna,Tumbona,Etna,No / Blanco / Caqui,SV-ETNA-SR-BLANCO-CAQUI,BALLIU_ETNA_TUMBONA_TELA_BALLIU_36870D09 + CON,balliu-tumbona-de-exterior-aluminio-36870d09,
Tumbona exterior aluminio · Etna,Tumbona,Etna,No / Blanco / Marrón oscuro,SV-ETNA-SR-BLANCO-MARRON-OSC,BALLIU_ETNA_TUMBONA_TELA_BALLIU_36870D09 + CON,balliu-tumbona-de-exterior-aluminio-36870d09,
Tumbona exterior aluminio · Etna,Tumbona,Etna,No / Blanco / Arena,SV-ETNA-SR-BLANCO-ARENA,BALLIU_ETNA_TUMBONA_TELA_BALLIU_36870D09 + CON,balliu-tumbona-de-exterior-aluminio-36870d09,
Tumbona exterior aluminio · Etna,Tumbona,Etna,No / Blanco / Verde oscuro,SV-ETNA-SR-BLANCO-VERDE-OSC,BALLIU_ETNA_TUMBONA_TELA_BALLIU_36870D09 + CON,balliu-tumbona-de-exterior-aluminio-36870d09,
Tumbona exterior aluminio · Etna,Tumbona,Etna,No / Blanco / Azul celeste,SV-ETNA-SR-BLANCO-AZUL-CEL,BALLIU_ETNA_TUMBONA_TELA_BALLIU_36870D09 + CON,balliu-tumbona-de-exterior-aluminio-36870d09,
Tumbona exterior aluminio · Etna,Tumbona,Etna,No / Blanco / Ceniza,SV-ETNA-SR-BLANCO-CENIZA,BALLIU_ETNA_TUMBONA_TELA_BALLIU_36870D09 + CON,balliu-tumbona-de-exterior-aluminio-36870d09,
Tumbona exterior aluminio · Etna,Tumbona,Etna,No / Blanco / Azul marino,SV-ETNA-SR-BLANCO-AZUL-MAR,BALLIU_ETNA_TUMBONA_TELA_BALLIU_36870D09 + CON,balliu-tumbona-de-exterior-aluminio-36870d09,
Tumbona exterior aluminio · Etna,Tumbona,Etna,No / Blanco / Gris oscuro,SV-ETNA-SR-BLANCO-GRIS-OSC,BALLIU_ETNA_TUMBONA_TELA_BALLIU_36870D09 + CON,balliu-tumbona-de-exterior-aluminio-36870d09,
Tumbona exterior aluminio · Etna,Tumbona,Etna,No / Blanco / Azul acero,SV-ETNA-SR-BLANCO-AZUL-ACERO,BALLIU_ETNA_TUMBONA_TELA_BALLIU_36870D09 + CON,balliu-tumbona-de-exterior-aluminio-36870d09,
Tumbona exterior aluminio · Etna,Tumbona,Etna,No / Tórtola / Azul,SV-ETNA-SR-TORTOLA-AZUL,BALLIU_ETNA_TUMBONA_TELA_BALLIU_36870D09 + CON,balliu-tumbona-de-exterior-aluminio-36870d09,
Tumbona exterior aluminio · Etna,Tumbona,Etna,No / Tórtola / Amarillo,SV-ETNA-SR-TORTOLA-AMARILLO,BALLIU_ETNA_TUMBONA_TELA_BALLIU_36870D09 + CON,balliu-tumbona-de-exterior-aluminio-36870d09,
Tumbona exterior aluminio · Etna,Tumbona,Etna,No / Tórtola / Naranja,SV-ETNA-SR-TORTOLA-NARANJA,BALLIU_ETNA_TUMBONA_TELA_BALLIU_36870D09 + CON,balliu-tumbona-de-exterior-aluminio-36870d09,
Tumbona exterior aluminio · Etna,Tumbona,Etna,No / Tórtola / Verde claro,SV-ETNA-SR-TORTOLA-VERDE-CLARO,BALLIU_ETNA_TUMBONA_TELA_BALLIU_36870D09 + CON,balliu-tumbona-de-exterior-aluminio-36870d09,
Tumbona exterior aluminio · Etna,Tumbona,Etna,No / Tórtola / Blanco,SV-ETNA-SR-TORTOLA-BLANCO,BALLIU_ETNA_TUMBONA_TELA_BALLIU_36870D09 + CON,balliu-tumbona-de-exterior-aluminio-36870d09,
Tumbona exterior aluminio · Etna,Tumbona,Etna,No / Tórtola / Natural,SV-ETNA-SR-TORTOLA-NATURAL,BALLIU_ETNA_TUMBONA_TELA_BALLIU_36870D09 + CON,balliu-tumbona-de-exterior-aluminio-36870d09,
Tumbona exterior aluminio · Etna,Tumbona,Etna,No / Tórtola / Capuchino,SV-ETNA-SR-TORTOLA-CAPUCHINO,BALLIU_ETNA_TUMBONA_TELA_BALLIU_36870D09 + CON,balliu-tumbona-de-exterior-aluminio-36870d09,
Tumbona exterior aluminio · Etna,Tumbona,Etna,No / Tórtola / Caqui,SV-ETNA-SR-TORTOLA-CAQUI,BALLIU_ETNA_TUMBONA_TELA_BALLIU_36870D09 + CON,balliu-tumbona-de-exterior-aluminio-36870d09,
Tumbona exterior aluminio · Etna,Tumbona,Etna,No / Tórtola / Marrón oscuro,SV-ETNA-SR-TORTOLA-MARRON-OSC,BALLIU_ETNA_TUMBONA_TELA_BALLIU_36870D09 + CON,balliu-tumbona-de-exterior-aluminio-36870d09,
Tumbona exterior aluminio · Etna,Tumbona,Etna,No / Tórtola / Arena,SV-ETNA-SR-TORTOLA-ARENA,BALLIU_ETNA_TUMBONA_TELA_BALLIU_36870D09 + CON,balliu-tumbona-de-exterior-aluminio-36870d09,
Tumbona exterior aluminio · Etna,Tumbona,Etna,No / Tórtola / Verde oscuro,SV-ETNA-SR-TORTOLA-VERDE-OSC,BALLIU_ETNA_TUMBONA_TELA_BALLIU_36870D09 + CON,balliu-tumbona-de-exterior-aluminio-36870d09,
Tumbona exterior aluminio · Etna,Tumbona,Etna,No / Tórtola / Azul celeste,SV-ETNA-SR-TORTOLA-AZUL-CEL,BALLIU_ETNA_TUMBONA_TELA_BALLIU_36870D09 + CON,balliu-tumbona-de-exterior-aluminio-36870d09,
Tumbona exterior aluminio · Etna,Tumbona,Etna,No / Tórtola / Ceniza,SV-ETNA-SR-TORTOLA-CENIZA,BALLIU_ETNA_TUMBONA_TELA_BALLIU_36870D09 + CON,balliu-tumbona-de-exterior-aluminio-36870d09,
Tumbona exterior aluminio · Etna,Tumbona,Etna,No / Tórtola / Azul marino,SV-ETNA-SR-TORTOLA-AZUL-MAR,BALLIU_ETNA_TUMBONA_TELA_BALLIU_36870D09 + CON,balliu-tumbona-de-exterior-aluminio-36870d09,
Tumbona exterior aluminio · Etna,Tumbona,Etna,No / Tórtola / Gris oscuro,SV-ETNA-SR-TORTOLA-GRIS-OSC,BALLIU_ETNA_TUMBONA_TELA_BALLIU_36870D09 + CON,balliu-tumbona-de-exterior-aluminio-36870d09,
Tumbona exterior aluminio · Etna,Tumbona,Etna,No / Tórtola / Azul acero,SV-ETNA-SR-TORTOLA-AZUL-ACERO,BALLIU_ETNA_TUMBONA_TELA_BALLIU_36870D09 + CON,balliu-tumbona-de-exterior-aluminio-36870d09,
Tumbona exterior aluminio · Etna,Tumbona,Etna,No / Aluminio / Azul,SV-ETNA-SR-ALUMINIO-AZUL,BALLIU_ETNA_TUMBONA_TELA_BALLIU_36870D09 + CON,balliu-tumbona-de-exterior-aluminio-36870d09,
Tumbona exterior aluminio · Etna,Tumbona,Etna,No / Aluminio / Amarillo,SV-ETNA-SR-ALUMINIO-AMARILLO,BALLIU_ETNA_TUMBONA_TELA_BALLIU_36870D09 + CON,balliu-tumbona-de-exterior-aluminio-36870d09,
Tumbona exterior aluminio · Etna,Tumbona,Etna,No / Aluminio / Naranja,SV-ETNA-SR-ALUMINIO-NARANJA,BALLIU_ETNA_TUMBONA_TELA_BALLIU_36870D09 + CON,balliu-tumbona-de-exterior-aluminio-36870d09,
Tumbona exterior aluminio · Etna,Tumbona,Etna,No / Aluminio / Verde claro,SV-ETNA-SR-ALUMINIO-VERDE-CLARO,BALLIU_ETNA_TUMBONA_TELA_BALLIU_36870D09 + CON,balliu-tumbona-de-exterior-aluminio-36870d09,
Tumbona exterior aluminio · Etna,Tumbona,Etna,No / Aluminio / Blanco,SV-ETNA-SR-ALUMINIO-BLANCO,BALLIU_ETNA_TUMBONA_TELA_BALLIU_36870D09 + CON,balliu-tumbona-de-exterior-aluminio-36870d09,
Tumbona exterior aluminio · Etna,Tumbona,Etna,No / Aluminio / Natural,SV-ETNA-SR-ALUMINIO-NATURAL,BALLIU_ETNA_TUMBONA_TELA_BALLIU_36870D09 + CON,balliu-tumbona-de-exterior-aluminio-36870d09,
Tumbona exterior aluminio · Etna,Tumbona,Etna,No / Aluminio / Capuchino,SV-ETNA-SR-ALUMINIO-CAPUCHINO,BALLIU_ETNA_TUMBONA_TELA_BALLIU_36870D09 + CON,balliu-tumbona-de-exterior-aluminio-36870d09,
Tumbona exterior aluminio · Etna,Tumbona,Etna,No / Aluminio / Caqui,SV-ETNA-SR-ALUMINIO-CAQUI,BALLIU_ETNA_TUMBONA_TELA_BALLIU_36870D09 + CON,balliu-tumbona-de-exterior-aluminio-36870d09,
Tumbona exterior aluminio · Etna,Tumbona,Etna,No / Aluminio / Marrón oscuro,SV-ETNA-SR-ALUMINIO-MARRON-OSC,BALLIU_ETNA_TUMBONA_TELA_BALLIU_36870D09 + CON,balliu-tumbona-de-exterior-aluminio-36870d09,
Tumbona exterior aluminio · Etna,Tumbona,Etna,No / Aluminio / Arena,SV-ETNA-SR-ALUMINIO-ARENA,BALLIU_ETNA_TUMBONA_TELA_BALLIU_36870D09 + CON,balliu-tumbona-de-exterior-aluminio-36870d09,
Tumbona exterior aluminio · Etna,Tumbona,Etna,No / Aluminio / Verde oscuro,SV-ETNA-SR-ALUMINIO-VERDE-OSC,BALLIU_ETNA_TUMBONA_TELA_BALLIU_36870D09 + CON,balliu-tumbona-de-exterior-aluminio-36870d09,
Tumbona exterior aluminio · Etna,Tumbona,Etna,No / Aluminio / Azul celeste,SV-ETNA-SR-ALUMINIO-AZUL-CEL,BALLIU_ETNA_TUMBONA_TELA_BALLIU_36870D09 + CON,balliu-tumbona-de-exterior-aluminio-36870d09,
Tumbona exterior aluminio · Etna,Tumbona,Etna,No / Aluminio / Ceniza,SV-ETNA-SR-ALUMINIO-CENIZA,BALLIU_ETNA_TUMBONA_TELA_BALLIU_36870D09 + CON,balliu-tumbona-de-exterior-aluminio-36870d09,
Tumbona exterior aluminio · Etna,Tumbona,Etna,No / Aluminio / Azul marino,SV-ETNA-SR-ALUMINIO-AZUL-MAR,BALLIU_ETNA_TUMBONA_TELA_BALLIU_36870D09 + CON,balliu-tumbona-de-exterior-aluminio-36870d09,
Tumbona exterior aluminio · Etna,Tumbona,Etna,No / Aluminio / Gris oscuro,SV-ETNA-SR-ALUMINIO-GRIS-OSC,BALLIU_ETNA_TUMBONA_TELA_BALLIU_36870D09 + CON,balliu-tumbona-de-exterior-aluminio-36870d09,
Tumbona exterior aluminio · Etna,Tumbona,Etna,No / Aluminio / Azul acero,SV-ETNA-SR-ALUMINIO-AZUL-ACERO,BALLIU_ETNA_TUMBONA_TELA_BALLIU_36870D09 + CON,balliu-tumbona-de-exterior-aluminio-36870d09,
Tumbona exterior aluminio · Etna,Tumbona,Etna,Sí / Blanco / Azul,SV-ETNA-R-BLANCO-AZUL,BALLIU_ETNA_TUMBONA_TELA_BALLIU_36870D09 + CON,balliu-tumbona-de-exterior-aluminio-36870d09,
Tumbona exterior aluminio · Etna,Tumbona,Etna,Sí / Blanco / Amarillo,SV-ETNA-R-BLANCO-AMARILLO,BALLIU_ETNA_TUMBONA_TELA_BALLIU_36870D09 + CON,balliu-tumbona-de-exterior-aluminio-36870d09,
Tumbona exterior aluminio · Etna,Tumbona,Etna,Sí / Blanco / Naranja,SV-ETNA-R-BLANCO-NARANJA,BALLIU_ETNA_TUMBONA_TELA_BALLIU_36870D09 + CON,balliu-tumbona-de-exterior-aluminio-36870d09,
Tumbona exterior aluminio · Etna,Tumbona,Etna,Sí / Blanco / Verde claro,SV-ETNA-R-BLANCO-VERDE-CLARO,BALLIU_ETNA_TUMBONA_TELA_BALLIU_36870D09 + CON,balliu-tumbona-de-exterior-aluminio-36870d09,
Tumbona exterior aluminio · Etna,Tumbona,Etna,Sí / Blanco / Blanco,SV-ETNA-R-BLANCO-BLANCO,BALLIU_ETNA_TUMBONA_TELA_BALLIU_36870D09 + CON,balliu-tumbona-de-exterior-aluminio-36870d09,
Tumbona exterior aluminio · Etna,Tumbona,Etna,Sí / Blanco / Natural,SV-ETNA-R-BLANCO-NATURAL,BALLIU_ETNA_TUMBONA_TELA_BALLIU_36870D09 + CON,balliu-tumbona-de-exterior-aluminio-36870d09,
Tumbona exterior aluminio · Etna,Tumbona,Etna,Sí / Blanco / Capuchino,SV-ETNA-R-BLANCO-CAPUCHINO,BALLIU_ETNA_TUMBONA_TELA_BALLIU_36870D09 + CON,balliu-tumbona-de-exterior-aluminio-36870d09,
Tumbona exterior aluminio · Etna,Tumbona,Etna,Sí / Blanco / Caqui,SV-ETNA-R-BLANCO-CAQUI,BALLIU_ETNA_TUMBONA_TELA_BALLIU_36870D09 + CON,balliu-tumbona-de-exterior-aluminio-36870d09,
Tumbona exterior aluminio · Etna,Tumbona,Etna,Sí / Blanco / Marrón oscuro,SV-ETNA-R-BLANCO-MARRON-OSC,BALLIU_ETNA_TUMBONA_TELA_BALLIU_36870D09 + CON,balliu-tumbona-de-exterior-aluminio-36870d09,
Tumbona exterior aluminio · Etna,Tumbona,Etna,Sí / Blanco / Arena,SV-ETNA-R-BLANCO-ARENA,BALLIU_ETNA_TUMBONA_TELA_BALLIU_36870D09 + CON,balliu-tumbona-de-exterior-aluminio-36870d09,
Tumbona exterior aluminio · Etna,Tumbona,Etna,Sí / Blanco / Verde oscuro,SV-ETNA-R-BLANCO-VERDE-OSC,BALLIU_ETNA_TUMBONA_TELA_BALLIU_36870D09 + CON,balliu-tumbona-de-exterior-aluminio-36870d09,
Tumbona exterior aluminio · Etna,Tumbona,Etna,Sí / Blanco / Azul celeste,SV-ETNA-R-BLANCO-AZUL-CEL,BALLIU_ETNA_TUMBONA_TELA_BALLIU_36870D09 + CON,balliu-tumbona-de-exterior-aluminio-36870d09,
Tumbona exterior aluminio · Etna,Tumbona,Etna,Sí / Blanco / Ceniza,SV-ETNA-R-BLANCO-CENIZA,BALLIU_ETNA_TUMBONA_TELA_BALLIU_36870D09 + CON,balliu-tumbona-de-exterior-aluminio-36870d09,
Tumbona exterior aluminio · Etna,Tumbona,Etna,Sí / Blanco / Azul marino,SV-ETNA-R-BLANCO-AZUL-MAR,BALLIU_ETNA_TUMBONA_TELA_BALLIU_36870D09 + CON,balliu-tumbona-de-exterior-aluminio-36870d09,
Tumbona exterior aluminio · Etna,Tumbona,Etna,Sí / Blanco / Gris oscuro,SV-ETNA-R-BLANCO-GRIS-OSC,BALLIU_ETNA_TUMBONA_TELA_BALLIU_36870D09 + CON,balliu-tumbona-de-exterior-aluminio-36870d09,
Tumbona exterior aluminio · Etna,Tumbona,Etna,Sí / Blanco / Azul acero,SV-ETNA-R-BLANCO-AZUL-ACERO,BALLIU_ETNA_TUMBONA_TELA_BALLIU_36870D09 + CON,balliu-tumbona-de-exterior-aluminio-36870d09,
Tumbona exterior aluminio · Etna,Tumbona,Etna,Sí / Tórtola / Azul,SV-ETNA-R-TORTOLA-AZUL,BALLIU_ETNA_TUMBONA_TELA_BALLIU_36870D09 + CON,balliu-tumbona-de-exterior-aluminio-36870d09,
Tumbona exterior aluminio · Etna,Tumbona,Etna,Sí / Tórtola / Amarillo,SV-ETNA-R-TORTOLA-AMARILLO,BALLIU_ETNA_TUMBONA_TELA_BALLIU_36870D09 + CON,balliu-tumbona-de-exterior-aluminio-36870d09,
Tumbona exterior aluminio · Etna,Tumbona,Etna,Sí / Tórtola / Naranja,SV-ETNA-R-TORTOLA-NARANJA,BALLIU_ETNA_TUMBONA_TELA_BALLIU_36870D09 + CON,balliu-tumbona-de-exterior-aluminio-36870d09,
Tumbona exterior aluminio · Etna,Tumbona,Etna,Sí / Tórtola / Verde claro,SV-ETNA-R-TORTOLA-VERDE-CLARO,BALLIU_ETNA_TUMBONA_TELA_BALLIU_36870D09 + CON,balliu-tumbona-de-exterior-aluminio-36870d09,
Tumbona exterior aluminio · Etna,Tumbona,Etna,Sí / Tórtola / Blanco,SV-ETNA-R-TORTOLA-BLANCO,BALLIU_ETNA_TUMBONA_TELA_BALLIU_36870D09 + CON,balliu-tumbona-de-exterior-aluminio-36870d09,
Tumbona exterior aluminio · Etna,Tumbona,Etna,Sí / Tórtola / Natural,SV-ETNA-R-TORTOLA-NATURAL,BALLIU_ETNA_TUMBONA_TELA_BALLIU_36870D09 + CON,balliu-tumbona-de-exterior-aluminio-36870d09,
Tumbona exterior aluminio · Etna,Tumbona,Etna,Sí / Tórtola / Capuchino,SV-ETNA-R-TORTOLA-CAPUCHINO,BALLIU_ETNA_TUMBONA_TELA_BALLIU_36870D09 + CON,balliu-tumbona-de-exterior-aluminio-36870d09,
Tumbona exterior aluminio · Etna,Tumbona,Etna,Sí / Tórtola / Caqui,SV-ETNA-R-TORTOLA-CAQUI,BALLIU_ETNA_TUMBONA_TELA_BALLIU_36870D09 + CON,balliu-tumbona-de-exterior-aluminio-36870d09,
Tumbona exterior aluminio · Etna,Tumbona,Etna,Sí / Tórtola / Marrón oscuro,SV-ETNA-R-TORTOLA-MARRON-OSC,BALLIU_ETNA_TUMBONA_TELA_BALLIU_36870D09 + CON,balliu-tumbona-de-exterior-aluminio-36870d09,
Tumbona exterior aluminio · Etna,Tumbona,Etna,Sí / Tórtola / Arena,SV-ETNA-R-TORTOLA-ARENA,BALLIU_ETNA_TUMBONA_TELA_BALLIU_36870D09 + CON,balliu-tumbona-de-exterior-aluminio-36870d09,
Tumbona exterior aluminio · Etna,Tumbona,Etna,Sí / Tórtola / Verde oscuro,SV-ETNA-R-TORTOLA-VERDE-OSC,BALLIU_ETNA_TUMBONA_TELA_BALLIU_36870D09 + CON,balliu-tumbona-de-exterior-aluminio-36870d09,
Tumbona exterior aluminio · Etna,Tumbona,Etna,Sí / Tórtola / Azul celeste,SV-ETNA-R-TORTOLA-AZUL-CEL,BALLIU_ETNA_TUMBONA_TELA_BALLIU_36870D09 + CON,balliu-tumbona-de-exterior-aluminio-36870d09,
Tumbona exterior aluminio · Etna,Tumbona,Etna,Sí / Tórtola / Ceniza,SV-ETNA-R-TORTOLA-CENIZA,BALLIU_ETNA_TUMBONA_TELA_BALLIU_36870D09 + CON,balliu-tumbona-de-exterior-aluminio-36870d09,
Tumbona exterior aluminio · Etna,Tumbona,Etna,Sí / Tórtola / Azul marino,SV-ETNA-R-TORTOLA-AZUL-MAR,BALLIU_ETNA_TUMBONA_TELA_BALLIU_36870D09 + CON,balliu-tumbona-de-exterior-aluminio-36870d09,
Tumbona exterior aluminio · Etna,Tumbona,Etna,Sí / Tórtola / Gris oscuro,SV-ETNA-R-TORTOLA-GRIS-OSC,BALLIU_ETNA_TUMBONA_TELA_BALLIU_36870D09 + CON,balliu-tumbona-de-exterior-aluminio-36870d09,
Tumbona exterior aluminio · Etna,Tumbona,Etna,Sí / Tórtola / Azul acero,SV-ETNA-R-TORTOLA-AZUL-ACERO,BALLIU_ETNA_TUMBONA_TELA_BALLIU_36870D09 + CON,balliu-tumbona-de-exterior-aluminio-36870d09,
Tumbona exterior aluminio · Etna,Tumbona,Etna,Sí / Aluminio / Azul,SV-ETNA-R-ALUMINIO-AZUL,BALLIU_ETNA_TUMBONA_TELA_BALLIU_36870D09 + CON,balliu-tumbona-de-exterior-aluminio-36870d09,
Tumbona exterior aluminio · Etna,Tumbona,Etna,Sí / Aluminio / Amarillo,SV-ETNA-R-ALUMINIO-AMARILLO,BALLIU_ETNA_TUMBONA_TELA_BALLIU_36870D09 + CON,balliu-tumbona-de-exterior-aluminio-36870d09,
Tumbona exterior aluminio · Etna,Tumbona,Etna,Sí / Aluminio / Naranja,SV-ETNA-R-ALUMINIO-NARANJA,BALLIU_ETNA_TUMBONA_TELA_BALLIU_36870D09 + CON,balliu-tumbona-de-exterior-aluminio-36870d09,
Tumbona exterior aluminio · Etna,Tumbona,Etna,Sí / Aluminio / Verde claro,SV-ETNA-R-ALUMINIO-VERDE-CLARO,BALLIU_ETNA_TUMBONA_TELA_BALLIU_36870D09 + CON,balliu-tumbona-de-exterior-aluminio-36870d09,
Tumbona exterior aluminio · Etna,Tumbona,Etna,Sí / Aluminio / Blanco,SV-ETNA-R-ALUMINIO-BLANCO,BALLIU_ETNA_TUMBONA_TELA_BALLIU_36870D09 + CON,balliu-tumbona-de-exterior-aluminio-36870d09,
Tumbona exterior aluminio · Etna,Tumbona,Etna,Sí / Aluminio / Natural,SV-ETNA-R-ALUMINIO-NATURAL,BALLIU_ETNA_TUMBONA_TELA_BALLIU_36870D09 + CON,balliu-tumbona-de-exterior-aluminio-36870d09,
Tumbona exterior aluminio · Etna,Tumbona,Etna,Sí / Aluminio / Capuchino,SV-ETNA-R-ALUMINIO-CAPUCHINO,BALLIU_ETNA_TUMBONA_TELA_BALLIU_36870D09 + CON,balliu-tumbona-de-exterior-aluminio-36870d09,
Tumbona exterior aluminio · Etna,Tumbona,Etna,Sí / Aluminio / Caqui,SV-ETNA-R-ALUMINIO-CAQUI,BALLIU_ETNA_TUMBONA_TELA_BALLIU_36870D09 + CON,balliu-tumbona-de-exterior-aluminio-36870d09,
Tumbona exterior aluminio · Etna,Tumbona,Etna,Sí / Aluminio / Marrón oscuro,SV-ETNA-R-ALUMINIO-MARRON-OSC,BALLIU_ETNA_TUMBONA_TELA_BALLIU_36870D09 + CON,balliu-tumbona-de-exterior-aluminio-36870d09,
Tumbona exterior aluminio · Etna,Tumbona,Etna,Sí / Aluminio / Arena,SV-ETNA-R-ALUMINIO-ARENA,BALLIU_ETNA_TUMBONA_TELA_BALLIU_36870D09 + CON,balliu-tumbona-de-exterior-aluminio-36870d09,
Tumbona exterior aluminio · Etna,Tumbona,Etna,Sí / Aluminio / Verde oscuro,SV-ETNA-R-ALUMINIO-VERDE-OSC,BALLIU_ETNA_TUMBONA_TELA_BALLIU_36870D09 + CON,balliu-tumbona-de-exterior-aluminio-36870d09,
Tumbona exterior aluminio · Etna,Tumbona,Etna,Sí / Aluminio / Azul celeste,SV-ETNA-R-ALUMINIO-AZUL-CEL,BALLIU_ETNA_TUMBONA_TELA_BALLIU_36870D09 + CON,balliu-tumbona-de-exterior-aluminio-36870d09,
Tumbona exterior aluminio · Etna,Tumbona,Etna,Sí / Aluminio / Ceniza,SV-ETNA-R-ALUMINIO-CENIZA,BALLIU_ETNA_TUMBONA_TELA_BALLIU_36870D09 + CON,balliu-tumbona-de-exterior-aluminio-36870d09,
Tumbona exterior aluminio · Etna,Tumbona,Etna,Sí / Aluminio / Azul marino,SV-ETNA-R-ALUMINIO-AZUL-MAR,BALLIU_ETNA_TUMBONA_TELA_BALLIU_36870D09 + CON,balliu-tumbona-de-exterior-aluminio-36870d09,
Tumbona exterior aluminio · Etna,Tumbona,Etna,Sí / Aluminio / Gris oscuro,SV-ETNA-R-ALUMINIO-GRIS-OSC,BALLIU_ETNA_TUMBONA_TELA_BALLIU_36870D09 + CON,balliu-tumbona-de-exterior-aluminio-36870d09,
Tumbona exterior aluminio · Etna,Tumbona,Etna,Sí / Aluminio / Azul acero,SV-ETNA-R-ALUMINIO-AZUL-ACERO,BALLIU_ETNA_TUMBONA_TELA_BALLIU_36870D09 + CON,balliu-tumbona-de-exterior-aluminio-36870d09,
Tumbona exterior aluminio alta · acceso fácil · Etna Alta,Tumbona,Etna Alta,No / Blanco / Azul,SV-ETNAALTA-SR-BLANCO-AZUL,BALLIU_ETNA_ALTA_TUMBONA_AL_TELA_BALLIU_D08586C1 + CON,balliu-tumbona-de-exterior-aluminio-d08586c1,
Tumbona exterior aluminio alta · acceso fácil · Etna Alta,Tumbona,Etna Alta,No / Blanco / Amarillo,SV-ETNAALTA-SR-BLANCO-AMARILLO,BALLIU_ETNA_ALTA_TUMBONA_AL_TELA_BALLIU_D08586C1 + CON,balliu-tumbona-de-exterior-aluminio-d08586c1,
Tumbona exterior aluminio alta · acceso fácil · Etna Alta,Tumbona,Etna Alta,No / Blanco / Naranja,SV-ETNAALTA-SR-BLANCO-NARANJA,BALLIU_ETNA_ALTA_TUMBONA_AL_TELA_BALLIU_D08586C1 + CON,balliu-tumbona-de-exterior-aluminio-d08586c1,
Tumbona exterior aluminio alta · acceso fácil · Etna Alta,Tumbona,Etna Alta,No / Blanco / Verde claro,SV-ETNAALTA-SR-BLANCO-VERDE-CLARO,BALLIU_ETNA_ALTA_TUMBONA_AL_TELA_BALLIU_D08586C1 + CON,balliu-tumbona-de-exterior-aluminio-d08586c1,
Tumbona exterior aluminio alta · acceso fácil · Etna Alta,Tumbona,Etna Alta,No / Blanco / Blanco,SV-ETNAALTA-SR-BLANCO-BLANCO,BALLIU_ETNA_ALTA_TUMBONA_AL_TELA_BALLIU_D08586C1 + CON,balliu-tumbona-de-exterior-aluminio-d08586c1,
Tumbona exterior aluminio alta · acceso fácil · Etna Alta,Tumbona,Etna Alta,No / Blanco / Natural,SV-ETNAALTA-SR-BLANCO-NATURAL,BALLIU_ETNA_ALTA_TUMBONA_AL_TELA_BALLIU_D08586C1 + CON,balliu-tumbona-de-exterior-aluminio-d08586c1,
Tumbona exterior aluminio alta · acceso fácil · Etna Alta,Tumbona,Etna Alta,No / Blanco / Capuchino,SV-ETNAALTA-SR-BLANCO-CAPUCHINO,BALLIU_ETNA_ALTA_TUMBONA_AL_TELA_BALLIU_D08586C1 + CON,balliu-tumbona-de-exterior-aluminio-d08586c1,
Tumbona exterior aluminio alta · acceso fácil · Etna Alta,Tumbona,Etna Alta,No / Blanco / Caqui,SV-ETNAALTA-SR-BLANCO-CAQUI,BALLIU_ETNA_ALTA_TUMBONA_AL_TELA_BALLIU_D08586C1 + CON,balliu-tumbona-de-exterior-aluminio-d08586c1,
Tumbona exterior aluminio alta · acceso fácil · Etna Alta,Tumbona,Etna Alta,No / Blanco / Marrón oscuro,SV-ETNAALTA-SR-BLANCO-MARRON-OSC,BALLIU_ETNA_ALTA_TUMBONA_AL_TELA_BALLIU_D08586C1 + CON,balliu-tumbona-de-exterior-aluminio-d08586c1,
Tumbona exterior aluminio alta · acceso fácil · Etna Alta,Tumbona,Etna Alta,No / Blanco / Arena,SV-ETNAALTA-SR-BLANCO-ARENA,BALLIU_ETNA_ALTA_TUMBONA_AL_TELA_BALLIU_D08586C1 + CON,balliu-tumbona-de-exterior-aluminio-d08586c1,
Tumbona exterior aluminio alta · acceso fácil · Etna Alta,Tumbona,Etna Alta,No / Blanco / Verde oscuro,SV-ETNAALTA-SR-BLANCO-VERDE-OSC,BALLIU_ETNA_ALTA_TUMBONA_AL_TELA_BALLIU_D08586C1 + CON,balliu-tumbona-de-exterior-aluminio-d08586c1,
Tumbona exterior aluminio alta · acceso fácil · Etna Alta,Tumbona,Etna Alta,No / Blanco / Azul celeste,SV-ETNAALTA-SR-BLANCO-AZUL-CEL,BALLIU_ETNA_ALTA_TUMBONA_AL_TELA_BALLIU_D08586C1 + CON,balliu-tumbona-de-exterior-aluminio-d08586c1,
Tumbona exterior aluminio alta · acceso fácil · Etna Alta,Tumbona,Etna Alta,No / Blanco / Ceniza,SV-ETNAALTA-SR-BLANCO-CENIZA,BALLIU_ETNA_ALTA_TUMBONA_AL_TELA_BALLIU_D08586C1 + CON,balliu-tumbona-de-exterior-aluminio-d08586c1,
Tumbona exterior aluminio alta · acceso fácil · Etna Alta,Tumbona,Etna Alta,No / Blanco / Azul marino,SV-ETNAALTA-SR-BLANCO-AZUL-MAR,BALLIU_ETNA_ALTA_TUMBONA_AL_TELA_BALLIU_D08586C1 + CON,balliu-tumbona-de-exterior-aluminio-d08586c1,
Tumbona exterior aluminio alta · acceso fácil · Etna Alta,Tumbona,Etna Alta,No / Blanco / Gris oscuro,SV-ETNAALTA-SR-BLANCO-GRIS-OSC,BALLIU_ETNA_ALTA_TUMBONA_AL_TELA_BALLIU_D08586C1 + CON,balliu-tumbona-de-exterior-aluminio-d08586c1,
Tumbona exterior aluminio alta · acceso fácil · Etna Alta,Tumbona,Etna Alta,No / Blanco / Azul acero,SV-ETNAALTA-SR-BLANCO-AZUL-ACERO,BALLIU_ETNA_ALTA_TUMBONA_AL_TELA_BALLIU_D08586C1 + CON,balliu-tumbona-de-exterior-aluminio-d08586c1,
Tumbona exterior aluminio alta · acceso fácil · Etna Alta,Tumbona,Etna Alta,No / Tórtola / Azul,SV-ETNAALTA-SR-TORTOLA-AZUL,BALLIU_ETNA_ALTA_TUMBONA_AL_TELA_BALLIU_D08586C1 + CON,balliu-tumbona-de-exterior-aluminio-d08586c1,
Tumbona exterior aluminio alta · acceso fácil · Etna Alta,Tumbona,Etna Alta,No / Tórtola / Amarillo,SV-ETNAALTA-SR-TORTOLA-AMARILLO,BALLIU_ETNA_ALTA_TUMBONA_AL_TELA_BALLIU_D08586C1 + CON,balliu-tumbona-de-exterior-aluminio-d08586c1,
Tumbona exterior aluminio alta · acceso fácil · Etna Alta,Tumbona,Etna Alta,No / Tórtola / Naranja,SV-ETNAALTA-SR-TORTOLA-NARANJA,BALLIU_ETNA_ALTA_TUMBONA_AL_TELA_BALLIU_D08586C1 + CON,balliu-tumbona-de-exterior-aluminio-d08586c1,
Tumbona exterior aluminio alta · acceso fácil · Etna Alta,Tumbona,Etna Alta,No / Tórtola / Verde claro,SV-ETNAALTA-SR-TORTOLA-VERDE-CLARO,BALLIU_ETNA_ALTA_TUMBONA_AL_TELA_BALLIU_D08586C1 + CON,balliu-tumbona-de-exterior-aluminio-d08586c1,
Tumbona exterior aluminio alta · acceso fácil · Etna Alta,Tumbona,Etna Alta,No / Tórtola / Blanco,SV-ETNAALTA-SR-TORTOLA-BLANCO,BALLIU_ETNA_ALTA_TUMBONA_AL_TELA_BALLIU_D08586C1 + CON,balliu-tumbona-de-exterior-aluminio-d08586c1,
Tumbona exterior aluminio alta · acceso fácil · Etna Alta,Tumbona,Etna Alta,No / Tórtola / Natural,SV-ETNAALTA-SR-TORTOLA-NATURAL,BALLIU_ETNA_ALTA_TUMBONA_AL_TELA_BALLIU_D08586C1 + CON,balliu-tumbona-de-exterior-aluminio-d08586c1,
Tumbona exterior aluminio alta · acceso fácil · Etna Alta,Tumbona,Etna Alta,No / Tórtola / Capuchino,SV-ETNAALTA-SR-TORTOLA-CAPUCHINO,BALLIU_ETNA_ALTA_TUMBONA_AL_TELA_BALLIU_D08586C1 + CON,balliu-tumbona-de-exterior-aluminio-d08586c1,
Tumbona exterior aluminio alta · acceso fácil · Etna Alta,Tumbona,Etna Alta,No / Tórtola / Caqui,SV-ETNAALTA-SR-TORTOLA-CAQUI,BALLIU_ETNA_ALTA_TUMBONA_AL_TELA_BALLIU_D08586C1 + CON,balliu-tumbona-de-exterior-aluminio-d08586c1,
Tumbona exterior aluminio alta · acceso fácil · Etna Alta,Tumbona,Etna Alta,No / Tórtola / Marrón oscuro,SV-ETNAALTA-SR-TORTOLA-MARRON-OSC,BALLIU_ETNA_ALTA_TUMBONA_AL_TELA_BALLIU_D08586C1 + CON,balliu-tumbona-de-exterior-aluminio-d08586c1,
Tumbona exterior aluminio alta · acceso fácil · Etna Alta,Tumbona,Etna Alta,No / Tórtola / Arena,SV-ETNAALTA-SR-TORTOLA-ARENA,BALLIU_ETNA_ALTA_TUMBONA_AL_TELA_BALLIU_D08586C1 + CON,balliu-tumbona-de-exterior-aluminio-d08586c1,
Tumbona exterior aluminio alta · acceso fácil · Etna Alta,Tumbona,Etna Alta,No / Tórtola / Verde oscuro,SV-ETNAALTA-SR-TORTOLA-VERDE-OSC,BALLIU_ETNA_ALTA_TUMBONA_AL_TELA_BALLIU_D08586C1 + CON,balliu-tumbona-de-exterior-aluminio-d08586c1,
Tumbona exterior aluminio alta · acceso fácil · Etna Alta,Tumbona,Etna Alta,No / Tórtola / Azul celeste,SV-ETNAALTA-SR-TORTOLA-AZUL-CEL,BALLIU_ETNA_ALTA_TUMBONA_AL_TELA_BALLIU_D08586C1 + CON,balliu-tumbona-de-exterior-aluminio-d08586c1,
Tumbona exterior aluminio alta · acceso fácil · Etna Alta,Tumbona,Etna Alta,No / Tórtola / Ceniza,SV-ETNAALTA-SR-TORTOLA-CENIZA,BALLIU_ETNA_ALTA_TUMBONA_AL_TELA_BALLIU_D08586C1 + CON,balliu-tumbona-de-exterior-aluminio-d08586c1,
Tumbona exterior aluminio alta · acceso fácil · Etna Alta,Tumbona,Etna Alta,No / Tórtola / Azul marino,SV-ETNAALTA-SR-TORTOLA-AZUL-MAR,BALLIU_ETNA_ALTA_TUMBONA_AL_TELA_BALLIU_D08586C1 + CON,balliu-tumbona-de-exterior-aluminio-d08586c1,
Tumbona exterior aluminio alta · acceso fácil · Etna Alta,Tumbona,Etna Alta,No / Tórtola / Gris oscuro,SV-ETNAALTA-SR-TORTOLA-GRIS-OSC,BALLIU_ETNA_ALTA_TUMBONA_AL_TELA_BALLIU_D08586C1 + CON,balliu-tumbona-de-exterior-aluminio-d08586c1,
Tumbona exterior aluminio alta · acceso fácil · Etna Alta,Tumbona,Etna Alta,No / Tórtola / Azul acero,SV-ETNAALTA-SR-TORTOLA-AZUL-ACERO,BALLIU_ETNA_ALTA_TUMBONA_AL_TELA_BALLIU_D08586C1 + CON,balliu-tumbona-de-exterior-aluminio-d08586c1,
Tumbona exterior aluminio alta · acceso fácil · Etna Alta,Tumbona,Etna Alta,No / Aluminio / Azul,SV-ETNAALTA-SR-ALUMINIO-AZUL,BALLIU_ETNA_ALTA_TUMBONA_AL_TELA_BALLIU_D08586C1 + CON,balliu-tumbona-de-exterior-aluminio-d08586c1,
Tumbona exterior aluminio alta · acceso fácil · Etna Alta,Tumbona,Etna Alta,No / Aluminio / Amarillo,SV-ETNAALTA-SR-ALUMINIO-AMARILLO,BALLIU_ETNA_ALTA_TUMBONA_AL_TELA_BALLIU_D08586C1 + CON,balliu-tumbona-de-exterior-aluminio-d08586c1,
Tumbona exterior aluminio alta · acceso fácil · Etna Alta,Tumbona,Etna Alta,No / Aluminio / Naranja,SV-ETNAALTA-SR-ALUMINIO-NARANJA,BALLIU_ETNA_ALTA_TUMBONA_AL_TELA_BALLIU_D08586C1 + CON,balliu-tumbona-de-exterior-aluminio-d08586c1,
Tumbona exterior aluminio alta · acceso fácil · Etna Alta,Tumbona,Etna Alta,No / Aluminio / Verde claro,SV-ETNAALTA-SR-ALUMINIO-VERDE-CLARO,BALLIU_ETNA_ALTA_TUMBONA_AL_TELA_BALLIU_D08586C1 + CON,balliu-tumbona-de-exterior-aluminio-d08586c1,
Tumbona exterior aluminio alta · acceso fácil · Etna Alta,Tumbona,Etna Alta,No / Aluminio / Blanco,SV-ETNAALTA-SR-ALUMINIO-BLANCO,BALLIU_ETNA_ALTA_TUMBONA_AL_TELA_BALLIU_D08586C1 + CON,balliu-tumbona-de-exterior-aluminio-d08586c1,
Tumbona exterior aluminio alta · acceso fácil · Etna Alta,Tumbona,Etna Alta,No / Aluminio / Natural,SV-ETNAALTA-SR-ALUMINIO-NATURAL,BALLIU_ETNA_ALTA_TUMBONA_AL_TELA_BALLIU_D08586C1 + CON,balliu-tumbona-de-exterior-aluminio-d08586c1,
Tumbona exterior aluminio alta · acceso fácil · Etna Alta,Tumbona,Etna Alta,No / Aluminio / Capuchino,SV-ETNAALTA-SR-ALUMINIO-CAPUCHINO,BALLIU_ETNA_ALTA_TUMBONA_AL_TELA_BALLIU_D08586C1 + CON,balliu-tumbona-de-exterior-aluminio-d08586c1,
Tumbona exterior aluminio alta · acceso fácil · Etna Alta,Tumbona,Etna Alta,No / Aluminio / Caqui,SV-ETNAALTA-SR-ALUMINIO-CAQUI,BALLIU_ETNA_ALTA_TUMBONA_AL_TELA_BALLIU_D08586C1 + CON,balliu-tumbona-de-exterior-aluminio-d08586c1,
Tumbona exterior aluminio alta · acceso fácil · Etna Alta,Tumbona,Etna Alta,No / Aluminio / Marrón oscuro,SV-ETNAALTA-SR-ALUMINIO-MARRON-OSC,BALLIU_ETNA_ALTA_TUMBONA_AL_TELA_BALLIU_D08586C1 + CON,balliu-tumbona-de-exterior-aluminio-d08586c1,
Tumbona exterior aluminio alta · acceso fácil · Etna Alta,Tumbona,Etna Alta,No / Aluminio / Arena,SV-ETNAALTA-SR-ALUMINIO-ARENA,BALLIU_ETNA_ALTA_TUMBONA_AL_TELA_BALLIU_D08586C1 + CON,balliu-tumbona-de-exterior-aluminio-d08586c1,
Tumbona exterior aluminio alta · acceso fácil · Etna Alta,Tumbona,Etna Alta,No / Aluminio / Verde oscuro,SV-ETNAALTA-SR-ALUMINIO-VERDE-OSC,BALLIU_ETNA_ALTA_TUMBONA_AL_TELA_BALLIU_D08586C1 + CON,balliu-tumbona-de-exterior-aluminio-d08586c1,
Tumbona exterior aluminio alta · acceso fácil · Etna Alta,Tumbona,Etna Alta,No / Aluminio / Azul celeste,SV-ETNAALTA-SR-ALUMINIO-AZUL-CEL,BALLIU_ETNA_ALTA_TUMBONA_AL_TELA_BALLIU_D08586C1 + CON,balliu-tumbona-de-exterior-aluminio-d08586c1,
Tumbona exterior aluminio alta · acceso fácil · Etna Alta,Tumbona,Etna Alta,No / Aluminio / Ceniza,SV-ETNAALTA-SR-ALUMINIO-CENIZA,BALLIU_ETNA_ALTA_TUMBONA_AL_TELA_BALLIU_D08586C1 + CON,balliu-tumbona-de-exterior-aluminio-d08586c1,
Tumbona exterior aluminio alta · acceso fácil · Etna Alta,Tumbona,Etna Alta,No / Aluminio / Azul marino,SV-ETNAALTA-SR-ALUMINIO-AZUL-MAR,BALLIU_ETNA_ALTA_TUMBONA_AL_TELA_BALLIU_D08586C1 + CON,balliu-tumbona-de-exterior-aluminio-d08586c1,
Tumbona exterior aluminio alta · acceso fácil · Etna Alta,Tumbona,Etna Alta,No / Aluminio / Gris oscuro,SV-ETNAALTA-SR-ALUMINIO-GRIS-OSC,BALLIU_ETNA_ALTA_TUMBONA_AL_TELA_BALLIU_D08586C1 + CON,balliu-tumbona-de-exterior-aluminio-d08586c1,
Tumbona exterior aluminio alta · acceso fácil · Etna Alta,Tumbona,Etna Alta,No / Aluminio / Azul acero,SV-ETNAALTA-SR-ALUMINIO-AZUL-ACERO,BALLIU_ETNA_ALTA_TUMBONA_AL_TELA_BALLIU_D08586C1 + CON,balliu-tumbona-de-exterior-aluminio-d08586c1,
Tumbona exterior aluminio alta · acceso fácil · Etna Alta,Tumbona,Etna Alta,Sí / Blanco / Azul,SV-ETNAALTA-R-BLANCO-AZUL,BALLIU_ETNA_ALTA_TUMBONA_AL_TELA_BALLIU_D08586C1 + CON,balliu-tumbona-de-exterior-aluminio-d08586c1,
Tumbona exterior aluminio alta · acceso fácil · Etna Alta,Tumbona,Etna Alta,Sí / Blanco / Amarillo,SV-ETNAALTA-R-BLANCO-AMARILLO,BALLIU_ETNA_ALTA_TUMBONA_AL_TELA_BALLIU_D08586C1 + CON,balliu-tumbona-de-exterior-aluminio-d08586c1,
Tumbona exterior aluminio alta · acceso fácil · Etna Alta,Tumbona,Etna Alta,Sí / Blanco / Naranja,SV-ETNAALTA-R-BLANCO-NARANJA,BALLIU_ETNA_ALTA_TUMBONA_AL_TELA_BALLIU_D08586C1 + CON,balliu-tumbona-de-exterior-aluminio-d08586c1,
Tumbona exterior aluminio alta · acceso fácil · Etna Alta,Tumbona,Etna Alta,Sí / Blanco / Verde claro,SV-ETNAALTA-R-BLANCO-VERDE-CLARO,BALLIU_ETNA_ALTA_TUMBONA_AL_TELA_BALLIU_D08586C1 + CON,balliu-tumbona-de-exterior-aluminio-d08586c1,
Tumbona exterior aluminio alta · acceso fácil · Etna Alta,Tumbona,Etna Alta,Sí / Blanco / Blanco,SV-ETNAALTA-R-BLANCO-BLANCO,BALLIU_ETNA_ALTA_TUMBONA_AL_TELA_BALLIU_D08586C1 + CON,balliu-tumbona-de-exterior-aluminio-d08586c1,
Tumbona exterior aluminio alta · acceso fácil · Etna Alta,Tumbona,Etna Alta,Sí / Blanco / Natural,SV-ETNAALTA-R-BLANCO-NATURAL,BALLIU_ETNA_ALTA_TUMBONA_AL_TELA_BALLIU_D08586C1 + CON,balliu-tumbona-de-exterior-aluminio-d08586c1,
Tumbona exterior aluminio alta · acceso fácil · Etna Alta,Tumbona,Etna Alta,Sí / Blanco / Capuchino,SV-ETNAALTA-R-BLANCO-CAPUCHINO,BALLIU_ETNA_ALTA_TUMBONA_AL_TELA_BALLIU_D08586C1 + CON,balliu-tumbona-de-exterior-aluminio-d08586c1,
Tumbona exterior aluminio alta · acceso fácil · Etna Alta,Tumbona,Etna Alta,Sí / Blanco / Caqui,SV-ETNAALTA-R-BLANCO-CAQUI,BALLIU_ETNA_ALTA_TUMBONA_AL_TELA_BALLIU_D08586C1 + CON,balliu-tumbona-de-exterior-aluminio-d08586c1,
Tumbona exterior aluminio alta · acceso fácil · Etna Alta,Tumbona,Etna Alta,Sí / Blanco / Marrón oscuro,SV-ETNAALTA-R-BLANCO-MARRON-OSC,BALLIU_ETNA_ALTA_TUMBONA_AL_TELA_BALLIU_D08586C1 + CON,balliu-tumbona-de-exterior-aluminio-d08586c1,
Tumbona exterior aluminio alta · acceso fácil · Etna Alta,Tumbona,Etna Alta,Sí / Blanco / Arena,SV-ETNAALTA-R-BLANCO-ARENA,BALLIU_ETNA_ALTA_TUMBONA_AL_TELA_BALLIU_D08586C1 + CON,balliu-tumbona-de-exterior-aluminio-d08586c1,
Tumbona exterior aluminio alta · acceso fácil · Etna Alta,Tumbona,Etna Alta,Sí / Blanco / Verde oscuro,SV-ETNAALTA-R-BLANCO-VERDE-OSC,BALLIU_ETNA_ALTA_TUMBONA_AL_TELA_BALLIU_D08586C1 + CON,balliu-tumbona-de-exterior-aluminio-d08586c1,
Tumbona exterior aluminio alta · acceso fácil · Etna Alta,Tumbona,Etna Alta,Sí / Blanco / Azul celeste,SV-ETNAALTA-R-BLANCO-AZUL-CEL,BALLIU_ETNA_ALTA_TUMBONA_AL_TELA_BALLIU_D08586C1 + CON,balliu-tumbona-de-exterior-aluminio-d08586c1,
Tumbona exterior aluminio alta · acceso fácil · Etna Alta,Tumbona,Etna Alta,Sí / Blanco / Ceniza,SV-ETNAALTA-R-BLANCO-CENIZA,BALLIU_ETNA_ALTA_TUMBONA_AL_TELA_BALLIU_D08586C1 + CON,balliu-tumbona-de-exterior-aluminio-d08586c1,
Tumbona exterior aluminio alta · acceso fácil · Etna Alta,Tumbona,Etna Alta,Sí / Blanco / Azul marino,SV-ETNAALTA-R-BLANCO-AZUL-MAR,BALLIU_ETNA_ALTA_TUMBONA_AL_TELA_BALLIU_D08586C1 + CON,balliu-tumbona-de-exterior-aluminio-d08586c1,
Tumbona exterior aluminio alta · acceso fácil · Etna Alta,Tumbona,Etna Alta,Sí / Blanco / Gris oscuro,SV-ETNAALTA-R-BLANCO-GRIS-OSC,BALLIU_ETNA_ALTA_TUMBONA_AL_TELA_BALLIU_D08586C1 + CON,balliu-tumbona-de-exterior-aluminio-d08586c1,
Tumbona exterior aluminio alta · acceso fácil · Etna Alta,Tumbona,Etna Alta,Sí / Blanco / Azul acero,SV-ETNAALTA-R-BLANCO-AZUL-ACERO,BALLIU_ETNA_ALTA_TUMBONA_AL_TELA_BALLIU_D08586C1 + CON,balliu-tumbona-de-exterior-aluminio-d08586c1,
Tumbona exterior aluminio alta · acceso fácil · Etna Alta,Tumbona,Etna Alta,Sí / Tórtola / Azul,SV-ETNAALTA-R-TORTOLA-AZUL,BALLIU_ETNA_ALTA_TUMBONA_AL_TELA_BALLIU_D08586C1 + CON,balliu-tumbona-de-exterior-aluminio-d08586c1,
Tumbona exterior aluminio alta · acceso fácil · Etna Alta,Tumbona,Etna Alta,Sí / Tórtola / Amarillo,SV-ETNAALTA-R-TORTOLA-AMARILLO,BALLIU_ETNA_ALTA_TUMBONA_AL_TELA_BALLIU_D08586C1 + CON,balliu-tumbona-de-exterior-aluminio-d08586c1,
Tumbona exterior aluminio alta · acceso fácil · Etna Alta,Tumbona,Etna Alta,Sí / Tórtola / Naranja,SV-ETNAALTA-R-TORTOLA-NARANJA,BALLIU_ETNA_ALTA_TUMBONA_AL_TELA_BALLIU_D08586C1 + CON,balliu-tumbona-de-exterior-aluminio-d08586c1,
Tumbona exterior aluminio alta · acceso fácil · Etna Alta,Tumbona,Etna Alta,Sí / Tórtola / Verde claro,SV-ETNAALTA-R-TORTOLA-VERDE-CLARO,BALLIU_ETNA_ALTA_TUMBONA_AL_TELA_BALLIU_D08586C1 + CON,balliu-tumbona-de-exterior-aluminio-d08586c1,
Tumbona exterior aluminio alta · acceso fácil · Etna Alta,Tumbona,Etna Alta,Sí / Tórtola / Blanco,SV-ETNAALTA-R-TORTOLA-BLANCO,BALLIU_ETNA_ALTA_TUMBONA_AL_TELA_BALLIU_D08586C1 + CON,balliu-tumbona-de-exterior-aluminio-d08586c1,
Tumbona exterior aluminio alta · acceso fácil · Etna Alta,Tumbona,Etna Alta,Sí / Tórtola / Natural,SV-ETNAALTA-R-TORTOLA-NATURAL,BALLIU_ETNA_ALTA_TUMBONA_AL_TELA_BALLIU_D08586C1 + CON,balliu-tumbona-de-exterior-aluminio-d08586c1,
Tumbona exterior aluminio alta · acceso fácil · Etna Alta,Tumbona,Etna Alta,Sí / Tórtola / Capuchino,SV-ETNAALTA-R-TORTOLA-CAPUCHINO,BALLIU_ETNA_ALTA_TUMBONA_AL_TELA_BALLIU_D08586C1 + CON,balliu-tumbona-de-exterior-aluminio-d08586c1,
Tumbona exterior aluminio alta · acceso fácil · Etna Alta,Tumbona,Etna Alta,Sí / Tórtola / Caqui,SV-ETNAALTA-R-TORTOLA-CAQUI,BALLIU_ETNA_ALTA_TUMBONA_AL_TELA_BALLIU_D08586C1 + CON,balliu-tumbona-de-exterior-aluminio-d08586c1,
Tumbona exterior aluminio alta · acceso fácil · Etna Alta,Tumbona,Etna Alta,Sí / Tórtola / Marrón oscuro,SV-ETNAALTA-R-TORTOLA-MARRON-OSC,BALLIU_ETNA_ALTA_TUMBONA_AL_TELA_BALLIU_D08586C1 + CON,balliu-tumbona-de-exterior-aluminio-d08586c1,
Tumbona exterior aluminio alta · acceso fácil · Etna Alta,Tumbona,Etna Alta,Sí / Tórtola / Arena,SV-ETNAALTA-R-TORTOLA-ARENA,BALLIU_ETNA_ALTA_TUMBONA_AL_TELA_BALLIU_D08586C1 + CON,balliu-tumbona-de-exterior-aluminio-d08586c1,
Tumbona exterior aluminio alta · acceso fácil · Etna Alta,Tumbona,Etna Alta,Sí / Tórtola / Verde oscuro,SV-ETNAALTA-R-TORTOLA-VERDE-OSC,BALLIU_ETNA_ALTA_TUMBONA_AL_TELA_BALLIU_D08586C1 + CON,balliu-tumbona-de-exterior-aluminio-d08586c1,
Tumbona exterior aluminio alta · acceso fácil · Etna Alta,Tumbona,Etna Alta,Sí / Tórtola / Azul celeste,SV-ETNAALTA-R-TORTOLA-AZUL-CEL,BALLIU_ETNA_ALTA_TUMBONA_AL_TELA_BALLIU_D08586C1 + CON,balliu-tumbona-de-exterior-aluminio-d08586c1,
Tumbona exterior aluminio alta · acceso fácil · Etna Alta,Tumbona,Etna Alta,Sí / Tórtola / Ceniza,SV-ETNAALTA-R-TORTOLA-CENIZA,BALLIU_ETNA_ALTA_TUMBONA_AL_TELA_BALLIU_D08586C1 + CON,balliu-tumbona-de-exterior-aluminio-d08586c1,
Tumbona exterior aluminio alta · acceso fácil · Etna Alta,Tumbona,Etna Alta,Sí / Tórtola / Azul marino,SV-ETNAALTA-R-TORTOLA-AZUL-MAR,BALLIU_ETNA_ALTA_TUMBONA_AL_TELA_BALLIU_D08586C1 + CON,balliu-tumbona-de-exterior-aluminio-d08586c1,
Tumbona exterior aluminio alta · acceso fácil · Etna Alta,Tumbona,Etna Alta,Sí / Tórtola / Gris oscuro,SV-ETNAALTA-R-TORTOLA-GRIS-OSC,BALLIU_ETNA_ALTA_TUMBONA_AL_TELA_BALLIU_D08586C1 + CON,balliu-tumbona-de-exterior-aluminio-d08586c1,
Tumbona exterior aluminio alta · acceso fácil · Etna Alta,Tumbona,Etna Alta,Sí / Tórtola / Azul acero,SV-ETNAALTA-R-TORTOLA-AZUL-ACERO,BALLIU_ETNA_ALTA_TUMBONA_AL_TELA_BALLIU_D08586C1 + CON,balliu-tumbona-de-exterior-aluminio-d08586c1,
Tumbona exterior aluminio alta · acceso fácil · Etna Alta,Tumbona,Etna Alta,Sí / Aluminio / Azul,SV-ETNAALTA-R-ALUMINIO-AZUL,BALLIU_ETNA_ALTA_TUMBONA_AL_TELA_BALLIU_D08586C1 + CON,balliu-tumbona-de-exterior-aluminio-d08586c1,
Tumbona exterior aluminio alta · acceso fácil · Etna Alta,Tumbona,Etna Alta,Sí / Aluminio / Amarillo,SV-ETNAALTA-R-ALUMINIO-AMARILLO,BALLIU_ETNA_ALTA_TUMBONA_AL_TELA_BALLIU_D08586C1 + CON,balliu-tumbona-de-exterior-aluminio-d08586c1,
Tumbona exterior aluminio alta · acceso fácil · Etna Alta,Tumbona,Etna Alta,Sí / Aluminio / Naranja,SV-ETNAALTA-R-ALUMINIO-NARANJA,BALLIU_ETNA_ALTA_TUMBONA_AL_TELA_BALLIU_D08586C1 + CON,balliu-tumbona-de-exterior-aluminio-d08586c1,
Tumbona exterior aluminio alta · acceso fácil · Etna Alta,Tumbona,Etna Alta,Sí / Aluminio / Verde claro,SV-ETNAALTA-R-ALUMINIO-VERDE-CLARO,BALLIU_ETNA_ALTA_TUMBONA_AL_TELA_BALLIU_D08586C1 + CON,balliu-tumbona-de-exterior-aluminio-d08586c1,
Tumbona exterior aluminio alta · acceso fácil · Etna Alta,Tumbona,Etna Alta,Sí / Aluminio / Blanco,SV-ETNAALTA-R-ALUMINIO-BLANCO,BALLIU_ETNA_ALTA_TUMBONA_AL_TELA_BALLIU_D08586C1 + CON,balliu-tumbona-de-exterior-aluminio-d08586c1,
Tumbona exterior aluminio alta · acceso fácil · Etna Alta,Tumbona,Etna Alta,Sí / Aluminio / Natural,SV-ETNAALTA-R-ALUMINIO-NATURAL,BALLIU_ETNA_ALTA_TUMBONA_AL_TELA_BALLIU_D08586C1 + CON,balliu-tumbona-de-exterior-aluminio-d08586c1,
Tumbona exterior aluminio alta · acceso fácil · Etna Alta,Tumbona,Etna Alta,Sí / Aluminio / Capuchino,SV-ETNAALTA-R-ALUMINIO-CAPUCHINO,BALLIU_ETNA_ALTA_TUMBONA_AL_TELA_BALLIU_D08586C1 + CON,balliu-tumbona-de-exterior-aluminio-d08586c1,
Tumbona exterior aluminio alta · acceso fácil · Etna Alta,Tumbona,Etna Alta,Sí / Aluminio / Caqui,SV-ETNAALTA-R-ALUMINIO-CAQUI,BALLIU_ETNA_ALTA_TUMBONA_AL_TELA_BALLIU_D08586C1 + CON,balliu-tumbona-de-exterior-aluminio-d08586c1,
Tumbona exterior aluminio alta · acceso fácil · Etna Alta,Tumbona,Etna Alta,Sí / Aluminio / Marrón oscuro,SV-ETNAALTA-R-ALUMINIO-MARRON-OSC,BALLIU_ETNA_ALTA_TUMBONA_AL_TELA_BALLIU_D08586C1 + CON,balliu-tumbona-de-exterior-aluminio-d08586c1,
Tumbona exterior aluminio alta · acceso fácil · Etna Alta,Tumbona,Etna Alta,Sí / Aluminio / Arena,SV-ETNAALTA-R-ALUMINIO-ARENA,BALLIU_ETNA_ALTA_TUMBONA_AL_TELA_BALLIU_D08586C1 + CON,balliu-tumbona-de-exterior-aluminio-d08586c1,
Tumbona exterior aluminio alta · acceso fácil · Etna Alta,Tumbona,Etna Alta,Sí / Aluminio / Verde oscuro,SV-ETNAALTA-R-ALUMINIO-VERDE-OSC,BALLIU_ETNA_ALTA_TUMBONA_AL_TELA_BALLIU_D08586C1 + CON,balliu-tumbona-de-exterior-aluminio-d08586c1,
Tumbona exterior aluminio alta · acceso fácil · Etna Alta,Tumbona,Etna Alta,Sí / Aluminio / Azul celeste,SV-ETNAALTA-R-ALUMINIO-AZUL-CEL,BALLIU_ETNA_ALTA_TUMBONA_AL_TELA_BALLIU_D08586C1 + CON,balliu-tumbona-de-exterior-aluminio-d08586c1,
Tumbona exterior aluminio alta · acceso fácil · Etna Alta,Tumbona,Etna Alta,Sí / Aluminio / Ceniza,SV-ETNAALTA-R-ALUMINIO-CENIZA,BALLIU_ETNA_ALTA_TUMBONA_AL_TELA_BALLIU_D08586C1 + CON,balliu-tumbona-de-exterior-aluminio-d08586c1,
Tumbona exterior aluminio alta · acceso fácil · Etna Alta,Tumbona,Etna Alta,Sí / Aluminio / Azul marino,SV-ETNAALTA-R-ALUMINIO-AZUL-MAR,BALLIU_ETNA_ALTA_TUMBONA_AL_TELA_BALLIU_D08586C1 + CON,balliu-tumbona-de-exterior-aluminio-d08586c1,
Tumbona exterior aluminio alta · acceso fácil · Etna Alta,Tumbona,Etna Alta,Sí / Aluminio / Gris oscuro,SV-ETNAALTA-R-ALUMINIO-GRIS-OSC,BALLIU_ETNA_ALTA_TUMBONA_AL_TELA_BALLIU_D08586C1 + CON,balliu-tumbona-de-exterior-aluminio-d08586c1,
Tumbona exterior aluminio alta · acceso fácil · Etna Alta,Tumbona,Etna Alta,Sí / Aluminio / Azul acero,SV-ETNAALTA-R-ALUMINIO-AZUL-ACERO,BALLIU_ETNA_ALTA_TUMBONA_AL_TELA_BALLIU_D08586C1 + CON,balliu-tumbona-de-exterior-aluminio-d08586c1,
Tumbona exterior aluminio · con ruedas 58 cm · Iris,Tumbona,Iris,Azul,SV-IRIS-AZUL,BALLIU_IRIS_TUMBONA_CON_RUEDAS_9064B7B9,balliu-tumbona-de-exterior-con-ruedas-aluminio-58-cm-9064b7b9,
Tumbona exterior aluminio · con ruedas 58 cm · Iris,Tumbona,Iris,Amarillo,SV-IRIS-AMARILLO,BALLIU_IRIS_TUMBONA_CON_RUEDAS_9064B7B9,balliu-tumbona-de-exterior-con-ruedas-aluminio-58-cm-9064b7b9,
Tumbona exterior aluminio · con ruedas 58 cm · Iris,Tumbona,Iris,Naranja,SV-IRIS-NARANJA,BALLIU_IRIS_TUMBONA_CON_RUEDAS_9064B7B9,balliu-tumbona-de-exterior-con-ruedas-aluminio-58-cm-9064b7b9,
Tumbona exterior aluminio · con ruedas 58 cm · Iris,Tumbona,Iris,Verde claro,SV-IRIS-VERDE-CLARO,BALLIU_IRIS_TUMBONA_CON_RUEDAS_9064B7B9,balliu-tumbona-de-exterior-con-ruedas-aluminio-58-cm-9064b7b9,
Tumbona exterior aluminio · con ruedas 58 cm · Iris,Tumbona,Iris,Blanco,SV-IRIS-BLANCO,BALLIU_IRIS_TUMBONA_CON_RUEDAS_9064B7B9,balliu-tumbona-de-exterior-con-ruedas-aluminio-58-cm-9064b7b9,
Tumbona exterior aluminio · con ruedas 58 cm · Iris,Tumbona,Iris,Natural,SV-IRIS-NATURAL,BALLIU_IRIS_TUMBONA_CON_RUEDAS_9064B7B9,balliu-tumbona-de-exterior-con-ruedas-aluminio-58-cm-9064b7b9,
Tumbona exterior aluminio · con ruedas 58 cm · Iris,Tumbona,Iris,Capuchino,SV-IRIS-CAPUCHINO,BALLIU_IRIS_TUMBONA_CON_RUEDAS_9064B7B9,balliu-tumbona-de-exterior-con-ruedas-aluminio-58-cm-9064b7b9,
Tumbona exterior aluminio · con ruedas 58 cm · Iris,Tumbona,Iris,Caqui,SV-IRIS-CAQUI,BALLIU_IRIS_TUMBONA_CON_RUEDAS_9064B7B9,balliu-tumbona-de-exterior-con-ruedas-aluminio-58-cm-9064b7b9,
Tumbona exterior aluminio · con ruedas 58 cm · Iris,Tumbona,Iris,Marrón oscuro,SV-IRIS-MARRON-OSC,BALLIU_IRIS_TUMBONA_CON_RUEDAS_9064B7B9,balliu-tumbona-de-exterior-con-ruedas-aluminio-58-cm-9064b7b9,
Tumbona exterior aluminio · con ruedas 58 cm · Iris,Tumbona,Iris,Arena,SV-IRIS-ARENA,BALLIU_IRIS_TUMBONA_CON_RUEDAS_9064B7B9,balliu-tumbona-de-exterior-con-ruedas-aluminio-58-cm-9064b7b9,
Tumbona exterior aluminio · con ruedas 58 cm · Iris,Tumbona,Iris,Verde oscuro,SV-IRIS-VERDE-OSC,BALLIU_IRIS_TUMBONA_CON_RUEDAS_9064B7B9,balliu-tumbona-de-exterior-con-ruedas-aluminio-58-cm-9064b7b9,
Tumbona exterior aluminio · con ruedas 58 cm · Iris,Tumbona,Iris,Azul celeste,SV-IRIS-AZUL-CEL,BALLIU_IRIS_TUMBONA_CON_RUEDAS_9064B7B9,balliu-tumbona-de-exterior-con-ruedas-aluminio-58-cm-9064b7b9,
Tumbona exterior aluminio · con ruedas 58 cm · Iris,Tumbona,Iris,Ceniza,SV-IRIS-CENIZA,BALLIU_IRIS_TUMBONA_CON_RUEDAS_9064B7B9,balliu-tumbona-de-exterior-con-ruedas-aluminio-58-cm-9064b7b9,
Tumbona exterior aluminio · con ruedas 58 cm · Iris,Tumbona,Iris,Azul marino,SV-IRIS-AZUL-MAR,BALLIU_IRIS_TUMBONA_CON_RUEDAS_9064B7B9,balliu-tumbona-de-exterior-con-ruedas-aluminio-58-cm-9064b7b9,
Tumbona exterior aluminio · con ruedas 58 cm · Iris,Tumbona,Iris,Gris oscuro,SV-IRIS-GRIS-OSC,BALLIU_IRIS_TUMBONA_CON_RUEDAS_9064B7B9,balliu-tumbona-de-exterior-con-ruedas-aluminio-58-cm-9064b7b9,
Tumbona exterior aluminio · con ruedas 58 cm · Iris,Tumbona,Iris,Azul acero,SV-IRIS-AZUL-ACERO,BALLIU_IRIS_TUMBONA_CON_RUEDAS_9064B7B9,balliu-tumbona-de-exterior-con-ruedas-aluminio-58-cm-9064b7b9,
Tumbona exterior aluminio apilable · 68 cm · Marina,Tumbona,Marina,Azul,SV-MARINA-AZUL,BALLIU_MARINA_TUMBONA_TELA_BALLIU_F7AB4DA8,balliu-tumbona-de-exterior-aluminio-68-cm-f7ab4da8,
Tumbona exterior aluminio apilable · 68 cm · Marina,Tumbona,Marina,Amarillo,SV-MARINA-AMARILLO,BALLIU_MARINA_TUMBONA_TELA_BALLIU_F7AB4DA8,balliu-tumbona-de-exterior-aluminio-68-cm-f7ab4da8,
Tumbona exterior aluminio apilable · 68 cm · Marina,Tumbona,Marina,Naranja,SV-MARINA-NARANJA,BALLIU_MARINA_TUMBONA_TELA_BALLIU_F7AB4DA8,balliu-tumbona-de-exterior-aluminio-68-cm-f7ab4da8,
Tumbona exterior aluminio apilable · 68 cm · Marina,Tumbona,Marina,Verde claro,SV-MARINA-VERDE-CLARO,BALLIU_MARINA_TUMBONA_TELA_BALLIU_F7AB4DA8,balliu-tumbona-de-exterior-aluminio-68-cm-f7ab4da8,
Tumbona exterior aluminio apilable · 68 cm · Marina,Tumbona,Marina,Blanco,SV-MARINA-BLANCO,BALLIU_MARINA_TUMBONA_TELA_BALLIU_F7AB4DA8,balliu-tumbona-de-exterior-aluminio-68-cm-f7ab4da8,
Tumbona exterior aluminio apilable · 68 cm · Marina,Tumbona,Marina,Natural,SV-MARINA-NATURAL,BALLIU_MARINA_TUMBONA_TELA_BALLIU_F7AB4DA8,balliu-tumbona-de-exterior-aluminio-68-cm-f7ab4da8,
Tumbona exterior aluminio apilable · 68 cm · Marina,Tumbona,Marina,Capuchino,SV-MARINA-CAPUCHINO,BALLIU_MARINA_TUMBONA_TELA_BALLIU_F7AB4DA8,balliu-tumbona-de-exterior-aluminio-68-cm-f7ab4da8,
Tumbona exterior aluminio apilable · 68 cm · Marina,Tumbona,Marina,Caqui,SV-MARINA-CAQUI,BALLIU_MARINA_TUMBONA_TELA_BALLIU_F7AB4DA8,balliu-tumbona-de-exterior-aluminio-68-cm-f7ab4da8,
Tumbona exterior aluminio apilable · 68 cm · Marina,Tumbona,Marina,Marrón oscuro,SV-MARINA-MARRON-OSC,BALLIU_MARINA_TUMBONA_TELA_BALLIU_F7AB4DA8,balliu-tumbona-de-exterior-aluminio-68-cm-f7ab4da8,
Tumbona exterior aluminio apilable · 68 cm · Marina,Tumbona,Marina,Arena,SV-MARINA-ARENA,BALLIU_MARINA_TUMBONA_TELA_BALLIU_F7AB4DA8,balliu-tumbona-de-exterior-aluminio-68-cm-f7ab4da8,
Tumbona exterior aluminio apilable · 68 cm · Marina,Tumbona,Marina,Verde oscuro,SV-MARINA-VERDE-OSC,BALLIU_MARINA_TUMBONA_TELA_BALLIU_F7AB4DA8,balliu-tumbona-de-exterior-aluminio-68-cm-f7ab4da8,
Tumbona exterior aluminio apilable · 68 cm · Marina,Tumbona,Marina,Azul celeste,SV-MARINA-AZUL-CEL,BALLIU_MARINA_TUMBONA_TELA_BALLIU_F7AB4DA8,balliu-tumbona-de-exterior-aluminio-68-cm-f7ab4da8,
Tumbona exterior aluminio apilable · 68 cm · Marina,Tumbona,Marina,Ceniza,SV-MARINA-CENIZA,BALLIU_MARINA_TUMBONA_TELA_BALLIU_F7AB4DA8,balliu-tumbona-de-exterior-aluminio-68-cm-f7ab4da8,
Tumbona exterior aluminio apilable · 68 cm · Marina,Tumbona,Marina,Azul marino,SV-MARINA-AZUL-MAR,BALLIU_MARINA_TUMBONA_TELA_BALLIU_F7AB4DA8,balliu-tumbona-de-exterior-aluminio-68-cm-f7ab4da8,
Tumbona exterior aluminio apilable · 68 cm · Marina,Tumbona,Marina,Gris oscuro,SV-MARINA-GRIS-OSC,BALLIU_MARINA_TUMBONA_TELA_BALLIU_F7AB4DA8,balliu-tumbona-de-exterior-aluminio-68-cm-f7ab4da8,
Tumbona exterior aluminio apilable · 68 cm · Marina,Tumbona,Marina,Azul acero,SV-MARINA-AZUL-ACERO,BALLIU_MARINA_TUMBONA_TELA_BALLIU_F7AB4DA8,balliu-tumbona-de-exterior-aluminio-68-cm-f7ab4da8,
Mini tumbona exterior aluminio plegable · 62 cm · Cannes,Mini tumbona,Mini Cannes,Blanco / Azul,SV-CANNES-BLANCO-AZUL,BALLIU_CANNES_MINI_TUMBONA_*_5A6F53EB,balliu-mini-tumbona-de-exterior-aluminio-62-cm-5a6f53eb,
Mini tumbona exterior aluminio plegable · 62 cm · Cannes,Mini tumbona,Mini Cannes,Blanco / Amarillo,SV-CANNES-BLANCO-AMARILLO,BALLIU_CANNES_MINI_TUMBONA_*_5A6F53EB,balliu-mini-tumbona-de-exterior-aluminio-62-cm-5a6f53eb,
Mini tumbona exterior aluminio plegable · 62 cm · Cannes,Mini tumbona,Mini Cannes,Blanco / Naranja,SV-CANNES-BLANCO-NARANJA,BALLIU_CANNES_MINI_TUMBONA_*_5A6F53EB,balliu-mini-tumbona-de-exterior-aluminio-62-cm-5a6f53eb,
Mini tumbona exterior aluminio plegable · 62 cm · Cannes,Mini tumbona,Mini Cannes,Blanco / Verde claro,SV-CANNES-BLANCO-VERDE-CLARO,BALLIU_CANNES_MINI_TUMBONA_*_5A6F53EB,balliu-mini-tumbona-de-exterior-aluminio-62-cm-5a6f53eb,
Mini tumbona exterior aluminio plegable · 62 cm · Cannes,Mini tumbona,Mini Cannes,Blanco / Blanco,SV-CANNES-BLANCO-BLANCO,BALLIU_CANNES_MINI_TUMBONA_*_5A6F53EB,balliu-mini-tumbona-de-exterior-aluminio-62-cm-5a6f53eb,
Mini tumbona exterior aluminio plegable · 62 cm · Cannes,Mini tumbona,Mini Cannes,Blanco / Natural,SV-CANNES-BLANCO-NATURAL,BALLIU_CANNES_MINI_TUMBONA_*_5A6F53EB,balliu-mini-tumbona-de-exterior-aluminio-62-cm-5a6f53eb,
Mini tumbona exterior aluminio plegable · 62 cm · Cannes,Mini tumbona,Mini Cannes,Blanco / Capuchino,SV-CANNES-BLANCO-CAPUCHINO,BALLIU_CANNES_MINI_TUMBONA_*_5A6F53EB,balliu-mini-tumbona-de-exterior-aluminio-62-cm-5a6f53eb,
Mini tumbona exterior aluminio plegable · 62 cm · Cannes,Mini tumbona,Mini Cannes,Blanco / Caqui,SV-CANNES-BLANCO-CAQUI,BALLIU_CANNES_MINI_TUMBONA_*_5A6F53EB,balliu-mini-tumbona-de-exterior-aluminio-62-cm-5a6f53eb,
Mini tumbona exterior aluminio plegable · 62 cm · Cannes,Mini tumbona,Mini Cannes,Blanco / Marrón oscuro,SV-CANNES-BLANCO-MARRON-OSC,BALLIU_CANNES_MINI_TUMBONA_*_5A6F53EB,balliu-mini-tumbona-de-exterior-aluminio-62-cm-5a6f53eb,
Mini tumbona exterior aluminio plegable · 62 cm · Cannes,Mini tumbona,Mini Cannes,Blanco / Arena,SV-CANNES-BLANCO-ARENA,BALLIU_CANNES_MINI_TUMBONA_*_5A6F53EB,balliu-mini-tumbona-de-exterior-aluminio-62-cm-5a6f53eb,
Mini tumbona exterior aluminio plegable · 62 cm · Cannes,Mini tumbona,Mini Cannes,Blanco / Verde oscuro,SV-CANNES-BLANCO-VERDE-OSC,BALLIU_CANNES_MINI_TUMBONA_*_5A6F53EB,balliu-mini-tumbona-de-exterior-aluminio-62-cm-5a6f53eb,
Mini tumbona exterior aluminio plegable · 62 cm · Cannes,Mini tumbona,Mini Cannes,Blanco / Azul celeste,SV-CANNES-BLANCO-AZUL-CEL,BALLIU_CANNES_MINI_TUMBONA_*_5A6F53EB,balliu-mini-tumbona-de-exterior-aluminio-62-cm-5a6f53eb,
Mini tumbona exterior aluminio plegable · 62 cm · Cannes,Mini tumbona,Mini Cannes,Blanco / Ceniza,SV-CANNES-BLANCO-CENIZA,BALLIU_CANNES_MINI_TUMBONA_*_5A6F53EB,balliu-mini-tumbona-de-exterior-aluminio-62-cm-5a6f53eb,
Mini tumbona exterior aluminio plegable · 62 cm · Cannes,Mini tumbona,Mini Cannes,Blanco / Azul marino,SV-CANNES-BLANCO-AZUL-MAR,BALLIU_CANNES_MINI_TUMBONA_*_5A6F53EB,balliu-mini-tumbona-de-exterior-aluminio-62-cm-5a6f53eb,
Mini tumbona exterior aluminio plegable · 62 cm · Cannes,Mini tumbona,Mini Cannes,Blanco / Gris oscuro,SV-CANNES-BLANCO-GRIS-OSC,BALLIU_CANNES_MINI_TUMBONA_*_5A6F53EB,balliu-mini-tumbona-de-exterior-aluminio-62-cm-5a6f53eb,
Mini tumbona exterior aluminio plegable · 62 cm · Cannes,Mini tumbona,Mini Cannes,Blanco / Azul acero,SV-CANNES-BLANCO-AZUL-ACERO,BALLIU_CANNES_MINI_TUMBONA_*_5A6F53EB,balliu-mini-tumbona-de-exterior-aluminio-62-cm-5a6f53eb,
Mini tumbona exterior aluminio plegable · 62 cm · Cannes,Mini tumbona,Mini Cannes,Tórtola / Azul,SV-CANNES-TORTOLA-AZUL,BALLIU_CANNES_MINI_TUMBONA_*_5A6F53EB,balliu-mini-tumbona-de-exterior-aluminio-62-cm-5a6f53eb,
Mini tumbona exterior aluminio plegable · 62 cm · Cannes,Mini tumbona,Mini Cannes,Tórtola / Amarillo,SV-CANNES-TORTOLA-AMARILLO,BALLIU_CANNES_MINI_TUMBONA_*_5A6F53EB,balliu-mini-tumbona-de-exterior-aluminio-62-cm-5a6f53eb,
Mini tumbona exterior aluminio plegable · 62 cm · Cannes,Mini tumbona,Mini Cannes,Tórtola / Naranja,SV-CANNES-TORTOLA-NARANJA,BALLIU_CANNES_MINI_TUMBONA_*_5A6F53EB,balliu-mini-tumbona-de-exterior-aluminio-62-cm-5a6f53eb,
Mini tumbona exterior aluminio plegable · 62 cm · Cannes,Mini tumbona,Mini Cannes,Tórtola / Verde claro,SV-CANNES-TORTOLA-VERDE-CLARO,BALLIU_CANNES_MINI_TUMBONA_*_5A6F53EB,balliu-mini-tumbona-de-exterior-aluminio-62-cm-5a6f53eb,
Mini tumbona exterior aluminio plegable · 62 cm · Cannes,Mini tumbona,Mini Cannes,Tórtola / Blanco,SV-CANNES-TORTOLA-BLANCO,BALLIU_CANNES_MINI_TUMBONA_*_5A6F53EB,balliu-mini-tumbona-de-exterior-aluminio-62-cm-5a6f53eb,
Mini tumbona exterior aluminio plegable · 62 cm · Cannes,Mini tumbona,Mini Cannes,Tórtola / Natural,SV-CANNES-TORTOLA-NATURAL,BALLIU_CANNES_MINI_TUMBONA_*_5A6F53EB,balliu-mini-tumbona-de-exterior-aluminio-62-cm-5a6f53eb,
Mini tumbona exterior aluminio plegable · 62 cm · Cannes,Mini tumbona,Mini Cannes,Tórtola / Capuchino,SV-CANNES-TORTOLA-CAPUCHINO,BALLIU_CANNES_MINI_TUMBONA_*_5A6F53EB,balliu-mini-tumbona-de-exterior-aluminio-62-cm-5a6f53eb,
Mini tumbona exterior aluminio plegable · 62 cm · Cannes,Mini tumbona,Mini Cannes,Tórtola / Caqui,SV-CANNES-TORTOLA-CAQUI,BALLIU_CANNES_MINI_TUMBONA_*_5A6F53EB,balliu-mini-tumbona-de-exterior-aluminio-62-cm-5a6f53eb,
Mini tumbona exterior aluminio plegable · 62 cm · Cannes,Mini tumbona,Mini Cannes,Tórtola / Marrón oscuro,SV-CANNES-TORTOLA-MARRON-OSC,BALLIU_CANNES_MINI_TUMBONA_*_5A6F53EB,balliu-mini-tumbona-de-exterior-aluminio-62-cm-5a6f53eb,
Mini tumbona exterior aluminio plegable · 62 cm · Cannes,Mini tumbona,Mini Cannes,Tórtola / Arena,SV-CANNES-TORTOLA-ARENA,BALLIU_CANNES_MINI_TUMBONA_*_5A6F53EB,balliu-mini-tumbona-de-exterior-aluminio-62-cm-5a6f53eb,
Mini tumbona exterior aluminio plegable · 62 cm · Cannes,Mini tumbona,Mini Cannes,Tórtola / Verde oscuro,SV-CANNES-TORTOLA-VERDE-OSC,BALLIU_CANNES_MINI_TUMBONA_*_5A6F53EB,balliu-mini-tumbona-de-exterior-aluminio-62-cm-5a6f53eb,
Mini tumbona exterior aluminio plegable · 62 cm · Cannes,Mini tumbona,Mini Cannes,Tórtola / Azul celeste,SV-CANNES-TORTOLA-AZUL-CEL,BALLIU_CANNES_MINI_TUMBONA_*_5A6F53EB,balliu-mini-tumbona-de-exterior-aluminio-62-cm-5a6f53eb,
Mini tumbona exterior aluminio plegable · 62 cm · Cannes,Mini tumbona,Mini Cannes,Tórtola / Ceniza,SV-CANNES-TORTOLA-CENIZA,BALLIU_CANNES_MINI_TUMBONA_*_5A6F53EB,balliu-mini-tumbona-de-exterior-aluminio-62-cm-5a6f53eb,
Mini tumbona exterior aluminio plegable · 62 cm · Cannes,Mini tumbona,Mini Cannes,Tórtola / Azul marino,SV-CANNES-TORTOLA-AZUL-MAR,BALLIU_CANNES_MINI_TUMBONA_*_5A6F53EB,balliu-mini-tumbona-de-exterior-aluminio-62-cm-5a6f53eb,
Mini tumbona exterior aluminio plegable · 62 cm · Cannes,Mini tumbona,Mini Cannes,Tórtola / Gris oscuro,SV-CANNES-TORTOLA-GRIS-OSC,BALLIU_CANNES_MINI_TUMBONA_*_5A6F53EB,balliu-mini-tumbona-de-exterior-aluminio-62-cm-5a6f53eb,
Mini tumbona exterior aluminio plegable · 62 cm · Cannes,Mini tumbona,Mini Cannes,Tórtola / Azul acero,SV-CANNES-TORTOLA-AZUL-ACERO,BALLIU_CANNES_MINI_TUMBONA_*_5A6F53EB,balliu-mini-tumbona-de-exterior-aluminio-62-cm-5a6f53eb,
Mini tumbona exterior aluminio plegable · 62 cm · Cannes,Mini tumbona,Mini Cannes,Aluminio / Azul,SV-CANNES-ALUMINIO-AZUL,BALLIU_CANNES_MINI_TUMBONA_*_5A6F53EB,balliu-mini-tumbona-de-exterior-aluminio-62-cm-5a6f53eb,
Mini tumbona exterior aluminio plegable · 62 cm · Cannes,Mini tumbona,Mini Cannes,Aluminio / Amarillo,SV-CANNES-ALUMINIO-AMARILLO,BALLIU_CANNES_MINI_TUMBONA_*_5A6F53EB,balliu-mini-tumbona-de-exterior-aluminio-62-cm-5a6f53eb,
Mini tumbona exterior aluminio plegable · 62 cm · Cannes,Mini tumbona,Mini Cannes,Aluminio / Naranja,SV-CANNES-ALUMINIO-NARANJA,BALLIU_CANNES_MINI_TUMBONA_*_5A6F53EB,balliu-mini-tumbona-de-exterior-aluminio-62-cm-5a6f53eb,
Mini tumbona exterior aluminio plegable · 62 cm · Cannes,Mini tumbona,Mini Cannes,Aluminio / Verde claro,SV-CANNES-ALUMINIO-VERDE-CLARO,BALLIU_CANNES_MINI_TUMBONA_*_5A6F53EB,balliu-mini-tumbona-de-exterior-aluminio-62-cm-5a6f53eb,
Mini tumbona exterior aluminio plegable · 62 cm · Cannes,Mini tumbona,Mini Cannes,Aluminio / Blanco,SV-CANNES-ALUMINIO-BLANCO,BALLIU_CANNES_MINI_TUMBONA_*_5A6F53EB,balliu-mini-tumbona-de-exterior-aluminio-62-cm-5a6f53eb,
Mini tumbona exterior aluminio plegable · 62 cm · Cannes,Mini tumbona,Mini Cannes,Aluminio / Natural,SV-CANNES-ALUMINIO-NATURAL,BALLIU_CANNES_MINI_TUMBONA_*_5A6F53EB,balliu-mini-tumbona-de-exterior-aluminio-62-cm-5a6f53eb,
Mini tumbona exterior aluminio plegable · 62 cm · Cannes,Mini tumbona,Mini Cannes,Aluminio / Capuchino,SV-CANNES-ALUMINIO-CAPUCHINO,BALLIU_CANNES_MINI_TUMBONA_*_5A6F53EB,balliu-mini-tumbona-de-exterior-aluminio-62-cm-5a6f53eb,
Mini tumbona exterior aluminio plegable · 62 cm · Cannes,Mini tumbona,Mini Cannes,Aluminio / Caqui,SV-CANNES-ALUMINIO-CAQUI,BALLIU_CANNES_MINI_TUMBONA_*_5A6F53EB,balliu-mini-tumbona-de-exterior-aluminio-62-cm-5a6f53eb,
Mini tumbona exterior aluminio plegable · 62 cm · Cannes,Mini tumbona,Mini Cannes,Aluminio / Marrón oscuro,SV-CANNES-ALUMINIO-MARRON-OSC,BALLIU_CANNES_MINI_TUMBONA_*_5A6F53EB,balliu-mini-tumbona-de-exterior-aluminio-62-cm-5a6f53eb,
Mini tumbona exterior aluminio plegable · 62 cm · Cannes,Mini tumbona,Mini Cannes,Aluminio / Arena,SV-CANNES-ALUMINIO-ARENA,BALLIU_CANNES_MINI_TUMBONA_*_5A6F53EB,balliu-mini-tumbona-de-exterior-aluminio-62-cm-5a6f53eb,
Mini tumbona exterior aluminio plegable · 62 cm · Cannes,Mini tumbona,Mini Cannes,Aluminio / Verde oscuro,SV-CANNES-ALUMINIO-VERDE-OSC,BALLIU_CANNES_MINI_TUMBONA_*_5A6F53EB,balliu-mini-tumbona-de-exterior-aluminio-62-cm-5a6f53eb,
Mini tumbona exterior aluminio plegable · 62 cm · Cannes,Mini tumbona,Mini Cannes,Aluminio / Azul celeste,SV-CANNES-ALUMINIO-AZUL-CEL,BALLIU_CANNES_MINI_TUMBONA_*_5A6F53EB,balliu-mini-tumbona-de-exterior-aluminio-62-cm-5a6f53eb,
Mini tumbona exterior aluminio plegable · 62 cm · Cannes,Mini tumbona,Mini Cannes,Aluminio / Ceniza,SV-CANNES-ALUMINIO-CENIZA,BALLIU_CANNES_MINI_TUMBONA_*_5A6F53EB,balliu-mini-tumbona-de-exterior-aluminio-62-cm-5a6f53eb,
Mini tumbona exterior aluminio plegable · 62 cm · Cannes,Mini tumbona,Mini Cannes,Aluminio / Azul marino,SV-CANNES-ALUMINIO-AZUL-MAR,BALLIU_CANNES_MINI_TUMBONA_*_5A6F53EB,balliu-mini-tumbona-de-exterior-aluminio-62-cm-5a6f53eb,
Mini tumbona exterior aluminio plegable · 62 cm · Cannes,Mini tumbona,Mini Cannes,Aluminio / Gris oscuro,SV-CANNES-ALUMINIO-GRIS-OSC,BALLIU_CANNES_MINI_TUMBONA_*_5A6F53EB,balliu-mini-tumbona-de-exterior-aluminio-62-cm-5a6f53eb,
Mini tumbona exterior aluminio plegable · 62 cm · Cannes,Mini tumbona,Mini Cannes,Aluminio / Azul acero,SV-CANNES-ALUMINIO-AZUL-ACERO,BALLIU_CANNES_MINI_TUMBONA_*_5A6F53EB,balliu-mini-tumbona-de-exterior-aluminio-62-cm-5a6f53eb,
Mini tumbona exterior madera teca plegable · 59 cm · Bristol,Mini tumbona,Mini Bristol,Azul,SV-BRISTOL-AZUL,BALLIU_BRISTOL_MINI_TUMBONA_*_FA211C70,balliu-mini-tumbona-de-exterior-madera-59-cm-fa211c70,
Mini tumbona exterior madera teca plegable · 59 cm · Bristol,Mini tumbona,Mini Bristol,Amarillo,SV-BRISTOL-AMARILLO,BALLIU_BRISTOL_MINI_TUMBONA_*_FA211C70,balliu-mini-tumbona-de-exterior-madera-59-cm-fa211c70,
Mini tumbona exterior madera teca plegable · 59 cm · Bristol,Mini tumbona,Mini Bristol,Naranja,SV-BRISTOL-NARANJA,BALLIU_BRISTOL_MINI_TUMBONA_*_FA211C70,balliu-mini-tumbona-de-exterior-madera-59-cm-fa211c70,
Mini tumbona exterior madera teca plegable · 59 cm · Bristol,Mini tumbona,Mini Bristol,Verde claro,SV-BRISTOL-VERDE-CLARO,BALLIU_BRISTOL_MINI_TUMBONA_*_FA211C70,balliu-mini-tumbona-de-exterior-madera-59-cm-fa211c70,
Mini tumbona exterior madera teca plegable · 59 cm · Bristol,Mini tumbona,Mini Bristol,Blanco,SV-BRISTOL-BLANCO,BALLIU_BRISTOL_MINI_TUMBONA_*_FA211C70,balliu-mini-tumbona-de-exterior-madera-59-cm-fa211c70,
Mini tumbona exterior madera teca plegable · 59 cm · Bristol,Mini tumbona,Mini Bristol,Natural,SV-BRISTOL-NATURAL,BALLIU_BRISTOL_MINI_TUMBONA_*_FA211C70,balliu-mini-tumbona-de-exterior-madera-59-cm-fa211c70,
Mini tumbona exterior madera teca plegable · 59 cm · Bristol,Mini tumbona,Mini Bristol,Capuchino,SV-BRISTOL-CAPUCHINO,BALLIU_BRISTOL_MINI_TUMBONA_*_FA211C70,balliu-mini-tumbona-de-exterior-madera-59-cm-fa211c70,
Mini tumbona exterior madera teca plegable · 59 cm · Bristol,Mini tumbona,Mini Bristol,Caqui,SV-BRISTOL-CAQUI,BALLIU_BRISTOL_MINI_TUMBONA_*_FA211C70,balliu-mini-tumbona-de-exterior-madera-59-cm-fa211c70,
Mini tumbona exterior madera teca plegable · 59 cm · Bristol,Mini tumbona,Mini Bristol,Marrón oscuro,SV-BRISTOL-MARRON-OSC,BALLIU_BRISTOL_MINI_TUMBONA_*_FA211C70,balliu-mini-tumbona-de-exterior-madera-59-cm-fa211c70,
Mini tumbona exterior madera teca plegable · 59 cm · Bristol,Mini tumbona,Mini Bristol,Arena,SV-BRISTOL-ARENA,BALLIU_BRISTOL_MINI_TUMBONA_*_FA211C70,balliu-mini-tumbona-de-exterior-madera-59-cm-fa211c70,
Mini tumbona exterior madera teca plegable · 59 cm · Bristol,Mini tumbona,Mini Bristol,Verde oscuro,SV-BRISTOL-VERDE-OSC,BALLIU_BRISTOL_MINI_TUMBONA_*_FA211C70,balliu-mini-tumbona-de-exterior-madera-59-cm-fa211c70,
Mini tumbona exterior madera teca plegable · 59 cm · Bristol,Mini tumbona,Mini Bristol,Azul celeste,SV-BRISTOL-AZUL-CEL,BALLIU_BRISTOL_MINI_TUMBONA_*_FA211C70,balliu-mini-tumbona-de-exterior-madera-59-cm-fa211c70,
Mini tumbona exterior madera teca plegable · 59 cm · Bristol,Mini tumbona,Mini Bristol,Ceniza,SV-BRISTOL-CENIZA,BALLIU_BRISTOL_MINI_TUMBONA_*_FA211C70,balliu-mini-tumbona-de-exterior-madera-59-cm-fa211c70,
Mini tumbona exterior madera teca plegable · 59 cm · Bristol,Mini tumbona,Mini Bristol,Azul marino,SV-BRISTOL-AZUL-MAR,BALLIU_BRISTOL_MINI_TUMBONA_*_FA211C70,balliu-mini-tumbona-de-exterior-madera-59-cm-fa211c70,
Mini tumbona exterior madera teca plegable · 59 cm · Bristol,Mini tumbona,Mini Bristol,Gris oscuro,SV-BRISTOL-GRIS-OSC,BALLIU_BRISTOL_MINI_TUMBONA_*_FA211C70,balliu-mini-tumbona-de-exterior-madera-59-cm-fa211c70,
Mini tumbona exterior madera teca plegable · 59 cm · Bristol,Mini tumbona,Mini Bristol,Azul acero,SV-BRISTOL-AZUL-ACERO,BALLIU_BRISTOL_MINI_TUMBONA_*_FA211C70,balliu-mini-tumbona-de-exterior-madera-59-cm-fa211c70,
Mini tumbona exterior aluminio apilable · 57 cm · Marina,Mini tumbona,Mini Marina,Blanco / Azul,SV-MINIMARINA-BLANCO-AZUL,BALLIU_MARINA_MINI_TUMBONA_*_98AB84CE,balliu-mini-tumbona-de-exterior-aluminio-57-cm-98ab84ce,
Mini tumbona exterior aluminio apilable · 57 cm · Marina,Mini tumbona,Mini Marina,Blanco / Amarillo,SV-MINIMARINA-BLANCO-AMARILLO,BALLIU_MARINA_MINI_TUMBONA_*_98AB84CE,balliu-mini-tumbona-de-exterior-aluminio-57-cm-98ab84ce,
Mini tumbona exterior aluminio apilable · 57 cm · Marina,Mini tumbona,Mini Marina,Blanco / Naranja,SV-MINIMARINA-BLANCO-NARANJA,BALLIU_MARINA_MINI_TUMBONA_*_98AB84CE,balliu-mini-tumbona-de-exterior-aluminio-57-cm-98ab84ce,
Mini tumbona exterior aluminio apilable · 57 cm · Marina,Mini tumbona,Mini Marina,Blanco / Verde claro,SV-MINIMARINA-BLANCO-VERDE-CLARO,BALLIU_MARINA_MINI_TUMBONA_*_98AB84CE,balliu-mini-tumbona-de-exterior-aluminio-57-cm-98ab84ce,
Mini tumbona exterior aluminio apilable · 57 cm · Marina,Mini tumbona,Mini Marina,Blanco / Blanco,SV-MINIMARINA-BLANCO-BLANCO,BALLIU_MARINA_MINI_TUMBONA_*_98AB84CE,balliu-mini-tumbona-de-exterior-aluminio-57-cm-98ab84ce,
Mini tumbona exterior aluminio apilable · 57 cm · Marina,Mini tumbona,Mini Marina,Blanco / Natural,SV-MINIMARINA-BLANCO-NATURAL,BALLIU_MARINA_MINI_TUMBONA_*_98AB84CE,balliu-mini-tumbona-de-exterior-aluminio-57-cm-98ab84ce,
Mini tumbona exterior aluminio apilable · 57 cm · Marina,Mini tumbona,Mini Marina,Blanco / Capuchino,SV-MINIMARINA-BLANCO-CAPUCHINO,BALLIU_MARINA_MINI_TUMBONA_*_98AB84CE,balliu-mini-tumbona-de-exterior-aluminio-57-cm-98ab84ce,
Mini tumbona exterior aluminio apilable · 57 cm · Marina,Mini tumbona,Mini Marina,Blanco / Caqui,SV-MINIMARINA-BLANCO-CAQUI,BALLIU_MARINA_MINI_TUMBONA_*_98AB84CE,balliu-mini-tumbona-de-exterior-aluminio-57-cm-98ab84ce,
Mini tumbona exterior aluminio apilable · 57 cm · Marina,Mini tumbona,Mini Marina,Blanco / Marrón oscuro,SV-MINIMARINA-BLANCO-MARRON-OSC,BALLIU_MARINA_MINI_TUMBONA_*_98AB84CE,balliu-mini-tumbona-de-exterior-aluminio-57-cm-98ab84ce,
Mini tumbona exterior aluminio apilable · 57 cm · Marina,Mini tumbona,Mini Marina,Blanco / Arena,SV-MINIMARINA-BLANCO-ARENA,BALLIU_MARINA_MINI_TUMBONA_*_98AB84CE,balliu-mini-tumbona-de-exterior-aluminio-57-cm-98ab84ce,
Mini tumbona exterior aluminio apilable · 57 cm · Marina,Mini tumbona,Mini Marina,Blanco / Verde oscuro,SV-MINIMARINA-BLANCO-VERDE-OSC,BALLIU_MARINA_MINI_TUMBONA_*_98AB84CE,balliu-mini-tumbona-de-exterior-aluminio-57-cm-98ab84ce,
Mini tumbona exterior aluminio apilable · 57 cm · Marina,Mini tumbona,Mini Marina,Blanco / Azul celeste,SV-MINIMARINA-BLANCO-AZUL-CEL,BALLIU_MARINA_MINI_TUMBONA_*_98AB84CE,balliu-mini-tumbona-de-exterior-aluminio-57-cm-98ab84ce,
Mini tumbona exterior aluminio apilable · 57 cm · Marina,Mini tumbona,Mini Marina,Blanco / Ceniza,SV-MINIMARINA-BLANCO-CENIZA,BALLIU_MARINA_MINI_TUMBONA_*_98AB84CE,balliu-mini-tumbona-de-exterior-aluminio-57-cm-98ab84ce,
Mini tumbona exterior aluminio apilable · 57 cm · Marina,Mini tumbona,Mini Marina,Blanco / Azul marino,SV-MINIMARINA-BLANCO-AZUL-MAR,BALLIU_MARINA_MINI_TUMBONA_*_98AB84CE,balliu-mini-tumbona-de-exterior-aluminio-57-cm-98ab84ce,
Mini tumbona exterior aluminio apilable · 57 cm · Marina,Mini tumbona,Mini Marina,Blanco / Gris oscuro,SV-MINIMARINA-BLANCO-GRIS-OSC,BALLIU_MARINA_MINI_TUMBONA_*_98AB84CE,balliu-mini-tumbona-de-exterior-aluminio-57-cm-98ab84ce,
Mini tumbona exterior aluminio apilable · 57 cm · Marina,Mini tumbona,Mini Marina,Blanco / Azul acero,SV-MINIMARINA-BLANCO-AZUL-ACERO,BALLIU_MARINA_MINI_TUMBONA_*_98AB84CE,balliu-mini-tumbona-de-exterior-aluminio-57-cm-98ab84ce,
Mini tumbona exterior aluminio apilable · 57 cm · Marina,Mini tumbona,Mini Marina,Aluminio / Azul,SV-MINIMARINA-ALUMINIO-AZUL,BALLIU_MARINA_MINI_TUMBONA_*_98AB84CE,balliu-mini-tumbona-de-exterior-aluminio-57-cm-98ab84ce,
Mini tumbona exterior aluminio apilable · 57 cm · Marina,Mini tumbona,Mini Marina,Aluminio / Amarillo,SV-MINIMARINA-ALUMINIO-AMARILLO,BALLIU_MARINA_MINI_TUMBONA_*_98AB84CE,balliu-mini-tumbona-de-exterior-aluminio-57-cm-98ab84ce,
Mini tumbona exterior aluminio apilable · 57 cm · Marina,Mini tumbona,Mini Marina,Aluminio / Naranja,SV-MINIMARINA-ALUMINIO-NARANJA,BALLIU_MARINA_MINI_TUMBONA_*_98AB84CE,balliu-mini-tumbona-de-exterior-aluminio-57-cm-98ab84ce,
Mini tumbona exterior aluminio apilable · 57 cm · Marina,Mini tumbona,Mini Marina,Aluminio / Verde claro,SV-MINIMARINA-ALUMINIO-VERDE-CLARO,BALLIU_MARINA_MINI_TUMBONA_*_98AB84CE,balliu-mini-tumbona-de-exterior-aluminio-57-cm-98ab84ce,
Mini tumbona exterior aluminio apilable · 57 cm · Marina,Mini tumbona,Mini Marina,Aluminio / Blanco,SV-MINIMARINA-ALUMINIO-BLANCO,BALLIU_MARINA_MINI_TUMBONA_*_98AB84CE,balliu-mini-tumbona-de-exterior-aluminio-57-cm-98ab84ce,
Mini tumbona exterior aluminio apilable · 57 cm · Marina,Mini tumbona,Mini Marina,Aluminio / Natural,SV-MINIMARINA-ALUMINIO-NATURAL,BALLIU_MARINA_MINI_TUMBONA_*_98AB84CE,balliu-mini-tumbona-de-exterior-aluminio-57-cm-98ab84ce,
Mini tumbona exterior aluminio apilable · 57 cm · Marina,Mini tumbona,Mini Marina,Aluminio / Capuchino,SV-MINIMARINA-ALUMINIO-CAPUCHINO,BALLIU_MARINA_MINI_TUMBONA_*_98AB84CE,balliu-mini-tumbona-de-exterior-aluminio-57-cm-98ab84ce,
Mini tumbona exterior aluminio apilable · 57 cm · Marina,Mini tumbona,Mini Marina,Aluminio / Caqui,SV-MINIMARINA-ALUMINIO-CAQUI,BALLIU_MARINA_MINI_TUMBONA_*_98AB84CE,balliu-mini-tumbona-de-exterior-aluminio-57-cm-98ab84ce,
Mini tumbona exterior aluminio apilable · 57 cm · Marina,Mini tumbona,Mini Marina,Aluminio / Marrón oscuro,SV-MINIMARINA-ALUMINIO-MARRON-OSC,BALLIU_MARINA_MINI_TUMBONA_*_98AB84CE,balliu-mini-tumbona-de-exterior-aluminio-57-cm-98ab84ce,
Mini tumbona exterior aluminio apilable · 57 cm · Marina,Mini tumbona,Mini Marina,Aluminio / Arena,SV-MINIMARINA-ALUMINIO-ARENA,BALLIU_MARINA_MINI_TUMBONA_*_98AB84CE,balliu-mini-tumbona-de-exterior-aluminio-57-cm-98ab84ce,
Mini tumbona exterior aluminio apilable · 57 cm · Marina,Mini tumbona,Mini Marina,Aluminio / Verde oscuro,SV-MINIMARINA-ALUMINIO-VERDE-OSC,BALLIU_MARINA_MINI_TUMBONA_*_98AB84CE,balliu-mini-tumbona-de-exterior-aluminio-57-cm-98ab84ce,
Mini tumbona exterior aluminio apilable · 57 cm · Marina,Mini tumbona,Mini Marina,Aluminio / Azul celeste,SV-MINIMARINA-ALUMINIO-AZUL-CEL,BALLIU_MARINA_MINI_TUMBONA_*_98AB84CE,balliu-mini-tumbona-de-exterior-aluminio-57-cm-98ab84ce,
Mini tumbona exterior aluminio apilable · 57 cm · Marina,Mini tumbona,Mini Marina,Aluminio / Ceniza,SV-MINIMARINA-ALUMINIO-CENIZA,BALLIU_MARINA_MINI_TUMBONA_*_98AB84CE,balliu-mini-tumbona-de-exterior-aluminio-57-cm-98ab84ce,
Mini tumbona exterior aluminio apilable · 57 cm · Marina,Mini tumbona,Mini Marina,Aluminio / Azul marino,SV-MINIMARINA-ALUMINIO-AZUL-MAR,BALLIU_MARINA_MINI_TUMBONA_*_98AB84CE,balliu-mini-tumbona-de-exterior-aluminio-57-cm-98ab84ce,
Mini tumbona exterior aluminio apilable · 57 cm · Marina,Mini tumbona,Mini Marina,Aluminio / Gris oscuro,SV-MINIMARINA-ALUMINIO-GRIS-OSC,BALLIU_MARINA_MINI_TUMBONA_*_98AB84CE,balliu-mini-tumbona-de-exterior-aluminio-57-cm-98ab84ce,
Mini tumbona exterior aluminio apilable · 57 cm · Marina,Mini tumbona,Mini Marina,Aluminio / Azul acero,SV-MINIMARINA-ALUMINIO-AZUL-ACERO,BALLIU_MARINA_MINI_TUMBONA_*_98AB84CE,balliu-mini-tumbona-de-exterior-aluminio-57-cm-98ab84ce,
Cama balinesa exterior aluminio · estilo sofisticado | 160 cm,Cama balinesa,,,BALLIU_AURA_CAMA_BALINESA_TELA_NAUTICA_2BD3A7A4,,balliu-cama-balinesa-exterior-aluminio-estilo-sofisticado-160-cm-2bd3a7a4,
Cama balinesa exterior aluminio · estilo minimalista | 198 cm,Cama balinesa,,,BALLIU_ALMA_CAMA_BALINESA_TELA_NAUTICA_DCAF71D8,,balliu-cama-balinesa-exterior-aluminio-estilo-minimalista-198-cm-dcaf71d8,
Taburete exterior aluminio · tejido Balliu · Etna,Mobiliario exterior,Etna Taburete,Blanco / Azul,SV-ETNA-TAB-BLANCO-AZUL,BALLIU_ETNA_SILLA_TABURETE_ETNA_AL_A66B4A0A,balliu-taburete-exterior-aluminio-estilo-elegante-56-cm-a66b4a0a,
Taburete exterior aluminio · tejido Balliu · Etna,Mobiliario exterior,Etna Taburete,Blanco / Amarillo,SV-ETNA-TAB-BLANCO-AMARILLO,BALLIU_ETNA_SILLA_TABURETE_ETNA_AL_A66B4A0A,balliu-taburete-exterior-aluminio-estilo-elegante-56-cm-a66b4a0a,
Taburete exterior aluminio · tejido Balliu · Etna,Mobiliario exterior,Etna Taburete,Blanco / Naranja,SV-ETNA-TAB-BLANCO-NARANJA,BALLIU_ETNA_SILLA_TABURETE_ETNA_AL_A66B4A0A,balliu-taburete-exterior-aluminio-estilo-elegante-56-cm-a66b4a0a,
Taburete exterior aluminio · tejido Balliu · Etna,Mobiliario exterior,Etna Taburete,Blanco / Verde claro,SV-ETNA-TAB-BLANCO-VERDE-CLARO,BALLIU_ETNA_SILLA_TABURETE_ETNA_AL_A66B4A0A,balliu-taburete-exterior-aluminio-estilo-elegante-56-cm-a66b4a0a,
Taburete exterior aluminio · tejido Balliu · Etna,Mobiliario exterior,Etna Taburete,Blanco / Blanco,SV-ETNA-TAB-BLANCO-BLANCO,BALLIU_ETNA_SILLA_TABURETE_ETNA_AL_A66B4A0A,balliu-taburete-exterior-aluminio-estilo-elegante-56-cm-a66b4a0a,
Taburete exterior aluminio · tejido Balliu · Etna,Mobiliario exterior,Etna Taburete,Blanco / Natural,SV-ETNA-TAB-BLANCO-NATURAL,BALLIU_ETNA_SILLA_TABURETE_ETNA_AL_A66B4A0A,balliu-taburete-exterior-aluminio-estilo-elegante-56-cm-a66b4a0a,
Taburete exterior aluminio · tejido Balliu · Etna,Mobiliario exterior,Etna Taburete,Blanco / Capuchino,SV-ETNA-TAB-BLANCO-CAPUCHINO,BALLIU_ETNA_SILLA_TABURETE_ETNA_AL_A66B4A0A,balliu-taburete-exterior-aluminio-estilo-elegante-56-cm-a66b4a0a,
Taburete exterior aluminio · tejido Balliu · Etna,Mobiliario exterior,Etna Taburete,Blanco / Caqui,SV-ETNA-TAB-BLANCO-CAQUI,BALLIU_ETNA_SILLA_TABURETE_ETNA_AL_A66B4A0A,balliu-taburete-exterior-aluminio-estilo-elegante-56-cm-a66b4a0a,
Taburete exterior aluminio · tejido Balliu · Etna,Mobiliario exterior,Etna Taburete,Blanco / Marrón oscuro,SV-ETNA-TAB-BLANCO-MARRON-OSC,BALLIU_ETNA_SILLA_TABURETE_ETNA_AL_A66B4A0A,balliu-taburete-exterior-aluminio-estilo-elegante-56-cm-a66b4a0a,
Taburete exterior aluminio · tejido Balliu · Etna,Mobiliario exterior,Etna Taburete,Blanco / Arena,SV-ETNA-TAB-BLANCO-ARENA,BALLIU_ETNA_SILLA_TABURETE_ETNA_AL_A66B4A0A,balliu-taburete-exterior-aluminio-estilo-elegante-56-cm-a66b4a0a,
Taburete exterior aluminio · tejido Balliu · Etna,Mobiliario exterior,Etna Taburete,Blanco / Verde oscuro,SV-ETNA-TAB-BLANCO-VERDE-OSC,BALLIU_ETNA_SILLA_TABURETE_ETNA_AL_A66B4A0A,balliu-taburete-exterior-aluminio-estilo-elegante-56-cm-a66b4a0a,
Taburete exterior aluminio · tejido Balliu · Etna,Mobiliario exterior,Etna Taburete,Blanco / Azul celeste,SV-ETNA-TAB-BLANCO-AZUL-CEL,BALLIU_ETNA_SILLA_TABURETE_ETNA_AL_A66B4A0A,balliu-taburete-exterior-aluminio-estilo-elegante-56-cm-a66b4a0a,
Taburete exterior aluminio · tejido Balliu · Etna,Mobiliario exterior,Etna Taburete,Blanco / Ceniza,SV-ETNA-TAB-BLANCO-CENIZA,BALLIU_ETNA_SILLA_TABURETE_ETNA_AL_A66B4A0A,balliu-taburete-exterior-aluminio-estilo-elegante-56-cm-a66b4a0a,
Taburete exterior aluminio · tejido Balliu · Etna,Mobiliario exterior,Etna Taburete,Blanco / Azul marino,SV-ETNA-TAB-BLANCO-AZUL-MAR,BALLIU_ETNA_SILLA_TABURETE_ETNA_AL_A66B4A0A,balliu-taburete-exterior-aluminio-estilo-elegante-56-cm-a66b4a0a,
Taburete exterior aluminio · tejido Balliu · Etna,Mobiliario exterior,Etna Taburete,Blanco / Gris oscuro,SV-ETNA-TAB-BLANCO-GRIS-OSC,BALLIU_ETNA_SILLA_TABURETE_ETNA_AL_A66B4A0A,balliu-taburete-exterior-aluminio-estilo-elegante-56-cm-a66b4a0a,
Taburete exterior aluminio · tejido Balliu · Etna,Mobiliario exterior,Etna Taburete,Blanco / Azul acero,SV-ETNA-TAB-BLANCO-AZUL-ACERO,BALLIU_ETNA_SILLA_TABURETE_ETNA_AL_A66B4A0A,balliu-taburete-exterior-aluminio-estilo-elegante-56-cm-a66b4a0a,
Taburete exterior aluminio · tejido Balliu · Etna,Mobiliario exterior,Etna Taburete,Tórtola / Azul,SV-ETNA-TAB-TORTOLA-AZUL,BALLIU_ETNA_SILLA_TABURETE_ETNA_AL_A66B4A0A,balliu-taburete-exterior-aluminio-estilo-elegante-56-cm-a66b4a0a,
Taburete exterior aluminio · tejido Balliu · Etna,Mobiliario exterior,Etna Taburete,Tórtola / Amarillo,SV-ETNA-TAB-TORTOLA-AMARILLO,BALLIU_ETNA_SILLA_TABURETE_ETNA_AL_A66B4A0A,balliu-taburete-exterior-aluminio-estilo-elegante-56-cm-a66b4a0a,
Taburete exterior aluminio · tejido Balliu · Etna,Mobiliario exterior,Etna Taburete,Tórtola / Naranja,SV-ETNA-TAB-TORTOLA-NARANJA,BALLIU_ETNA_SILLA_TABURETE_ETNA_AL_A66B4A0A,balliu-taburete-exterior-aluminio-estilo-elegante-56-cm-a66b4a0a,
Taburete exterior aluminio · tejido Balliu · Etna,Mobiliario exterior,Etna Taburete,Tórtola / Verde claro,SV-ETNA-TAB-TORTOLA-VERDE-CLARO,BALLIU_ETNA_SILLA_TABURETE_ETNA_AL_A66B4A0A,balliu-taburete-exterior-aluminio-estilo-elegante-56-cm-a66b4a0a,
Taburete exterior aluminio · tejido Balliu · Etna,Mobiliario exterior,Etna Taburete,Tórtola / Blanco,SV-ETNA-TAB-TORTOLA-BLANCO,BALLIU_ETNA_SILLA_TABURETE_ETNA_AL_A66B4A0A,balliu-taburete-exterior-aluminio-estilo-elegante-56-cm-a66b4a0a,
Taburete exterior aluminio · tejido Balliu · Etna,Mobiliario exterior,Etna Taburete,Tórtola / Natural,SV-ETNA-TAB-TORTOLA-NATURAL,BALLIU_ETNA_SILLA_TABURETE_ETNA_AL_A66B4A0A,balliu-taburete-exterior-aluminio-estilo-elegante-56-cm-a66b4a0a,
Taburete exterior aluminio · tejido Balliu · Etna,Mobiliario exterior,Etna Taburete,Tórtola / Capuchino,SV-ETNA-TAB-TORTOLA-CAPUCHINO,BALLIU_ETNA_SILLA_TABURETE_ETNA_AL_A66B4A0A,balliu-taburete-exterior-aluminio-estilo-elegante-56-cm-a66b4a0a,
Taburete exterior aluminio · tejido Balliu · Etna,Mobiliario exterior,Etna Taburete,Tórtola / Caqui,SV-ETNA-TAB-TORTOLA-CAQUI,BALLIU_ETNA_SILLA_TABURETE_ETNA_AL_A66B4A0A,balliu-taburete-exterior-aluminio-estilo-elegante-56-cm-a66b4a0a,
Taburete exterior aluminio · tejido Balliu · Etna,Mobiliario exterior,Etna Taburete,Tórtola / Marrón oscuro,SV-ETNA-TAB-TORTOLA-MARRON-OSC,BALLIU_ETNA_SILLA_TABURETE_ETNA_AL_A66B4A0A,balliu-taburete-exterior-aluminio-estilo-elegante-56-cm-a66b4a0a,
Taburete exterior aluminio · tejido Balliu · Etna,Mobiliario exterior,Etna Taburete,Tórtola / Arena,SV-ETNA-TAB-TORTOLA-ARENA,BALLIU_ETNA_SILLA_TABURETE_ETNA_AL_A66B4A0A,balliu-taburete-exterior-aluminio-estilo-elegante-56-cm-a66b4a0a,
Taburete exterior aluminio · tejido Balliu · Etna,Mobiliario exterior,Etna Taburete,Tórtola / Verde oscuro,SV-ETNA-TAB-TORTOLA-VERDE-OSC,BALLIU_ETNA_SILLA_TABURETE_ETNA_AL_A66B4A0A,balliu-taburete-exterior-aluminio-estilo-elegante-56-cm-a66b4a0a,
Taburete exterior aluminio · tejido Balliu · Etna,Mobiliario exterior,Etna Taburete,Tórtola / Azul celeste,SV-ETNA-TAB-TORTOLA-AZUL-CEL,BALLIU_ETNA_SILLA_TABURETE_ETNA_AL_A66B4A0A,balliu-taburete-exterior-aluminio-estilo-elegante-56-cm-a66b4a0a,
Taburete exterior aluminio · tejido Balliu · Etna,Mobiliario exterior,Etna Taburete,Tórtola / Ceniza,SV-ETNA-TAB-TORTOLA-CENIZA,BALLIU_ETNA_SILLA_TABURETE_ETNA_AL_A66B4A0A,balliu-taburete-exterior-aluminio-estilo-elegante-56-cm-a66b4a0a,
Taburete exterior aluminio · tejido Balliu · Etna,Mobiliario exterior,Etna Taburete,Tórtola / Azul marino,SV-ETNA-TAB-TORTOLA-AZUL-MAR,BALLIU_ETNA_SILLA_TABURETE_ETNA_AL_A66B4A0A,balliu-taburete-exterior-aluminio-estilo-elegante-56-cm-a66b4a0a,
Taburete exterior aluminio · tejido Balliu · Etna,Mobiliario exterior,Etna Taburete,Tórtola / Gris oscuro,SV-ETNA-TAB-TORTOLA-GRIS-OSC,BALLIU_ETNA_SILLA_TABURETE_ETNA_AL_A66B4A0A,balliu-taburete-exterior-aluminio-estilo-elegante-56-cm-a66b4a0a,
Taburete exterior aluminio · tejido Balliu · Etna,Mobiliario exterior,Etna Taburete,Tórtola / Azul acero,SV-ETNA-TAB-TORTOLA-AZUL-ACERO,BALLIU_ETNA_SILLA_TABURETE_ETNA_AL_A66B4A0A,balliu-taburete-exterior-aluminio-estilo-elegante-56-cm-a66b4a0a,
Taburete exterior aluminio · tejido Balliu · Etna,Mobiliario exterior,Etna Taburete,Aluminio / Azul,SV-ETNA-TAB-ALUMINIO-AZUL,BALLIU_ETNA_SILLA_TABURETE_ETNA_AL_A66B4A0A,balliu-taburete-exterior-aluminio-estilo-elegante-56-cm-a66b4a0a,
Taburete exterior aluminio · tejido Balliu · Etna,Mobiliario exterior,Etna Taburete,Aluminio / Amarillo,SV-ETNA-TAB-ALUMINIO-AMARILLO,BALLIU_ETNA_SILLA_TABURETE_ETNA_AL_A66B4A0A,balliu-taburete-exterior-aluminio-estilo-elegante-56-cm-a66b4a0a,
Taburete exterior aluminio · tejido Balliu · Etna,Mobiliario exterior,Etna Taburete,Aluminio / Naranja,SV-ETNA-TAB-ALUMINIO-NARANJA,BALLIU_ETNA_SILLA_TABURETE_ETNA_AL_A66B4A0A,balliu-taburete-exterior-aluminio-estilo-elegante-56-cm-a66b4a0a,
Taburete exterior aluminio · tejido Balliu · Etna,Mobiliario exterior,Etna Taburete,Aluminio / Verde claro,SV-ETNA-TAB-ALUMINIO-VERDE-CLARO,BALLIU_ETNA_SILLA_TABURETE_ETNA_AL_A66B4A0A,balliu-taburete-exterior-aluminio-estilo-elegante-56-cm-a66b4a0a,
Taburete exterior aluminio · tejido Balliu · Etna,Mobiliario exterior,Etna Taburete,Aluminio / Blanco,SV-ETNA-TAB-ALUMINIO-BLANCO,BALLIU_ETNA_SILLA_TABURETE_ETNA_AL_A66B4A0A,balliu-taburete-exterior-aluminio-estilo-elegante-56-cm-a66b4a0a,
Taburete exterior aluminio · tejido Balliu · Etna,Mobiliario exterior,Etna Taburete,Aluminio / Natural,SV-ETNA-TAB-ALUMINIO-NATURAL,BALLIU_ETNA_SILLA_TABURETE_ETNA_AL_A66B4A0A,balliu-taburete-exterior-aluminio-estilo-elegante-56-cm-a66b4a0a,
Taburete exterior aluminio · tejido Balliu · Etna,Mobiliario exterior,Etna Taburete,Aluminio / Capuchino,SV-ETNA-TAB-ALUMINIO-CAPUCHINO,BALLIU_ETNA_SILLA_TABURETE_ETNA_AL_A66B4A0A,balliu-taburete-exterior-aluminio-estilo-elegante-56-cm-a66b4a0a,
Taburete exterior aluminio · tejido Balliu · Etna,Mobiliario exterior,Etna Taburete,Aluminio / Caqui,SV-ETNA-TAB-ALUMINIO-CAQUI,BALLIU_ETNA_SILLA_TABURETE_ETNA_AL_A66B4A0A,balliu-taburete-exterior-aluminio-estilo-elegante-56-cm-a66b4a0a,
Taburete exterior aluminio · tejido Balliu · Etna,Mobiliario exterior,Etna Taburete,Aluminio / Marrón oscuro,SV-ETNA-TAB-ALUMINIO-MARRON-OSC,BALLIU_ETNA_SILLA_TABURETE_ETNA_AL_A66B4A0A,balliu-taburete-exterior-aluminio-estilo-elegante-56-cm-a66b4a0a,
Taburete exterior aluminio · tejido Balliu · Etna,Mobiliario exterior,Etna Taburete,Aluminio / Arena,SV-ETNA-TAB-ALUMINIO-ARENA,BALLIU_ETNA_SILLA_TABURETE_ETNA_AL_A66B4A0A,balliu-taburete-exterior-aluminio-estilo-elegante-56-cm-a66b4a0a,
Taburete exterior aluminio · tejido Balliu · Etna,Mobiliario exterior,Etna Taburete,Aluminio / Verde oscuro,SV-ETNA-TAB-ALUMINIO-VERDE-OSC,BALLIU_ETNA_SILLA_TABURETE_ETNA_AL_A66B4A0A,balliu-taburete-exterior-aluminio-estilo-elegante-56-cm-a66b4a0a,
Taburete exterior aluminio · tejido Balliu · Etna,Mobiliario exterior,Etna Taburete,Aluminio / Azul celeste,SV-ETNA-TAB-ALUMINIO-AZUL-CEL,BALLIU_ETNA_SILLA_TABURETE_ETNA_AL_A66B4A0A,balliu-taburete-exterior-aluminio-estilo-elegante-56-cm-a66b4a0a,
Taburete exterior aluminio · tejido Balliu · Etna,Mobiliario exterior,Etna Taburete,Aluminio / Ceniza,SV-ETNA-TAB-ALUMINIO-CENIZA,BALLIU_ETNA_SILLA_TABURETE_ETNA_AL_A66B4A0A,balliu-taburete-exterior-aluminio-estilo-elegante-56-cm-a66b4a0a,
Taburete exterior aluminio · tejido Balliu · Etna,Mobiliario exterior,Etna Taburete,Aluminio / Azul marino,SV-ETNA-TAB-ALUMINIO-AZUL-MAR,BALLIU_ETNA_SILLA_TABURETE_ETNA_AL_A66B4A0A,balliu-taburete-exterior-aluminio-estilo-elegante-56-cm-a66b4a0a,
Taburete exterior aluminio · tejido Balliu · Etna,Mobiliario exterior,Etna Taburete,Aluminio / Gris oscuro,SV-ETNA-TAB-ALUMINIO-GRIS-OSC,BALLIU_ETNA_SILLA_TABURETE_ETNA_AL_A66B4A0A,balliu-taburete-exterior-aluminio-estilo-elegante-56-cm-a66b4a0a,
Taburete exterior aluminio · tejido Balliu · Etna,Mobiliario exterior,Etna Taburete,Aluminio / Azul acero,SV-ETNA-TAB-ALUMINIO-AZUL-ACERO,BALLIU_ETNA_SILLA_TABURETE_ETNA_AL_A66B4A0A,balliu-taburete-exterior-aluminio-estilo-elegante-56-cm-a66b4a0a,
Silla exterior aluminio · tejido Balliu · Etna,Silla,Etna (silla),Blanco / Azul,SV-ETNA-SILLA-BLANCO-AZUL,BALLIU_ETNA_SILLA_CON_BRAZOS_5C88BD77,balliu-silla-exterior-con-brazos-aluminio-estilo-elegante-56-cm-5c88bd77,
Silla exterior aluminio · tejido Balliu · Etna,Silla,Etna (silla),Blanco / Amarillo,SV-ETNA-SILLA-BLANCO-AMARILLO,BALLIU_ETNA_SILLA_CON_BRAZOS_5C88BD77,balliu-silla-exterior-con-brazos-aluminio-estilo-elegante-56-cm-5c88bd77,
Silla exterior aluminio · tejido Balliu · Etna,Silla,Etna (silla),Blanco / Naranja,SV-ETNA-SILLA-BLANCO-NARANJA,BALLIU_ETNA_SILLA_CON_BRAZOS_5C88BD77,balliu-silla-exterior-con-brazos-aluminio-estilo-elegante-56-cm-5c88bd77,
Silla exterior aluminio · tejido Balliu · Etna,Silla,Etna (silla),Blanco / Verde claro,SV-ETNA-SILLA-BLANCO-VERDE-CLARO,BALLIU_ETNA_SILLA_CON_BRAZOS_5C88BD77,balliu-silla-exterior-con-brazos-aluminio-estilo-elegante-56-cm-5c88bd77,
Silla exterior aluminio · tejido Balliu · Etna,Silla,Etna (silla),Blanco / Blanco,SV-ETNA-SILLA-BLANCO-BLANCO,BALLIU_ETNA_SILLA_CON_BRAZOS_5C88BD77,balliu-silla-exterior-con-brazos-aluminio-estilo-elegante-56-cm-5c88bd77,
Silla exterior aluminio · tejido Balliu · Etna,Silla,Etna (silla),Blanco / Natural,SV-ETNA-SILLA-BLANCO-NATURAL,BALLIU_ETNA_SILLA_CON_BRAZOS_5C88BD77,balliu-silla-exterior-con-brazos-aluminio-estilo-elegante-56-cm-5c88bd77,
Silla exterior aluminio · tejido Balliu · Etna,Silla,Etna (silla),Blanco / Capuchino,SV-ETNA-SILLA-BLANCO-CAPUCHINO,BALLIU_ETNA_SILLA_CON_BRAZOS_5C88BD77,balliu-silla-exterior-con-brazos-aluminio-estilo-elegante-56-cm-5c88bd77,
Silla exterior aluminio · tejido Balliu · Etna,Silla,Etna (silla),Blanco / Caqui,SV-ETNA-SILLA-BLANCO-CAQUI,BALLIU_ETNA_SILLA_CON_BRAZOS_5C88BD77,balliu-silla-exterior-con-brazos-aluminio-estilo-elegante-56-cm-5c88bd77,
Silla exterior aluminio · tejido Balliu · Etna,Silla,Etna (silla),Blanco / Marrón oscuro,SV-ETNA-SILLA-BLANCO-MARRON-OSC,BALLIU_ETNA_SILLA_CON_BRAZOS_5C88BD77,balliu-silla-exterior-con-brazos-aluminio-estilo-elegante-56-cm-5c88bd77,
Silla exterior aluminio · tejido Balliu · Etna,Silla,Etna (silla),Blanco / Arena,SV-ETNA-SILLA-BLANCO-ARENA,BALLIU_ETNA_SILLA_CON_BRAZOS_5C88BD77,balliu-silla-exterior-con-brazos-aluminio-estilo-elegante-56-cm-5c88bd77,
Silla exterior aluminio · tejido Balliu · Etna,Silla,Etna (silla),Blanco / Verde oscuro,SV-ETNA-SILLA-BLANCO-VERDE-OSC,BALLIU_ETNA_SILLA_CON_BRAZOS_5C88BD77,balliu-silla-exterior-con-brazos-aluminio-estilo-elegante-56-cm-5c88bd77,
Silla exterior aluminio · tejido Balliu · Etna,Silla,Etna (silla),Blanco / Azul celeste,SV-ETNA-SILLA-BLANCO-AZUL-CEL,BALLIU_ETNA_SILLA_CON_BRAZOS_5C88BD77,balliu-silla-exterior-con-brazos-aluminio-estilo-elegante-56-cm-5c88bd77,
Silla exterior aluminio · tejido Balliu · Etna,Silla,Etna (silla),Blanco / Ceniza,SV-ETNA-SILLA-BLANCO-CENIZA,BALLIU_ETNA_SILLA_CON_BRAZOS_5C88BD77,balliu-silla-exterior-con-brazos-aluminio-estilo-elegante-56-cm-5c88bd77,
Silla exterior aluminio · tejido Balliu · Etna,Silla,Etna (silla),Blanco / Azul marino,SV-ETNA-SILLA-BLANCO-AZUL-MAR,BALLIU_ETNA_SILLA_CON_BRAZOS_5C88BD77,balliu-silla-exterior-con-brazos-aluminio-estilo-elegante-56-cm-5c88bd77,
Silla exterior aluminio · tejido Balliu · Etna,Silla,Etna (silla),Blanco / Gris oscuro,SV-ETNA-SILLA-BLANCO-GRIS-OSC,BALLIU_ETNA_SILLA_CON_BRAZOS_5C88BD77,balliu-silla-exterior-con-brazos-aluminio-estilo-elegante-56-cm-5c88bd77,
Silla exterior aluminio · tejido Balliu · Etna,Silla,Etna (silla),Blanco / Azul acero,SV-ETNA-SILLA-BLANCO-AZUL-ACERO,BALLIU_ETNA_SILLA_CON_BRAZOS_5C88BD77,balliu-silla-exterior-con-brazos-aluminio-estilo-elegante-56-cm-5c88bd77,
Silla exterior aluminio · tejido Balliu · Etna,Silla,Etna (silla),Tórtola / Azul,SV-ETNA-SILLA-TORTOLA-AZUL,BALLIU_ETNA_SILLA_CON_BRAZOS_5C88BD77,balliu-silla-exterior-con-brazos-aluminio-estilo-elegante-56-cm-5c88bd77,
Silla exterior aluminio · tejido Balliu · Etna,Silla,Etna (silla),Tórtola / Amarillo,SV-ETNA-SILLA-TORTOLA-AMARILLO,BALLIU_ETNA_SILLA_CON_BRAZOS_5C88BD77,balliu-silla-exterior-con-brazos-aluminio-estilo-elegante-56-cm-5c88bd77,
Silla exterior aluminio · tejido Balliu · Etna,Silla,Etna (silla),Tórtola / Naranja,SV-ETNA-SILLA-TORTOLA-NARANJA,BALLIU_ETNA_SILLA_CON_BRAZOS_5C88BD77,balliu-silla-exterior-con-brazos-aluminio-estilo-elegante-56-cm-5c88bd77,
Silla exterior aluminio · tejido Balliu · Etna,Silla,Etna (silla),Tórtola / Verde claro,SV-ETNA-SILLA-TORTOLA-VERDE-CLARO,BALLIU_ETNA_SILLA_CON_BRAZOS_5C88BD77,balliu-silla-exterior-con-brazos-aluminio-estilo-elegante-56-cm-5c88bd77,
Silla exterior aluminio · tejido Balliu · Etna,Silla,Etna (silla),Tórtola / Blanco,SV-ETNA-SILLA-TORTOLA-BLANCO,BALLIU_ETNA_SILLA_CON_BRAZOS_5C88BD77,balliu-silla-exterior-con-brazos-aluminio-estilo-elegante-56-cm-5c88bd77,
Silla exterior aluminio · tejido Balliu · Etna,Silla,Etna (silla),Tórtola / Natural,SV-ETNA-SILLA-TORTOLA-NATURAL,BALLIU_ETNA_SILLA_CON_BRAZOS_5C88BD77,balliu-silla-exterior-con-brazos-aluminio-estilo-elegante-56-cm-5c88bd77,
Silla exterior aluminio · tejido Balliu · Etna,Silla,Etna (silla),Tórtola / Capuchino,SV-ETNA-SILLA-TORTOLA-CAPUCHINO,BALLIU_ETNA_SILLA_CON_BRAZOS_5C88BD77,balliu-silla-exterior-con-brazos-aluminio-estilo-elegante-56-cm-5c88bd77,
Silla exterior aluminio · tejido Balliu · Etna,Silla,Etna (silla),Tórtola / Caqui,SV-ETNA-SILLA-TORTOLA-CAQUI,BALLIU_ETNA_SILLA_CON_BRAZOS_5C88BD77,balliu-silla-exterior-con-brazos-aluminio-estilo-elegante-56-cm-5c88bd77,
Silla exterior aluminio · tejido Balliu · Etna,Silla,Etna (silla),Tórtola / Marrón oscuro,SV-ETNA-SILLA-TORTOLA-MARRON-OSC,BALLIU_ETNA_SILLA_CON_BRAZOS_5C88BD77,balliu-silla-exterior-con-brazos-aluminio-estilo-elegante-56-cm-5c88bd77,
Silla exterior aluminio · tejido Balliu · Etna,Silla,Etna (silla),Tórtola / Arena,SV-ETNA-SILLA-TORTOLA-ARENA,BALLIU_ETNA_SILLA_CON_BRAZOS_5C88BD77,balliu-silla-exterior-con-brazos-aluminio-estilo-elegante-56-cm-5c88bd77,
Silla exterior aluminio · tejido Balliu · Etna,Silla,Etna (silla),Tórtola / Verde oscuro,SV-ETNA-SILLA-TORTOLA-VERDE-OSC,BALLIU_ETNA_SILLA_CON_BRAZOS_5C88BD77,balliu-silla-exterior-con-brazos-aluminio-estilo-elegante-56-cm-5c88bd77,
Silla exterior aluminio · tejido Balliu · Etna,Silla,Etna (silla),Tórtola / Azul celeste,SV-ETNA-SILLA-TORTOLA-AZUL-CEL,BALLIU_ETNA_SILLA_CON_BRAZOS_5C88BD77,balliu-silla-exterior-con-brazos-aluminio-estilo-elegante-56-cm-5c88bd77,
Silla exterior aluminio · tejido Balliu · Etna,Silla,Etna (silla),Tórtola / Ceniza,SV-ETNA-SILLA-TORTOLA-CENIZA,BALLIU_ETNA_SILLA_CON_BRAZOS_5C88BD77,balliu-silla-exterior-con-brazos-aluminio-estilo-elegante-56-cm-5c88bd77,
Silla exterior aluminio · tejido Balliu · Etna,Silla,Etna (silla),Tórtola / Azul marino,SV-ETNA-SILLA-TORTOLA-AZUL-MAR,BALLIU_ETNA_SILLA_CON_BRAZOS_5C88BD77,balliu-silla-exterior-con-brazos-aluminio-estilo-elegante-56-cm-5c88bd77,
Silla exterior aluminio · tejido Balliu · Etna,Silla,Etna (silla),Tórtola / Gris oscuro,SV-ETNA-SILLA-TORTOLA-GRIS-OSC,BALLIU_ETNA_SILLA_CON_BRAZOS_5C88BD77,balliu-silla-exterior-con-brazos-aluminio-estilo-elegante-56-cm-5c88bd77,
Silla exterior aluminio · tejido Balliu · Etna,Silla,Etna (silla),Tórtola / Azul acero,SV-ETNA-SILLA-TORTOLA-AZUL-ACERO,BALLIU_ETNA_SILLA_CON_BRAZOS_5C88BD77,balliu-silla-exterior-con-brazos-aluminio-estilo-elegante-56-cm-5c88bd77,
Silla exterior aluminio · tejido Balliu · Etna,Silla,Etna (silla),Aluminio / Azul,SV-ETNA-SILLA-ALUMINIO-AZUL,BALLIU_ETNA_SILLA_CON_BRAZOS_5C88BD77,balliu-silla-exterior-con-brazos-aluminio-estilo-elegante-56-cm-5c88bd77,
Silla exterior aluminio · tejido Balliu · Etna,Silla,Etna (silla),Aluminio / Amarillo,SV-ETNA-SILLA-ALUMINIO-AMARILLO,BALLIU_ETNA_SILLA_CON_BRAZOS_5C88BD77,balliu-silla-exterior-con-brazos-aluminio-estilo-elegante-56-cm-5c88bd77,
Silla exterior aluminio · tejido Balliu · Etna,Silla,Etna (silla),Aluminio / Naranja,SV-ETNA-SILLA-ALUMINIO-NARANJA,BALLIU_ETNA_SILLA_CON_BRAZOS_5C88BD77,balliu-silla-exterior-con-brazos-aluminio-estilo-elegante-56-cm-5c88bd77,
Silla exterior aluminio · tejido Balliu · Etna,Silla,Etna (silla),Aluminio / Verde claro,SV-ETNA-SILLA-ALUMINIO-VERDE-CLARO,BALLIU_ETNA_SILLA_CON_BRAZOS_5C88BD77,balliu-silla-exterior-con-brazos-aluminio-estilo-elegante-56-cm-5c88bd77,
Silla exterior aluminio · tejido Balliu · Etna,Silla,Etna (silla),Aluminio / Blanco,SV-ETNA-SILLA-ALUMINIO-BLANCO,BALLIU_ETNA_SILLA_CON_BRAZOS_5C88BD77,balliu-silla-exterior-con-brazos-aluminio-estilo-elegante-56-cm-5c88bd77,
Silla exterior aluminio · tejido Balliu · Etna,Silla,Etna (silla),Aluminio / Natural,SV-ETNA-SILLA-ALUMINIO-NATURAL,BALLIU_ETNA_SILLA_CON_BRAZOS_5C88BD77,balliu-silla-exterior-con-brazos-aluminio-estilo-elegante-56-cm-5c88bd77,
Silla exterior aluminio · tejido Balliu · Etna,Silla,Etna (silla),Aluminio / Capuchino,SV-ETNA-SILLA-ALUMINIO-CAPUCHINO,BALLIU_ETNA_SILLA_CON_BRAZOS_5C88BD77,balliu-silla-exterior-con-brazos-aluminio-estilo-elegante-56-cm-5c88bd77,
Silla exterior aluminio · tejido Balliu · Etna,Silla,Etna (silla),Aluminio / Caqui,SV-ETNA-SILLA-ALUMINIO-CAQUI,BALLIU_ETNA_SILLA_CON_BRAZOS_5C88BD77,balliu-silla-exterior-con-brazos-aluminio-estilo-elegante-56-cm-5c88bd77,
Silla exterior aluminio · tejido Balliu · Etna,Silla,Etna (silla),Aluminio / Marrón oscuro,SV-ETNA-SILLA-ALUMINIO-MARRON-OSC,BALLIU_ETNA_SILLA_CON_BRAZOS_5C88BD77,balliu-silla-exterior-con-brazos-aluminio-estilo-elegante-56-cm-5c88bd77,
Silla exterior aluminio · tejido Balliu · Etna,Silla,Etna (silla),Aluminio / Arena,SV-ETNA-SILLA-ALUMINIO-ARENA,BALLIU_ETNA_SILLA_CON_BRAZOS_5C88BD77,balliu-silla-exterior-con-brazos-aluminio-estilo-elegante-56-cm-5c88bd77,
Silla exterior aluminio · tejido Balliu · Etna,Silla,Etna (silla),Aluminio / Verde oscuro,SV-ETNA-SILLA-ALUMINIO-VERDE-OSC,BALLIU_ETNA_SILLA_CON_BRAZOS_5C88BD77,balliu-silla-exterior-con-brazos-aluminio-estilo-elegante-56-cm-5c88bd77,
Silla exterior aluminio · tejido Balliu · Etna,Silla,Etna (silla),Aluminio / Azul celeste,SV-ETNA-SILLA-ALUMINIO-AZUL-CEL,BALLIU_ETNA_SILLA_CON_BRAZOS_5C88BD77,balliu-silla-exterior-con-brazos-aluminio-estilo-elegante-56-cm-5c88bd77,
Silla exterior aluminio · tejido Balliu · Etna,Silla,Etna (silla),Aluminio / Ceniza,SV-ETNA-SILLA-ALUMINIO-CENIZA,BALLIU_ETNA_SILLA_CON_BRAZOS_5C88BD77,balliu-silla-exterior-con-brazos-aluminio-estilo-elegante-56-cm-5c88bd77,
Silla exterior aluminio · tejido Balliu · Etna,Silla,Etna (silla),Aluminio / Azul marino,SV-ETNA-SILLA-ALUMINIO-AZUL-MAR,BALLIU_ETNA_SILLA_CON_BRAZOS_5C88BD77,balliu-silla-exterior-con-brazos-aluminio-estilo-elegante-56-cm-5c88bd77,
Silla exterior aluminio · tejido Balliu · Etna,Silla,Etna (silla),Aluminio / Gris oscuro,SV-ETNA-SILLA-ALUMINIO-GRIS-OSC,BALLIU_ETNA_SILLA_CON_BRAZOS_5C88BD77,balliu-silla-exterior-con-brazos-aluminio-estilo-elegante-56-cm-5c88bd77,
Silla exterior aluminio · tejido Balliu · Etna,Silla,Etna (silla),Aluminio / Azul acero,SV-ETNA-SILLA-ALUMINIO-AZUL-ACERO,BALLIU_ETNA_SILLA_CON_BRAZOS_5C88BD77,balliu-silla-exterior-con-brazos-aluminio-estilo-elegante-56-cm-5c88bd77,
Silla exterior aluminio alta · tejido Balliu · Etna Alta,Silla,Etna Alta,Blanco / Azul,SV-ETNA-ALTA-BLANCO-AZUL,BALLIU_ETNA_SILLA_ALTA_CON_BRAZOS_EAF4A34A,balliu-silla-exterior-con-brazos-aluminio-estilo-elegante-56-cm-eaf4a34a,
Silla exterior aluminio alta · tejido Balliu · Etna Alta,Silla,Etna Alta,Blanco / Amarillo,SV-ETNA-ALTA-BLANCO-AMARILLO,BALLIU_ETNA_SILLA_ALTA_CON_BRAZOS_EAF4A34A,balliu-silla-exterior-con-brazos-aluminio-estilo-elegante-56-cm-eaf4a34a,
Silla exterior aluminio alta · tejido Balliu · Etna Alta,Silla,Etna Alta,Blanco / Naranja,SV-ETNA-ALTA-BLANCO-NARANJA,BALLIU_ETNA_SILLA_ALTA_CON_BRAZOS_EAF4A34A,balliu-silla-exterior-con-brazos-aluminio-estilo-elegante-56-cm-eaf4a34a,
Silla exterior aluminio alta · tejido Balliu · Etna Alta,Silla,Etna Alta,Blanco / Verde claro,SV-ETNA-ALTA-BLANCO-VERDE-CLARO,BALLIU_ETNA_SILLA_ALTA_CON_BRAZOS_EAF4A34A,balliu-silla-exterior-con-brazos-aluminio-estilo-elegante-56-cm-eaf4a34a,
Silla exterior aluminio alta · tejido Balliu · Etna Alta,Silla,Etna Alta,Blanco / Blanco,SV-ETNA-ALTA-BLANCO-BLANCO,BALLIU_ETNA_SILLA_ALTA_CON_BRAZOS_EAF4A34A,balliu-silla-exterior-con-brazos-aluminio-estilo-elegante-56-cm-eaf4a34a,
Silla exterior aluminio alta · tejido Balliu · Etna Alta,Silla,Etna Alta,Blanco / Natural,SV-ETNA-ALTA-BLANCO-NATURAL,BALLIU_ETNA_SILLA_ALTA_CON_BRAZOS_EAF4A34A,balliu-silla-exterior-con-brazos-aluminio-estilo-elegante-56-cm-eaf4a34a,
Silla exterior aluminio alta · tejido Balliu · Etna Alta,Silla,Etna Alta,Blanco / Capuchino,SV-ETNA-ALTA-BLANCO-CAPUCHINO,BALLIU_ETNA_SILLA_ALTA_CON_BRAZOS_EAF4A34A,balliu-silla-exterior-con-brazos-aluminio-estilo-elegante-56-cm-eaf4a34a,
Silla exterior aluminio alta · tejido Balliu · Etna Alta,Silla,Etna Alta,Blanco / Caqui,SV-ETNA-ALTA-BLANCO-CAQUI,BALLIU_ETNA_SILLA_ALTA_CON_BRAZOS_EAF4A34A,balliu-silla-exterior-con-brazos-aluminio-estilo-elegante-56-cm-eaf4a34a,
Silla exterior aluminio alta · tejido Balliu · Etna Alta,Silla,Etna Alta,Blanco / Marrón oscuro,SV-ETNA-ALTA-BLANCO-MARRON-OSC,BALLIU_ETNA_SILLA_ALTA_CON_BRAZOS_EAF4A34A,balliu-silla-exterior-con-brazos-aluminio-estilo-elegante-56-cm-eaf4a34a,
Silla exterior aluminio alta · tejido Balliu · Etna Alta,Silla,Etna Alta,Blanco / Arena,SV-ETNA-ALTA-BLANCO-ARENA,BALLIU_ETNA_SILLA_ALTA_CON_BRAZOS_EAF4A34A,balliu-silla-exterior-con-brazos-aluminio-estilo-elegante-56-cm-eaf4a34a,
Silla exterior aluminio alta · tejido Balliu · Etna Alta,Silla,Etna Alta,Blanco / Verde oscuro,SV-ETNA-ALTA-BLANCO-VERDE-OSC,BALLIU_ETNA_SILLA_ALTA_CON_BRAZOS_EAF4A34A,balliu-silla-exterior-con-brazos-aluminio-estilo-elegante-56-cm-eaf4a34a,
Silla exterior aluminio alta · tejido Balliu · Etna Alta,Silla,Etna Alta,Blanco / Azul celeste,SV-ETNA-ALTA-BLANCO-AZUL-CEL,BALLIU_ETNA_SILLA_ALTA_CON_BRAZOS_EAF4A34A,balliu-silla-exterior-con-brazos-aluminio-estilo-elegante-56-cm-eaf4a34a,
Silla exterior aluminio alta · tejido Balliu · Etna Alta,Silla,Etna Alta,Blanco / Ceniza,SV-ETNA-ALTA-BLANCO-CENIZA,BALLIU_ETNA_SILLA_ALTA_CON_BRAZOS_EAF4A34A,balliu-silla-exterior-con-brazos-aluminio-estilo-elegante-56-cm-eaf4a34a,
Silla exterior aluminio alta · tejido Balliu · Etna Alta,Silla,Etna Alta,Blanco / Azul marino,SV-ETNA-ALTA-BLANCO-AZUL-MAR,BALLIU_ETNA_SILLA_ALTA_CON_BRAZOS_EAF4A34A,balliu-silla-exterior-con-brazos-aluminio-estilo-elegante-56-cm-eaf4a34a,
Silla exterior aluminio alta · tejido Balliu · Etna Alta,Silla,Etna Alta,Blanco / Gris oscuro,SV-ETNA-ALTA-BLANCO-GRIS-OSC,BALLIU_ETNA_SILLA_ALTA_CON_BRAZOS_EAF4A34A,balliu-silla-exterior-con-brazos-aluminio-estilo-elegante-56-cm-eaf4a34a,
Silla exterior aluminio alta · tejido Balliu · Etna Alta,Silla,Etna Alta,Blanco / Azul acero,SV-ETNA-ALTA-BLANCO-AZUL-ACERO,BALLIU_ETNA_SILLA_ALTA_CON_BRAZOS_EAF4A34A,balliu-silla-exterior-con-brazos-aluminio-estilo-elegante-56-cm-eaf4a34a,
Silla exterior aluminio alta · tejido Balliu · Etna Alta,Silla,Etna Alta,Tórtola / Azul,SV-ETNA-ALTA-TORTOLA-AZUL,BALLIU_ETNA_SILLA_ALTA_CON_BRAZOS_EAF4A34A,balliu-silla-exterior-con-brazos-aluminio-estilo-elegante-56-cm-eaf4a34a,
Silla exterior aluminio alta · tejido Balliu · Etna Alta,Silla,Etna Alta,Tórtola / Amarillo,SV-ETNA-ALTA-TORTOLA-AMARILLO,BALLIU_ETNA_SILLA_ALTA_CON_BRAZOS_EAF4A34A,balliu-silla-exterior-con-brazos-aluminio-estilo-elegante-56-cm-eaf4a34a,
Silla exterior aluminio alta · tejido Balliu · Etna Alta,Silla,Etna Alta,Tórtola / Naranja,SV-ETNA-ALTA-TORTOLA-NARANJA,BALLIU_ETNA_SILLA_ALTA_CON_BRAZOS_EAF4A34A,balliu-silla-exterior-con-brazos-aluminio-estilo-elegante-56-cm-eaf4a34a,
Silla exterior aluminio alta · tejido Balliu · Etna Alta,Silla,Etna Alta,Tórtola / Verde claro,SV-ETNA-ALTA-TORTOLA-VERDE-CLARO,BALLIU_ETNA_SILLA_ALTA_CON_BRAZOS_EAF4A34A,balliu-silla-exterior-con-brazos-aluminio-estilo-elegante-56-cm-eaf4a34a,
Silla exterior aluminio alta · tejido Balliu · Etna Alta,Silla,Etna Alta,Tórtola / Blanco,SV-ETNA-ALTA-TORTOLA-BLANCO,BALLIU_ETNA_SILLA_ALTA_CON_BRAZOS_EAF4A34A,balliu-silla-exterior-con-brazos-aluminio-estilo-elegante-56-cm-eaf4a34a,
Silla exterior aluminio alta · tejido Balliu · Etna Alta,Silla,Etna Alta,Tórtola / Natural,SV-ETNA-ALTA-TORTOLA-NATURAL,BALLIU_ETNA_SILLA_ALTA_CON_BRAZOS_EAF4A34A,balliu-silla-exterior-con-brazos-aluminio-estilo-elegante-56-cm-eaf4a34a,
Silla exterior aluminio alta · tejido Balliu · Etna Alta,Silla,Etna Alta,Tórtola / Capuchino,SV-ETNA-ALTA-TORTOLA-CAPUCHINO,BALLIU_ETNA_SILLA_ALTA_CON_BRAZOS_EAF4A34A,balliu-silla-exterior-con-brazos-aluminio-estilo-elegante-56-cm-eaf4a34a,
Silla exterior aluminio alta · tejido Balliu · Etna Alta,Silla,Etna Alta,Tórtola / Caqui,SV-ETNA-ALTA-TORTOLA-CAQUI,BALLIU_ETNA_SILLA_ALTA_CON_BRAZOS_EAF4A34A,balliu-silla-exterior-con-brazos-aluminio-estilo-elegante-56-cm-eaf4a34a,
Silla exterior aluminio alta · tejido Balliu · Etna Alta,Silla,Etna Alta,Tórtola / Marrón oscuro,SV-ETNA-ALTA-TORTOLA-MARRON-OSC,BALLIU_ETNA_SILLA_ALTA_CON_BRAZOS_EAF4A34A,balliu-silla-exterior-con-brazos-aluminio-estilo-elegante-56-cm-eaf4a34a,
Silla exterior aluminio alta · tejido Balliu · Etna Alta,Silla,Etna Alta,Tórtola / Arena,SV-ETNA-ALTA-TORTOLA-ARENA,BALLIU_ETNA_SILLA_ALTA_CON_BRAZOS_EAF4A34A,balliu-silla-exterior-con-brazos-aluminio-estilo-elegante-56-cm-eaf4a34a,
Silla exterior aluminio alta · tejido Balliu · Etna Alta,Silla,Etna Alta,Tórtola / Verde oscuro,SV-ETNA-ALTA-TORTOLA-VERDE-OSC,BALLIU_ETNA_SILLA_ALTA_CON_BRAZOS_EAF4A34A,balliu-silla-exterior-con-brazos-aluminio-estilo-elegante-56-cm-eaf4a34a,
Silla exterior aluminio alta · tejido Balliu · Etna Alta,Silla,Etna Alta,Tórtola / Azul celeste,SV-ETNA-ALTA-TORTOLA-AZUL-CEL,BALLIU_ETNA_SILLA_ALTA_CON_BRAZOS_EAF4A34A,balliu-silla-exterior-con-brazos-aluminio-estilo-elegante-56-cm-eaf4a34a,
Silla exterior aluminio alta · tejido Balliu · Etna Alta,Silla,Etna Alta,Tórtola / Ceniza,SV-ETNA-ALTA-TORTOLA-CENIZA,BALLIU_ETNA_SILLA_ALTA_CON_BRAZOS_EAF4A34A,balliu-silla-exterior-con-brazos-aluminio-estilo-elegante-56-cm-eaf4a34a,
Silla exterior aluminio alta · tejido Balliu · Etna Alta,Silla,Etna Alta,Tórtola / Azul marino,SV-ETNA-ALTA-TORTOLA-AZUL-MAR,BALLIU_ETNA_SILLA_ALTA_CON_BRAZOS_EAF4A34A,balliu-silla-exterior-con-brazos-aluminio-estilo-elegante-56-cm-eaf4a34a,
Silla exterior aluminio alta · tejido Balliu · Etna Alta,Silla,Etna Alta,Tórtola / Gris oscuro,SV-ETNA-ALTA-TORTOLA-GRIS-OSC,BALLIU_ETNA_SILLA_ALTA_CON_BRAZOS_EAF4A34A,balliu-silla-exterior-con-brazos-aluminio-estilo-elegante-56-cm-eaf4a34a,
Silla exterior aluminio alta · tejido Balliu · Etna Alta,Silla,Etna Alta,Tórtola / Azul acero,SV-ETNA-ALTA-TORTOLA-AZUL-ACERO,BALLIU_ETNA_SILLA_ALTA_CON_BRAZOS_EAF4A34A,balliu-silla-exterior-con-brazos-aluminio-estilo-elegante-56-cm-eaf4a34a,
Silla exterior aluminio alta · tejido Balliu · Etna Alta,Silla,Etna Alta,Aluminio / Azul,SV-ETNA-ALTA-ALUMINIO-AZUL,BALLIU_ETNA_SILLA_ALTA_CON_BRAZOS_EAF4A34A,balliu-silla-exterior-con-brazos-aluminio-estilo-elegante-56-cm-eaf4a34a,
Silla exterior aluminio alta · tejido Balliu · Etna Alta,Silla,Etna Alta,Aluminio / Amarillo,SV-ETNA-ALTA-ALUMINIO-AMARILLO,BALLIU_ETNA_SILLA_ALTA_CON_BRAZOS_EAF4A34A,balliu-silla-exterior-con-brazos-aluminio-estilo-elegante-56-cm-eaf4a34a,
Silla exterior aluminio alta · tejido Balliu · Etna Alta,Silla,Etna Alta,Aluminio / Naranja,SV-ETNA-ALTA-ALUMINIO-NARANJA,BALLIU_ETNA_SILLA_ALTA_CON_BRAZOS_EAF4A34A,balliu-silla-exterior-con-brazos-aluminio-estilo-elegante-56-cm-eaf4a34a,
Silla exterior aluminio alta · tejido Balliu · Etna Alta,Silla,Etna Alta,Aluminio / Verde claro,SV-ETNA-ALTA-ALUMINIO-VERDE-CLARO,BALLIU_ETNA_SILLA_ALTA_CON_BRAZOS_EAF4A34A,balliu-silla-exterior-con-brazos-aluminio-estilo-elegante-56-cm-eaf4a34a,
Silla exterior aluminio alta · tejido Balliu · Etna Alta,Silla,Etna Alta,Aluminio / Blanco,SV-ETNA-ALTA-ALUMINIO-BLANCO,BALLIU_ETNA_SILLA_ALTA_CON_BRAZOS_EAF4A34A,balliu-silla-exterior-con-brazos-aluminio-estilo-elegante-56-cm-eaf4a34a,
Silla exterior aluminio alta · tejido Balliu · Etna Alta,Silla,Etna Alta,Aluminio / Natural,SV-ETNA-ALTA-ALUMINIO-NATURAL,BALLIU_ETNA_SILLA_ALTA_CON_BRAZOS_EAF4A34A,balliu-silla-exterior-con-brazos-aluminio-estilo-elegante-56-cm-eaf4a34a,
Silla exterior aluminio alta · tejido Balliu · Etna Alta,Silla,Etna Alta,Aluminio / Capuchino,SV-ETNA-ALTA-ALUMINIO-CAPUCHINO,BALLIU_ETNA_SILLA_ALTA_CON_BRAZOS_EAF4A34A,balliu-silla-exterior-con-brazos-aluminio-estilo-elegante-56-cm-eaf4a34a,
Silla exterior aluminio alta · tejido Balliu · Etna Alta,Silla,Etna Alta,Aluminio / Caqui,SV-ETNA-ALTA-ALUMINIO-CAQUI,BALLIU_ETNA_SILLA_ALTA_CON_BRAZOS_EAF4A34A,balliu-silla-exterior-con-brazos-aluminio-estilo-elegante-56-cm-eaf4a34a,
Silla exterior aluminio alta · tejido Balliu · Etna Alta,Silla,Etna Alta,Aluminio / Marrón oscuro,SV-ETNA-ALTA-ALUMINIO-MARRON-OSC,BALLIU_ETNA_SILLA_ALTA_CON_BRAZOS_EAF4A34A,balliu-silla-exterior-con-brazos-aluminio-estilo-elegante-56-cm-eaf4a34a,
Silla exterior aluminio alta · tejido Balliu · Etna Alta,Silla,Etna Alta,Aluminio / Arena,SV-ETNA-ALTA-ALUMINIO-ARENA,BALLIU_ETNA_SILLA_ALTA_CON_BRAZOS_EAF4A34A,balliu-silla-exterior-con-brazos-aluminio-estilo-elegante-56-cm-eaf4a34a,
Silla exterior aluminio alta · tejido Balliu · Etna Alta,Silla,Etna Alta,Aluminio / Verde oscuro,SV-ETNA-ALTA-ALUMINIO-VERDE-OSC,BALLIU_ETNA_SILLA_ALTA_CON_BRAZOS_EAF4A34A,balliu-silla-exterior-con-brazos-aluminio-estilo-elegante-56-cm-eaf4a34a,
Silla exterior aluminio alta · tejido Balliu · Etna Alta,Silla,Etna Alta,Aluminio / Azul celeste,SV-ETNA-ALTA-ALUMINIO-AZUL-CEL,BALLIU_ETNA_SILLA_ALTA_CON_BRAZOS_EAF4A34A,balliu-silla-exterior-con-brazos-aluminio-estilo-elegante-56-cm-eaf4a34a,
Silla exterior aluminio alta · tejido Balliu · Etna Alta,Silla,Etna Alta,Aluminio / Ceniza,SV-ETNA-ALTA-ALUMINIO-CENIZA,BALLIU_ETNA_SILLA_ALTA_CON_BRAZOS_EAF4A34A,balliu-silla-exterior-con-brazos-aluminio-estilo-elegante-56-cm-eaf4a34a,
Silla exterior aluminio alta · tejido Balliu · Etna Alta,Silla,Etna Alta,Aluminio / Azul marino,SV-ETNA-ALTA-ALUMINIO-AZUL-MAR,BALLIU_ETNA_SILLA_ALTA_CON_BRAZOS_EAF4A34A,balliu-silla-exterior-con-brazos-aluminio-estilo-elegante-56-cm-eaf4a34a,
Silla exterior aluminio alta · tejido Balliu · Etna Alta,Silla,Etna Alta,Aluminio / Gris oscuro,SV-ETNA-ALTA-ALUMINIO-GRIS-OSC,BALLIU_ETNA_SILLA_ALTA_CON_BRAZOS_EAF4A34A,balliu-silla-exterior-con-brazos-aluminio-estilo-elegante-56-cm-eaf4a34a,
Silla exterior aluminio alta · tejido Balliu · Etna Alta,Silla,Etna Alta,Aluminio / Azul acero,SV-ETNA-ALTA-ALUMINIO-AZUL-ACERO,BALLIU_ETNA_SILLA_ALTA_CON_BRAZOS_EAF4A34A,balliu-silla-exterior-con-brazos-aluminio-estilo-elegante-56-cm-eaf4a34a,
Silla exterior resina · estilo minimalista · Duna,Silla,Duna,Blanco,SV-DUNA-BLANCO,BALLIU_DUNA_SILLA_*,balliu-silla-exterior-resina-estilo-minimalista-484cbea0,
Silla exterior resina · estilo minimalista · Duna,Silla,Duna,Negro,SV-DUNA-NEGRO,BALLIU_DUNA_SILLA_*,balliu-silla-exterior-resina-estilo-minimalista-484cbea0,
Silla exterior resina · estilo minimalista · Duna,Silla,Duna,Tórtola,SV-DUNA-TORTOLA,BALLIU_DUNA_SILLA_*,balliu-silla-exterior-resina-estilo-minimalista-484cbea0,
Silla exterior resina · estilo clásico · Bimba,Silla,Bimba,Blanco,SV-BIMBA-BLANCO,BALLIU_BIMBA_SILLA_*,balliu-silla-exterior-resina-estilo-clasico-57-cm-8164cc65,
Silla exterior resina · estilo clásico · Bimba,Silla,Bimba,Negro,SV-BIMBA-NEGRO,BALLIU_BIMBA_SILLA_*,balliu-silla-exterior-resina-estilo-clasico-57-cm-8164cc65,
Silla exterior resina · estilo clásico · Bimba,Silla,Bimba,Tórtola,SV-BIMBA-TORTOLA,BALLIU_BIMBA_SILLA_*,balliu-silla-exterior-resina-estilo-clasico-57-cm-8164cc65,
Silla exterior resina apilable · Selva,Silla,Selva (silla),Blanco,SV-SELVA-SILLA-BLANCO,BALLIU_SELVA_SILLA_*,balliu-silla-exterior-resina-estilo-funcional-0b607ec7,
Silla exterior resina apilable · Selva,Silla,Selva (silla),Arena,SV-SELVA-SILLA-ARENA,BALLIU_SELVA_SILLA_*,balliu-silla-exterior-resina-estilo-funcional-0b607ec7,
Silla exterior resina · Bruna,Silla,Bruna,Sin brazos / Blanco,SV-BRUNA-SIN-BRAZOS-BLANCO,BALLIU_BRUNA_SILLA_*,balliu-silla-exterior-sin-brazos-resina-estilo-contemporaneo-49-cm-af080e9c,
Silla exterior resina · Bruna,Silla,Bruna,Sin brazos / Tórtola,SV-BRUNA-SIN-BRAZOS-TORTOLA,BALLIU_BRUNA_SILLA_*,balliu-silla-exterior-sin-brazos-resina-estilo-contemporaneo-49-cm-af080e9c,
Silla exterior resina · Bruna,Silla,Bruna,Con brazos / Blanco,SV-BRUNA-CON-BRAZOS-BLANCO,BALLIU_BRUNA_SILLA_*,balliu-silla-exterior-sin-brazos-resina-estilo-contemporaneo-49-cm-af080e9c,
Silla exterior resina · Bruna,Silla,Bruna,Con brazos / Tórtola,SV-BRUNA-CON-BRAZOS-TORTOLA,BALLIU_BRUNA_SILLA_*,balliu-silla-exterior-sin-brazos-resina-estilo-contemporaneo-49-cm-af080e9c,
Silla exterior resina · Vera,Silla,Vera,Sin brazos / Blanco,SV-VERA-SIN-BRAZOS-BLANCO,BALLIU_VERA_SILLA_*,balliu-silla-exterior-sin-brazos-resina-estilo-funcional-daabcdaf,
Silla exterior resina · Vera,Silla,Vera,Sin brazos / Tórtola,SV-VERA-SIN-BRAZOS-TORTOLA,BALLIU_VERA_SILLA_*,balliu-silla-exterior-sin-brazos-resina-estilo-funcional-daabcdaf,
Silla exterior resina · Vera,Silla,Vera,Con brazos / Blanco,SV-VERA-CON-BRAZOS-BLANCO,BALLIU_VERA_SILLA_*,balliu-silla-exterior-sin-brazos-resina-estilo-funcional-daabcdaf,
Silla exterior resina · Vera,Silla,Vera,Con brazos / Tórtola,SV-VERA-CON-BRAZOS-TORTOLA,BALLIU_VERA_SILLA_*,balliu-silla-exterior-sin-brazos-resina-estilo-funcional-daabcdaf,
Silla exterior resina · Vera,Silla,Vera,Sillón L / Blanco,SV-VERA-SILLON-L-BLANCO,BALLIU_VERA_SILLA_*,balliu-silla-exterior-sin-brazos-resina-estilo-funcional-daabcdaf,
Silla exterior resina · Vera,Silla,Vera,Sillón L / Tórtola,SV-VERA-SILLON-L-TORTOLA,BALLIU_VERA_SILLA_*,balliu-silla-exterior-sin-brazos-resina-estilo-funcional-daabcdaf,
Silla exterior resina · Venus,Silla,Venus,Sin brazos,SV-VENUS-SIN-BRAZOS,BALLIU_SILLA_VENUS_*,balliu-silla-exterior-sin-brazos-estilo-contemporaneo-53-cm-cd07e7d6,
Silla exterior aluminio · tejido Balliu · Mila,Silla,Mila,Blanco / Blanco,SV-MILA-BLANCO-BLANCO,BALLIU_MILA_SILLA_CON_BRAZOS_BC0C02EC,balliu-silla-exterior-con-brazos-aluminio-estilo-elegante-58-cm-bc0c02ec,
Silla exterior aluminio · tejido Balliu · Mila,Silla,Mila,Blanco / Ceniza,SV-MILA-BLANCO-CENIZA,BALLIU_MILA_SILLA_CON_BRAZOS_BC0C02EC,balliu-silla-exterior-con-brazos-aluminio-estilo-elegante-58-cm-bc0c02ec,
Silla exterior aluminio · tejido Balliu · Mila,Silla,Mila,Aluminio / Blanco,SV-MILA-ALUMINIO-BLANCO,BALLIU_MILA_SILLA_CON_BRAZOS_BC0C02EC,balliu-silla-exterior-con-brazos-aluminio-estilo-elegante-58-cm-bc0c02ec,
Silla exterior aluminio · tejido Balliu · Mila,Silla,Mila,Aluminio / Ceniza,SV-MILA-ALUMINIO-CENIZA,BALLIU_MILA_SILLA_CON_BRAZOS_BC0C02EC,balliu-silla-exterior-con-brazos-aluminio-estilo-elegante-58-cm-bc0c02ec,
Mesa auxiliar exterior resina decorativa · 48×48 cm · Mini Prestige,Mesa,Mini Prestige,Blanco,SV-MINIPRESTIGE-BLANCO,BALLIU_MINI_MESA_*_5D0FB586/1CF4D3D5,balliu-mesa-exterior-5d0fb586,
Mesa auxiliar exterior resina decorativa · 48×48 cm · Mini Prestige,Mesa,Mini Prestige,Arena,SV-MINIPRESTIGE-ARENA,BALLIU_MINI_MESA_*_5D0FB586/1CF4D3D5,balliu-mesa-exterior-5d0fb586,
Mesa auxiliar exterior resina decorativa · 48×48 cm · Mini Prestige,Mesa,Mini Prestige,Bronce,SV-MINIPRESTIGE-BRONCE,BALLIU_MINI_MESA_*_5D0FB586/1CF4D3D5,balliu-mesa-exterior-5d0fb586,
Mesa auxiliar exterior resina decorativa · 48×48 cm · Mini Prestige,Mesa,Mini Prestige,Gris oscuro,SV-MINIPRESTIGE-GRIS-OSC,BALLIU_MINI_MESA_*_5D0FB586/1CF4D3D5,balliu-mesa-exterior-5d0fb586,
Mesa auxiliar exterior resina decorativa · 48×48 cm · Mini Prestige,Mesa,Mini Prestige,Madera,SV-MINIPRESTIGE-MADERA,BALLIU_MINI_MESA_*_5D0FB586/1CF4D3D5,balliu-mesa-exterior-5d0fb586,
Mesa auxiliar exterior resina · 48×48 cm · Eva Pro Mini,Mesa,Eva Pro Mini,Blanco,SV-EVAPROMINI-BLANCO,BALLIU_EVA_PRO_MINI_MESA_AU_*_DE421A42/911A77BA,balliu-mesa-auxiliar-exterior-resina-48-cm-de421a42,
Mesa auxiliar exterior resina · 48×48 cm · Eva Pro Mini,Mesa,Eva Pro Mini,Arena,SV-EVAPROMINI-ARENA,BALLIU_EVA_PRO_MINI_MESA_AU_*_DE421A42/911A77BA,balliu-mesa-auxiliar-exterior-resina-48-cm-de421a42,
Mesa auxiliar exterior resina · 48×48 cm · Eva Pro Mini,Mesa,Eva Pro Mini,Bronce,SV-EVAPROMINI-BRONCE,BALLIU_EVA_PRO_MINI_MESA_AU_*_DE421A42/911A77BA,balliu-mesa-auxiliar-exterior-resina-48-cm-de421a42,
Mesa auxiliar exterior resina · 48×48 cm · Eva Pro Mini,Mesa,Eva Pro Mini,Gris oscuro,SV-EVAPROMINI-GRIS-OSC,BALLIU_EVA_PRO_MINI_MESA_AU_*_DE421A42/911A77BA,balliu-mesa-auxiliar-exterior-resina-48-cm-de421a42,
Mesa auxiliar exterior resina · 48×48 cm · Eva Pro Mini,Mesa,Eva Pro Mini,Tórtola,SV-EVAPROMINI-TORTOLA,BALLIU_EVA_PRO_MINI_MESA_AU_*_DE421A42/911A77BA,balliu-mesa-auxiliar-exterior-resina-48-cm-de421a42,
Mesa auxiliar exterior resina · 48×48 cm · Eva Pro BCN,Mesa,Eva Pro BCN,Blanco,SV-EVAPROBCN-BLANCO,BALLIU_EVA_PRO_BCN_MESA_AUX_*_35554775/25CD2EDE,balliu-mesa-auxiliar-exterior-resina-48-cm-35554775,
Mesa auxiliar exterior resina · 48×48 cm · Eva Pro BCN,Mesa,Eva Pro BCN,Arena,SV-EVAPROBCN-ARENA,BALLIU_EVA_PRO_BCN_MESA_AUX_*_35554775/25CD2EDE,balliu-mesa-auxiliar-exterior-resina-48-cm-35554775,
Mesa auxiliar exterior resina · 48×48 cm · Eva Pro BCN,Mesa,Eva Pro BCN,Bronce,SV-EVAPROBCN-BRONCE,BALLIU_EVA_PRO_BCN_MESA_AUX_*_35554775/25CD2EDE,balliu-mesa-auxiliar-exterior-resina-48-cm-35554775,
Mesa auxiliar exterior resina · 48×48 cm · Eva Pro BCN,Mesa,Eva Pro BCN,Gris oscuro,SV-EVAPROBCN-GRIS-OSC,BALLIU_EVA_PRO_BCN_MESA_AUX_*_35554775/25CD2EDE,balliu-mesa-auxiliar-exterior-resina-48-cm-35554775,
Mesa auxiliar exterior resina · 48×48 cm · Eva Pro BCN,Mesa,Eva Pro BCN,Tórtola,SV-EVAPROBCN-TORTOLA,BALLIU_EVA_PRO_BCN_MESA_AUX_*_35554775/25CD2EDE,balliu-mesa-auxiliar-exterior-resina-48-cm-35554775,
Mesa auxiliar exterior aluminio · 48×48 cm tejido · Olimpia,Mesa,Olimpia Mesa Auxiliar,Blanco / Azul,SV-OLIMPIAAUX-BLANCO-AZUL,BALLIU_OLIMPIA_MESA_AUXILIA_TELA_BALLIU_6C7A42D9,balliu-mesa-auxiliar-exterior-aluminio-54-cm-6c7a42d9,
Mesa auxiliar exterior aluminio · 48×48 cm tejido · Olimpia,Mesa,Olimpia Mesa Auxiliar,Blanco / Amarillo,SV-OLIMPIAAUX-BLANCO-AMARILLO,BALLIU_OLIMPIA_MESA_AUXILIA_TELA_BALLIU_6C7A42D9,balliu-mesa-auxiliar-exterior-aluminio-54-cm-6c7a42d9,
Mesa auxiliar exterior aluminio · 48×48 cm tejido · Olimpia,Mesa,Olimpia Mesa Auxiliar,Blanco / Naranja,SV-OLIMPIAAUX-BLANCO-NARANJA,BALLIU_OLIMPIA_MESA_AUXILIA_TELA_BALLIU_6C7A42D9,balliu-mesa-auxiliar-exterior-aluminio-54-cm-6c7a42d9,
Mesa auxiliar exterior aluminio · 48×48 cm tejido · Olimpia,Mesa,Olimpia Mesa Auxiliar,Blanco / Verde claro,SV-OLIMPIAAUX-BLANCO-VERDE-CLARO,BALLIU_OLIMPIA_MESA_AUXILIA_TELA_BALLIU_6C7A42D9,balliu-mesa-auxiliar-exterior-aluminio-54-cm-6c7a42d9,
Mesa auxiliar exterior aluminio · 48×48 cm tejido · Olimpia,Mesa,Olimpia Mesa Auxiliar,Blanco / Blanco,SV-OLIMPIAAUX-BLANCO-BLANCO,BALLIU_OLIMPIA_MESA_AUXILIA_TELA_BALLIU_6C7A42D9,balliu-mesa-auxiliar-exterior-aluminio-54-cm-6c7a42d9,
Mesa auxiliar exterior aluminio · 48×48 cm tejido · Olimpia,Mesa,Olimpia Mesa Auxiliar,Blanco / Natural,SV-OLIMPIAAUX-BLANCO-NATURAL,BALLIU_OLIMPIA_MESA_AUXILIA_TELA_BALLIU_6C7A42D9,balliu-mesa-auxiliar-exterior-aluminio-54-cm-6c7a42d9,
Mesa auxiliar exterior aluminio · 48×48 cm tejido · Olimpia,Mesa,Olimpia Mesa Auxiliar,Blanco / Capuchino,SV-OLIMPIAAUX-BLANCO-CAPUCHINO,BALLIU_OLIMPIA_MESA_AUXILIA_TELA_BALLIU_6C7A42D9,balliu-mesa-auxiliar-exterior-aluminio-54-cm-6c7a42d9,
Mesa auxiliar exterior aluminio · 48×48 cm tejido · Olimpia,Mesa,Olimpia Mesa Auxiliar,Blanco / Caqui,SV-OLIMPIAAUX-BLANCO-CAQUI,BALLIU_OLIMPIA_MESA_AUXILIA_TELA_BALLIU_6C7A42D9,balliu-mesa-auxiliar-exterior-aluminio-54-cm-6c7a42d9,
Mesa auxiliar exterior aluminio · 48×48 cm tejido · Olimpia,Mesa,Olimpia Mesa Auxiliar,Blanco / Marrón oscuro,SV-OLIMPIAAUX-BLANCO-MARRON-OSC,BALLIU_OLIMPIA_MESA_AUXILIA_TELA_BALLIU_6C7A42D9,balliu-mesa-auxiliar-exterior-aluminio-54-cm-6c7a42d9,
Mesa auxiliar exterior aluminio · 48×48 cm tejido · Olimpia,Mesa,Olimpia Mesa Auxiliar,Blanco / Arena,SV-OLIMPIAAUX-BLANCO-ARENA,BALLIU_OLIMPIA_MESA_AUXILIA_TELA_BALLIU_6C7A42D9,balliu-mesa-auxiliar-exterior-aluminio-54-cm-6c7a42d9,
Mesa auxiliar exterior aluminio · 48×48 cm tejido · Olimpia,Mesa,Olimpia Mesa Auxiliar,Blanco / Verde oscuro,SV-OLIMPIAAUX-BLANCO-VERDE-OSC,BALLIU_OLIMPIA_MESA_AUXILIA_TELA_BALLIU_6C7A42D9,balliu-mesa-auxiliar-exterior-aluminio-54-cm-6c7a42d9,
Mesa auxiliar exterior aluminio · 48×48 cm tejido · Olimpia,Mesa,Olimpia Mesa Auxiliar,Blanco / Azul celeste,SV-OLIMPIAAUX-BLANCO-AZUL-CEL,BALLIU_OLIMPIA_MESA_AUXILIA_TELA_BALLIU_6C7A42D9,balliu-mesa-auxiliar-exterior-aluminio-54-cm-6c7a42d9,
Mesa auxiliar exterior aluminio · 48×48 cm tejido · Olimpia,Mesa,Olimpia Mesa Auxiliar,Blanco / Ceniza,SV-OLIMPIAAUX-BLANCO-CENIZA,BALLIU_OLIMPIA_MESA_AUXILIA_TELA_BALLIU_6C7A42D9,balliu-mesa-auxiliar-exterior-aluminio-54-cm-6c7a42d9,
Mesa auxiliar exterior aluminio · 48×48 cm tejido · Olimpia,Mesa,Olimpia Mesa Auxiliar,Blanco / Azul marino,SV-OLIMPIAAUX-BLANCO-AZUL-MAR,BALLIU_OLIMPIA_MESA_AUXILIA_TELA_BALLIU_6C7A42D9,balliu-mesa-auxiliar-exterior-aluminio-54-cm-6c7a42d9,
Mesa auxiliar exterior aluminio · 48×48 cm tejido · Olimpia,Mesa,Olimpia Mesa Auxiliar,Blanco / Gris oscuro,SV-OLIMPIAAUX-BLANCO-GRIS-OSC,BALLIU_OLIMPIA_MESA_AUXILIA_TELA_BALLIU_6C7A42D9,balliu-mesa-auxiliar-exterior-aluminio-54-cm-6c7a42d9,
Mesa auxiliar exterior aluminio · 48×48 cm tejido · Olimpia,Mesa,Olimpia Mesa Auxiliar,Blanco / Azul acero,SV-OLIMPIAAUX-BLANCO-AZUL-ACERO,BALLIU_OLIMPIA_MESA_AUXILIA_TELA_BALLIU_6C7A42D9,balliu-mesa-auxiliar-exterior-aluminio-54-cm-6c7a42d9,
Mesa auxiliar exterior aluminio · 48×48 cm tejido · Olimpia,Mesa,Olimpia Mesa Auxiliar,Tórtola / Azul,SV-OLIMPIAAUX-TORTOLA-AZUL,BALLIU_OLIMPIA_MESA_AUXILIA_TELA_BALLIU_6C7A42D9,balliu-mesa-auxiliar-exterior-aluminio-54-cm-6c7a42d9,
Mesa auxiliar exterior aluminio · 48×48 cm tejido · Olimpia,Mesa,Olimpia Mesa Auxiliar,Tórtola / Amarillo,SV-OLIMPIAAUX-TORTOLA-AMARILLO,BALLIU_OLIMPIA_MESA_AUXILIA_TELA_BALLIU_6C7A42D9,balliu-mesa-auxiliar-exterior-aluminio-54-cm-6c7a42d9,
Mesa auxiliar exterior aluminio · 48×48 cm tejido · Olimpia,Mesa,Olimpia Mesa Auxiliar,Tórtola / Naranja,SV-OLIMPIAAUX-TORTOLA-NARANJA,BALLIU_OLIMPIA_MESA_AUXILIA_TELA_BALLIU_6C7A42D9,balliu-mesa-auxiliar-exterior-aluminio-54-cm-6c7a42d9,
Mesa auxiliar exterior aluminio · 48×48 cm tejido · Olimpia,Mesa,Olimpia Mesa Auxiliar,Tórtola / Verde claro,SV-OLIMPIAAUX-TORTOLA-VERDE-CLARO,BALLIU_OLIMPIA_MESA_AUXILIA_TELA_BALLIU_6C7A42D9,balliu-mesa-auxiliar-exterior-aluminio-54-cm-6c7a42d9,
Mesa auxiliar exterior aluminio · 48×48 cm tejido · Olimpia,Mesa,Olimpia Mesa Auxiliar,Tórtola / Blanco,SV-OLIMPIAAUX-TORTOLA-BLANCO,BALLIU_OLIMPIA_MESA_AUXILIA_TELA_BALLIU_6C7A42D9,balliu-mesa-auxiliar-exterior-aluminio-54-cm-6c7a42d9,
Mesa auxiliar exterior aluminio · 48×48 cm tejido · Olimpia,Mesa,Olimpia Mesa Auxiliar,Tórtola / Natural,SV-OLIMPIAAUX-TORTOLA-NATURAL,BALLIU_OLIMPIA_MESA_AUXILIA_TELA_BALLIU_6C7A42D9,balliu-mesa-auxiliar-exterior-aluminio-54-cm-6c7a42d9,
Mesa auxiliar exterior aluminio · 48×48 cm tejido · Olimpia,Mesa,Olimpia Mesa Auxiliar,Tórtola / Capuchino,SV-OLIMPIAAUX-TORTOLA-CAPUCHINO,BALLIU_OLIMPIA_MESA_AUXILIA_TELA_BALLIU_6C7A42D9,balliu-mesa-auxiliar-exterior-aluminio-54-cm-6c7a42d9,
Mesa auxiliar exterior aluminio · 48×48 cm tejido · Olimpia,Mesa,Olimpia Mesa Auxiliar,Tórtola / Caqui,SV-OLIMPIAAUX-TORTOLA-CAQUI,BALLIU_OLIMPIA_MESA_AUXILIA_TELA_BALLIU_6C7A42D9,balliu-mesa-auxiliar-exterior-aluminio-54-cm-6c7a42d9,
Mesa auxiliar exterior aluminio · 48×48 cm tejido · Olimpia,Mesa,Olimpia Mesa Auxiliar,Tórtola / Marrón oscuro,SV-OLIMPIAAUX-TORTOLA-MARRON-OSC,BALLIU_OLIMPIA_MESA_AUXILIA_TELA_BALLIU_6C7A42D9,balliu-mesa-auxiliar-exterior-aluminio-54-cm-6c7a42d9,
Mesa auxiliar exterior aluminio · 48×48 cm tejido · Olimpia,Mesa,Olimpia Mesa Auxiliar,Tórtola / Arena,SV-OLIMPIAAUX-TORTOLA-ARENA,BALLIU_OLIMPIA_MESA_AUXILIA_TELA_BALLIU_6C7A42D9,balliu-mesa-auxiliar-exterior-aluminio-54-cm-6c7a42d9,
Mesa auxiliar exterior aluminio · 48×48 cm tejido · Olimpia,Mesa,Olimpia Mesa Auxiliar,Tórtola / Verde oscuro,SV-OLIMPIAAUX-TORTOLA-VERDE-OSC,BALLIU_OLIMPIA_MESA_AUXILIA_TELA_BALLIU_6C7A42D9,balliu-mesa-auxiliar-exterior-aluminio-54-cm-6c7a42d9,
Mesa auxiliar exterior aluminio · 48×48 cm tejido · Olimpia,Mesa,Olimpia Mesa Auxiliar,Tórtola / Azul celeste,SV-OLIMPIAAUX-TORTOLA-AZUL-CEL,BALLIU_OLIMPIA_MESA_AUXILIA_TELA_BALLIU_6C7A42D9,balliu-mesa-auxiliar-exterior-aluminio-54-cm-6c7a42d9,
Mesa auxiliar exterior aluminio · 48×48 cm tejido · Olimpia,Mesa,Olimpia Mesa Auxiliar,Tórtola / Ceniza,SV-OLIMPIAAUX-TORTOLA-CENIZA,BALLIU_OLIMPIA_MESA_AUXILIA_TELA_BALLIU_6C7A42D9,balliu-mesa-auxiliar-exterior-aluminio-54-cm-6c7a42d9,
Mesa auxiliar exterior aluminio · 48×48 cm tejido · Olimpia,Mesa,Olimpia Mesa Auxiliar,Tórtola / Azul marino,SV-OLIMPIAAUX-TORTOLA-AZUL-MAR,BALLIU_OLIMPIA_MESA_AUXILIA_TELA_BALLIU_6C7A42D9,balliu-mesa-auxiliar-exterior-aluminio-54-cm-6c7a42d9,
Mesa auxiliar exterior aluminio · 48×48 cm tejido · Olimpia,Mesa,Olimpia Mesa Auxiliar,Tórtola / Gris oscuro,SV-OLIMPIAAUX-TORTOLA-GRIS-OSC,BALLIU_OLIMPIA_MESA_AUXILIA_TELA_BALLIU_6C7A42D9,balliu-mesa-auxiliar-exterior-aluminio-54-cm-6c7a42d9,
Mesa auxiliar exterior aluminio · 48×48 cm tejido · Olimpia,Mesa,Olimpia Mesa Auxiliar,Tórtola / Azul acero,SV-OLIMPIAAUX-TORTOLA-AZUL-ACERO,BALLIU_OLIMPIA_MESA_AUXILIA_TELA_BALLIU_6C7A42D9,balliu-mesa-auxiliar-exterior-aluminio-54-cm-6c7a42d9,
Mesa auxiliar exterior aluminio · 48×48 cm tejido · Olimpia,Mesa,Olimpia Mesa Auxiliar,Aluminio / Azul,SV-OLIMPIAAUX-ALUMINIO-AZUL,BALLIU_OLIMPIA_MESA_AUXILIA_TELA_BALLIU_6C7A42D9,balliu-mesa-auxiliar-exterior-aluminio-54-cm-6c7a42d9,
Mesa auxiliar exterior aluminio · 48×48 cm tejido · Olimpia,Mesa,Olimpia Mesa Auxiliar,Aluminio / Amarillo,SV-OLIMPIAAUX-ALUMINIO-AMARILLO,BALLIU_OLIMPIA_MESA_AUXILIA_TELA_BALLIU_6C7A42D9,balliu-mesa-auxiliar-exterior-aluminio-54-cm-6c7a42d9,
Mesa auxiliar exterior aluminio · 48×48 cm tejido · Olimpia,Mesa,Olimpia Mesa Auxiliar,Aluminio / Naranja,SV-OLIMPIAAUX-ALUMINIO-NARANJA,BALLIU_OLIMPIA_MESA_AUXILIA_TELA_BALLIU_6C7A42D9,balliu-mesa-auxiliar-exterior-aluminio-54-cm-6c7a42d9,
Mesa auxiliar exterior aluminio · 48×48 cm tejido · Olimpia,Mesa,Olimpia Mesa Auxiliar,Aluminio / Verde claro,SV-OLIMPIAAUX-ALUMINIO-VERDE-CLARO,BALLIU_OLIMPIA_MESA_AUXILIA_TELA_BALLIU_6C7A42D9,balliu-mesa-auxiliar-exterior-aluminio-54-cm-6c7a42d9,
Mesa auxiliar exterior aluminio · 48×48 cm tejido · Olimpia,Mesa,Olimpia Mesa Auxiliar,Aluminio / Blanco,SV-OLIMPIAAUX-ALUMINIO-BLANCO,BALLIU_OLIMPIA_MESA_AUXILIA_TELA_BALLIU_6C7A42D9,balliu-mesa-auxiliar-exterior-aluminio-54-cm-6c7a42d9,
Mesa auxiliar exterior aluminio · 48×48 cm tejido · Olimpia,Mesa,Olimpia Mesa Auxiliar,Aluminio / Natural,SV-OLIMPIAAUX-ALUMINIO-NATURAL,BALLIU_OLIMPIA_MESA_AUXILIA_TELA_BALLIU_6C7A42D9,balliu-mesa-auxiliar-exterior-aluminio-54-cm-6c7a42d9,
Mesa auxiliar exterior aluminio · 48×48 cm tejido · Olimpia,Mesa,Olimpia Mesa Auxiliar,Aluminio / Capuchino,SV-OLIMPIAAUX-ALUMINIO-CAPUCHINO,BALLIU_OLIMPIA_MESA_AUXILIA_TELA_BALLIU_6C7A42D9,balliu-mesa-auxiliar-exterior-aluminio-54-cm-6c7a42d9,
Mesa auxiliar exterior aluminio · 48×48 cm tejido · Olimpia,Mesa,Olimpia Mesa Auxiliar,Aluminio / Caqui,SV-OLIMPIAAUX-ALUMINIO-CAQUI,BALLIU_OLIMPIA_MESA_AUXILIA_TELA_BALLIU_6C7A42D9,balliu-mesa-auxiliar-exterior-aluminio-54-cm-6c7a42d9,
Mesa auxiliar exterior aluminio · 48×48 cm tejido · Olimpia,Mesa,Olimpia Mesa Auxiliar,Aluminio / Marrón oscuro,SV-OLIMPIAAUX-ALUMINIO-MARRON-OSC,BALLIU_OLIMPIA_MESA_AUXILIA_TELA_BALLIU_6C7A42D9,balliu-mesa-auxiliar-exterior-aluminio-54-cm-6c7a42d9,
Mesa auxiliar exterior aluminio · 48×48 cm tejido · Olimpia,Mesa,Olimpia Mesa Auxiliar,Aluminio / Arena,SV-OLIMPIAAUX-ALUMINIO-ARENA,BALLIU_OLIMPIA_MESA_AUXILIA_TELA_BALLIU_6C7A42D9,balliu-mesa-auxiliar-exterior-aluminio-54-cm-6c7a42d9,
Mesa auxiliar exterior aluminio · 48×48 cm tejido · Olimpia,Mesa,Olimpia Mesa Auxiliar,Aluminio / Verde oscuro,SV-OLIMPIAAUX-ALUMINIO-VERDE-OSC,BALLIU_OLIMPIA_MESA_AUXILIA_TELA_BALLIU_6C7A42D9,balliu-mesa-auxiliar-exterior-aluminio-54-cm-6c7a42d9,
Mesa auxiliar exterior aluminio · 48×48 cm tejido · Olimpia,Mesa,Olimpia Mesa Auxiliar,Aluminio / Azul celeste,SV-OLIMPIAAUX-ALUMINIO-AZUL-CEL,BALLIU_OLIMPIA_MESA_AUXILIA_TELA_BALLIU_6C7A42D9,balliu-mesa-auxiliar-exterior-aluminio-54-cm-6c7a42d9,
Mesa auxiliar exterior aluminio · 48×48 cm tejido · Olimpia,Mesa,Olimpia Mesa Auxiliar,Aluminio / Ceniza,SV-OLIMPIAAUX-ALUMINIO-CENIZA,BALLIU_OLIMPIA_MESA_AUXILIA_TELA_BALLIU_6C7A42D9,balliu-mesa-auxiliar-exterior-aluminio-54-cm-6c7a42d9,
Mesa auxiliar exterior aluminio · 48×48 cm tejido · Olimpia,Mesa,Olimpia Mesa Auxiliar,Aluminio / Azul marino,SV-OLIMPIAAUX-ALUMINIO-AZUL-MAR,BALLIU_OLIMPIA_MESA_AUXILIA_TELA_BALLIU_6C7A42D9,balliu-mesa-auxiliar-exterior-aluminio-54-cm-6c7a42d9,
Mesa auxiliar exterior aluminio · 48×48 cm tejido · Olimpia,Mesa,Olimpia Mesa Auxiliar,Aluminio / Gris oscuro,SV-OLIMPIAAUX-ALUMINIO-GRIS-OSC,BALLIU_OLIMPIA_MESA_AUXILIA_TELA_BALLIU_6C7A42D9,balliu-mesa-auxiliar-exterior-aluminio-54-cm-6c7a42d9,
Mesa auxiliar exterior aluminio · 48×48 cm tejido · Olimpia,Mesa,Olimpia Mesa Auxiliar,Aluminio / Azul acero,SV-OLIMPIAAUX-ALUMINIO-AZUL-ACERO,BALLIU_OLIMPIA_MESA_AUXILIA_TELA_BALLIU_6C7A42D9,balliu-mesa-auxiliar-exterior-aluminio-54-cm-6c7a42d9,
Mesa auxiliar exterior aluminio · Ø42 cm · Noa,Mesa,Noa Mesa Auxiliar,Antracita,SV-NOAUX-ANTRACITA,BALLIU_NOA_MESA_AUXILIAR_*_90B11E5B/27CE9446,balliu-mesa-auxiliar-exterior-aluminio-90b11e5b,
Mesa auxiliar exterior aluminio · Ø42 cm · Noa,Mesa,Noa Mesa Auxiliar,Arena,SV-NOAUX-ARENA,BALLIU_NOA_MESA_AUXILIAR_*_90B11E5B/27CE9446,balliu-mesa-auxiliar-exterior-aluminio-90b11e5b,
Mesa auxiliar exterior aluminio · Ø42 cm · Noa,Mesa,Noa Mesa Auxiliar,Blanco,SV-NOAUX-BLANCO,BALLIU_NOA_MESA_AUXILIAR_*_90B11E5B/27CE9446,balliu-mesa-auxiliar-exterior-aluminio-90b11e5b,
Mesa auxiliar exterior aluminio · Ø42 cm · Noa,Mesa,Noa Mesa Auxiliar,Madera,SV-NOAUX-MADERA,BALLIU_NOA_MESA_AUXILIAR_*_90B11E5B/27CE9446,balliu-mesa-auxiliar-exterior-aluminio-90b11e5b,
Mesa auxiliar exterior aluminio · Ø42 cm · Noa,Mesa,Noa Mesa Auxiliar,Tórtola,SV-NOAUX-TORTOLA,BALLIU_NOA_MESA_AUXILIAR_*_90B11E5B/27CE9446,balliu-mesa-auxiliar-exterior-aluminio-90b11e5b,
Mesa auxiliar exterior · aluminio HPL 45×45 cm · Etna,Mesa,Etna Mesa Auxiliar,Blanco / Gris,SV-ETNAUX-BLANCO-GRIS,BALLIU_ETNA_MESA_AUXILIAR_TABLERO_HPL_C5331CE8,balliu-mesa-auxiliar-exterior-aluminio-60-cm-9c991818,
Mesa auxiliar exterior · aluminio HPL 45×45 cm · Etna,Mesa,Etna Mesa Auxiliar,Blanco / Blanco,SV-ETNAUX-BLANCO-BLANCO,BALLIU_ETNA_MESA_AUXILIAR_TABLERO_HPL_C5331CE8,balliu-mesa-auxiliar-exterior-aluminio-60-cm-9c991818,
Mesa auxiliar exterior · aluminio HPL 45×45 cm · Etna,Mesa,Etna Mesa Auxiliar,Blanco / Moonwalk,SV-ETNAUX-BLANCO-MOONWALK,BALLIU_ETNA_MESA_AUXILIAR_TABLERO_HPL_C5331CE8,balliu-mesa-auxiliar-exterior-aluminio-60-cm-9c991818,
Mesa auxiliar exterior · aluminio HPL 45×45 cm · Etna,Mesa,Etna Mesa Auxiliar,Blanco / Skyline,SV-ETNAUX-BLANCO-SKYLINE,BALLIU_ETNA_MESA_AUXILIAR_TABLERO_HPL_C5331CE8,balliu-mesa-auxiliar-exterior-aluminio-60-cm-9c991818,
Mesa auxiliar exterior · aluminio HPL 45×45 cm · Etna,Mesa,Etna Mesa Auxiliar,Blanco / Prado,SV-ETNAUX-BLANCO-PRADO,BALLIU_ETNA_MESA_AUXILIAR_TABLERO_HPL_C5331CE8,balliu-mesa-auxiliar-exterior-aluminio-60-cm-9c991818,
Mesa auxiliar exterior · aluminio HPL 45×45 cm · Etna,Mesa,Etna Mesa Auxiliar,Tórtola / Gris,SV-ETNAUX-TORTOLA-GRIS,BALLIU_ETNA_MESA_AUXILIAR_TABLERO_HPL_C5331CE8,balliu-mesa-auxiliar-exterior-aluminio-60-cm-9c991818,
Mesa auxiliar exterior · aluminio HPL 45×45 cm · Etna,Mesa,Etna Mesa Auxiliar,Tórtola / Blanco,SV-ETNAUX-TORTOLA-BLANCO,BALLIU_ETNA_MESA_AUXILIAR_TABLERO_HPL_C5331CE8,balliu-mesa-auxiliar-exterior-aluminio-60-cm-9c991818,
Mesa auxiliar exterior · aluminio HPL 45×45 cm · Etna,Mesa,Etna Mesa Auxiliar,Tórtola / Moonwalk,SV-ETNAUX-TORTOLA-MOONWALK,BALLIU_ETNA_MESA_AUXILIAR_TABLERO_HPL_C5331CE8,balliu-mesa-auxiliar-exterior-aluminio-60-cm-9c991818,
Mesa auxiliar exterior · aluminio HPL 45×45 cm · Etna,Mesa,Etna Mesa Auxiliar,Tórtola / Skyline,SV-ETNAUX-TORTOLA-SKYLINE,BALLIU_ETNA_MESA_AUXILIAR_TABLERO_HPL_C5331CE8,balliu-mesa-auxiliar-exterior-aluminio-60-cm-9c991818,
Mesa auxiliar exterior · aluminio HPL 45×45 cm · Etna,Mesa,Etna Mesa Auxiliar,Tórtola / Prado,SV-ETNAUX-TORTOLA-PRADO,BALLIU_ETNA_MESA_AUXILIAR_TABLERO_HPL_C5331CE8,balliu-mesa-auxiliar-exterior-aluminio-60-cm-9c991818,
Mesa auxiliar exterior · aluminio HPL 45×45 cm · Etna,Mesa,Etna Mesa Auxiliar,Aluminio / Gris,SV-ETNAUX-ALUMINIO-GRIS,BALLIU_ETNA_MESA_AUXILIAR_TABLERO_HPL_C5331CE8,balliu-mesa-auxiliar-exterior-aluminio-60-cm-9c991818,
Mesa auxiliar exterior · aluminio HPL 45×45 cm · Etna,Mesa,Etna Mesa Auxiliar,Aluminio / Blanco,SV-ETNAUX-ALUMINIO-BLANCO,BALLIU_ETNA_MESA_AUXILIAR_TABLERO_HPL_C5331CE8,balliu-mesa-auxiliar-exterior-aluminio-60-cm-9c991818,
Mesa auxiliar exterior · aluminio HPL 45×45 cm · Etna,Mesa,Etna Mesa Auxiliar,Aluminio / Moonwalk,SV-ETNAUX-ALUMINIO-MOONWALK,BALLIU_ETNA_MESA_AUXILIAR_TABLERO_HPL_C5331CE8,balliu-mesa-auxiliar-exterior-aluminio-60-cm-9c991818,
Mesa auxiliar exterior · aluminio HPL 45×45 cm · Etna,Mesa,Etna Mesa Auxiliar,Aluminio / Skyline,SV-ETNAUX-ALUMINIO-SKYLINE,BALLIU_ETNA_MESA_AUXILIAR_TABLERO_HPL_C5331CE8,balliu-mesa-auxiliar-exterior-aluminio-60-cm-9c991818,
Mesa auxiliar exterior · aluminio HPL 45×45 cm · Etna,Mesa,Etna Mesa Auxiliar,Aluminio / Prado,SV-ETNAUX-ALUMINIO-PRADO,BALLIU_ETNA_MESA_AUXILIAR_TABLERO_HPL_C5331CE8,balliu-mesa-auxiliar-exterior-aluminio-60-cm-9c991818,
Mesa exterior resina · Werzalit · Selva,Mesa,Selva,Ø70 cm,SV-SELVA-D70,BALLIU_SELVA_MESA_*,balliu-mesa-exterior-resina-70-cm-33ce1613,
Mesa exterior resina · Werzalit · Selva,Mesa,Selva,Ø90 cm,SV-SELVA-D90,BALLIU_SELVA_MESA_*,balliu-mesa-exterior-resina-70-cm-33ce1613,
Mesa exterior resina · Werzalit · Selva,Mesa,Selva,70×70 cm,SV-SELVA-70X70,BALLIU_SELVA_MESA_*,balliu-mesa-exterior-resina-70-cm-33ce1613,
Mesa exterior resina · Werzalit · Selva,Mesa,Selva,80×80 cm,SV-SELVA-80X80,BALLIU_SELVA_MESA_*,balliu-mesa-exterior-resina-70-cm-33ce1613,
Mesa exterior resina · Werzalit · Selva,Mesa,Selva,120×80 cm,SV-SELVA-120X80,BALLIU_SELVA_MESA_*,balliu-mesa-exterior-resina-70-cm-33ce1613,
Mesa exterior aluminio · HPL · Brunei,Mesa,Brunei,80×80 cm / Blanco / Gris,SV-BRUNEI-80X80-BLANCO-GRIS,BALLIU_BRUNEI_MESA_*_HPL,balliu-mesa-exterior-aluminio-8080-cm-ef580ae2,
Mesa exterior aluminio · HPL · Brunei,Mesa,Brunei,80×80 cm / Blanco / Blanco,SV-BRUNEI-80X80-BLANCO-BLANCO,BALLIU_BRUNEI_MESA_*_HPL,balliu-mesa-exterior-aluminio-8080-cm-ef580ae2,
Mesa exterior aluminio · HPL · Brunei,Mesa,Brunei,80×80 cm / Blanco / Moonwalk,SV-BRUNEI-80X80-BLANCO-MOONWALK,BALLIU_BRUNEI_MESA_*_HPL,balliu-mesa-exterior-aluminio-8080-cm-ef580ae2,
Mesa exterior aluminio · HPL · Brunei,Mesa,Brunei,80×80 cm / Blanco / Skyline,SV-BRUNEI-80X80-BLANCO-SKYLINE,BALLIU_BRUNEI_MESA_*_HPL,balliu-mesa-exterior-aluminio-8080-cm-ef580ae2,
Mesa exterior aluminio · HPL · Brunei,Mesa,Brunei,80×80 cm / Blanco / Prado,SV-BRUNEI-80X80-BLANCO-PRADO,BALLIU_BRUNEI_MESA_*_HPL,balliu-mesa-exterior-aluminio-8080-cm-ef580ae2,
Mesa exterior aluminio · HPL · Brunei,Mesa,Brunei,80×80 cm / Tórtola / Gris,SV-BRUNEI-80X80-TORTOLA-GRIS,BALLIU_BRUNEI_MESA_*_HPL,balliu-mesa-exterior-aluminio-8080-cm-ef580ae2,
Mesa exterior aluminio · HPL · Brunei,Mesa,Brunei,80×80 cm / Tórtola / Blanco,SV-BRUNEI-80X80-TORTOLA-BLANCO,BALLIU_BRUNEI_MESA_*_HPL,balliu-mesa-exterior-aluminio-8080-cm-ef580ae2,
Mesa exterior aluminio · HPL · Brunei,Mesa,Brunei,80×80 cm / Tórtola / Moonwalk,SV-BRUNEI-80X80-TORTOLA-MOONWALK,BALLIU_BRUNEI_MESA_*_HPL,balliu-mesa-exterior-aluminio-8080-cm-ef580ae2,
Mesa exterior aluminio · HPL · Brunei,Mesa,Brunei,80×80 cm / Tórtola / Skyline,SV-BRUNEI-80X80-TORTOLA-SKYLINE,BALLIU_BRUNEI_MESA_*_HPL,balliu-mesa-exterior-aluminio-8080-cm-ef580ae2,
Mesa exterior aluminio · HPL · Brunei,Mesa,Brunei,80×80 cm / Tórtola / Prado,SV-BRUNEI-80X80-TORTOLA-PRADO,BALLIU_BRUNEI_MESA_*_HPL,balliu-mesa-exterior-aluminio-8080-cm-ef580ae2,
Mesa exterior aluminio · HPL · Brunei,Mesa,Brunei,80×80 cm / Aluminio / Gris,SV-BRUNEI-80X80-ALUMINIO-GRIS,BALLIU_BRUNEI_MESA_*_HPL,balliu-mesa-exterior-aluminio-8080-cm-ef580ae2,
Mesa exterior aluminio · HPL · Brunei,Mesa,Brunei,80×80 cm / Aluminio / Blanco,SV-BRUNEI-80X80-ALUMINIO-BLANCO,BALLIU_BRUNEI_MESA_*_HPL,balliu-mesa-exterior-aluminio-8080-cm-ef580ae2,
Mesa exterior aluminio · HPL · Brunei,Mesa,Brunei,80×80 cm / Aluminio / Moonwalk,SV-BRUNEI-80X80-ALUMINIO-MOONWALK,BALLIU_BRUNEI_MESA_*_HPL,balliu-mesa-exterior-aluminio-8080-cm-ef580ae2,
Mesa exterior aluminio · HPL · Brunei,Mesa,Brunei,80×80 cm / Aluminio / Skyline,SV-BRUNEI-80X80-ALUMINIO-SKYLINE,BALLIU_BRUNEI_MESA_*_HPL,balliu-mesa-exterior-aluminio-8080-cm-ef580ae2,
Mesa exterior aluminio · HPL · Brunei,Mesa,Brunei,80×80 cm / Aluminio / Prado,SV-BRUNEI-80X80-ALUMINIO-PRADO,BALLIU_BRUNEI_MESA_*_HPL,balliu-mesa-exterior-aluminio-8080-cm-ef580ae2,
Mesa exterior aluminio · HPL · Brunei,Mesa,Brunei,130×80 cm / Blanco / Gris,SV-BRUNEI-130X80-BLANCO-GRIS,BALLIU_BRUNEI_MESA_*_HPL,balliu-mesa-exterior-aluminio-8080-cm-ef580ae2,
Mesa exterior aluminio · HPL · Brunei,Mesa,Brunei,130×80 cm / Blanco / Blanco,SV-BRUNEI-130X80-BLANCO-BLANCO,BALLIU_BRUNEI_MESA_*_HPL,balliu-mesa-exterior-aluminio-8080-cm-ef580ae2,
Mesa exterior aluminio · HPL · Brunei,Mesa,Brunei,130×80 cm / Blanco / Moonwalk,SV-BRUNEI-130X80-BLANCO-MOONWALK,BALLIU_BRUNEI_MESA_*_HPL,balliu-mesa-exterior-aluminio-8080-cm-ef580ae2,
Mesa exterior aluminio · HPL · Brunei,Mesa,Brunei,130×80 cm / Blanco / Skyline,SV-BRUNEI-130X80-BLANCO-SKYLINE,BALLIU_BRUNEI_MESA_*_HPL,balliu-mesa-exterior-aluminio-8080-cm-ef580ae2,
Mesa exterior aluminio · HPL · Brunei,Mesa,Brunei,130×80 cm / Blanco / Prado,SV-BRUNEI-130X80-BLANCO-PRADO,BALLIU_BRUNEI_MESA_*_HPL,balliu-mesa-exterior-aluminio-8080-cm-ef580ae2,
Mesa exterior aluminio · HPL · Brunei,Mesa,Brunei,130×80 cm / Tórtola / Gris,SV-BRUNEI-130X80-TORTOLA-GRIS,BALLIU_BRUNEI_MESA_*_HPL,balliu-mesa-exterior-aluminio-8080-cm-ef580ae2,
Mesa exterior aluminio · HPL · Brunei,Mesa,Brunei,130×80 cm / Tórtola / Blanco,SV-BRUNEI-130X80-TORTOLA-BLANCO,BALLIU_BRUNEI_MESA_*_HPL,balliu-mesa-exterior-aluminio-8080-cm-ef580ae2,
Mesa exterior aluminio · HPL · Brunei,Mesa,Brunei,130×80 cm / Tórtola / Moonwalk,SV-BRUNEI-130X80-TORTOLA-MOONWALK,BALLIU_BRUNEI_MESA_*_HPL,balliu-mesa-exterior-aluminio-8080-cm-ef580ae2,
Mesa exterior aluminio · HPL · Brunei,Mesa,Brunei,130×80 cm / Tórtola / Skyline,SV-BRUNEI-130X80-TORTOLA-SKYLINE,BALLIU_BRUNEI_MESA_*_HPL,balliu-mesa-exterior-aluminio-8080-cm-ef580ae2,
Mesa exterior aluminio · HPL · Brunei,Mesa,Brunei,130×80 cm / Tórtola / Prado,SV-BRUNEI-130X80-TORTOLA-PRADO,BALLIU_BRUNEI_MESA_*_HPL,balliu-mesa-exterior-aluminio-8080-cm-ef580ae2,
Mesa exterior aluminio · HPL · Brunei,Mesa,Brunei,130×80 cm / Aluminio / Gris,SV-BRUNEI-130X80-ALUMINIO-GRIS,BALLIU_BRUNEI_MESA_*_HPL,balliu-mesa-exterior-aluminio-8080-cm-ef580ae2,
Mesa exterior aluminio · HPL · Brunei,Mesa,Brunei,130×80 cm / Aluminio / Blanco,SV-BRUNEI-130X80-ALUMINIO-BLANCO,BALLIU_BRUNEI_MESA_*_HPL,balliu-mesa-exterior-aluminio-8080-cm-ef580ae2,
Mesa exterior aluminio · HPL · Brunei,Mesa,Brunei,130×80 cm / Aluminio / Moonwalk,SV-BRUNEI-130X80-ALUMINIO-MOONWALK,BALLIU_BRUNEI_MESA_*_HPL,balliu-mesa-exterior-aluminio-8080-cm-ef580ae2,
Mesa exterior aluminio · HPL · Brunei,Mesa,Brunei,130×80 cm / Aluminio / Skyline,SV-BRUNEI-130X80-ALUMINIO-SKYLINE,BALLIU_BRUNEI_MESA_*_HPL,balliu-mesa-exterior-aluminio-8080-cm-ef580ae2,
Mesa exterior aluminio · HPL · Brunei,Mesa,Brunei,130×80 cm / Aluminio / Prado,SV-BRUNEI-130X80-ALUMINIO-PRADO,BALLIU_BRUNEI_MESA_*_HPL,balliu-mesa-exterior-aluminio-8080-cm-ef580ae2,
Mesa exterior aluminio · HPL · Brunei,Mesa,Brunei,160×90 cm / Blanco / Gris,SV-BRUNEI-160X90-BLANCO-GRIS,BALLIU_BRUNEI_MESA_*_HPL,balliu-mesa-exterior-aluminio-8080-cm-ef580ae2,
Mesa exterior aluminio · HPL · Brunei,Mesa,Brunei,160×90 cm / Blanco / Blanco,SV-BRUNEI-160X90-BLANCO-BLANCO,BALLIU_BRUNEI_MESA_*_HPL,balliu-mesa-exterior-aluminio-8080-cm-ef580ae2,
Mesa exterior aluminio · HPL · Brunei,Mesa,Brunei,160×90 cm / Blanco / Moonwalk,SV-BRUNEI-160X90-BLANCO-MOONWALK,BALLIU_BRUNEI_MESA_*_HPL,balliu-mesa-exterior-aluminio-8080-cm-ef580ae2,
Mesa exterior aluminio · HPL · Brunei,Mesa,Brunei,160×90 cm / Blanco / Skyline,SV-BRUNEI-160X90-BLANCO-SKYLINE,BALLIU_BRUNEI_MESA_*_HPL,balliu-mesa-exterior-aluminio-8080-cm-ef580ae2,
Mesa exterior aluminio · HPL · Brunei,Mesa,Brunei,160×90 cm / Blanco / Prado,SV-BRUNEI-160X90-BLANCO-PRADO,BALLIU_BRUNEI_MESA_*_HPL,balliu-mesa-exterior-aluminio-8080-cm-ef580ae2,
Mesa exterior aluminio · HPL · Brunei,Mesa,Brunei,160×90 cm / Tórtola / Gris,SV-BRUNEI-160X90-TORTOLA-GRIS,BALLIU_BRUNEI_MESA_*_HPL,balliu-mesa-exterior-aluminio-8080-cm-ef580ae2,
Mesa exterior aluminio · HPL · Brunei,Mesa,Brunei,160×90 cm / Tórtola / Blanco,SV-BRUNEI-160X90-TORTOLA-BLANCO,BALLIU_BRUNEI_MESA_*_HPL,balliu-mesa-exterior-aluminio-8080-cm-ef580ae2,
Mesa exterior aluminio · HPL · Brunei,Mesa,Brunei,160×90 cm / Tórtola / Moonwalk,SV-BRUNEI-160X90-TORTOLA-MOONWALK,BALLIU_BRUNEI_MESA_*_HPL,balliu-mesa-exterior-aluminio-8080-cm-ef580ae2,
Mesa exterior aluminio · HPL · Brunei,Mesa,Brunei,160×90 cm / Tórtola / Skyline,SV-BRUNEI-160X90-TORTOLA-SKYLINE,BALLIU_BRUNEI_MESA_*_HPL,balliu-mesa-exterior-aluminio-8080-cm-ef580ae2,
Mesa exterior aluminio · HPL · Brunei,Mesa,Brunei,160×90 cm / Tórtola / Prado,SV-BRUNEI-160X90-TORTOLA-PRADO,BALLIU_BRUNEI_MESA_*_HPL,balliu-mesa-exterior-aluminio-8080-cm-ef580ae2,
Mesa exterior aluminio · HPL · Brunei,Mesa,Brunei,160×90 cm / Aluminio / Gris,SV-BRUNEI-160X90-ALUMINIO-GRIS,BALLIU_BRUNEI_MESA_*_HPL,balliu-mesa-exterior-aluminio-8080-cm-ef580ae2,
Mesa exterior aluminio · HPL · Brunei,Mesa,Brunei,160×90 cm / Aluminio / Blanco,SV-BRUNEI-160X90-ALUMINIO-BLANCO,BALLIU_BRUNEI_MESA_*_HPL,balliu-mesa-exterior-aluminio-8080-cm-ef580ae2,
Mesa exterior aluminio · HPL · Brunei,Mesa,Brunei,160×90 cm / Aluminio / Moonwalk,SV-BRUNEI-160X90-ALUMINIO-MOONWALK,BALLIU_BRUNEI_MESA_*_HPL,balliu-mesa-exterior-aluminio-8080-cm-ef580ae2,
Mesa exterior aluminio · HPL · Brunei,Mesa,Brunei,160×90 cm / Aluminio / Skyline,SV-BRUNEI-160X90-ALUMINIO-SKYLINE,BALLIU_BRUNEI_MESA_*_HPL,balliu-mesa-exterior-aluminio-8080-cm-ef580ae2,
Mesa exterior aluminio · HPL · Brunei,Mesa,Brunei,160×90 cm / Aluminio / Prado,SV-BRUNEI-160X90-ALUMINIO-PRADO,BALLIU_BRUNEI_MESA_*_HPL,balliu-mesa-exterior-aluminio-8080-cm-ef580ae2,
Mesa exterior aluminio · HPL · Brunei,Mesa,Brunei,190×90 cm / Blanco / Gris,SV-BRUNEI-190X90-BLANCO-GRIS,BALLIU_BRUNEI_MESA_*_HPL,balliu-mesa-exterior-aluminio-8080-cm-ef580ae2,
Mesa exterior aluminio · HPL · Brunei,Mesa,Brunei,190×90 cm / Blanco / Blanco,SV-BRUNEI-190X90-BLANCO-BLANCO,BALLIU_BRUNEI_MESA_*_HPL,balliu-mesa-exterior-aluminio-8080-cm-ef580ae2,
Mesa exterior aluminio · HPL · Brunei,Mesa,Brunei,190×90 cm / Blanco / Moonwalk,SV-BRUNEI-190X90-BLANCO-MOONWALK,BALLIU_BRUNEI_MESA_*_HPL,balliu-mesa-exterior-aluminio-8080-cm-ef580ae2,
Mesa exterior aluminio · HPL · Brunei,Mesa,Brunei,190×90 cm / Blanco / Skyline,SV-BRUNEI-190X90-BLANCO-SKYLINE,BALLIU_BRUNEI_MESA_*_HPL,balliu-mesa-exterior-aluminio-8080-cm-ef580ae2,
Mesa exterior aluminio · HPL · Brunei,Mesa,Brunei,190×90 cm / Blanco / Prado,SV-BRUNEI-190X90-BLANCO-PRADO,BALLIU_BRUNEI_MESA_*_HPL,balliu-mesa-exterior-aluminio-8080-cm-ef580ae2,
Mesa exterior aluminio · HPL · Brunei,Mesa,Brunei,190×90 cm / Tórtola / Gris,SV-BRUNEI-190X90-TORTOLA-GRIS,BALLIU_BRUNEI_MESA_*_HPL,balliu-mesa-exterior-aluminio-8080-cm-ef580ae2,
Mesa exterior aluminio · HPL · Brunei,Mesa,Brunei,190×90 cm / Tórtola / Blanco,SV-BRUNEI-190X90-TORTOLA-BLANCO,BALLIU_BRUNEI_MESA_*_HPL,balliu-mesa-exterior-aluminio-8080-cm-ef580ae2,
Mesa exterior aluminio · HPL · Brunei,Mesa,Brunei,190×90 cm / Tórtola / Moonwalk,SV-BRUNEI-190X90-TORTOLA-MOONWALK,BALLIU_BRUNEI_MESA_*_HPL,balliu-mesa-exterior-aluminio-8080-cm-ef580ae2,
Mesa exterior aluminio · HPL · Brunei,Mesa,Brunei,190×90 cm / Tórtola / Skyline,SV-BRUNEI-190X90-TORTOLA-SKYLINE,BALLIU_BRUNEI_MESA_*_HPL,balliu-mesa-exterior-aluminio-8080-cm-ef580ae2,
Mesa exterior aluminio · HPL · Brunei,Mesa,Brunei,190×90 cm / Tórtola / Prado,SV-BRUNEI-190X90-TORTOLA-PRADO,BALLIU_BRUNEI_MESA_*_HPL,balliu-mesa-exterior-aluminio-8080-cm-ef580ae2,
Mesa exterior aluminio · HPL · Brunei,Mesa,Brunei,190×90 cm / Aluminio / Gris,SV-BRUNEI-190X90-ALUMINIO-GRIS,BALLIU_BRUNEI_MESA_*_HPL,balliu-mesa-exterior-aluminio-8080-cm-ef580ae2,
Mesa exterior aluminio · HPL · Brunei,Mesa,Brunei,190×90 cm / Aluminio / Blanco,SV-BRUNEI-190X90-ALUMINIO-BLANCO,BALLIU_BRUNEI_MESA_*_HPL,balliu-mesa-exterior-aluminio-8080-cm-ef580ae2,
Mesa exterior aluminio · HPL · Brunei,Mesa,Brunei,190×90 cm / Aluminio / Moonwalk,SV-BRUNEI-190X90-ALUMINIO-MOONWALK,BALLIU_BRUNEI_MESA_*_HPL,balliu-mesa-exterior-aluminio-8080-cm-ef580ae2,
Mesa exterior aluminio · HPL · Brunei,Mesa,Brunei,190×90 cm / Aluminio / Skyline,SV-BRUNEI-190X90-ALUMINIO-SKYLINE,BALLIU_BRUNEI_MESA_*_HPL,balliu-mesa-exterior-aluminio-8080-cm-ef580ae2,
Mesa exterior aluminio · HPL · Brunei,Mesa,Brunei,190×90 cm / Aluminio / Prado,SV-BRUNEI-190X90-ALUMINIO-PRADO,BALLIU_BRUNEI_MESA_*_HPL,balliu-mesa-exterior-aluminio-8080-cm-ef580ae2,
Mesa extensible exterior aluminio · HPL · Atlanta,Mesa,Atlanta,140/180×90 cm / Blanco / Gris,SV-ATLANTA-140-180X90-BLANCO-GRIS,BALLIU_ATLANTA_MESA_*_EXTEN,balliu-mesa-exterior-140-18090-cm-e4ec7d7c,
Mesa extensible exterior aluminio · HPL · Atlanta,Mesa,Atlanta,140/180×90 cm / Blanco / Blanco,SV-ATLANTA-140-180X90-BLANCO-BLANCO,BALLIU_ATLANTA_MESA_*_EXTEN,balliu-mesa-exterior-140-18090-cm-e4ec7d7c,
Mesa extensible exterior aluminio · HPL · Atlanta,Mesa,Atlanta,140/180×90 cm / Blanco / Moonwalk,SV-ATLANTA-140-180X90-BLANCO-MOONWALK,BALLIU_ATLANTA_MESA_*_EXTEN,balliu-mesa-exterior-140-18090-cm-e4ec7d7c,
Mesa extensible exterior aluminio · HPL · Atlanta,Mesa,Atlanta,140/180×90 cm / Blanco / Skyline,SV-ATLANTA-140-180X90-BLANCO-SKYLINE,BALLIU_ATLANTA_MESA_*_EXTEN,balliu-mesa-exterior-140-18090-cm-e4ec7d7c,
Mesa extensible exterior aluminio · HPL · Atlanta,Mesa,Atlanta,140/180×90 cm / Blanco / Prado,SV-ATLANTA-140-180X90-BLANCO-PRADO,BALLIU_ATLANTA_MESA_*_EXTEN,balliu-mesa-exterior-140-18090-cm-e4ec7d7c,
Mesa extensible exterior aluminio · HPL · Atlanta,Mesa,Atlanta,140/180×90 cm / Tórtola / Gris,SV-ATLANTA-140-180X90-TORTOLA-GRIS,BALLIU_ATLANTA_MESA_*_EXTEN,balliu-mesa-exterior-140-18090-cm-e4ec7d7c,
Mesa extensible exterior aluminio · HPL · Atlanta,Mesa,Atlanta,140/180×90 cm / Tórtola / Blanco,SV-ATLANTA-140-180X90-TORTOLA-BLANCO,BALLIU_ATLANTA_MESA_*_EXTEN,balliu-mesa-exterior-140-18090-cm-e4ec7d7c,
Mesa extensible exterior aluminio · HPL · Atlanta,Mesa,Atlanta,140/180×90 cm / Tórtola / Moonwalk,SV-ATLANTA-140-180X90-TORTOLA-MOONWALK,BALLIU_ATLANTA_MESA_*_EXTEN,balliu-mesa-exterior-140-18090-cm-e4ec7d7c,
Mesa extensible exterior aluminio · HPL · Atlanta,Mesa,Atlanta,140/180×90 cm / Tórtola / Skyline,SV-ATLANTA-140-180X90-TORTOLA-SKYLINE,BALLIU_ATLANTA_MESA_*_EXTEN,balliu-mesa-exterior-140-18090-cm-e4ec7d7c,
Mesa extensible exterior aluminio · HPL · Atlanta,Mesa,Atlanta,140/180×90 cm / Tórtola / Prado,SV-ATLANTA-140-180X90-TORTOLA-PRADO,BALLIU_ATLANTA_MESA_*_EXTEN,balliu-mesa-exterior-140-18090-cm-e4ec7d7c,
Mesa extensible exterior aluminio · HPL · Atlanta,Mesa,Atlanta,140/180×90 cm / Aluminio / Gris,SV-ATLANTA-140-180X90-ALUMINIO-GRIS,BALLIU_ATLANTA_MESA_*_EXTEN,balliu-mesa-exterior-140-18090-cm-e4ec7d7c,
Mesa extensible exterior aluminio · HPL · Atlanta,Mesa,Atlanta,140/180×90 cm / Aluminio / Blanco,SV-ATLANTA-140-180X90-ALUMINIO-BLANCO,BALLIU_ATLANTA_MESA_*_EXTEN,balliu-mesa-exterior-140-18090-cm-e4ec7d7c,
Mesa extensible exterior aluminio · HPL · Atlanta,Mesa,Atlanta,140/180×90 cm / Aluminio / Moonwalk,SV-ATLANTA-140-180X90-ALUMINIO-MOONWALK,BALLIU_ATLANTA_MESA_*_EXTEN,balliu-mesa-exterior-140-18090-cm-e4ec7d7c,
Mesa extensible exterior aluminio · HPL · Atlanta,Mesa,Atlanta,140/180×90 cm / Aluminio / Skyline,SV-ATLANTA-140-180X90-ALUMINIO-SKYLINE,BALLIU_ATLANTA_MESA_*_EXTEN,balliu-mesa-exterior-140-18090-cm-e4ec7d7c,
Mesa extensible exterior aluminio · HPL · Atlanta,Mesa,Atlanta,140/180×90 cm / Aluminio / Prado,SV-ATLANTA-140-180X90-ALUMINIO-PRADO,BALLIU_ATLANTA_MESA_*_EXTEN,balliu-mesa-exterior-140-18090-cm-e4ec7d7c,
Mesa extensible exterior aluminio · HPL · Atlanta,Mesa,Atlanta,200/260×100 cm / Blanco / Gris,SV-ATLANTA-200-260X100-BLANCO-GRIS,BALLIU_ATLANTA_MESA_*_EXTEN,balliu-mesa-exterior-140-18090-cm-e4ec7d7c,
Mesa extensible exterior aluminio · HPL · Atlanta,Mesa,Atlanta,200/260×100 cm / Blanco / Blanco,SV-ATLANTA-200-260X100-BLANCO-BLANCO,BALLIU_ATLANTA_MESA_*_EXTEN,balliu-mesa-exterior-140-18090-cm-e4ec7d7c,
Mesa extensible exterior aluminio · HPL · Atlanta,Mesa,Atlanta,200/260×100 cm / Blanco / Moonwalk,SV-ATLANTA-200-260X100-BLANCO-MOONWALK,BALLIU_ATLANTA_MESA_*_EXTEN,balliu-mesa-exterior-140-18090-cm-e4ec7d7c,
Mesa extensible exterior aluminio · HPL · Atlanta,Mesa,Atlanta,200/260×100 cm / Blanco / Skyline,SV-ATLANTA-200-260X100-BLANCO-SKYLINE,BALLIU_ATLANTA_MESA_*_EXTEN,balliu-mesa-exterior-140-18090-cm-e4ec7d7c,
Mesa extensible exterior aluminio · HPL · Atlanta,Mesa,Atlanta,200/260×100 cm / Blanco / Prado,SV-ATLANTA-200-260X100-BLANCO-PRADO,BALLIU_ATLANTA_MESA_*_EXTEN,balliu-mesa-exterior-140-18090-cm-e4ec7d7c,
Mesa extensible exterior aluminio · HPL · Atlanta,Mesa,Atlanta,200/260×100 cm / Tórtola / Gris,SV-ATLANTA-200-260X100-TORTOLA-GRIS,BALLIU_ATLANTA_MESA_*_EXTEN,balliu-mesa-exterior-140-18090-cm-e4ec7d7c,
Mesa extensible exterior aluminio · HPL · Atlanta,Mesa,Atlanta,200/260×100 cm / Tórtola / Blanco,SV-ATLANTA-200-260X100-TORTOLA-BLANCO,BALLIU_ATLANTA_MESA_*_EXTEN,balliu-mesa-exterior-140-18090-cm-e4ec7d7c,
Mesa extensible exterior aluminio · HPL · Atlanta,Mesa,Atlanta,200/260×100 cm / Tórtola / Moonwalk,SV-ATLANTA-200-260X100-TORTOLA-MOONWALK,BALLIU_ATLANTA_MESA_*_EXTEN,balliu-mesa-exterior-140-18090-cm-e4ec7d7c,
Mesa extensible exterior aluminio · HPL · Atlanta,Mesa,Atlanta,200/260×100 cm / Tórtola / Skyline,SV-ATLANTA-200-260X100-TORTOLA-SKYLINE,BALLIU_ATLANTA_MESA_*_EXTEN,balliu-mesa-exterior-140-18090-cm-e4ec7d7c,
Mesa extensible exterior aluminio · HPL · Atlanta,Mesa,Atlanta,200/260×100 cm / Tórtola / Prado,SV-ATLANTA-200-260X100-TORTOLA-PRADO,BALLIU_ATLANTA_MESA_*_EXTEN,balliu-mesa-exterior-140-18090-cm-e4ec7d7c,
Mesa extensible exterior aluminio · HPL · Atlanta,Mesa,Atlanta,200/260×100 cm / Aluminio / Gris,SV-ATLANTA-200-260X100-ALUMINIO-GRIS,BALLIU_ATLANTA_MESA_*_EXTEN,balliu-mesa-exterior-140-18090-cm-e4ec7d7c,
Mesa extensible exterior aluminio · HPL · Atlanta,Mesa,Atlanta,200/260×100 cm / Aluminio / Blanco,SV-ATLANTA-200-260X100-ALUMINIO-BLANCO,BALLIU_ATLANTA_MESA_*_EXTEN,balliu-mesa-exterior-140-18090-cm-e4ec7d7c,
Mesa extensible exterior aluminio · HPL · Atlanta,Mesa,Atlanta,200/260×100 cm / Aluminio / Moonwalk,SV-ATLANTA-200-260X100-ALUMINIO-MOONWALK,BALLIU_ATLANTA_MESA_*_EXTEN,balliu-mesa-exterior-140-18090-cm-e4ec7d7c,
Mesa extensible exterior aluminio · HPL · Atlanta,Mesa,Atlanta,200/260×100 cm / Aluminio / Skyline,SV-ATLANTA-200-260X100-ALUMINIO-SKYLINE,BALLIU_ATLANTA_MESA_*_EXTEN,balliu-mesa-exterior-140-18090-cm-e4ec7d7c,
Mesa extensible exterior aluminio · HPL · Atlanta,Mesa,Atlanta,200/260×100 cm / Aluminio / Prado,SV-ATLANTA-200-260X100-ALUMINIO-PRADO,BALLIU_ATLANTA_MESA_*_EXTEN,balliu-mesa-exterior-140-18090-cm-e4ec7d7c,
Mesa extensible exterior aluminio · HPL · Java,Mesa,Java,140/180×100 cm / Blanco / Gris,SV-JAVA-140-180X100-BLANCO-GRIS,BALLIU_MESA_JAVA_*_EXTE,balliu-mesa-exterior-hpl-140-180100-cm-8e073aab,
Mesa extensible exterior aluminio · HPL · Java,Mesa,Java,140/180×100 cm / Blanco / Blanco,SV-JAVA-140-180X100-BLANCO-BLANCO,BALLIU_MESA_JAVA_*_EXTE,balliu-mesa-exterior-hpl-140-180100-cm-8e073aab,
Mesa extensible exterior aluminio · HPL · Java,Mesa,Java,140/180×100 cm / Blanco / Moonwalk,SV-JAVA-140-180X100-BLANCO-MOONWALK,BALLIU_MESA_JAVA_*_EXTE,balliu-mesa-exterior-hpl-140-180100-cm-8e073aab,
Mesa extensible exterior aluminio · HPL · Java,Mesa,Java,140/180×100 cm / Blanco / Skyline,SV-JAVA-140-180X100-BLANCO-SKYLINE,BALLIU_MESA_JAVA_*_EXTE,balliu-mesa-exterior-hpl-140-180100-cm-8e073aab,
Mesa extensible exterior aluminio · HPL · Java,Mesa,Java,140/180×100 cm / Blanco / Prado,SV-JAVA-140-180X100-BLANCO-PRADO,BALLIU_MESA_JAVA_*_EXTE,balliu-mesa-exterior-hpl-140-180100-cm-8e073aab,
Mesa extensible exterior aluminio · HPL · Java,Mesa,Java,140/180×100 cm / Tórtola / Gris,SV-JAVA-140-180X100-TORTOLA-GRIS,BALLIU_MESA_JAVA_*_EXTE,balliu-mesa-exterior-hpl-140-180100-cm-8e073aab,
Mesa extensible exterior aluminio · HPL · Java,Mesa,Java,140/180×100 cm / Tórtola / Blanco,SV-JAVA-140-180X100-TORTOLA-BLANCO,BALLIU_MESA_JAVA_*_EXTE,balliu-mesa-exterior-hpl-140-180100-cm-8e073aab,
Mesa extensible exterior aluminio · HPL · Java,Mesa,Java,140/180×100 cm / Tórtola / Moonwalk,SV-JAVA-140-180X100-TORTOLA-MOONWALK,BALLIU_MESA_JAVA_*_EXTE,balliu-mesa-exterior-hpl-140-180100-cm-8e073aab,
Mesa extensible exterior aluminio · HPL · Java,Mesa,Java,140/180×100 cm / Tórtola / Skyline,SV-JAVA-140-180X100-TORTOLA-SKYLINE,BALLIU_MESA_JAVA_*_EXTE,balliu-mesa-exterior-hpl-140-180100-cm-8e073aab,
Mesa extensible exterior aluminio · HPL · Java,Mesa,Java,140/180×100 cm / Tórtola / Prado,SV-JAVA-140-180X100-TORTOLA-PRADO,BALLIU_MESA_JAVA_*_EXTE,balliu-mesa-exterior-hpl-140-180100-cm-8e073aab,
Mesa extensible exterior aluminio · HPL · Java,Mesa,Java,140/180×100 cm / Aluminio / Gris,SV-JAVA-140-180X100-ALUMINIO-GRIS,BALLIU_MESA_JAVA_*_EXTE,balliu-mesa-exterior-hpl-140-180100-cm-8e073aab,
Mesa extensible exterior aluminio · HPL · Java,Mesa,Java,140/180×100 cm / Aluminio / Blanco,SV-JAVA-140-180X100-ALUMINIO-BLANCO,BALLIU_MESA_JAVA_*_EXTE,balliu-mesa-exterior-hpl-140-180100-cm-8e073aab,
Mesa extensible exterior aluminio · HPL · Java,Mesa,Java,140/180×100 cm / Aluminio / Moonwalk,SV-JAVA-140-180X100-ALUMINIO-MOONWALK,BALLIU_MESA_JAVA_*_EXTE,balliu-mesa-exterior-hpl-140-180100-cm-8e073aab,
Mesa extensible exterior aluminio · HPL · Java,Mesa,Java,140/180×100 cm / Aluminio / Skyline,SV-JAVA-140-180X100-ALUMINIO-SKYLINE,BALLIU_MESA_JAVA_*_EXTE,balliu-mesa-exterior-hpl-140-180100-cm-8e073aab,
Mesa extensible exterior aluminio · HPL · Java,Mesa,Java,140/180×100 cm / Aluminio / Prado,SV-JAVA-140-180X100-ALUMINIO-PRADO,BALLIU_MESA_JAVA_*_EXTE,balliu-mesa-exterior-hpl-140-180100-cm-8e073aab,
Mesa extensible exterior aluminio · HPL · Java,Mesa,Java,200/260×100 cm / Blanco / Gris,SV-JAVA-200-260X100-BLANCO-GRIS,BALLIU_MESA_JAVA_*_EXTE,balliu-mesa-exterior-hpl-140-180100-cm-8e073aab,
Mesa extensible exterior aluminio · HPL · Java,Mesa,Java,200/260×100 cm / Blanco / Blanco,SV-JAVA-200-260X100-BLANCO-BLANCO,BALLIU_MESA_JAVA_*_EXTE,balliu-mesa-exterior-hpl-140-180100-cm-8e073aab,
Mesa extensible exterior aluminio · HPL · Java,Mesa,Java,200/260×100 cm / Blanco / Moonwalk,SV-JAVA-200-260X100-BLANCO-MOONWALK,BALLIU_MESA_JAVA_*_EXTE,balliu-mesa-exterior-hpl-140-180100-cm-8e073aab,
Mesa extensible exterior aluminio · HPL · Java,Mesa,Java,200/260×100 cm / Blanco / Skyline,SV-JAVA-200-260X100-BLANCO-SKYLINE,BALLIU_MESA_JAVA_*_EXTE,balliu-mesa-exterior-hpl-140-180100-cm-8e073aab,
Mesa extensible exterior aluminio · HPL · Java,Mesa,Java,200/260×100 cm / Blanco / Prado,SV-JAVA-200-260X100-BLANCO-PRADO,BALLIU_MESA_JAVA_*_EXTE,balliu-mesa-exterior-hpl-140-180100-cm-8e073aab,
Mesa extensible exterior aluminio · HPL · Java,Mesa,Java,200/260×100 cm / Tórtola / Gris,SV-JAVA-200-260X100-TORTOLA-GRIS,BALLIU_MESA_JAVA_*_EXTE,balliu-mesa-exterior-hpl-140-180100-cm-8e073aab,
Mesa extensible exterior aluminio · HPL · Java,Mesa,Java,200/260×100 cm / Tórtola / Blanco,SV-JAVA-200-260X100-TORTOLA-BLANCO,BALLIU_MESA_JAVA_*_EXTE,balliu-mesa-exterior-hpl-140-180100-cm-8e073aab,
Mesa extensible exterior aluminio · HPL · Java,Mesa,Java,200/260×100 cm / Tórtola / Moonwalk,SV-JAVA-200-260X100-TORTOLA-MOONWALK,BALLIU_MESA_JAVA_*_EXTE,balliu-mesa-exterior-hpl-140-180100-cm-8e073aab,
Mesa extensible exterior aluminio · HPL · Java,Mesa,Java,200/260×100 cm / Tórtola / Skyline,SV-JAVA-200-260X100-TORTOLA-SKYLINE,BALLIU_MESA_JAVA_*_EXTE,balliu-mesa-exterior-hpl-140-180100-cm-8e073aab,
Mesa extensible exterior aluminio · HPL · Java,Mesa,Java,200/260×100 cm / Tórtola / Prado,SV-JAVA-200-260X100-TORTOLA-PRADO,BALLIU_MESA_JAVA_*_EXTE,balliu-mesa-exterior-hpl-140-180100-cm-8e073aab,
Mesa extensible exterior aluminio · HPL · Java,Mesa,Java,200/260×100 cm / Aluminio / Gris,SV-JAVA-200-260X100-ALUMINIO-GRIS,BALLIU_MESA_JAVA_*_EXTE,balliu-mesa-exterior-hpl-140-180100-cm-8e073aab,
Mesa extensible exterior aluminio · HPL · Java,Mesa,Java,200/260×100 cm / Aluminio / Blanco,SV-JAVA-200-260X100-ALUMINIO-BLANCO,BALLIU_MESA_JAVA_*_EXTE,balliu-mesa-exterior-hpl-140-180100-cm-8e073aab,
Mesa extensible exterior aluminio · HPL · Java,Mesa,Java,200/260×100 cm / Aluminio / Moonwalk,SV-JAVA-200-260X100-ALUMINIO-MOONWALK,BALLIU_MESA_JAVA_*_EXTE,balliu-mesa-exterior-hpl-140-180100-cm-8e073aab,
Mesa extensible exterior aluminio · HPL · Java,Mesa,Java,200/260×100 cm / Aluminio / Skyline,SV-JAVA-200-260X100-ALUMINIO-SKYLINE,BALLIU_MESA_JAVA_*_EXTE,balliu-mesa-exterior-hpl-140-180100-cm-8e073aab,
Mesa extensible exterior aluminio · HPL · Java,Mesa,Java,200/260×100 cm / Aluminio / Prado,SV-JAVA-200-260X100-ALUMINIO-PRADO,BALLIU_MESA_JAVA_*_EXTE,balliu-mesa-exterior-hpl-140-180100-cm-8e073aab,
Mesa exterior aluminio · HPL · Capri,Mesa,Capri,Ø70 cm / Blanco / Gris,SV-CAPRI-D70-BLANCO-GRIS,BALLIU_CAPRI_MESA_*_HPL,balliu-mesa-exterior-aluminio-7070-cm-724b0db0,
Mesa exterior aluminio · HPL · Capri,Mesa,Capri,Ø70 cm / Blanco / Blanco,SV-CAPRI-D70-BLANCO-BLANCO,BALLIU_CAPRI_MESA_*_HPL,balliu-mesa-exterior-aluminio-7070-cm-724b0db0,
Mesa exterior aluminio · HPL · Capri,Mesa,Capri,Ø70 cm / Blanco / Moonwalk,SV-CAPRI-D70-BLANCO-MOONWALK,BALLIU_CAPRI_MESA_*_HPL,balliu-mesa-exterior-aluminio-7070-cm-724b0db0,
Mesa exterior aluminio · HPL · Capri,Mesa,Capri,Ø70 cm / Blanco / Skyline,SV-CAPRI-D70-BLANCO-SKYLINE,BALLIU_CAPRI_MESA_*_HPL,balliu-mesa-exterior-aluminio-7070-cm-724b0db0,
Mesa exterior aluminio · HPL · Capri,Mesa,Capri,Ø70 cm / Blanco / Prado,SV-CAPRI-D70-BLANCO-PRADO,BALLIU_CAPRI_MESA_*_HPL,balliu-mesa-exterior-aluminio-7070-cm-724b0db0,
Mesa exterior aluminio · HPL · Capri,Mesa,Capri,Ø70 cm / Tórtola / Gris,SV-CAPRI-D70-TORTOLA-GRIS,BALLIU_CAPRI_MESA_*_HPL,balliu-mesa-exterior-aluminio-7070-cm-724b0db0,
Mesa exterior aluminio · HPL · Capri,Mesa,Capri,Ø70 cm / Tórtola / Blanco,SV-CAPRI-D70-TORTOLA-BLANCO,BALLIU_CAPRI_MESA_*_HPL,balliu-mesa-exterior-aluminio-7070-cm-724b0db0,
Mesa exterior aluminio · HPL · Capri,Mesa,Capri,Ø70 cm / Tórtola / Moonwalk,SV-CAPRI-D70-TORTOLA-MOONWALK,BALLIU_CAPRI_MESA_*_HPL,balliu-mesa-exterior-aluminio-7070-cm-724b0db0,
Mesa exterior aluminio · HPL · Capri,Mesa,Capri,Ø70 cm / Tórtola / Skyline,SV-CAPRI-D70-TORTOLA-SKYLINE,BALLIU_CAPRI_MESA_*_HPL,balliu-mesa-exterior-aluminio-7070-cm-724b0db0,
Mesa exterior aluminio · HPL · Capri,Mesa,Capri,Ø70 cm / Tórtola / Prado,SV-CAPRI-D70-TORTOLA-PRADO,BALLIU_CAPRI_MESA_*_HPL,balliu-mesa-exterior-aluminio-7070-cm-724b0db0,
Mesa exterior aluminio · HPL · Capri,Mesa,Capri,Ø70 cm / Aluminio / Gris,SV-CAPRI-D70-ALUMINIO-GRIS,BALLIU_CAPRI_MESA_*_HPL,balliu-mesa-exterior-aluminio-7070-cm-724b0db0,
Mesa exterior aluminio · HPL · Capri,Mesa,Capri,Ø70 cm / Aluminio / Blanco,SV-CAPRI-D70-ALUMINIO-BLANCO,BALLIU_CAPRI_MESA_*_HPL,balliu-mesa-exterior-aluminio-7070-cm-724b0db0,
Mesa exterior aluminio · HPL · Capri,Mesa,Capri,Ø70 cm / Aluminio / Moonwalk,SV-CAPRI-D70-ALUMINIO-MOONWALK,BALLIU_CAPRI_MESA_*_HPL,balliu-mesa-exterior-aluminio-7070-cm-724b0db0,
Mesa exterior aluminio · HPL · Capri,Mesa,Capri,Ø70 cm / Aluminio / Skyline,SV-CAPRI-D70-ALUMINIO-SKYLINE,BALLIU_CAPRI_MESA_*_HPL,balliu-mesa-exterior-aluminio-7070-cm-724b0db0,
Mesa exterior aluminio · HPL · Capri,Mesa,Capri,Ø70 cm / Aluminio / Prado,SV-CAPRI-D70-ALUMINIO-PRADO,BALLIU_CAPRI_MESA_*_HPL,balliu-mesa-exterior-aluminio-7070-cm-724b0db0,
Mesa exterior aluminio · HPL · Capri,Mesa,Capri,Ø90 cm / Blanco / Gris,SV-CAPRI-D90-BLANCO-GRIS,BALLIU_CAPRI_MESA_*_HPL,balliu-mesa-exterior-aluminio-7070-cm-724b0db0,
Mesa exterior aluminio · HPL · Capri,Mesa,Capri,Ø90 cm / Blanco / Blanco,SV-CAPRI-D90-BLANCO-BLANCO,BALLIU_CAPRI_MESA_*_HPL,balliu-mesa-exterior-aluminio-7070-cm-724b0db0,
Mesa exterior aluminio · HPL · Capri,Mesa,Capri,Ø90 cm / Blanco / Moonwalk,SV-CAPRI-D90-BLANCO-MOONWALK,BALLIU_CAPRI_MESA_*_HPL,balliu-mesa-exterior-aluminio-7070-cm-724b0db0,
Mesa exterior aluminio · HPL · Capri,Mesa,Capri,Ø90 cm / Blanco / Skyline,SV-CAPRI-D90-BLANCO-SKYLINE,BALLIU_CAPRI_MESA_*_HPL,balliu-mesa-exterior-aluminio-7070-cm-724b0db0,
Mesa exterior aluminio · HPL · Capri,Mesa,Capri,Ø90 cm / Blanco / Prado,SV-CAPRI-D90-BLANCO-PRADO,BALLIU_CAPRI_MESA_*_HPL,balliu-mesa-exterior-aluminio-7070-cm-724b0db0,
Mesa exterior aluminio · HPL · Capri,Mesa,Capri,Ø90 cm / Tórtola / Gris,SV-CAPRI-D90-TORTOLA-GRIS,BALLIU_CAPRI_MESA_*_HPL,balliu-mesa-exterior-aluminio-7070-cm-724b0db0,
Mesa exterior aluminio · HPL · Capri,Mesa,Capri,Ø90 cm / Tórtola / Blanco,SV-CAPRI-D90-TORTOLA-BLANCO,BALLIU_CAPRI_MESA_*_HPL,balliu-mesa-exterior-aluminio-7070-cm-724b0db0,
Mesa exterior aluminio · HPL · Capri,Mesa,Capri,Ø90 cm / Tórtola / Moonwalk,SV-CAPRI-D90-TORTOLA-MOONWALK,BALLIU_CAPRI_MESA_*_HPL,balliu-mesa-exterior-aluminio-7070-cm-724b0db0,
Mesa exterior aluminio · HPL · Capri,Mesa,Capri,Ø90 cm / Tórtola / Skyline,SV-CAPRI-D90-TORTOLA-SKYLINE,BALLIU_CAPRI_MESA_*_HPL,balliu-mesa-exterior-aluminio-7070-cm-724b0db0,
Mesa exterior aluminio · HPL · Capri,Mesa,Capri,Ø90 cm / Tórtola / Prado,SV-CAPRI-D90-TORTOLA-PRADO,BALLIU_CAPRI_MESA_*_HPL,balliu-mesa-exterior-aluminio-7070-cm-724b0db0,
Mesa exterior aluminio · HPL · Capri,Mesa,Capri,Ø90 cm / Aluminio / Gris,SV-CAPRI-D90-ALUMINIO-GRIS,BALLIU_CAPRI_MESA_*_HPL,balliu-mesa-exterior-aluminio-7070-cm-724b0db0,
Mesa exterior aluminio · HPL · Capri,Mesa,Capri,Ø90 cm / Aluminio / Blanco,SV-CAPRI-D90-ALUMINIO-BLANCO,BALLIU_CAPRI_MESA_*_HPL,balliu-mesa-exterior-aluminio-7070-cm-724b0db0,
Mesa exterior aluminio · HPL · Capri,Mesa,Capri,Ø90 cm / Aluminio / Moonwalk,SV-CAPRI-D90-ALUMINIO-MOONWALK,BALLIU_CAPRI_MESA_*_HPL,balliu-mesa-exterior-aluminio-7070-cm-724b0db0,
Mesa exterior aluminio · HPL · Capri,Mesa,Capri,Ø90 cm / Aluminio / Skyline,SV-CAPRI-D90-ALUMINIO-SKYLINE,BALLIU_CAPRI_MESA_*_HPL,balliu-mesa-exterior-aluminio-7070-cm-724b0db0,
Mesa exterior aluminio · HPL · Capri,Mesa,Capri,Ø90 cm / Aluminio / Prado,SV-CAPRI-D90-ALUMINIO-PRADO,BALLIU_CAPRI_MESA_*_HPL,balliu-mesa-exterior-aluminio-7070-cm-724b0db0,
Mesa exterior aluminio · HPL · Capri,Mesa,Capri,70×70 cm / Blanco / Gris,SV-CAPRI-70X70-BLANCO-GRIS,BALLIU_CAPRI_MESA_*_HPL,balliu-mesa-exterior-aluminio-7070-cm-724b0db0,
Mesa exterior aluminio · HPL · Capri,Mesa,Capri,70×70 cm / Blanco / Blanco,SV-CAPRI-70X70-BLANCO-BLANCO,BALLIU_CAPRI_MESA_*_HPL,balliu-mesa-exterior-aluminio-7070-cm-724b0db0,
Mesa exterior aluminio · HPL · Capri,Mesa,Capri,70×70 cm / Blanco / Moonwalk,SV-CAPRI-70X70-BLANCO-MOONWALK,BALLIU_CAPRI_MESA_*_HPL,balliu-mesa-exterior-aluminio-7070-cm-724b0db0,
Mesa exterior aluminio · HPL · Capri,Mesa,Capri,70×70 cm / Blanco / Skyline,SV-CAPRI-70X70-BLANCO-SKYLINE,BALLIU_CAPRI_MESA_*_HPL,balliu-mesa-exterior-aluminio-7070-cm-724b0db0,
Mesa exterior aluminio · HPL · Capri,Mesa,Capri,70×70 cm / Blanco / Prado,SV-CAPRI-70X70-BLANCO-PRADO,BALLIU_CAPRI_MESA_*_HPL,balliu-mesa-exterior-aluminio-7070-cm-724b0db0,
Mesa exterior aluminio · HPL · Capri,Mesa,Capri,70×70 cm / Tórtola / Gris,SV-CAPRI-70X70-TORTOLA-GRIS,BALLIU_CAPRI_MESA_*_HPL,balliu-mesa-exterior-aluminio-7070-cm-724b0db0,
Mesa exterior aluminio · HPL · Capri,Mesa,Capri,70×70 cm / Tórtola / Blanco,SV-CAPRI-70X70-TORTOLA-BLANCO,BALLIU_CAPRI_MESA_*_HPL,balliu-mesa-exterior-aluminio-7070-cm-724b0db0,
Mesa exterior aluminio · HPL · Capri,Mesa,Capri,70×70 cm / Tórtola / Moonwalk,SV-CAPRI-70X70-TORTOLA-MOONWALK,BALLIU_CAPRI_MESA_*_HPL,balliu-mesa-exterior-aluminio-7070-cm-724b0db0,
Mesa exterior aluminio · HPL · Capri,Mesa,Capri,70×70 cm / Tórtola / Skyline,SV-CAPRI-70X70-TORTOLA-SKYLINE,BALLIU_CAPRI_MESA_*_HPL,balliu-mesa-exterior-aluminio-7070-cm-724b0db0,
Mesa exterior aluminio · HPL · Capri,Mesa,Capri,70×70 cm / Tórtola / Prado,SV-CAPRI-70X70-TORTOLA-PRADO,BALLIU_CAPRI_MESA_*_HPL,balliu-mesa-exterior-aluminio-7070-cm-724b0db0,
Mesa exterior aluminio · HPL · Capri,Mesa,Capri,70×70 cm / Aluminio / Gris,SV-CAPRI-70X70-ALUMINIO-GRIS,BALLIU_CAPRI_MESA_*_HPL,balliu-mesa-exterior-aluminio-7070-cm-724b0db0,
Mesa exterior aluminio · HPL · Capri,Mesa,Capri,70×70 cm / Aluminio / Blanco,SV-CAPRI-70X70-ALUMINIO-BLANCO,BALLIU_CAPRI_MESA_*_HPL,balliu-mesa-exterior-aluminio-7070-cm-724b0db0,
Mesa exterior aluminio · HPL · Capri,Mesa,Capri,70×70 cm / Aluminio / Moonwalk,SV-CAPRI-70X70-ALUMINIO-MOONWALK,BALLIU_CAPRI_MESA_*_HPL,balliu-mesa-exterior-aluminio-7070-cm-724b0db0,
Mesa exterior aluminio · HPL · Capri,Mesa,Capri,70×70 cm / Aluminio / Skyline,SV-CAPRI-70X70-ALUMINIO-SKYLINE,BALLIU_CAPRI_MESA_*_HPL,balliu-mesa-exterior-aluminio-7070-cm-724b0db0,
Mesa exterior aluminio · HPL · Capri,Mesa,Capri,70×70 cm / Aluminio / Prado,SV-CAPRI-70X70-ALUMINIO-PRADO,BALLIU_CAPRI_MESA_*_HPL,balliu-mesa-exterior-aluminio-7070-cm-724b0db0,
Mesa exterior aluminio · HPL · Capri,Mesa,Capri,80×80 cm / Blanco / Gris,SV-CAPRI-80X80-BLANCO-GRIS,BALLIU_CAPRI_MESA_*_HPL,balliu-mesa-exterior-aluminio-7070-cm-724b0db0,
Mesa exterior aluminio · HPL · Capri,Mesa,Capri,80×80 cm / Blanco / Blanco,SV-CAPRI-80X80-BLANCO-BLANCO,BALLIU_CAPRI_MESA_*_HPL,balliu-mesa-exterior-aluminio-7070-cm-724b0db0,
Mesa exterior aluminio · HPL · Capri,Mesa,Capri,80×80 cm / Blanco / Moonwalk,SV-CAPRI-80X80-BLANCO-MOONWALK,BALLIU_CAPRI_MESA_*_HPL,balliu-mesa-exterior-aluminio-7070-cm-724b0db0,
Mesa exterior aluminio · HPL · Capri,Mesa,Capri,80×80 cm / Blanco / Skyline,SV-CAPRI-80X80-BLANCO-SKYLINE,BALLIU_CAPRI_MESA_*_HPL,balliu-mesa-exterior-aluminio-7070-cm-724b0db0,
Mesa exterior aluminio · HPL · Capri,Mesa,Capri,80×80 cm / Blanco / Prado,SV-CAPRI-80X80-BLANCO-PRADO,BALLIU_CAPRI_MESA_*_HPL,balliu-mesa-exterior-aluminio-7070-cm-724b0db0,
Mesa exterior aluminio · HPL · Capri,Mesa,Capri,80×80 cm / Tórtola / Gris,SV-CAPRI-80X80-TORTOLA-GRIS,BALLIU_CAPRI_MESA_*_HPL,balliu-mesa-exterior-aluminio-7070-cm-724b0db0,
Mesa exterior aluminio · HPL · Capri,Mesa,Capri,80×80 cm / Tórtola / Blanco,SV-CAPRI-80X80-TORTOLA-BLANCO,BALLIU_CAPRI_MESA_*_HPL,balliu-mesa-exterior-aluminio-7070-cm-724b0db0,
Mesa exterior aluminio · HPL · Capri,Mesa,Capri,80×80 cm / Tórtola / Moonwalk,SV-CAPRI-80X80-TORTOLA-MOONWALK,BALLIU_CAPRI_MESA_*_HPL,balliu-mesa-exterior-aluminio-7070-cm-724b0db0,
Mesa exterior aluminio · HPL · Capri,Mesa,Capri,80×80 cm / Tórtola / Skyline,SV-CAPRI-80X80-TORTOLA-SKYLINE,BALLIU_CAPRI_MESA_*_HPL,balliu-mesa-exterior-aluminio-7070-cm-724b0db0,
Mesa exterior aluminio · HPL · Capri,Mesa,Capri,80×80 cm / Tórtola / Prado,SV-CAPRI-80X80-TORTOLA-PRADO,BALLIU_CAPRI_MESA_*_HPL,balliu-mesa-exterior-aluminio-7070-cm-724b0db0,
Mesa exterior aluminio · HPL · Capri,Mesa,Capri,80×80 cm / Aluminio / Gris,SV-CAPRI-80X80-ALUMINIO-GRIS,BALLIU_CAPRI_MESA_*_HPL,balliu-mesa-exterior-aluminio-7070-cm-724b0db0,
Mesa exterior aluminio · HPL · Capri,Mesa,Capri,80×80 cm / Aluminio / Blanco,SV-CAPRI-80X80-ALUMINIO-BLANCO,BALLIU_CAPRI_MESA_*_HPL,balliu-mesa-exterior-aluminio-7070-cm-724b0db0,
Mesa exterior aluminio · HPL · Capri,Mesa,Capri,80×80 cm / Aluminio / Moonwalk,SV-CAPRI-80X80-ALUMINIO-MOONWALK,BALLIU_CAPRI_MESA_*_HPL,balliu-mesa-exterior-aluminio-7070-cm-724b0db0,
Mesa exterior aluminio · HPL · Capri,Mesa,Capri,80×80 cm / Aluminio / Skyline,SV-CAPRI-80X80-ALUMINIO-SKYLINE,BALLIU_CAPRI_MESA_*_HPL,balliu-mesa-exterior-aluminio-7070-cm-724b0db0,
Mesa exterior aluminio · HPL · Capri,Mesa,Capri,80×80 cm / Aluminio / Prado,SV-CAPRI-80X80-ALUMINIO-PRADO,BALLIU_CAPRI_MESA_*_HPL,balliu-mesa-exterior-aluminio-7070-cm-724b0db0,
Mesa alta exterior · aluminio HPL 110 cm,Mesa,Capri Alta,70×70 cm,SV-MESAALTA-70-HPL,BALLIU_*_MESA_ALTA_TABLERO_HPL_*,balliu-mesa-alta-exterior-hpl-94512eab,
Mesa exterior aluminio · HPL · Altea,Mesa,Altea,70×70 cm / Blanco / Gris,SV-ALTEA-70X70-BLANCO-GRIS,BALLIU_ALTEA_MESA_*_HPL,balliu-mesa-exterior-aluminio-7070-cm-1b61e6b6,
Mesa exterior aluminio · HPL · Altea,Mesa,Altea,70×70 cm / Blanco / Blanco,SV-ALTEA-70X70-BLANCO-BLANCO,BALLIU_ALTEA_MESA_*_HPL,balliu-mesa-exterior-aluminio-7070-cm-1b61e6b6,
Mesa exterior aluminio · HPL · Altea,Mesa,Altea,70×70 cm / Blanco / Moonwalk,SV-ALTEA-70X70-BLANCO-MOONWALK,BALLIU_ALTEA_MESA_*_HPL,balliu-mesa-exterior-aluminio-7070-cm-1b61e6b6,
Mesa exterior aluminio · HPL · Altea,Mesa,Altea,70×70 cm / Blanco / Skyline,SV-ALTEA-70X70-BLANCO-SKYLINE,BALLIU_ALTEA_MESA_*_HPL,balliu-mesa-exterior-aluminio-7070-cm-1b61e6b6,
Mesa exterior aluminio · HPL · Altea,Mesa,Altea,70×70 cm / Blanco / Prado,SV-ALTEA-70X70-BLANCO-PRADO,BALLIU_ALTEA_MESA_*_HPL,balliu-mesa-exterior-aluminio-7070-cm-1b61e6b6,
Mesa exterior aluminio · HPL · Altea,Mesa,Altea,70×70 cm / Tórtola / Gris,SV-ALTEA-70X70-TORTOLA-GRIS,BALLIU_ALTEA_MESA_*_HPL,balliu-mesa-exterior-aluminio-7070-cm-1b61e6b6,
Mesa exterior aluminio · HPL · Altea,Mesa,Altea,70×70 cm / Tórtola / Blanco,SV-ALTEA-70X70-TORTOLA-BLANCO,BALLIU_ALTEA_MESA_*_HPL,balliu-mesa-exterior-aluminio-7070-cm-1b61e6b6,
Mesa exterior aluminio · HPL · Altea,Mesa,Altea,70×70 cm / Tórtola / Moonwalk,SV-ALTEA-70X70-TORTOLA-MOONWALK,BALLIU_ALTEA_MESA_*_HPL,balliu-mesa-exterior-aluminio-7070-cm-1b61e6b6,
Mesa exterior aluminio · HPL · Altea,Mesa,Altea,70×70 cm / Tórtola / Skyline,SV-ALTEA-70X70-TORTOLA-SKYLINE,BALLIU_ALTEA_MESA_*_HPL,balliu-mesa-exterior-aluminio-7070-cm-1b61e6b6,
Mesa exterior aluminio · HPL · Altea,Mesa,Altea,70×70 cm / Tórtola / Prado,SV-ALTEA-70X70-TORTOLA-PRADO,BALLIU_ALTEA_MESA_*_HPL,balliu-mesa-exterior-aluminio-7070-cm-1b61e6b6,
Mesa exterior aluminio · HPL · Altea,Mesa,Altea,80×80 cm / Blanco / Gris,SV-ALTEA-80X80-BLANCO-GRIS,BALLIU_ALTEA_MESA_*_HPL,balliu-mesa-exterior-aluminio-7070-cm-1b61e6b6,
Mesa exterior aluminio · HPL · Altea,Mesa,Altea,80×80 cm / Blanco / Blanco,SV-ALTEA-80X80-BLANCO-BLANCO,BALLIU_ALTEA_MESA_*_HPL,balliu-mesa-exterior-aluminio-7070-cm-1b61e6b6,
Mesa exterior aluminio · HPL · Altea,Mesa,Altea,80×80 cm / Blanco / Moonwalk,SV-ALTEA-80X80-BLANCO-MOONWALK,BALLIU_ALTEA_MESA_*_HPL,balliu-mesa-exterior-aluminio-7070-cm-1b61e6b6,
Mesa exterior aluminio · HPL · Altea,Mesa,Altea,80×80 cm / Blanco / Skyline,SV-ALTEA-80X80-BLANCO-SKYLINE,BALLIU_ALTEA_MESA_*_HPL,balliu-mesa-exterior-aluminio-7070-cm-1b61e6b6,
Mesa exterior aluminio · HPL · Altea,Mesa,Altea,80×80 cm / Blanco / Prado,SV-ALTEA-80X80-BLANCO-PRADO,BALLIU_ALTEA_MESA_*_HPL,balliu-mesa-exterior-aluminio-7070-cm-1b61e6b6,
Mesa exterior aluminio · HPL · Altea,Mesa,Altea,80×80 cm / Tórtola / Gris,SV-ALTEA-80X80-TORTOLA-GRIS,BALLIU_ALTEA_MESA_*_HPL,balliu-mesa-exterior-aluminio-7070-cm-1b61e6b6,
Mesa exterior aluminio · HPL · Altea,Mesa,Altea,80×80 cm / Tórtola / Blanco,SV-ALTEA-80X80-TORTOLA-BLANCO,BALLIU_ALTEA_MESA_*_HPL,balliu-mesa-exterior-aluminio-7070-cm-1b61e6b6,
Mesa exterior aluminio · HPL · Altea,Mesa,Altea,80×80 cm / Tórtola / Moonwalk,SV-ALTEA-80X80-TORTOLA-MOONWALK,BALLIU_ALTEA_MESA_*_HPL,balliu-mesa-exterior-aluminio-7070-cm-1b61e6b6,
Mesa exterior aluminio · HPL · Altea,Mesa,Altea,80×80 cm / Tórtola / Skyline,SV-ALTEA-80X80-TORTOLA-SKYLINE,BALLIU_ALTEA_MESA_*_HPL,balliu-mesa-exterior-aluminio-7070-cm-1b61e6b6,
Mesa exterior aluminio · HPL · Altea,Mesa,Altea,80×80 cm / Tórtola / Prado,SV-ALTEA-80X80-TORTOLA-PRADO,BALLIU_ALTEA_MESA_*_HPL,balliu-mesa-exterior-aluminio-7070-cm-1b61e6b6,
Mesa exterior aluminio · 75×75 cm · Ágata,Mesa,Ágata,Blanco,SV-AGATA-BLANCO,BALLIU_AGATA_MESA_70X70_ENCIMERA_A_DD745448,balliu-mesa-exterior-aluminio-75-cm-dd745448,
Mesa exterior aluminio · 75×75 cm · Ágata,Mesa,Ágata,Aluminio,SV-AGATA-ALUMINIO,BALLIU_AGATA_MESA_70X70_ENCIMERA_A_DD745448,balliu-mesa-exterior-aluminio-75-cm-dd745448,
Mesa exterior aluminio · 72×72 cm · Nora,Mesa,Nora,Blanco,SV-NORA-BLANCO,BALLIU_NORA_MESA_DIAMETRO_70_ALUM_72514F40,balliu-mesa-exterior-aluminio-72-cm-72514f40,
Mesa exterior aluminio · 72×72 cm · Nora,Mesa,Nora,Aluminio,SV-NORA-ALUMINIO,BALLIU_NORA_MESA_DIAMETRO_70_ALUM_72514F40,balliu-mesa-exterior-aluminio-72-cm-72514f40,
Sofá exterior aluminio · estilo elegante | 62 cm,Sofa,,Individual Tela Balliu,BALLIU_OLIMPIA_SOFA_INDIVIDUAL_TELA__5E2EF268,,balliu-sofa-exterior-3-plazas-aluminio-estilo-elegante-62-cm-5e2ef268,
Sofá exterior aluminio · estilo elegante | 62 cm,Sofa,,Doble Tela Balliu,BALLIU_OLIMPIA_SOFA_DOBLE_TELA_BALLI_4C82D31E,,balliu-sofa-exterior-3-plazas-aluminio-estilo-elegante-62-cm-5e2ef268,
Sofá exterior aluminio · estilo elegante | 62 cm,Sofa,,Triple Tela Balliu,BALLIU_OLIMPIA_SOFA_TRIPLE_TELA_BALL_CACE2317,,balliu-sofa-exterior-3-plazas-aluminio-estilo-elegante-62-cm-5e2ef268,
Mesa de centro exterior · aluminio HPL 74×54 cm · Olimpia Central,Mesa,Olimpia Mesa Central,Blanco / Gris,SV-OLIMPIACENTRAL-BLANCO-GRIS,BALLIU_OLIMPIA_MESA_AUXILIA_CENTRAL_TABLERO__19D3D0EE,balliu-mesa-auxiliar-exterior-aluminio-54-cm-19d3d0ee,
Mesa de centro exterior · aluminio HPL 74×54 cm · Olimpia Central,Mesa,Olimpia Mesa Central,Blanco / Blanco,SV-OLIMPIACENTRAL-BLANCO-BLANCO,BALLIU_OLIMPIA_MESA_AUXILIA_CENTRAL_TABLERO__19D3D0EE,balliu-mesa-auxiliar-exterior-aluminio-54-cm-19d3d0ee,
Mesa de centro exterior · aluminio HPL 74×54 cm · Olimpia Central,Mesa,Olimpia Mesa Central,Blanco / Moonwalk,SV-OLIMPIACENTRAL-BLANCO-MOONWALK,BALLIU_OLIMPIA_MESA_AUXILIA_CENTRAL_TABLERO__19D3D0EE,balliu-mesa-auxiliar-exterior-aluminio-54-cm-19d3d0ee,
Mesa de centro exterior · aluminio HPL 74×54 cm · Olimpia Central,Mesa,Olimpia Mesa Central,Blanco / Skyline,SV-OLIMPIACENTRAL-BLANCO-SKYLINE,BALLIU_OLIMPIA_MESA_AUXILIA_CENTRAL_TABLERO__19D3D0EE,balliu-mesa-auxiliar-exterior-aluminio-54-cm-19d3d0ee,
Mesa de centro exterior · aluminio HPL 74×54 cm · Olimpia Central,Mesa,Olimpia Mesa Central,Blanco / Prado,SV-OLIMPIACENTRAL-BLANCO-PRADO,BALLIU_OLIMPIA_MESA_AUXILIA_CENTRAL_TABLERO__19D3D0EE,balliu-mesa-auxiliar-exterior-aluminio-54-cm-19d3d0ee,
Mesa de centro exterior · aluminio HPL 74×54 cm · Olimpia Central,Mesa,Olimpia Mesa Central,Tórtola / Gris,SV-OLIMPIACENTRAL-TORTOLA-GRIS,BALLIU_OLIMPIA_MESA_AUXILIA_CENTRAL_TABLERO__19D3D0EE,balliu-mesa-auxiliar-exterior-aluminio-54-cm-19d3d0ee,
Mesa de centro exterior · aluminio HPL 74×54 cm · Olimpia Central,Mesa,Olimpia Mesa Central,Tórtola / Blanco,SV-OLIMPIACENTRAL-TORTOLA-BLANCO,BALLIU_OLIMPIA_MESA_AUXILIA_CENTRAL_TABLERO__19D3D0EE,balliu-mesa-auxiliar-exterior-aluminio-54-cm-19d3d0ee,
Mesa de centro exterior · aluminio HPL 74×54 cm · Olimpia Central,Mesa,Olimpia Mesa Central,Tórtola / Moonwalk,SV-OLIMPIACENTRAL-TORTOLA-MOONWALK,BALLIU_OLIMPIA_MESA_AUXILIA_CENTRAL_TABLERO__19D3D0EE,balliu-mesa-auxiliar-exterior-aluminio-54-cm-19d3d0ee,
Mesa de centro exterior · aluminio HPL 74×54 cm · Olimpia Central,Mesa,Olimpia Mesa Central,Tórtola / Skyline,SV-OLIMPIACENTRAL-TORTOLA-SKYLINE,BALLIU_OLIMPIA_MESA_AUXILIA_CENTRAL_TABLERO__19D3D0EE,balliu-mesa-auxiliar-exterior-aluminio-54-cm-19d3d0ee,
Mesa de centro exterior · aluminio HPL 74×54 cm · Olimpia Central,Mesa,Olimpia Mesa Central,Tórtola / Prado,SV-OLIMPIACENTRAL-TORTOLA-PRADO,BALLIU_OLIMPIA_MESA_AUXILIA_CENTRAL_TABLERO__19D3D0EE,balliu-mesa-auxiliar-exterior-aluminio-54-cm-19d3d0ee,
Mesa de centro exterior · aluminio HPL 74×54 cm · Olimpia Central,Mesa,Olimpia Mesa Central,Aluminio / Gris,SV-OLIMPIACENTRAL-ALUMINIO-GRIS,BALLIU_OLIMPIA_MESA_AUXILIA_CENTRAL_TABLERO__19D3D0EE,balliu-mesa-auxiliar-exterior-aluminio-54-cm-19d3d0ee,
Mesa de centro exterior · aluminio HPL 74×54 cm · Olimpia Central,Mesa,Olimpia Mesa Central,Aluminio / Blanco,SV-OLIMPIACENTRAL-ALUMINIO-BLANCO,BALLIU_OLIMPIA_MESA_AUXILIA_CENTRAL_TABLERO__19D3D0EE,balliu-mesa-auxiliar-exterior-aluminio-54-cm-19d3d0ee,
Mesa de centro exterior · aluminio HPL 74×54 cm · Olimpia Central,Mesa,Olimpia Mesa Central,Aluminio / Moonwalk,SV-OLIMPIACENTRAL-ALUMINIO-MOONWALK,BALLIU_OLIMPIA_MESA_AUXILIA_CENTRAL_TABLERO__19D3D0EE,balliu-mesa-auxiliar-exterior-aluminio-54-cm-19d3d0ee,
Mesa de centro exterior · aluminio HPL 74×54 cm · Olimpia Central,Mesa,Olimpia Mesa Central,Aluminio / Skyline,SV-OLIMPIACENTRAL-ALUMINIO-SKYLINE,BALLIU_OLIMPIA_MESA_AUXILIA_CENTRAL_TABLERO__19D3D0EE,balliu-mesa-auxiliar-exterior-aluminio-54-cm-19d3d0ee,
Mesa de centro exterior · aluminio HPL 74×54 cm · Olimpia Central,Mesa,Olimpia Mesa Central,Aluminio / Prado,SV-OLIMPIACENTRAL-ALUMINIO-PRADO,BALLIU_OLIMPIA_MESA_AUXILIA_CENTRAL_TABLERO__19D3D0EE,balliu-mesa-auxiliar-exterior-aluminio-54-cm-19d3d0ee,
Sofá exterior aluminio · estilo contemporáneo | 77 cm,Sofa,,Individual Acrílico,BALLIU_ETNA_SOFA_INDIVIDUAL_ACRIL_674AB9A1,,balliu-sofa-exterior-3-plazas-aluminio-estilo-contemporaneo-77-cm-674ab9a1,
Sofá exterior aluminio · estilo contemporáneo | 77 cm,Sofa,,Doble Acrílico,BALLIU_ETNA_SOFA_DOBLE_ACRILICO_AED77E2A,,balliu-sofa-exterior-3-plazas-aluminio-estilo-contemporaneo-77-cm-674ab9a1,
Sofá exterior aluminio · estilo contemporáneo | 77 cm,Sofa,,Triple Acrílico,BALLIU_ETNA_SOFA_TRIPLE_ACRILICO_E58D825A,,balliu-sofa-exterior-3-plazas-aluminio-estilo-contemporaneo-77-cm-674ab9a1,
Mesa de centro exterior · aluminio HPL 110×60 cm,Mesa,Etna Mesa Central,Blanco / Gris,SV-MESACENTRO-BLANCO-GRIS,BALLIU_ETNA_MESA_CENTRAL_TABLERO_HPL_510B363E,balliu-mesa-de-centro-exterior-aluminio-60-cm-510b363e,
Mesa de centro exterior · aluminio HPL 110×60 cm,Mesa,Etna Mesa Central,Blanco / Blanco,SV-MESACENTRO-BLANCO-BLANCO,BALLIU_ETNA_MESA_CENTRAL_TABLERO_HPL_510B363E,balliu-mesa-de-centro-exterior-aluminio-60-cm-510b363e,
Mesa de centro exterior · aluminio HPL 110×60 cm,Mesa,Etna Mesa Central,Blanco / Moonwalk,SV-MESACENTRO-BLANCO-MOONWALK,BALLIU_ETNA_MESA_CENTRAL_TABLERO_HPL_510B363E,balliu-mesa-de-centro-exterior-aluminio-60-cm-510b363e,
Mesa de centro exterior · aluminio HPL 110×60 cm,Mesa,Etna Mesa Central,Blanco / Skyline,SV-MESACENTRO-BLANCO-SKYLINE,BALLIU_ETNA_MESA_CENTRAL_TABLERO_HPL_510B363E,balliu-mesa-de-centro-exterior-aluminio-60-cm-510b363e,
Mesa de centro exterior · aluminio HPL 110×60 cm,Mesa,Etna Mesa Central,Blanco / Prado,SV-MESACENTRO-BLANCO-PRADO,BALLIU_ETNA_MESA_CENTRAL_TABLERO_HPL_510B363E,balliu-mesa-de-centro-exterior-aluminio-60-cm-510b363e,
Mesa de centro exterior · aluminio HPL 110×60 cm,Mesa,Etna Mesa Central,Tórtola / Gris,SV-MESACENTRO-TORTOLA-GRIS,BALLIU_ETNA_MESA_CENTRAL_TABLERO_HPL_510B363E,balliu-mesa-de-centro-exterior-aluminio-60-cm-510b363e,
Mesa de centro exterior · aluminio HPL 110×60 cm,Mesa,Etna Mesa Central,Tórtola / Blanco,SV-MESACENTRO-TORTOLA-BLANCO,BALLIU_ETNA_MESA_CENTRAL_TABLERO_HPL_510B363E,balliu-mesa-de-centro-exterior-aluminio-60-cm-510b363e,
Mesa de centro exterior · aluminio HPL 110×60 cm,Mesa,Etna Mesa Central,Tórtola / Moonwalk,SV-MESACENTRO-TORTOLA-MOONWALK,BALLIU_ETNA_MESA_CENTRAL_TABLERO_HPL_510B363E,balliu-mesa-de-centro-exterior-aluminio-60-cm-510b363e,
Mesa de centro exterior · aluminio HPL 110×60 cm,Mesa,Etna Mesa Central,Tórtola / Skyline,SV-MESACENTRO-TORTOLA-SKYLINE,BALLIU_ETNA_MESA_CENTRAL_TABLERO_HPL_510B363E,balliu-mesa-de-centro-exterior-aluminio-60-cm-510b363e,
Mesa de centro exterior · aluminio HPL 110×60 cm,Mesa,Etna Mesa Central,Tórtola / Prado,SV-MESACENTRO-TORTOLA-PRADO,BALLIU_ETNA_MESA_CENTRAL_TABLERO_HPL_510B363E,balliu-mesa-de-centro-exterior-aluminio-60-cm-510b363e,
Mesa de centro exterior · aluminio HPL 110×60 cm,Mesa,Etna Mesa Central,Aluminio / Gris,SV-MESACENTRO-ALUMINIO-GRIS,BALLIU_ETNA_MESA_CENTRAL_TABLERO_HPL_510B363E,balliu-mesa-de-centro-exterior-aluminio-60-cm-510b363e,
Mesa de centro exterior · aluminio HPL 110×60 cm,Mesa,Etna Mesa Central,Aluminio / Blanco,SV-MESACENTRO-ALUMINIO-BLANCO,BALLIU_ETNA_MESA_CENTRAL_TABLERO_HPL_510B363E,balliu-mesa-de-centro-exterior-aluminio-60-cm-510b363e,
Mesa de centro exterior · aluminio HPL 110×60 cm,Mesa,Etna Mesa Central,Aluminio / Moonwalk,SV-MESACENTRO-ALUMINIO-MOONWALK,BALLIU_ETNA_MESA_CENTRAL_TABLERO_HPL_510B363E,balliu-mesa-de-centro-exterior-aluminio-60-cm-510b363e,
Mesa de centro exterior · aluminio HPL 110×60 cm,Mesa,Etna Mesa Central,Aluminio / Skyline,SV-MESACENTRO-ALUMINIO-SKYLINE,BALLIU_ETNA_MESA_CENTRAL_TABLERO_HPL_510B363E,balliu-mesa-de-centro-exterior-aluminio-60-cm-510b363e,
Mesa de centro exterior · aluminio HPL 110×60 cm,Mesa,Etna Mesa Central,Aluminio / Prado,SV-MESACENTRO-ALUMINIO-PRADO,BALLIU_ETNA_MESA_CENTRAL_TABLERO_HPL_510B363E,balliu-mesa-de-centro-exterior-aluminio-60-cm-510b363e,
Parasol exterior acrílico · Ø200 cm · Pamela acrílico,Parasol,Pamela,Antracita / Cónica / Sí,SV-PAMELA-ACR-ANTRACITA-CON-F,BALLIU_PARASOL_TELA_ACRILICA_236BD5F0,balliu-parasol-para-terraza-acrilico-236bd5f0,
Parasol exterior acrílico · Ø200 cm · Pamela acrílico,Parasol,Pamela,Antracita / Cónica / No,SV-PAMELA-ACR-ANTRACITA-CON-NF,BALLIU_PARASOL_TELA_ACRILICA_236BD5F0,balliu-parasol-para-terraza-acrilico-236bd5f0,
Parasol exterior acrílico · Ø200 cm · Pamela acrílico,Parasol,Pamela,Antracita / Plana / Sí,SV-PAMELA-ACR-ANTRACITA-PLA-F,BALLIU_PARASOL_TELA_ACRILICA_236BD5F0,balliu-parasol-para-terraza-acrilico-236bd5f0,
Parasol exterior acrílico · Ø200 cm · Pamela acrílico,Parasol,Pamela,Antracita / Plana / No,SV-PAMELA-ACR-ANTRACITA-PLA-NF,BALLIU_PARASOL_TELA_ACRILICA_236BD5F0,balliu-parasol-para-terraza-acrilico-236bd5f0,
Parasol exterior acrílico · Ø200 cm · Pamela acrílico,Parasol,Pamela,Arena / Cónica / Sí,SV-PAMELA-ACR-ARENA-CON-F,BALLIU_PARASOL_TELA_ACRILICA_236BD5F0,balliu-parasol-para-terraza-acrilico-236bd5f0,
Parasol exterior acrílico · Ø200 cm · Pamela acrílico,Parasol,Pamela,Arena / Cónica / No,SV-PAMELA-ACR-ARENA-CON-NF,BALLIU_PARASOL_TELA_ACRILICA_236BD5F0,balliu-parasol-para-terraza-acrilico-236bd5f0,
Parasol exterior acrílico · Ø200 cm · Pamela acrílico,Parasol,Pamela,Arena / Plana / Sí,SV-PAMELA-ACR-ARENA-PLA-F,BALLIU_PARASOL_TELA_ACRILICA_236BD5F0,balliu-parasol-para-terraza-acrilico-236bd5f0,
Parasol exterior acrílico · Ø200 cm · Pamela acrílico,Parasol,Pamela,Arena / Plana / No,SV-PAMELA-ACR-ARENA-PLA-NF,BALLIU_PARASOL_TELA_ACRILICA_236BD5F0,balliu-parasol-para-terraza-acrilico-236bd5f0,
Parasol exterior acrílico · Ø200 cm · Pamela acrílico,Parasol,Pamela,Azul / Cónica / Sí,SV-PAMELA-ACR-AZUL-CON-F,BALLIU_PARASOL_TELA_ACRILICA_236BD5F0,balliu-parasol-para-terraza-acrilico-236bd5f0,
Parasol exterior acrílico · Ø200 cm · Pamela acrílico,Parasol,Pamela,Azul / Cónica / No,SV-PAMELA-ACR-AZUL-CON-NF,BALLIU_PARASOL_TELA_ACRILICA_236BD5F0,balliu-parasol-para-terraza-acrilico-236bd5f0,
Parasol exterior acrílico · Ø200 cm · Pamela acrílico,Parasol,Pamela,Azul / Plana / Sí,SV-PAMELA-ACR-AZUL-PLA-F,BALLIU_PARASOL_TELA_ACRILICA_236BD5F0,balliu-parasol-para-terraza-acrilico-236bd5f0,
Parasol exterior acrílico · Ø200 cm · Pamela acrílico,Parasol,Pamela,Azul / Plana / No,SV-PAMELA-ACR-AZUL-PLA-NF,BALLIU_PARASOL_TELA_ACRILICA_236BD5F0,balliu-parasol-para-terraza-acrilico-236bd5f0,
Parasol exterior acrílico · Ø200 cm · Pamela acrílico,Parasol,Pamela,Blanco / Cónica / Sí,SV-PAMELA-ACR-BLANCO-CON-F,BALLIU_PARASOL_TELA_ACRILICA_236BD5F0,balliu-parasol-para-terraza-acrilico-236bd5f0,
Parasol exterior acrílico · Ø200 cm · Pamela acrílico,Parasol,Pamela,Blanco / Cónica / No,SV-PAMELA-ACR-BLANCO-CON-NF,BALLIU_PARASOL_TELA_ACRILICA_236BD5F0,balliu-parasol-para-terraza-acrilico-236bd5f0,
Parasol exterior acrílico · Ø200 cm · Pamela acrílico,Parasol,Pamela,Blanco / Plana / Sí,SV-PAMELA-ACR-BLANCO-PLA-F,BALLIU_PARASOL_TELA_ACRILICA_236BD5F0,balliu-parasol-para-terraza-acrilico-236bd5f0,
Parasol exterior acrílico · Ø200 cm · Pamela acrílico,Parasol,Pamela,Blanco / Plana / No,SV-PAMELA-ACR-BLANCO-PLA-NF,BALLIU_PARASOL_TELA_ACRILICA_236BD5F0,balliu-parasol-para-terraza-acrilico-236bd5f0,
Parasol exterior acrílico · Ø200 cm · Pamela acrílico,Parasol,Pamela,Crudo / Cónica / Sí,SV-PAMELA-ACR-CRUDO-CON-F,BALLIU_PARASOL_TELA_ACRILICA_236BD5F0,balliu-parasol-para-terraza-acrilico-236bd5f0,
Parasol exterior acrílico · Ø200 cm · Pamela acrílico,Parasol,Pamela,Crudo / Cónica / No,SV-PAMELA-ACR-CRUDO-CON-NF,BALLIU_PARASOL_TELA_ACRILICA_236BD5F0,balliu-parasol-para-terraza-acrilico-236bd5f0,
Parasol exterior acrílico · Ø200 cm · Pamela acrílico,Parasol,Pamela,Crudo / Plana / Sí,SV-PAMELA-ACR-CRUDO-PLA-F,BALLIU_PARASOL_TELA_ACRILICA_236BD5F0,balliu-parasol-para-terraza-acrilico-236bd5f0,
Parasol exterior acrílico · Ø200 cm · Pamela acrílico,Parasol,Pamela,Crudo / Plana / No,SV-PAMELA-ACR-CRUDO-PLA-NF,BALLIU_PARASOL_TELA_ACRILICA_236BD5F0,balliu-parasol-para-terraza-acrilico-236bd5f0,
Parasol exterior acrílico · Ø200 cm · Pamela acrílico,Parasol,Pamela,Mineral / Cónica / Sí,SV-PAMELA-ACR-MINERAL-CON-F,BALLIU_PARASOL_TELA_ACRILICA_236BD5F0,balliu-parasol-para-terraza-acrilico-236bd5f0,
Parasol exterior acrílico · Ø200 cm · Pamela acrílico,Parasol,Pamela,Mineral / Cónica / No,SV-PAMELA-ACR-MINERAL-CON-NF,BALLIU_PARASOL_TELA_ACRILICA_236BD5F0,balliu-parasol-para-terraza-acrilico-236bd5f0,
Parasol exterior acrílico · Ø200 cm · Pamela acrílico,Parasol,Pamela,Mineral / Plana / Sí,SV-PAMELA-ACR-MINERAL-PLA-F,BALLIU_PARASOL_TELA_ACRILICA_236BD5F0,balliu-parasol-para-terraza-acrilico-236bd5f0,
Parasol exterior acrílico · Ø200 cm · Pamela acrílico,Parasol,Pamela,Mineral / Plana / No,SV-PAMELA-ACR-MINERAL-PLA-NF,BALLIU_PARASOL_TELA_ACRILICA_236BD5F0,balliu-parasol-para-terraza-acrilico-236bd5f0,
Parasol exterior tela · Ø200/Ø250 cm · Ocean tela,Parasol,Ocean,250 cm / Blanco,SV-OCEAN-BAL-250-BLANCO,BALLIU_PARASOL_TELA_BALLIU_82E48B2D (Ø200) + BALLIU_PARASOL_TELA_BALLIU_250__F1ED8B8B (Ø250),balliu-parasol-para-terraza-f1ed8b8b,
Parasol exterior tela · Ø200/Ø250 cm · Ocean tela,Parasol,Ocean,250 cm / Caqui,SV-OCEAN-BAL-250-CAQUI,BALLIU_PARASOL_TELA_BALLIU_82E48B2D (Ø200) + BALLIU_PARASOL_TELA_BALLIU_250__F1ED8B8B (Ø250),balliu-parasol-para-terraza-f1ed8b8b,
Parasol exterior tela · Ø200/Ø250 cm · Ocean tela,Parasol,Ocean,250 cm / Gris oscuro,SV-OCEAN-BAL-250-GRIS-OSC,BALLIU_PARASOL_TELA_BALLIU_82E48B2D (Ø200) + BALLIU_PARASOL_TELA_BALLIU_250__F1ED8B8B (Ø250),balliu-parasol-para-terraza-f1ed8b8b,
Parasol exterior acrílico · Ø200/Ø250 cm · Ocean acrílico,Parasol,Ocean,200 cm / Antracita / Sí,SV-OCEAN-ACR-200-ANTRACITA-F,BALLIU_PARASOL_TELA_ACRILICA_236BD5F0 (Ø200) + BALLIU_PARASOL_TELA_ACRILICA_25_C8DD492D (Ø250),balliu-parasol-para-terraza-acrilico-c8dd492d,
Parasol exterior acrílico · Ø200/Ø250 cm · Ocean acrílico,Parasol,Ocean,200 cm / Antracita / No,SV-OCEAN-ACR-200-ANTRACITA-NF,BALLIU_PARASOL_TELA_ACRILICA_236BD5F0 (Ø200) + BALLIU_PARASOL_TELA_ACRILICA_25_C8DD492D (Ø250),balliu-parasol-para-terraza-acrilico-c8dd492d,
Parasol exterior acrílico · Ø200/Ø250 cm · Ocean acrílico,Parasol,Ocean,200 cm / Arena / Sí,SV-OCEAN-ACR-200-ARENA-F,BALLIU_PARASOL_TELA_ACRILICA_236BD5F0 (Ø200) + BALLIU_PARASOL_TELA_ACRILICA_25_C8DD492D (Ø250),balliu-parasol-para-terraza-acrilico-c8dd492d,
Parasol exterior acrílico · Ø200/Ø250 cm · Ocean acrílico,Parasol,Ocean,200 cm / Arena / No,SV-OCEAN-ACR-200-ARENA-NF,BALLIU_PARASOL_TELA_ACRILICA_236BD5F0 (Ø200) + BALLIU_PARASOL_TELA_ACRILICA_25_C8DD492D (Ø250),balliu-parasol-para-terraza-acrilico-c8dd492d,
Parasol exterior acrílico · Ø200/Ø250 cm · Ocean acrílico,Parasol,Ocean,200 cm / Azul / Sí,SV-OCEAN-ACR-200-AZUL-F,BALLIU_PARASOL_TELA_ACRILICA_236BD5F0 (Ø200) + BALLIU_PARASOL_TELA_ACRILICA_25_C8DD492D (Ø250),balliu-parasol-para-terraza-acrilico-c8dd492d,
Parasol exterior acrílico · Ø200/Ø250 cm · Ocean acrílico,Parasol,Ocean,200 cm / Azul / No,SV-OCEAN-ACR-200-AZUL-NF,BALLIU_PARASOL_TELA_ACRILICA_236BD5F0 (Ø200) + BALLIU_PARASOL_TELA_ACRILICA_25_C8DD492D (Ø250),balliu-parasol-para-terraza-acrilico-c8dd492d,
Parasol exterior acrílico · Ø200/Ø250 cm · Ocean acrílico,Parasol,Ocean,200 cm / Blanco / Sí,SV-OCEAN-ACR-200-BLANCO-F,BALLIU_PARASOL_TELA_ACRILICA_236BD5F0 (Ø200) + BALLIU_PARASOL_TELA_ACRILICA_25_C8DD492D (Ø250),balliu-parasol-para-terraza-acrilico-c8dd492d,
Parasol exterior acrílico · Ø200/Ø250 cm · Ocean acrílico,Parasol,Ocean,200 cm / Blanco / No,SV-OCEAN-ACR-200-BLANCO-NF,BALLIU_PARASOL_TELA_ACRILICA_236BD5F0 (Ø200) + BALLIU_PARASOL_TELA_ACRILICA_25_C8DD492D (Ø250),balliu-parasol-para-terraza-acrilico-c8dd492d,
Parasol exterior acrílico · Ø200/Ø250 cm · Ocean acrílico,Parasol,Ocean,200 cm / Crudo / Sí,SV-OCEAN-ACR-200-CRUDO-F,BALLIU_PARASOL_TELA_ACRILICA_236BD5F0 (Ø200) + BALLIU_PARASOL_TELA_ACRILICA_25_C8DD492D (Ø250),balliu-parasol-para-terraza-acrilico-c8dd492d,
Parasol exterior acrílico · Ø200/Ø250 cm · Ocean acrílico,Parasol,Ocean,200 cm / Crudo / No,SV-OCEAN-ACR-200-CRUDO-NF,BALLIU_PARASOL_TELA_ACRILICA_236BD5F0 (Ø200) + BALLIU_PARASOL_TELA_ACRILICA_25_C8DD492D (Ø250),balliu-parasol-para-terraza-acrilico-c8dd492d,
Parasol exterior acrílico · Ø200/Ø250 cm · Ocean acrílico,Parasol,Ocean,200 cm / Mineral / Sí,SV-OCEAN-ACR-200-MINERAL-F,BALLIU_PARASOL_TELA_ACRILICA_236BD5F0 (Ø200) + BALLIU_PARASOL_TELA_ACRILICA_25_C8DD492D (Ø250),balliu-parasol-para-terraza-acrilico-c8dd492d,
Parasol exterior acrílico · Ø200/Ø250 cm · Ocean acrílico,Parasol,Ocean,200 cm / Mineral / No,SV-OCEAN-ACR-200-MINERAL-NF,BALLIU_PARASOL_TELA_ACRILICA_236BD5F0 (Ø200) + BALLIU_PARASOL_TELA_ACRILICA_25_C8DD492D (Ø250),balliu-parasol-para-terraza-acrilico-c8dd492d,
Parasol exterior acrílico · Ø200/Ø250 cm · Ocean acrílico,Parasol,Ocean,250 cm / Antracita / Sí,SV-OCEAN-ACR-250-ANTRACITA-F,BALLIU_PARASOL_TELA_ACRILICA_236BD5F0 (Ø200) + BALLIU_PARASOL_TELA_ACRILICA_25_C8DD492D (Ø250),balliu-parasol-para-terraza-acrilico-c8dd492d,
Parasol exterior acrílico · Ø200/Ø250 cm · Ocean acrílico,Parasol,Ocean,250 cm / Antracita / No,SV-OCEAN-ACR-250-ANTRACITA-NF,BALLIU_PARASOL_TELA_ACRILICA_236BD5F0 (Ø200) + BALLIU_PARASOL_TELA_ACRILICA_25_C8DD492D (Ø250),balliu-parasol-para-terraza-acrilico-c8dd492d,
Parasol exterior acrílico · Ø200/Ø250 cm · Ocean acrílico,Parasol,Ocean,250 cm / Arena / Sí,SV-OCEAN-ACR-250-ARENA-F,BALLIU_PARASOL_TELA_ACRILICA_236BD5F0 (Ø200) + BALLIU_PARASOL_TELA_ACRILICA_25_C8DD492D (Ø250),balliu-parasol-para-terraza-acrilico-c8dd492d,
Parasol exterior acrílico · Ø200/Ø250 cm · Ocean acrílico,Parasol,Ocean,250 cm / Arena / No,SV-OCEAN-ACR-250-ARENA-NF,BALLIU_PARASOL_TELA_ACRILICA_236BD5F0 (Ø200) + BALLIU_PARASOL_TELA_ACRILICA_25_C8DD492D (Ø250),balliu-parasol-para-terraza-acrilico-c8dd492d,
Parasol exterior acrílico · Ø200/Ø250 cm · Ocean acrílico,Parasol,Ocean,250 cm / Azul / Sí,SV-OCEAN-ACR-250-AZUL-F,BALLIU_PARASOL_TELA_ACRILICA_236BD5F0 (Ø200) + BALLIU_PARASOL_TELA_ACRILICA_25_C8DD492D (Ø250),balliu-parasol-para-terraza-acrilico-c8dd492d,
Parasol exterior acrílico · Ø200/Ø250 cm · Ocean acrílico,Parasol,Ocean,250 cm / Azul / No,SV-OCEAN-ACR-250-AZUL-NF,BALLIU_PARASOL_TELA_ACRILICA_236BD5F0 (Ø200) + BALLIU_PARASOL_TELA_ACRILICA_25_C8DD492D (Ø250),balliu-parasol-para-terraza-acrilico-c8dd492d,
Parasol exterior acrílico · Ø200/Ø250 cm · Ocean acrílico,Parasol,Ocean,250 cm / Blanco / Sí,SV-OCEAN-ACR-250-BLANCO-F,BALLIU_PARASOL_TELA_ACRILICA_236BD5F0 (Ø200) + BALLIU_PARASOL_TELA_ACRILICA_25_C8DD492D (Ø250),balliu-parasol-para-terraza-acrilico-c8dd492d,
Parasol exterior acrílico · Ø200/Ø250 cm · Ocean acrílico,Parasol,Ocean,250 cm / Blanco / No,SV-OCEAN-ACR-250-BLANCO-NF,BALLIU_PARASOL_TELA_ACRILICA_236BD5F0 (Ø200) + BALLIU_PARASOL_TELA_ACRILICA_25_C8DD492D (Ø250),balliu-parasol-para-terraza-acrilico-c8dd492d,
Parasol exterior acrílico · Ø200/Ø250 cm · Ocean acrílico,Parasol,Ocean,250 cm / Crudo / Sí,SV-OCEAN-ACR-250-CRUDO-F,BALLIU_PARASOL_TELA_ACRILICA_236BD5F0 (Ø200) + BALLIU_PARASOL_TELA_ACRILICA_25_C8DD492D (Ø250),balliu-parasol-para-terraza-acrilico-c8dd492d,
Parasol exterior acrílico · Ø200/Ø250 cm · Ocean acrílico,Parasol,Ocean,250 cm / Crudo / No,SV-OCEAN-ACR-250-CRUDO-NF,BALLIU_PARASOL_TELA_ACRILICA_236BD5F0 (Ø200) + BALLIU_PARASOL_TELA_ACRILICA_25_C8DD492D (Ø250),balliu-parasol-para-terraza-acrilico-c8dd492d,
Parasol exterior acrílico · Ø200/Ø250 cm · Ocean acrílico,Parasol,Ocean,250 cm / Mineral / Sí,SV-OCEAN-ACR-250-MINERAL-F,BALLIU_PARASOL_TELA_ACRILICA_236BD5F0 (Ø200) + BALLIU_PARASOL_TELA_ACRILICA_25_C8DD492D (Ø250),balliu-parasol-para-terraza-acrilico-c8dd492d,
Parasol exterior acrílico · Ø200/Ø250 cm · Ocean acrílico,Parasol,Ocean,250 cm / Mineral / No,SV-OCEAN-ACR-250-MINERAL-NF,BALLIU_PARASOL_TELA_ACRILICA_236BD5F0 (Ø200) + BALLIU_PARASOL_TELA_ACRILICA_25_C8DD492D (Ø250),balliu-parasol-para-terraza-acrilico-c8dd492d,
Parasol redondo exterior · aluminio Ø300 cm · Garbí,Parasol,Garbí,Blanco,SV-GARBI-BLANCO,BALLIU_GARBI_PARASOL_DIAM_300_CM_TELA_3B7E77D1,balliu-parasol-para-terraza-aluminio-300-cm-3b7e77d1,
Parasol redondo exterior · aluminio Ø300 cm · Garbí,Parasol,Garbí,Caqui,SV-GARBI-CAQUI,BALLIU_GARBI_PARASOL_DIAM_300_CM_TELA_3B7E77D1,balliu-parasol-para-terraza-aluminio-300-cm-3b7e77d1,
Parasol redondo exterior · aluminio Ø300 cm · Garbí,Parasol,Garbí,Gris oscuro,SV-GARBI-GRIS-OSC,BALLIU_GARBI_PARASOL_DIAM_300_CM_TELA_3B7E77D1,balliu-parasol-para-terraza-aluminio-300-cm-3b7e77d1,
Parasol cuadrado exterior · aluminio 300×300 cm · Brisa,Parasol,Brisa,Blanco,SV-BRISA-BLANCO,BALLIU_BRISA_PARASOL_PARASOL_TELA_BAL_0CEBA8E7,balliu-parasol-para-terraza-aluminio-300-cm-0ceba8e7,
Parasol cuadrado exterior · aluminio 300×300 cm · Brisa,Parasol,Brisa,Caqui,SV-BRISA-CAQUI,BALLIU_BRISA_PARASOL_PARASOL_TELA_BAL_0CEBA8E7,balliu-parasol-para-terraza-aluminio-300-cm-0ceba8e7,
Parasol cuadrado exterior · aluminio 300×300 cm · Brisa,Parasol,Brisa,Gris oscuro,SV-BRISA-GRIS-OSC,BALLIU_BRISA_PARASOL_PARASOL_TELA_BAL_0CEBA8E7,balliu-parasol-para-terraza-aluminio-300-cm-0ceba8e7,
Parasol lateral exterior · aluminio 300×300 cm · Roma,Parasol,Roma,Antracita,SV-ROMA-ANTRACITA,BALLIU_ROMA_PARASOL_300X300_CM_6C1E1224,balliu-parasol-para-terraza-aluminio-300-cm-6c1e1224,
Parasol lateral exterior · aluminio 300×300 cm · Roma,Parasol,Roma,Blanco,SV-ROMA-BLANCO,BALLIU_ROMA_PARASOL_300X300_CM_6C1E1224,balliu-parasol-para-terraza-aluminio-300-cm-6c1e1224,
Parasol lateral exterior · aluminio 300×300 cm · Roma,Parasol,Roma,Mineral,SV-ROMA-MINERAL,BALLIU_ROMA_PARASOL_300X300_CM_6C1E1224,balliu-parasol-para-terraza-aluminio-300-cm-6c1e1224,
Colchoneta exterior para tumbona,Tumbona,Colchoneta Dry Feel,Tela Balliu / Guata,BALLIU_COLCHONETA_TUMBONA_TELA_BALLIU_GUAT_0E9A3256,BALLIU_COLCHONETA_TUMBONA_*,balliu-colchoneta-para-tumbona-0e9a3256,
Colchoneta exterior para tumbona,Tumbona,Colchoneta Dry Feel,Tejido acrilico,BALLIU_COLCHONETA_TUMBONA_TEJIDO_ACRILICO_26977CB8,BALLIU_COLCHONETA_TUMBONA_*,balliu-colchoneta-para-tumbona-0e9a3256,
Colchoneta exterior para tumbona,Tumbona,Colchoneta Dry Feel,Tela Balliu / Dryfeel,BALLIU_COLCHONETA_TUMBONA_TELA_BALLIU_DRYF_41269616,BALLIU_COLCHONETA_TUMBONA_*,balliu-colchoneta-para-tumbona-0e9a3256,
Colchoneta exterior para tumbona,Tumbona,Colchoneta Dry Feel,Tela Balliu,SV-COLCHONETA-TELA-BALLIU,BALLIU_COLCHONETA_TUMBONA_*,balliu-colchoneta-para-tumbona-0e9a3256,
Colchoneta exterior para tumbona,Tumbona,Colchoneta Dry Feel,Acrílico,SV-COLCHONETA-ACRILICO,BALLIU_COLCHONETA_TUMBONA_*,balliu-colchoneta-para-tumbona-0e9a3256,
Colchoneta exterior para tumbona,Tumbona,Colchoneta Dry Feel,Dry Feel,SV-COLCHONETA-DRY-FEEL,BALLIU_COLCHONETA_TUMBONA_*,balliu-colchoneta-para-tumbona-0e9a3256,
Mobiliario exterior resina | 28 cm,Mobiliario exterior,,,BALLIU_WEGUARD_CAJA_DE_SEGU_6264905D,,balliu-mobiliario-exterior-resina-28-cm-6264905d,
Pie de parasol · 40 kg,Parasol,Pie 40 kg,Estándar,SV-PIE-40KG-ESTANDAR,BALLIU_PIE_PARASOL_40_KG_C2147052 (Est.) + BALLIU_PIE_PARASOL_40_KG_RE_FAB3CAC6 (RE),balliu-pie-de-parasol-c2147052,
Pie de parasol · 40 kg,Parasol,Pie 40 kg,RE,SV-PIE-40KG-RE,BALLIU_PIE_PARASOL_40_KG_C2147052 (Est.) + BALLIU_PIE_PARASOL_40_KG_RE_FAB3CAC6 (RE),balliu-pie-de-parasol-c2147052,
Base de hormigón para parasol,Parasol,Base de hormigón,25 kg,SV-BASE-25KG,BALLIU_BASE_HORMIGON_25_KG_3EE8B72D + BALLIU_BASE_HORMIGON_30_KG_890A4CD4,balliu-base-de-parasol-3ee8b72d,
Base de hormigón para parasol,Parasol,Base de hormigón,30 kg,SV-BASE-30KG,BALLIU_BASE_HORMIGON_25_KG_3EE8B72D + BALLIU_BASE_HORMIGON_30_KG_890A4CD4,balliu-base-de-parasol-3ee8b72d,
Funda protectora para tumbona exterior,Funda,,2 Unidades,BALLIU_FUNDA_TUMBONA_2_UNIDADES_686CC405,,balliu-funda-protectora-exterior-686cc405,
Funda protectora para tumbona exterior,Funda,,12 Unidades,BALLIU_FUNDA_TUMBONA_12_UNIDADES_D7D20AB0,,balliu-funda-protectora-exterior-686cc405,
Funda protectora para tumbona exterior,Funda,,24 Unidades,BALLIU_FUNDA_TUMBONA_24_UNIDADES_287BB1C0,,balliu-funda-protectora-exterior-686cc405,
Funda protectora exterior acrílico,Funda,,,BALLIU_FUNDA_PARASOL_1_UNIDADES_ACRIL_A1C16324,,balliu-funda-protectora-exterior-acrilico-a1c16324,
Funda protectora para sofá exterior,Funda,,Sofá individual,BALLIU_FUNDA_SOFA_SOFA_INDIVIDUAL_6F6D4953,,balliu-funda-protectora-exterior-6f6d4953,
Funda protectora para sofá exterior,Funda,,Sofá doble,BALLIU_FUNDA_SOFA_SOFA_DOBLE_0595C4C0,,balliu-funda-protectora-exterior-6f6d4953,
Funda protectora para sofá exterior,Funda,,sofá triple,BALLIU_FUNDA_SOFA_SOFA_TRIPLE_852AF1C6,,balliu-funda-protectora-exterior-6f6d4953,
Funda protectora exterior,Funda,,,BALLIU_FUNDA_SILLA_6_UNIDADES_340B2844,,balliu-funda-protectora-exterior-340b2844,
